Type,Vehicle No,Brigade,Route,Trip Headsign,Delay,Stop Name,Outside,Timestamp
Autobus,5890,2,503,Konwiktorska,65 min,Pl. Trzech Krzyży 02,,2024-12-25 19:08:35.486064
Autobus,5958,9,180,Wilanów,63 min,Stępińska 01,,2024-12-25 19:08:35.486064
Autobus,5896,8,503,Natolin Płn.,60 min,Pl. Krasińskich 01,Poza trasą,2024-12-25 19:08:35.486064
Autobus,5901,4,180,Chomiczówka,56 min,Pl. Teatralny 04,,2024-12-25 19:08:35.486064
Autobus,5972,3,116,Wilanów,51 min,Kapitulna 01,,2024-12-25 19:08:35.486064
Autobus,9560,3,178,Skorosze,50 min,Armatnia 01,,2024-12-25 19:08:35.486064
Autobus,5981,4,518,Nowodwory,41 min,Pl. Krasińskich 02,,2024-12-25 19:08:35.486064
Autobus,9550,4,178,Skorosze,41 min,Kapitulna 01,,2024-12-25 19:08:35.486064
Autobus,5936,442,180,Wilanów,41 min,Pl. Teatralny 01,,2024-12-25 19:08:35.486064
Autobus,8520,1,172,Sadyba,35 min,Klarysewska 01,,2024-12-25 19:08:35.486064
Autobus,9953,2,210,Metro Młociny,31 min,Laski Sokołowskiego 01,,2024-12-25 19:08:35.486064
Autobus,5950,1,180,Wilanów,30 min,Nalewki-Muzeum 01,,2024-12-25 19:08:35.486064
Tramwaj,3140,6,6,Gocławek,23 min,Gen. Zajączka 03,,2024-12-25 19:08:35.486064
Autobus,8894,3,138,Bokserska,21 min,Księcia Ziemowita 01,,2024-12-25 19:08:35.486064
Tramwaj,4103,4,17,PKP Służewiec,21 min,Rondo ONZ 03,,2024-12-25 19:08:35.486064
Tramwaj,4277,11,16,Piaski,21 min,Św. Bonifacego 06,,2024-12-25 19:08:35.486064
Autobus,5937,1,503,Natolin Płn.,20 min,Metro Świętokrzyska 01,,2024-12-25 19:08:35.486064
Autobus,7209,5,172,CH Blue City,19 min,Na Bateryjce 01,,2024-12-25 19:08:35.486064
Tramwaj,3140,6,6,Gocławek,23 min,Gen. Zajączka 03,,2024-12-25 19:08:35.486064
Tramwaj,4103,4,17,PKP Służewiec,21 min,Rondo ONZ 03,,2024-12-25 19:08:35.486064
Autobus,8894,3,138,Bokserska,21 min,Księcia Ziemowita 01,,2024-12-25 19:08:35.486064
Tramwaj,4277,11,16,Piaski,21 min,Św. Bonifacego 06,,2024-12-25 19:08:35.486064
Autobus,5937,1,503,Natolin Płn.,20 min,Metro Świętokrzyska 01,,2024-12-25 19:08:35.486064
Autobus,7209,5,172,CH Blue City,19 min,Na Bateryjce 01,,2024-12-25 19:08:35.486064
Autobus,8521,1,709,Metro Wilanowska,16 min,Łagiewnicka 02,,2024-12-25 19:08:35.486064
Autobus,5979,6,518,Bielańska,16 min,Bielańska 01,,2024-12-25 19:08:35.486064
Autobus,5873,404,128,Szczęśliwice,14 min,Pl. Starynkiewicza 02,,2024-12-25 19:08:35.486064
Autobus,8345,2,709,Metro Wilanowska,14 min,Piaseczno Lamina 04,,2024-12-25 19:08:35.486064
Autobus,5871,406,175,Lotnisko Chopina,11 min,Leżajska 01,,2024-12-25 19:08:35.486064
Autobus,5955,611,507,Dw. Centralny,11 min,Gocław 02,,2024-12-25 19:08:35.486064
Autobus,9514,5,178,Skorosze,10 min,Pl. Teatralny 01,,2024-12-25 19:08:35.486064
Autobus,7816,7,520,Dw. Centralny,9 min,Metro Politechnika 08,,2024-12-25 19:08:35.486064
Autobus,5931,407,175,Lotnisko Chopina,8 min,Centrum 06,,2024-12-25 19:08:35.486064
Autobus,5427,7,180,Chomiczówka,8 min,Pl. Teatralny 04,,2024-12-25 19:08:35.486064
Autobus,8355,2,172,CH Blue City,8 min,Sadyba 02,,2024-12-25 19:08:35.486064
Autobus,5961,1,518,Bielańska,7 min,Dw. Gdański 01,,2024-12-25 19:08:35.486064
Autobus,5917,603,111,Esperanto,7 min,Esperanto 02,,2024-12-25 19:08:35.486064
Autobus,5955,611,507,Dw. Centralny,11 min,Gocław 02,,2024-12-25 19:08:35.486064
Autobus,9514,5,178,Skorosze,10 min,Pl. Teatralny 01,,2024-12-25 19:08:35.486064
Autobus,7816,7,520,Dw. Centralny,9 min,Metro Politechnika 08,,2024-12-25 19:08:35.486064
Autobus,5931,407,175,Lotnisko Chopina,8 min,Centrum 06,,2024-12-25 19:08:35.486064
Autobus,5427,7,180,Chomiczówka,8 min,Pl. Teatralny 04,,2024-12-25 19:08:35.486064
Autobus,8355,2,172,CH Blue City,8 min,Sadyba 02,,2024-12-25 19:08:35.486064
Autobus,5961,1,518,Bielańska,7 min,Dw. Gdański 01,,2024-12-25 19:08:35.486064
Autobus,5917,603,111,Esperanto,7 min,Esperanto 02,,2024-12-25 19:08:35.486064
Autobus,2040,3,709,Metro Wilanowska,7 min,Piaseczno Dworcowa 01,,2024-12-25 19:08:35.486064
Tramwaj,4211,3,2,Metro Młociny,5 min,Myśliborska 05,,2024-12-25 19:08:35.486064
Tramwaj,3206,4,24,Gocławek,5 min,Orlich Gniazd 05,,2024-12-25 19:08:35.486064
Autobus,8367,6,709,Piaseczno Szkolna,5 min,Metro Wilanowska 18,,2024-12-25 19:08:35.486064
Autobus,9837,2,167,Siekierki-Sanktuarium,4 min,Budexpo 01,,2024-12-25 19:08:35.486064
Autobus,4421,5,138,Utrata,4 min,Śnieżna 02,,2024-12-25 19:08:35.486064
Autobus,7830,2,520,Dw. Centralny,4 min,Marysin 03,,2024-12-25 19:08:35.486064
Pociąg,2028,,WKD,,4 min,,,2024-12-25 19:08:35.486064
Pociąg,2028,,WKD,,4 min,,,2024-12-25 19:08:35.486064
Tramwaj,3821,6,20,Boernerowo,4 min,Długosza 02,,2024-12-25 19:08:35.486064
Tramwaj,3216,24,17,Zjazd do zajezdni Mokotów,4 min,Rakowiecka-Sanktuarium 03,,2024-12-25 19:08:35.486064
Autobus,8367,6,709,Piaseczno Szkolna,5 min,Metro Wilanowska 18,,2024-12-25 19:08:35.486064
Tramwaj,3206,4,24,Gocławek,5 min,Orlich Gniazd 05,,2024-12-25 19:08:35.486064
Autobus,9837,2,167,Siekierki-Sanktuarium,4 min,Budexpo 01,,2024-12-25 19:08:35.486064
Autobus,4421,5,138,Utrata,4 min,Śnieżna 02,,2024-12-25 19:08:35.486064
Autobus,7830,2,520,Dw. Centralny,4 min,Marysin 03,,2024-12-25 19:08:35.486064
Pociąg,2028,,WKD,,4 min,,,2024-12-25 19:08:35.486064
Tramwaj,3821,6,20,Boernerowo,4 min,Długosza 02,,2024-12-25 19:08:35.486064
Tramwaj,3216,24,17,Zjazd do zajezdni Mokotów,4 min,Rakowiecka-Sanktuarium 03,,2024-12-25 19:08:35.486064
Autobus,5968,605,111,Esperanto,4 min,Zachęta 01,,2024-12-25 19:08:35.486064
Autobus,8328,8,148,Wiatraczna,4 min,Tor Stegny 54,,2024-12-25 19:08:35.486064
Tramwaj,3120,7,9,P+R Al. Krakowska,3 min,Dw. Centralny 08,,2024-12-25 19:08:35.486064
Autobus,80115,1,L44,PKP Wołomin,3 min,Marki Struga 02,,2024-12-25 19:08:35.486064
Autobus,1554,1,122,Os. Górczewska,3 min,Bohomolca 01,,2024-12-25 19:08:35.486064
Tramwaj,4237,3,11,Sielce,3 min,Koszykowa 03,,2024-12-25 19:08:35.486064
Autobus,70002,2,L39,Mysiadło Dąbrówka,3 min,Piaseczno Wojska Polskiego 02,,2024-12-25 19:08:35.486064
Autobus,4429,8,122,Os. Górczewska,3 min,Zachodzącego Słońca 02,,2024-12-25 19:08:35.486064
Autobus,8463,6,112,CH Marki,3 min,Szpital Bródnowski 02,,2024-12-25 19:08:35.486064
Autobus,2218,1,716,Cm. Wolski,3 min,Piastów Kino Baśń 01,,2024-12-25 19:08:35.486064
Tramwaj,3221,3,33,Kielecka,3 min,Metro Młociny 06,,2024-12-25 19:08:35.486064
Tramwaj,3120,7,9,P+R Al. Krakowska,3 min,Dw. Centralny 08,,2024-12-25 19:08:35.486064
Tramwaj,4237,3,11,Sielce,3 min,Koszykowa 03,,2024-12-25 19:08:35.486064
Autobus,70002,2,L39,Mysiadło Dąbrówka,3 min,Piaseczno Wojska Polskiego 02,,2024-12-25 19:08:35.486064
Tramwaj,3221,3,33,Kielecka,3 min,Nocznickiego 01,,2024-12-25 19:08:35.486064
Autobus,4429,8,122,Os. Górczewska,3 min,Zachodzącego Słońca 02,,2024-12-25 19:08:35.486064
Autobus,8463,6,112,CH Marki,3 min,Szpital Bródnowski 02,,2024-12-25 19:08:35.486064
Autobus,2218,1,716,Cm. Wolski,3 min,Piastów Kino Baśń 01,,2024-12-25 19:08:35.486064
Autobus,1906,4,106,Ostroroga,3 min,Grenady 02,,2024-12-25 19:08:35.486064
Autobus,4215,4,154,P+R Al. Krakowska,3 min,Komitetu Obrony Robotników 04,,2024-12-25 19:08:35.486064
Autobus,8308,4,136,Ostroroga,3 min,Bitwy Warszawskiej 1920 r. 06,,2024-12-25 19:08:35.486064
Autobus,5437,6,145,Żerań FSO,3 min,Szpital Bródnowski 03,,2024-12-25 19:08:35.486064
Tramwaj,4282,1,17,Winnica,3 min,Wołoska 04,,2024-12-25 19:08:35.486064
Tramwaj,3818,2,28,Dw. Wschodni (Kijowska),3 min,Pl. Grunwaldzki 07,,2024-12-25 19:08:35.486064
Autobus,9806,2,185,CH Ursynów,3 min,Strzeleckiego 01,,2024-12-25 19:08:35.486064
Autobus,9935,7,114,Młociny-UKSW,3 min,Piaski 02,,2024-12-25 19:08:35.486064
Tramwaj,3259,521,3,Annopol,3 min,Dw. Wileński 08,,2024-12-25 19:08:35.486064
Tramwaj,3828,3,6,Metro Młociny,3 min,Al. Zieleniecka 05,,2024-12-25 19:08:35.486064
Tramwaj,3276,1,15,Marymont-Potok,3 min,Pl. Narutowicza 09,,2024-12-25 19:08:35.486064
Tramwaj,3813,3,23,Nowe Bemowo,2 min,Koło 02,,2024-12-25 19:08:35.486064
Tramwaj,4282,1,17,Winnica,3 min,Wołoska 04,,2024-12-25 19:08:35.486064
Tramwaj,3818,2,28,Dw. Wschodni (Kijowska),3 min,Pl. Grunwaldzki 07,,2024-12-25 19:08:35.486064
Autobus,9806,2,185,CH Ursynów,3 min,Strzeleckiego 01,,2024-12-25 19:08:35.486064
Autobus,9935,7,114,Młociny-UKSW,3 min,Piaski 02,,2024-12-25 19:08:35.486064
Tramwaj,3259,521,3,Annopol,3 min,Dw. Wileński 08,,2024-12-25 19:08:35.486064
Tramwaj,3828,3,6,Metro Młociny,3 min,Al. Zieleniecka 05,,2024-12-25 19:08:35.486064
Tramwaj,3276,1,15,Marymont-Potok,3 min,Pl. Narutowicza 09,,2024-12-25 19:08:35.486064
Tramwaj,3813,3,23,Nowe Bemowo,2 min,Koło 02,,2024-12-25 19:08:35.486064
Autobus,5909,405,128,Szczęśliwice,2 min,Zachęta 02,,2024-12-25 19:08:35.486064
Autobus,5882,409,175,Pl. Piłsudskiego,2 min,Pl. Zawiszy 03,,2024-12-25 19:08:35.486064
Autobus,8307,2,504,Os. Kabaty,2 min,Wynalazek 03,,2024-12-25 19:08:35.486064
Autobus,9951,2,190,CH Marki,2 min,Tużycka 02,,2024-12-25 19:08:35.486064
Autobus,4411,3,181,Pl. Wilsona,2 min,Prozy 01,,2024-12-25 19:08:35.486064
Autobus,1203,424,727,Metro Wilanowska,2 min,Piaseczno Zalesie Dolne 02,,2024-12-25 19:08:35.486064
Autobus,9355,4,142,Aleksandrów,2 min,Tawułkowa 02,,2024-12-25 19:08:35.486064
Autobus,5899,410,175,Pl. Piłsudskiego,2 min,Lotnisko Chopina-Przyloty 02,,2024-12-25 19:08:35.486064
Autobus,3412,2,738,P+R Radzymin,2 min,Krynoliny 02,,2024-12-25 19:08:35.486064
Autobus,4202,3,177,Ursus-Niedźwiadek,2 min,Os. Górczewska 53,,2024-12-25 19:08:35.486064
Autobus,4413,1,197,Gwiaździsta,2 min,Gwiaździsta 02,,2024-12-25 19:08:35.486064
Autobus,1415,434,147,Stara Miłosna (Ułańska),2 min,Wodniaków 02,,2024-12-25 19:08:35.486064
Autobus,80122,1,L38,Wołomin Szpital Powiatowy,2 min,Wołomin Popularna 02,,2024-12-25 19:08:35.486064
Tramwaj,4109,548,4,Żerań Wschodni,2 min,Królewska 06,,2024-12-25 19:08:35.486064
Autobus,3445,1,731,Legionowo Os. Młodych,2 min,Legionowo Sobieskiego 04,,2024-12-25 19:08:35.486064
Tramwaj,3188,7,24,Nowe Bemowo,2 min,Rondo Waszyngtona 05,,2024-12-25 19:08:35.486064
Autobus,5425,3,112,Nowe Bemowo,2 min,Os. Potok 04,,2024-12-25 19:08:35.486064
Autobus,1549,3,183,Zielona,2 min,Brata Alberta 03,,2024-12-25 19:08:35.486064
Autobus,4209,1,154,P+R Al. Krakowska,2 min,Bitwy Warszawskiej 1920 r. 02,,2024-12-25 19:08:35.486064
Autobus,5403,3,140,Marki Czarna Struga,2 min,Marki Hallera 02,,2024-12-25 19:08:35.486064
Autobus,9344,643,245,Bródno-Podgrodzie,2 min,Ząbki Cmentarz 02,,2024-12-25 19:08:35.486064
Autobus,9811,8,185,Gwiaździsta,2 min,Ursynów Płn. 02,,2024-12-25 19:08:35.486064
Autobus,1206,428,739,Metro Wilanowska,2 min,Karczunkowska 02,,2024-12-25 19:08:35.486064
Autobus,7821,1,523,Stare Bemowo,2 min,GUS 06,,2024-12-25 19:08:35.486064
Tramwaj,4006,5,28,Os. Górczewska,2 min,Metro Bemowo 06,,2024-12-25 19:08:35.486064
Autobus,4240,3,220,Opacz-Kolonia Rebusowa,2 min,Starodęby 01,,2024-12-25 19:08:35.486064
Tramwaj,4260,5,2,Winnica,2 min,Mehoffera 06,,2024-12-25 19:08:35.486064
Autobus,8529,1,166,Os. Kabaty,1 min,Kijowska 01,,2024-12-25 19:08:35.486064
Autobus,8843,4,504,Dw. Centralny,1 min,Uniwersytet Medyczny 02,,2024-12-25 19:08:35.486064
Autobus,9205,1,239,Os. Kabaty,1 min,Wąwozowa 04,,2024-12-25 19:08:35.486064
Autobus,1206,428,739,Metro Wilanowska,2 min,Karczunkowska 02,,2024-12-25 19:08:35.486064
Autobus,8843,4,504,Dw. Centralny,2 min,Uniwersytet Medyczny 02,,2024-12-25 19:08:35.486064
Tramwaj,3188,7,24,Nowe Bemowo,2 min,Most Poniatowskiego 04,,2024-12-25 19:08:35.486064
Autobus,7821,1,523,Stare Bemowo,2 min,GUS 06,,2024-12-25 19:08:35.486064
Autobus,9820,1,710,Os. Kabaty,2 min,Korbońskiego 04,,2024-12-25 19:08:35.486064
Autobus,2006,3,217,Natolin Płn.,2 min,Dolina Służewiecka 03,,2024-12-25 19:08:35.486064
Autobus,9204,471,203,Fort Wawrzyszew,2 min,Bogusławskiego 05,,2024-12-25 19:08:35.486064
Autobus,8529,1,166,Os. Kabaty,1 min,Kijowska 01,,2024-12-25 19:08:35.486064
Tramwaj,4228,13,16,Miasteczko Wilanów,1 min,Sobieskiego 05,,2024-12-25 19:08:35.486064
Autobus,5870,402,128,Pl. Piłsudskiego,1 min,Rakowiec 02,,2024-12-25 19:08:35.486064
Autobus,2013,1,189,Sadyba,1 min,Ryżowa 03,,2024-12-25 19:08:35.486064
Autobus,9317,4,202,PKP Gocławek,1 min,Podolska 02,,2024-12-25 19:08:35.486064
Autobus,9339,592,179,Ursynów Płn.,1 min,Metro Imielin 02,,2024-12-25 19:08:35.486064
Tramwaj,4109,548,4,Żerań Wschodni,1 min,Pl. Bankowy 08,,2024-12-25 19:08:35.486064
Autobus,4209,1,154,P+R Al. Krakowska,1 min,Bitwy Warszawskiej 1920 r. 02,,2024-12-25 19:08:35.486064
Autobus,4510,2,197,Gwiaździsta,1 min,Os. Leśne 01,,2024-12-25 19:08:35.486064
Autobus,80105,2,L44,CH Marki,1 min,Marki Kolonia Makówko 01,,2024-12-25 19:08:35.486064
Tramwaj,3117,5,4,Wyścigi,1 min,Centrum 07,,2024-12-25 19:08:35.486064
Tramwaj,3157,8,9,P+R Al. Krakowska,1 min,Czapelska 01,,2024-12-25 19:08:35.486064
Autobus,9317,4,202,PKP Gocławek,1 min,Podolska 02,,2024-12-25 19:08:35.486064
Autobus,9339,592,179,Ursynów Płn.,1 min,Metro Imielin 02,,2024-12-25 19:08:35.486064
Tramwaj,4109,548,4,Żerań Wschodni,1 min,Pl. Bankowy 08,,2024-12-25 19:08:35.486064
Autobus,4209,1,154,P+R Al. Krakowska,1 min,Bitwy Warszawskiej 1920 r. 02,,2024-12-25 19:08:35.486064
Autobus,4510,2,197,Gwiaździsta,1 min,Os. Leśne 01,,2024-12-25 19:08:35.486064
Autobus,80105,2,L44,CH Marki,1 min,Marki Kolonia Makówko 01,,2024-12-25 19:08:35.486064
Tramwaj,3117,5,4,Wyścigi,1 min,Centrum 07,,2024-12-25 19:08:35.486064
Tramwaj,3157,8,9,P+R Al. Krakowska,1 min,Czapelska 01,,2024-12-25 19:08:35.486064
Autobus,9811,8,185,Gwiaździsta,1 min,Ursynów Płn. 02,,2024-12-25 19:08:35.486064
Autobus,6219,3,122,Gwiaździsta,1 min,Bohomolca 02,,2024-12-25 19:08:35.486064
Autobus,5966,3,127,Nowe Włochy,1 min,Płużańska 02,,2024-12-25 19:08:35.486064
Tramwaj,3290,4,26,Wiatraczna,1 min,Park Praski 02,,2024-12-25 19:08:35.486064
Autobus,5403,3,140,Marki Czarna Struga,1 min,Marki Hallera 02,,2024-12-25 19:08:35.486064
Tramwaj,3290,4,26,Wiatraczna,1 min,Park Praski 02,,2024-12-25 19:08:35.486064
Tramwaj,4109,548,4,Żerań Wschodni,1 min,Pl. Bankowy 08,,2024-12-25 19:08:35.486064
Autobus,5976,601,111,Gocław,1 min,Zachęta 02,,2024-12-25 19:08:35.486064
Tramwaj,3270,10,33,Metro Młociny,1 min,Dw. Centralny 10,,2024-12-25 19:08:35.486064
Autobus,1060,1,139,Ogród Botaniczny,1 min,Rosochata 01,,2024-12-25 19:08:35.486064
Autobus,5891,4,127,Nowe Włochy,1 min,Dw. Centralny 02,,2024-12-25 19:08:35.486064
Tramwaj,3218,1,26,Metro Młociny,1 min,Wola-Ratusz 04,,2024-12-25 19:08:35.486064
Autobus,3412,2,738,P+R Radzymin,1 min,Ząbki Radzymińska 02,,2024-12-25 19:08:35.486064
Autobus,5403,3,140,Marki Czarna Struga,1 min,Marki Hallera 02,,2024-12-25 19:08:35.486064
Tramwaj,3290,4,26,Wiatraczna,1 min,Park Praski 02,,2024-12-25 19:08:35.486064
Tramwaj,4109,548,4,Żerań Wschodni,1 min,Pl. Bankowy 08,,2024-12-25 19:08:35.486064
Autobus,5976,601,111,Gocław,1 min,Zachęta 02,,2024-12-25 19:08:35.486064
Tramwaj,3270,10,33,Metro Młociny,1 min,Dw. Centralny 10,,2024-12-25 19:08:35.486064
Autobus,1060,1,139,Ogród Botaniczny,1 min,Rosochata 01,,2024-12-25 19:08:35.486064
Autobus,9355,4,142,Aleksandrów,1 min,Nadarzyńska 02,,2024-12-25 19:08:35.486064
Autobus,1862,1,720,Rzakta,1 min,Wiązowna Projektowana 02,,2024-12-25 19:08:35.486064
Autobus,5415,1,527,Grodzisk,1 min,Park Magiczny 02,,2024-12-25 19:08:35.486064
Tramwaj,4006,5,28,Os. Górczewska,1 min,Klemensiewicza 04,,2024-12-25 19:08:35.486064
Tramwaj,4257,9,17,Winnica,1 min,Anielewicza 06,,2024-12-25 19:08:35.486064
Autobus,9822,3,710,Piaseczno Targowisko,1 min,Konstancin-Jeziorna Jasna 01,,2024-12-25 19:08:35.486064
Tramwaj,4010,5,22,Wiatraczna,1 min,Lubelska 04,,2024-12-25 19:08:35.486064
Autobus,8529,1,166,Os. Kabaty,1 min,Rondo Waszyngtona 01,,2024-12-25 19:08:35.486064
Autobus,1542,4,173,Dw. Wschodni (Lubelska),1 min,Rumiankowa 02,,2024-12-25 19:08:35.486064
Autobus,6219,3,122,Gwiaździsta,1 min,Drohicka 02,,2024-12-25 19:08:35.486064
Autobus,2216,1,517,Pl. Trzech Krzyży,1 min,Centrum 15,,2024-12-25 19:08:35.486064
Autobus,9822,3,710,Piaseczno Targowisko,1 min,Konstancin-Jeziorna Jasna 01,,2024-12-25 19:08:35.486064
Autobus,8529,1,166,Os. Kabaty,1 min,Rondo Waszyngtona 01,,2024-12-25 19:08:35.486064
Autobus,9344,643,245,Bródno-Podgrodzie,1 min,Ząbki Warszawska 01,,2024-12-25 19:08:35.486064
Tramwaj,3176,1,3,Annopol,1 min,Pl. Szembeka 03,,2024-12-25 19:08:35.486064
Autobus,4302,3,134,Metro Marymont,1 min,Metro Marymont 17,,2024-12-25 19:08:35.486064
Autobus,5415,1,527,Grodzisk,1 min,Park Magiczny 02,,2024-12-25 19:08:35.486064
Autobus,5403,3,140,Marki Czarna Struga,1 min,Marki Hallera 02,,2024-12-25 19:08:35.486064
Tramwaj,4109,548,4,Żerań Wschodni,1 min,Pl. Bankowy 08,,2024-12-25 19:08:35.486064
Autobus,4520,5,157,Szczęśliwice,1 min,Chłodna 01,,2024-12-25 19:08:35.486064
Autobus,4322,3,152,Tarchomin,1 min,Warzelnicza-Szkoła 01,,2024-12-25 19:08:35.486064
Autobus,9945,7,190,Znana,1 min,Kino Femina 02,,2024-12-25 19:08:35.486064
Autobus,9801,1,167,Stare Bemowo,1 min,Bartycka 05,,2024-12-25 19:08:35.486064
Autobus,70046,1,L-1,Janki Pl. Szwedzki,1 min,Piaseczno Waniliowa 02,,2024-12-25 19:08:35.486064
Autobus,9330,2,153,Rembertów-Kolonia,1 min,PKP Rembertów 08,,2024-12-25 19:08:35.486064
Autobus,1549,3,183,Zielona,1 min,Urocza 01,,2024-12-25 19:08:35.486064
Autobus,1429,4,115,Aleksandrów,1 min,Radość-Wodociąg 01,,2024-12-25 19:08:35.486064
Autobus,3412,2,738,P+R Radzymin,1 min,Ząbki Radzymińska 02,,2024-12-25 19:08:35.486064
Autobus,9205,1,239,Os. Kabaty,1 min,Wąwozowa 04,,2024-12-25 19:08:35.486064
Autobus,7233,1,184,Metro Młociny,1 min,PKP Wola (Kasprzaka) 02,,2024-12-25 19:08:35.486064
Autobus,7248,1,177,Ursus-Niedźwiadek,1 min,Keniga 01,,2024-12-25 19:08:35.486064
Autobus,9069,459,211,Żerań FSO,1 min,Konwaliowa 01,,2024-12-25 19:08:35.486064
Autobus,15087,1,L11,PKP Legionowo,1 min,Kałuszyn 01,,2024-12-25 19:08:35.486064
Autobus,4223,3,154,Dw. Zachodni,1 min,P+R Al. Krakowska 09,,2024-12-25 19:08:35.486064
Autobus,4239,4,220,Opacz-Kolonia Rebusowa,1 min,Szobera 01,,2024-12-25 19:08:35.486064
Autobus,9802,4,167,Siekierki-Sanktuarium,1 min,Góralska 01,,2024-12-25 19:08:35.486064
Tramwaj,3134,1,10,Wyścigi,1 min,Rondo Daszyńskiego 07,,2024-12-25 19:08:35.486064
Autobus,1530,2,115,PKP Mokry Ług,1 min,PKP Radość 08,,2024-12-25 19:08:35.486064
Autobus,1812,2,212,Pl. Hallera,1 min,Rogowska 01,,2024-12-25 19:08:35.486064
Autobus,6244,509,721,Kosów,1 min,Raszyn Szkolna 02,,2024-12-25 19:08:35.486064
Autobus,8456,4,112,Nowe Bemowo,1 min,Malborska 01,,2024-12-25 19:08:35.486064
Autobus,9320,3,179,Ursynów Płn.,1 min,Mielczarskiego 01,,2024-12-25 19:08:35.486064
Autobus,1208,635,165,Metro Wilanowska,1 min,Jurajska 02,,2024-12-25 19:08:35.486064
Autobus,1413,6,141,Witolin,1 min,P+R Al. Krakowska 07,,2024-12-25 19:08:35.486064
Autobus,9320,3,179,Ursynów Płn.,1 min,Mielczarskiego 01,,2024-12-25 19:08:35.486064
Tramwaj,4232,1,16,Miasteczko Wilanów,1 min,Muranów 05,,2024-12-25 19:08:35.486064
Autobus,1208,635,165,Metro Wilanowska,1 min,Jurajska 02,,2024-12-25 19:08:35.486064
Autobus,1413,6,141,Witolin,1 min,P+R Al. Krakowska 07,,2024-12-25 19:08:35.486064
Autobus,1530,2,115,PKP Mokry Ług,1 min,PKP Radość 08,,2024-12-25 19:08:35.486064
Autobus,1812,2,212,Pl. Hallera,1 min,Rogowska 01,,2024-12-25 19:08:35.486064
Autobus,6244,509,721,Kosów,1 min,Raszyn Szkolna 02,,2024-12-25 19:08:35.486064
Autobus,8456,4,112,Nowe Bemowo,1 min,Malborska 01,,2024-12-25 19:08:35.486064
Autobus,9320,3,179,Ursynów Płn.,1 min,Mielczarskiego 01,,2024-12-25 19:08:35.486064
Tramwaj,4232,1,16,Miasteczko Wilanów,1 min,Muranów 05,,2024-12-25 19:08:35.486064
Autobus,1208,635,165,Metro Wilanowska,1 min,Jurajska 02,,2024-12-25 19:08:35.486064
Autobus,1413,6,141,Witolin,1 min,P+R Al. Krakowska 07,,2024-12-25 19:08:35.486064
Autobus,2248,3,105,Rondo Daszyńskiego,1 min,Rondo Daszyńskiego 09,,2024-12-25 19:08:35.486064
Autobus,7810,1,521,Wiatraczna,1 min,Wiatraczna 22,,2024-12-25 19:08:35.486064
Autobus,7811,5,143,Dw. Zachodni,1 min,Topograficzna 01,,2024-12-25 19:08:35.486064
Autobus,7868,2,704,PKP Halinów,1 min,Wspólna Droga 02,,2024-12-25 19:08:35.486064
Autobus,9811,8,185,Gwiaździsta,1 min,Ursynów Płn. 02,,2024-12-25 19:08:35.486064
Autobus,5878,3,503,Natolin Płn.,1 min,Muranowska 05,,2024-12-25 19:08:35.486064
Autobus,8457,3,723,Żerań FSO,1 min,Legionowo Rondo WOŚP 01,,2024-12-25 19:08:35.486064
Autobus,1063,1,164,Metro Wilanowska,1 min,Patkowskiego 02,,2024-12-25 19:08:35.486064
Autobus,9334,5,179,Os. Kabaty,1 min,Os. Wyżyny 04,,2024-12-25 19:08:35.486064
Autobus,3408,62,705,Metro Marymont,1 min,Załubice-Poczta 01,,2024-12-25 19:08:35.486064
Autobus,9323,469,142,Aleksandrów,1 min,Wspólna Droga 02,,2024-12-25 19:08:35.486064
Tramwaj,4279,21,17,Zjazd do zajezdni Żoliborz,1 min,Nowolipki 06,,2024-12-25 19:08:35.486064
Autobus,1023,3,163,Centrum Onkologii,1 min,Miklaszewskiego 02,,2024-12-25 19:08:35.486064
Autobus,9519,3,103,Brylowska,1 min,Metro Płocka 05,,2024-12-25 19:08:35.486064
Autobus,3412,2,738,P+R Radzymin,0 min,Ząbki Wolności 02,,2024-12-25 19:08:35.486064
Autobus,5939,608,507,Gocław,0 min,Bora-Komorowskiego 01,,2024-12-25 19:08:35.486064
Autobus,7233,1,184,Metro Młociny,0 min,Ordona-WSA 02,,2024-12-25 19:08:35.486064
Autobus,80111,1,L46,Zielonka 11 Listopada,0 min,Zielonka Os. Wolności 01,,2024-12-25 19:08:35.486064
Autobus,9504,862,714,Metro Bemowo,0 min,Blizne Łaszczyńskiego Fortowa 01,,2024-12-25 19:08:35.486064
Autobus,1542,4,173,Dw. Wschodni (Lubelska),0 min,Rumiankowa 02,,2024-12-25 19:08:35.486064
Autobus,1552,6,157,Szczęśliwice,0 min,Gwiaździsta 04,,2024-12-25 19:08:35.486064
Autobus,1843,61,730,Wiatraczna,0 min,Wiązowna Urząd Gminy 01,,2024-12-25 19:08:35.486064
Tramwaj,3232,2,24,Gocławek,0 min,Pl. Szembeka 04,,2024-12-25 19:08:35.486064
Autobus,1204,632,218,Metro Wilanowska,0 min,Telewizja Polska 02,,2024-12-25 19:08:35.486064
Autobus,7802,4,145,Wiatraczna,0 min,Rembielińska 02,,2024-12-25 19:08:35.486064
Tramwaj,3247,10,9,Zjazd do zajezdni Mokotów,0 min,Wołoska-Szpital 03,,2024-12-25 19:08:35.486064
Tramwaj,3253,8,10,Wyścigi,0 min,Park Dreszera 05,,2024-12-25 19:08:35.486064
Tramwaj,4104,547,4,Żerań Wschodni,0 min,Morskie Oko 04,,2024-12-25 19:08:35.486064
Autobus,7810,1,521,Wiatraczna,0 min,Wiatraczna 22,,2024-12-25 19:08:35.486064
Autobus,9334,5,179,Os. Kabaty,0 min,Małej Łąki 04,,2024-12-25 19:08:35.486064
Tramwaj,3232,2,24,Gocławek,0 min,Pl. Szembeka 04,,2024-12-25 19:08:35.486064
Autobus,1204,632,218,Metro Wilanowska,0 min,Telewizja Polska 02,,2024-12-25 19:08:35.486064
Autobus,7802,4,145,Wiatraczna,0 min,Rembielińska 02,,2024-12-25 19:08:35.486064
Tramwaj,3247,10,9,Zjazd do zajezdni Mokotów,0 min,Wołoska-Szpital 03,,2024-12-25 19:08:35.486064
Tramwaj,3253,8,10,Wyścigi,0 min,Park Dreszera 05,,2024-12-25 19:08:35.486064
Tramwaj,4104,547,4,Żerań Wschodni,0 min,Morskie Oko 04,,2024-12-25 19:08:35.486064
Autobus,7810,1,521,Wiatraczna,0 min,Wiatraczna 22,,2024-12-25 19:08:35.486064
Autobus,9334,5,179,Os. Kabaty,0 min,Małej Łąki 04,,2024-12-25 19:08:35.486064
Autobus,3408,62,705,Metro Marymont,0 min,Załubice-Poczta 01,,2024-12-25 19:08:35.486064
Autobus,4419,2,157,Gwiaździsta,0 min,Pl. Inwalidów 02,,2024-12-25 19:08:35.486064
Autobus,9520,51,737,Ursynów Płn.,0 min,Władysławów 01,,2024-12-25 19:08:35.486064
Tramwaj,4219,1,11,Cm. Wolski,0 min,Rondo Daszyńskiego 08,,2024-12-25 19:08:35.486064
Autobus,1073,1,130,Ananasowa,0 min,Statkowskiego 01,,2024-12-25 19:08:35.486064
Autobus,9344,643,245,Bródno-Podgrodzie,0 min,Ząbki Warszawska 01,,2024-12-25 19:08:35.486064
Autobus,1538,5,115,Aleksandrów,0 min,Eskulapów 01,,2024-12-25 19:08:35.486064
Autobus,8897,1,174,Rondo ONZ,0 min,Metro Pole Mokotowskie 02,,2024-12-25 19:08:35.486064
Tramwaj,3247,10,9,Zjazd do zajezdni Mokotów,0 min,Wołoska-Szpital 03,,2024-12-25 19:08:35.486064
Tramwaj,3810,3,20,Żerań FSO,0 min,Wola-Ratusz 03,,2024-12-25 19:08:35.486064
Tramwaj,4102,6,17,PKP Służewiec,0 min,Stefanika 05,,2024-12-25 19:08:35.486064
Autobus,1073,1,130,Ananasowa,0 min,Statkowskiego 01,,2024-12-25 19:08:35.486064
Autobus,9344,643,245,Bródno-Podgrodzie,0 min,Ząbki Warszawska 01,,2024-12-25 19:08:35.486064
Autobus,1538,5,115,Aleksandrów,0 min,Eskulapów 01,,2024-12-25 19:08:35.486064
Autobus,8897,1,174,Rondo ONZ,0 min,Metro Pole Mokotowskie 02,,2024-12-25 19:08:35.486064
Tramwaj,3247,10,9,Zjazd do zajezdni Mokotów,0 min,Wołoska-Szpital 03,,2024-12-25 19:08:35.486064
Tramwaj,3810,3,20,Żerań FSO,0 min,Wola-Ratusz 03,,2024-12-25 19:08:35.486064
Tramwaj,4102,6,17,PKP Służewiec,0 min,Stefanika 05,,2024-12-25 19:08:35.486064
Tramwaj,4266,8,33,Zjazd do zajezdni Żoliborz,0 min,Rondo „Radosława” 10,,2024-12-25 19:08:35.486064
Autobus,8586,1,120,Olesin,0 min,Dw. Wschodni (Kijowska) 11,,2024-12-25 19:08:35.486064
Autobus,1063,1,164,Metro Wilanowska,0 min,Karczocha 02,,2024-12-25 19:08:35.486064
Tramwaj,4019,4,15,P+R Al. Krakowska,0 min,PKP Rakowiec 04,,2024-12-25 19:08:35.486064
Autobus,15088,2,L41,PKP Legionowo,0 min,Legionowo Urząd Miasta 02,,2024-12-25 19:08:35.486064
Autobus,5925,6,158,Witolin,0 min,Pl. Starynkiewicza 01,,2024-12-25 19:08:35.486064
Autobus,5963,609,507,Gocław,0 min,Muzeum Narodowe 01,,2024-12-25 19:08:35.486064
Autobus,7215,8,523,Stare Bemowo,0 min,Stare Bemowo 02,,2024-12-25 19:08:35.486064
Tramwaj,3191,3,22,Piaski,0 min,Dw. Centralny 08,,2024-12-25 19:08:35.486064
Tramwaj,3231,6,15,P+R Al. Krakowska,0 min,Pl. Wilsona 13,,2024-12-25 19:08:35.486064
Tramwaj,3827,7,6,Gocławek,0 min,Cm. Włoski 03,,2024-12-25 19:08:35.486064
Tramwaj,4283,4,16,Zjazd do zajezdni Żoliborz,0 min,Muranowska 08,,2024-12-25 19:08:35.486064
Autobus,5238,2,716,Piastów Ogińskiego,0 min,Ursus-Sanktuarium 02,,2024-12-25 19:08:35.486064
Tramwaj,4283,4,16,Zjazd do zajezdni Żoliborz,0 min,Dzika 04,,2024-12-25 19:08:35.486064
Autobus,8532,4,189,Os. Górczewska,0 min,Człuchowska 02,,2024-12-25 19:08:35.486064
Tramwaj,3205,2,22,Piaski,0 min,Rondo „Radosława” 10,,2024-12-25 19:08:35.486064
Autobus,6216,2,523,Stare Bemowo,0 min,Wiatraczna 09,,2024-12-25 19:08:35.486064
Autobus,8592,1,509,Gocław,0 min,Milenijna 01,,2024-12-25 19:08:35.486064
Autobus,7233,1,184,Metro Młociny,0 min,Elekcyjna 06,,2024-12-25 19:08:35.486064
Tramwaj,3028,4,28,Dw. Wschodni (Kijowska),0 min,Os. Górczewska 13,,2024-12-25 19:08:35.486064
Tramwaj,3121,3,4,Żerań Wschodni,0 min,Wyścigi 06,,2024-12-25 19:08:35.486064
Tramwaj,3130,5,24,Gocławek,0 min,Nowe Bemowo 07,,2024-12-25 19:08:35.486064
Tramwaj,3131,1,22,Wiatraczna,0 min,Piaski 05,,2024-12-25 19:08:35.486064
Tramwaj,3146,545,1,Annopol,0 min,Banacha 04,,2024-12-25 19:08:35.486064
Tramwaj,3149,542,1,Banacha,0 min,Annopol 03,,2024-12-25 19:08:35.486064
Tramwaj,3156,1,6,Gocławek,0 min,Metro Młociny 12,,2024-12-25 19:08:35.486064
Tramwaj,3158,2,3,Annopol,0 min,Gocławek 04,,2024-12-25 19:08:35.486064
Tramwaj,3166,6,9,Gocławek,0 min,P+R Al. Krakowska 01,,2024-12-25 19:08:35.486064
Tramwaj,3174,7,10,Os. Górczewska,0 min,Wyścigi 07,,2024-12-25 19:08:35.486064
Tramwaj,3193,3,10,Wyścigi,0 min,Os. Górczewska 12,,2024-12-25 19:08:35.486064
Tramwaj,3210,2,7,Kawęczyńska-Bazylika,0 min,P+R Al. Krakowska 03,,2024-12-25 19:08:35.486064
Tramwaj,3146,545,1,Annopol,0 min,Banacha 04,,2024-12-25 19:08:35.486064
Tramwaj,3149,542,1,Banacha,0 min,Annopol 03,,2024-12-25 19:08:35.486064
Tramwaj,3156,1,6,Gocławek,0 min,Metro Młociny 12,,2024-12-25 19:08:35.486064
Tramwaj,3158,2,3,Annopol,0 min,Gocławek 04,,2024-12-25 19:08:35.486064
Tramwaj,3166,6,9,Gocławek,0 min,P+R Al. Krakowska 01,,2024-12-25 19:08:35.486064
Tramwaj,3174,7,10,Os. Górczewska,0 min,Wyścigi 07,,2024-12-25 19:08:35.486064
Tramwaj,3193,3,10,Wyścigi,0 min,Os. Górczewska 12,,2024-12-25 19:08:35.486064
Tramwaj,3210,2,7,Kawęczyńska-Bazylika,0 min,P+R Al. Krakowska 03,,2024-12-25 19:08:35.486064
Tramwaj,3212,522,3,Gocławek,0 min,Annopol 02,,2024-12-25 19:08:35.486064
Tramwaj,3222,7,4,Wyścigi,0 min,Żerań Wschodni 01,,2024-12-25 19:08:35.486064
Tramwaj,3223,3,7,Kawęczyńska-Bazylika,0 min,P+R Al. Krakowska 03,,2024-12-25 19:08:35.486064
Tramwaj,3224,2,17,Winnica,0 min,PKP Służewiec 13,,2024-12-25 19:08:35.486064
Tramwaj,3249,5,9,Gocławek,0 min,P+R Al. Krakowska 01,,2024-12-25 19:08:35.486064
Tramwaj,3260,7,17,PKP Służewiec,0 min,Winnica 05,,2024-12-25 19:08:35.486064
Tramwaj,3271,2,15,Marymont-Potok,0 min,Instytut Lotnictwa 03,,2024-12-25 19:08:35.486064
Tramwaj,3291,3,26,Metro Młociny,0 min,Wiatraczna 13,,2024-12-25 19:08:35.486064
Tramwaj,3502,1,24,Nowe Bemowo,0 min,Gocławek 03,,2024-12-25 19:08:35.486064
Tramwaj,3802,2,23,Czynszowa,0 min,Nowe Bemowo 08,,2024-12-25 19:08:35.486064
Tramwaj,3823,1,20,Boernerowo,0 min,Żerań FSO 05,,2024-12-25 19:08:35.486064
Tramwaj,3248,5,7,P+R Al. Krakowska,0 min,Kawęczyńska-Bazylika 02,,2024-12-25 19:08:35.486064
Tramwaj,3249,5,9,Gocławek,0 min,P+R Al. Krakowska 01,,2024-12-25 19:08:35.486064
Tramwaj,3260,7,17,PKP Służewiec,0 min,Winnica 05,,2024-12-25 19:08:35.486064
Tramwaj,3271,2,15,Marymont-Potok,0 min,Instytut Lotnictwa 03,,2024-12-25 19:08:35.486064
Tramwaj,3291,3,26,Metro Młociny,0 min,Wiatraczna 13,,2024-12-25 19:08:35.486064
Tramwaj,3502,1,24,Nowe Bemowo,0 min,Gocławek 03,,2024-12-25 19:08:35.486064
Tramwaj,3802,2,23,Czynszowa,0 min,Nowe Bemowo 08,,2024-12-25 19:08:35.486064
Tramwaj,3823,1,20,Boernerowo,0 min,Żerań FSO 05,,2024-12-25 19:08:35.486064
Tramwaj,3830,5,20,Żerań FSO,0 min,Boernerowo 01,,2024-12-25 19:08:35.486064
Tramwaj,4007,3,15,Marymont-Potok,0 min,P+R Al. Krakowska 02,,2024-12-25 19:08:35.486064
Tramwaj,4201,2,16,Miasteczko Wilanów,0 min,Park Olszyna 03,,2024-12-25 19:08:35.486064
Tramwaj,4265,12,16,Piaski,0 min,Miasteczko Wilanów 05,,2024-12-25 19:08:35.486064
Tramwaj,4278,6,33,Kielecka,0 min,Metro Młociny 15,,2024-12-25 19:08:35.486064
Autobus,1002,5,213,Błota,0 min,Gocław 04,,2024-12-25 19:08:35.486064
Autobus,1052,2,208,Bitwy Warszawskiej 1920 r.,0 min,Bitwy Warszawskiej 1920 r. 10,,2024-12-25 19:08:35.486064
Autobus,1064,2,164,Metro Wilanowska,0 min,Kępa Zawadowska 02,,2024-12-25 19:08:35.486064
Autobus,1200,425,739,Piaseczno Julianowska-Cmentarz,0 min,Metro Wilanowska 17,,2024-12-25 19:08:35.486064
Autobus,1217,427,739,Metro Wilanowska,0 min,Piaseczno Julianowska-Cmentarz 01,,2024-12-25 19:08:35.486064
Autobus,1218,631,218,Metro Wierzbno,0 min,Metro Wilanowska 16,,2024-12-25 19:08:35.486064
Tramwaj,3260,7,17,PKP Służewiec,0 min,Winnica 05,,2024-12-25 19:08:35.486064
Tramwaj,3291,3,26,Metro Młociny,0 min,Wiatraczna 13,,2024-12-25 19:08:35.486064
Tramwaj,3502,1,24,Nowe Bemowo,0 min,Gocławek 03,,2024-12-25 19:08:35.486064
Tramwaj,3644,5,11,Sielce,0 min,Cm. Wolski 05,,2024-12-25 19:08:35.486064
Tramwaj,3802,2,23,Czynszowa,0 min,Nowe Bemowo 08,,2024-12-25 19:08:35.486064
Tramwaj,3823,1,20,Boernerowo,0 min,Żerań FSO 05,,2024-12-25 19:08:35.486064
Tramwaj,3830,5,20,Żerań FSO,0 min,Boernerowo 01,,2024-12-25 19:08:35.486064
Tramwaj,4007,3,15,Marymont-Potok,0 min,P+R Al. Krakowska 02,,2024-12-25 19:08:35.486064
Tramwaj,4117,3,17,Winnica,0 min,PKP Służewiec 13,,2024-12-25 19:08:35.486064
Tramwaj,4265,12,16,Piaski,0 min,Miasteczko Wilanów 05,,2024-12-25 19:08:35.486064
Tramwaj,4278,6,33,Kielecka,0 min,Metro Młociny 15,,2024-12-25 19:08:35.486064
Autobus,1002,5,213,Błota,0 min,Gocław 04,,2024-12-25 19:08:35.486064
Autobus,1052,2,208,Bitwy Warszawskiej 1920 r.,0 min,Bitwy Warszawskiej 1920 r. 10,,2024-12-25 19:08:35.486064
Autobus,1063,1,164,Metro Wilanowska,0 min,Dolina Służewiecka 04,,2024-12-25 19:08:35.486064
Autobus,1064,2,164,Metro Wilanowska,0 min,Kępa Zawadowska 02,,2024-12-25 19:08:35.486064
Autobus,1200,425,739,Piaseczno Julianowska-Cmentarz,0 min,Metro Wilanowska 17,,2024-12-25 19:08:35.486064
Autobus,1217,427,739,Metro Wilanowska,0 min,Piaseczno Julianowska-Cmentarz 01,,2024-12-25 19:08:35.486064
Autobus,1218,631,218,Metro Wierzbno,0 min,Metro Wilanowska 16,,2024-12-25 19:08:35.486064
Autobus,1220,423,709,Metro Wilanowska,0 min,Piaseczno Szkolna 01,,2024-12-25 19:08:35.486064
Autobus,1002,5,213,Błota,0 min,Gocław 04,,2024-12-25 19:08:35.486064
Autobus,1052,2,208,Bitwy Warszawskiej 1920 r.,0 min,Bitwy Warszawskiej 1920 r. 10,,2024-12-25 19:08:35.486064
Autobus,1063,1,164,Metro Wilanowska,0 min,Dolina Służewiecka 04,,2024-12-25 19:08:35.486064
Autobus,1064,2,164,Metro Wilanowska,0 min,Kępa Zawadowska 02,,2024-12-25 19:08:35.486064
Autobus,1200,425,739,Piaseczno Julianowska-Cmentarz,0 min,Metro Wilanowska 17,,2024-12-25 19:08:35.486064
Autobus,1217,427,739,Metro Wilanowska,0 min,Piaseczno Julianowska-Cmentarz 01,,2024-12-25 19:08:35.486064
Autobus,1218,631,218,Metro Wierzbno,0 min,Metro Wilanowska 16,,2024-12-25 19:08:35.486064
Autobus,1220,423,709,Metro Wilanowska,0 min,Piaseczno Szkolna 01,,2024-12-25 19:08:35.486064
Autobus,1414,1,119,Wiśniowa Góra,0 min,Rakowiecka-Sanktuarium 06,,2024-12-25 19:08:35.486064
Autobus,1421,2,173,Stara Miłosna (Graniczna),0 min,Dw. Wschodni (Lubelska) 06,,2024-12-25 19:08:35.486064
Autobus,1217,427,739,Metro Wilanowska,0 min,Piaseczno Julianowska-Cmentarz 01,,2024-12-25 19:08:35.486064
Autobus,1218,631,218,Metro Wierzbno,0 min,Metro Wilanowska 16,,2024-12-25 19:08:35.486064
Autobus,1220,423,709,Metro Wilanowska,0 min,Piaseczno Szkolna 01,,2024-12-25 19:08:35.486064
Autobus,1414,1,119,Wiśniowa Góra,0 min,Rakowiecka-Sanktuarium 06,,2024-12-25 19:08:35.486064
Autobus,1421,2,173,Stara Miłosna (Graniczna),0 min,Dw. Wschodni (Lubelska) 06,,2024-12-25 19:08:35.486064
Autobus,1422,3,115,PKP Mokry Ług,0 min,Aleksandrów 01,,2024-12-25 19:08:35.486064
Autobus,15086,3,L-9,Wieliszew-Plaża,0 min,PKP Legionowo 01,,2024-12-25 19:08:35.486064
Autobus,1523,1,702,Wiatraczna,0 min,Otwock Orla 02,,2024-12-25 19:08:35.486064
Autobus,1528,1,183,Zielona,0 min,Wiatraczna 15,,2024-12-25 19:08:35.486064
Autobus,1220,423,709,Metro Wilanowska,0 min,Piaseczno Szkolna 01,,2024-12-25 19:08:35.486064
Autobus,1414,1,119,Wiśniowa Góra,0 min,Rakowiecka-Sanktuarium 06,,2024-12-25 19:08:35.486064
Autobus,1421,2,173,Stara Miłosna (Graniczna),0 min,Dw. Wschodni (Lubelska) 06,,2024-12-25 19:08:35.486064
Autobus,1422,3,115,PKP Mokry Ług,0 min,Aleksandrów 01,,2024-12-25 19:08:35.486064
Autobus,15086,3,L-9,Wieliszew-Plaża,0 min,PKP Legionowo 01,,2024-12-25 19:08:35.486064
Autobus,1523,1,702,Wiatraczna,0 min,Otwock Orla 02,,2024-12-25 19:08:35.486064
Autobus,1528,1,183,Zielona,0 min,Wiatraczna 15,,2024-12-25 19:08:35.486064
Autobus,1529,4,119,Rakowiecka-Sanktuarium,0 min,Wiśniowa Góra 03,,2024-12-25 19:08:35.486064
Autobus,1532,1,251,Konstancin-Jeziorna CH Stara Papiernia,0 min,Metro Wilanowska 15,,2024-12-25 19:08:35.486064
Autobus,1541,297,123,Dw. Wschodni (Kijowska),0 min,Dw. Wschodni (Lubelska) 04,,2024-12-25 19:08:35.486064
Autobus,1543,440,146,Dw. Wschodni (Lubelska),0 min,Falenica 04,,2024-12-25 19:08:35.486064
Autobus,1545,62,722,Os. Radiówek,0 min,Wiatraczna 14,,2024-12-25 19:08:35.486064
Autobus,1546,449,146,Falenica,0 min,Dw. Wschodni (Lubelska) 01,,2024-12-25 19:08:35.486064
Autobus,1810,343,166,Pl. Hallera,0 min,Os. Kabaty 03,,2024-12-25 19:08:35.486064
Autobus,1819,2,240,Metro Kondratowicza,0 min,Marki Pustelnik 03,,2024-12-25 19:08:35.486064
Autobus,1904,1,106,Ostroroga,0 min,Mariensztat 01,,2024-12-25 19:08:35.486064
Autobus,1913,3,106,Mariensztat,0 min,Ostroroga 05,,2024-12-25 19:08:35.486064
Autobus,2002,4,162,Pl. Hallera,0 min,EC Siekierki 03,,2024-12-25 19:08:35.486064
Autobus,2007,1,131,Sadyba,0 min,Dw. Centralny 25,,2024-12-25 19:08:35.486064
Autobus,5926,2,180,Chomiczówka,0 min,Wilanów 04,,2024-12-25 19:08:35.486064
Autobus,5928,1,158,Witolin,0 min,CH Reduta 01,,2024-12-25 19:08:35.486064
Autobus,5930,3,158,CH Reduta,0 min,Witolin 02,,2024-12-25 19:08:35.486064
Autobus,5933,613,507,Dw. Centralny,0 min,Gocław 02,,2024-12-25 19:08:35.486064
Autobus,5934,602,111,Gocław,0 min,Esperanto 05,,2024-12-25 19:08:35.486064
Autobus,5938,9,116,Wilanów,0 min,Chomiczówka 03,,2024-12-25 19:08:35.486064
Autobus,5940,6,180,Wilanów,0 min,Chomiczówka 05,,2024-12-25 19:08:35.486064
Autobus,5947,10,116,Wilanów,0 min,Chomiczówka 03,,2024-12-25 19:08:35.486064
Autobus,5951,612,507,Dw. Centralny,0 min,Gocław 02,,2024-12-25 19:08:35.486064
Autobus,5952,5,180,Wilanów,0 min,Chomiczówka 05,,2024-12-25 19:08:35.486064
Autobus,5954,7,503,Natolin Płn.,0 min,Konwiktorska 01,,2024-12-25 19:08:35.486064
Autobus,5956,3,180,Chomiczówka,0 min,Wilanów 04,,2024-12-25 19:08:35.486064
Autobus,5959,5,127,Nowe Włochy,0 min,Browarna 02,,2024-12-25 19:08:35.486064
Autobus,5973,4,116,Chomiczówka,0 min,Wilanów 07,,2024-12-25 19:08:35.486064
Autobus,5977,4,503,Natolin Płn.,0 min,Konwiktorska 01,,2024-12-25 19:08:35.486064
Autobus,5986,11,180,Chomiczówka,0 min,Wilanów 04,,2024-12-25 19:08:35.486064
Autobus,6202,2,177,Os. Górczewska,0 min,Ursus-Niedźwiadek 01,,2024-12-25 19:08:35.486064
Autobus,6210,506,124,Paluch,0 min,P+R Al. Krakowska 12,,2024-12-25 19:08:35.486064
Autobus,6225,4,157,Gwiaździsta,0 min,Szczęśliwice 02,,2024-12-25 19:08:35.486064
Autobus,5956,3,180,Chomiczówka,0 min,Wilanów 04,,2024-12-25 19:08:35.486064
Autobus,5959,5,127,Nowe Włochy,0 min,Browarna 02,,2024-12-25 19:08:35.486064
Autobus,5973,4,116,Chomiczówka,0 min,Wilanów 07,,2024-12-25 19:08:35.486064
Autobus,5977,4,503,Natolin Płn.,0 min,Konwiktorska 01,,2024-12-25 19:08:35.486064
Autobus,5986,11,180,Chomiczówka,0 min,Wilanów 04,,2024-12-25 19:08:35.486064
Autobus,6202,2,177,Os. Górczewska,0 min,Ursus-Niedźwiadek 01,,2024-12-25 19:08:35.486064
Autobus,6210,506,124,Paluch,0 min,P+R Al. Krakowska 12,,2024-12-25 19:08:35.486064
Autobus,6225,4,157,Gwiaździsta,0 min,Szczęśliwice 02,,2024-12-25 19:08:35.486064
Autobus,6231,507,124,P+R Al. Krakowska,0 min,Paluch 01,,2024-12-25 19:08:35.486064
Autobus,6243,512,706,Janki Pl. Szwedzki,0 min,P+R Al. Krakowska 16,,2024-12-25 19:08:35.486064
Autobus,70007,694,L24,Konstancin-Jeziorna Wierzbnowska,0 min,Piaseczno Urząd Miasta 03,,2024-12-25 19:08:35.486064
Autobus,70033,1,L25,Piaseczno Zgoda,0 min,Góra Kalwaria Rynek 02,,2024-12-25 19:08:35.486064
Autobus,7245,8,517,Ursus-Niedźwiadek,0 min,Pl. Trzech Krzyży 06,,2024-12-25 19:08:35.486064
Autobus,779,3,250,Łomianki Dąbrowa Zachodnia,0 min,Metro Młociny 22,,2024-12-25 19:08:35.486064
Autobus,7808,1,143,Rembertów-Kolonia,0 min,Dw. Zachodni 03,,2024-12-25 19:08:35.486064
Autobus,7849,3,523,Stare Bemowo,0 min,PKP Olszynka Grochowska 01,,2024-12-25 19:08:35.486064
Autobus,80120,1,L37,Kobyłka Kościół,0 min,Wołomin Szpital Powiatowy 02,,2024-12-25 19:08:35.486064
Autobus,8312,3,136,Natolin Płn.,0 min,Ostroroga 03,,2024-12-25 19:08:35.486064
Autobus,8346,4,131,Dw. Centralny,0 min,Sadyba 05,,2024-12-25 19:08:35.486064
Autobus,777,3,150,Metro Młociny,0 min,Dziekanów Leśny 01,,2024-12-25 19:08:35.486064
Autobus,779,3,250,Łomianki Dąbrowa Zachodnia,0 min,Metro Młociny 22,,2024-12-25 19:08:35.486064
Autobus,7808,1,143,Rembertów-Kolonia,0 min,Dw. Zachodni 03,,2024-12-25 19:08:35.486064
Autobus,7849,3,523,Stare Bemowo,0 min,PKP Olszynka Grochowska 01,,2024-12-25 19:08:35.486064
Autobus,80120,1,L37,Kobyłka Kościół,0 min,Wołomin Szpital Powiatowy 02,,2024-12-25 19:08:35.486064
Autobus,8312,3,136,Natolin Płn.,0 min,Ostroroga 03,,2024-12-25 19:08:35.486064
Autobus,8346,4,131,Dw. Centralny,0 min,Sadyba 05,,2024-12-25 19:08:35.486064
Autobus,8369,2,217,Metro Wilanowska,0 min,Natolin Płn. 04,,2024-12-25 19:08:35.486064
Autobus,8447,5,112,Nowe Bemowo,0 min,CH Marki 04,,2024-12-25 19:08:35.486064
Autobus,8540,2,519,Metro Wilanowska,0 min,Powsin-Park Kultury 01,,2024-12-25 19:08:35.486064
Autobus,8559,1,519,Powsin-Park Kultury,0 min,Metro Wilanowska 15,,2024-12-25 19:08:35.486064
Autobus,8581,2,527,Metro Kondratowicza,0 min,Grodzisk 06,,2024-12-25 19:08:35.486064
Autobus,8591,2,509,Gocław,0 min,Winnica 06,,2024-12-25 19:08:35.486064
Autobus,8807,1,504,Dw. Centralny,0 min,Os. Kabaty 04,,2024-12-25 19:08:35.486064
Autobus,8818,7,136,Ostroroga,0 min,Natolin Płn. 08,,2024-12-25 19:08:35.486064
Autobus,8860,3,511,Metro Młociny,0 min,Dąbrówka Wiślana 02,,2024-12-25 19:08:35.486064
Autobus,775,2,250,Metro Młociny,0 min,Łomianki Dąbrowa Zachodnia 01,,2024-12-25 19:08:35.486064
Autobus,7759,2,143,Rembertów-Kolonia,0 min,Dw. Zachodni 03,,2024-12-25 19:08:35.486064
Autobus,7245,8,517,Ursus-Niedźwiadek,0 min,Pl. Trzech Krzyży 06,,2024-12-25 19:08:35.486064
Autobus,7259,5,184,Szczęśliwice,0 min,Metro Młociny 24,,2024-12-25 19:08:35.486064
Autobus,7711,6,509,Gocław,0 min,Winnica 06,,2024-12-25 19:08:35.486064
Autobus,7714,5,520,Marysin,0 min,Dw. Centralny 27,,2024-12-25 19:08:35.486064
Autobus,7732,1,151,Pl. Konstytucji,0 min,Rechniewskiego 02,,2024-12-25 19:08:35.486064
Autobus,7748,1,525,Międzylesie,0 min,Dw. Centralny 21,,2024-12-25 19:08:35.486064
Autobus,775,2,250,Metro Młociny,0 min,Łomianki Dąbrowa Zachodnia 01,,2024-12-25 19:08:35.486064
Autobus,7759,2,143,Rembertów-Kolonia,0 min,Dw. Zachodni 03,,2024-12-25 19:08:35.486064
Autobus,779,3,250,Łomianki Dąbrowa Zachodnia,0 min,Metro Młociny 22,,2024-12-25 19:08:35.486064
Autobus,7808,1,143,Rembertów-Kolonia,0 min,Dw. Zachodni 03,,2024-12-25 19:08:35.486064
Autobus,7849,3,523,Stare Bemowo,0 min,PKP Olszynka Grochowska 01,,2024-12-25 19:08:35.486064
Autobus,80102,2,L45,PKP Dąbkowizna,0 min,CH Marki 02,,2024-12-25 19:08:35.486064
Autobus,80120,1,L37,Kobyłka Kościół,0 min,Wołomin Szpital Powiatowy 02,,2024-12-25 19:08:35.486064
Autobus,8312,3,136,Natolin Płn.,0 min,Ostroroga 03,,2024-12-25 19:08:35.486064
Autobus,8346,4,131,Dw. Centralny,0 min,Sadyba 05,,2024-12-25 19:08:35.486064
Autobus,8369,2,217,Metro Wilanowska,0 min,Natolin Płn. 04,,2024-12-25 19:08:35.486064
Autobus,8447,5,112,Nowe Bemowo,0 min,CH Marki 04,,2024-12-25 19:08:35.486064
Autobus,8459,1,210,Metro Młociny,0 min,Truskaw Skibińskiego 01,,2024-12-25 19:08:35.486064
Autobus,8540,2,519,Metro Wilanowska,0 min,Powsin-Park Kultury 01,,2024-12-25 19:08:35.486064
Autobus,80102,2,L45,PKP Dąbkowizna,0 min,CH Marki 02,,2024-12-25 19:08:35.486064
Autobus,80120,1,L37,Kobyłka Kościół,0 min,Wołomin Szpital Powiatowy 02,,2024-12-25 19:08:35.486064
Autobus,8312,3,136,Natolin Płn.,0 min,Ostroroga 03,,2024-12-25 19:08:35.486064
Autobus,8346,4,131,Dw. Centralny,0 min,Sadyba 05,,2024-12-25 19:08:35.486064
Autobus,8369,2,217,Metro Wilanowska,0 min,Natolin Płn. 04,,2024-12-25 19:08:35.486064
Autobus,8447,5,112,Nowe Bemowo,0 min,CH Marki 04,,2024-12-25 19:08:35.486064
Autobus,8459,1,210,Metro Młociny,0 min,Truskaw Skibińskiego 01,,2024-12-25 19:08:35.486064
Autobus,8540,2,519,Metro Wilanowska,0 min,Powsin-Park Kultury 01,,2024-12-25 19:08:35.486064
Autobus,8559,1,519,Powsin-Park Kultury,0 min,Metro Wilanowska 15,,2024-12-25 19:08:35.486064
Autobus,8581,2,527,Metro Kondratowicza,0 min,Grodzisk 06,,2024-12-25 19:08:35.486064
Autobus,8591,2,509,Gocław,0 min,Winnica 06,,2024-12-25 19:08:35.486064
Autobus,8807,1,504,Dw. Centralny,0 min,Os. Kabaty 04,,2024-12-25 19:08:35.486064
Autobus,8818,7,136,Ostroroga,0 min,Natolin Płn. 08,,2024-12-25 19:08:35.486064
Autobus,8807,1,504,Dw. Centralny,0 min,Os. Kabaty 04,,2024-12-25 19:08:35.486064
Autobus,8818,7,136,Ostroroga,0 min,Natolin Płn. 08,,2024-12-25 19:08:35.486064
Autobus,8860,3,511,Metro Młociny,0 min,Dąbrówka Wiślana 02,,2024-12-25 19:08:35.486064
Autobus,8898,8,189,Os. Górczewska,0 min,Sadyba 03,,2024-12-25 19:08:35.486064
Autobus,9073,458,211,Żerań FSO,0 min,Dąbrówka Wiślana 02,,2024-12-25 19:08:35.486064
Autobus,9087,72,204,Metro Bródno,0 min,Grodzisk 04,,2024-12-25 19:08:35.486064
Pociąg,2030,,WKD,,0 min,,,2024-12-25 19:08:35.486064
Tramwaj,3215,3,7,P+R Al. Krakowska,0 min,Hale Banacha 02,,2024-12-25 19:08:35.486064
Autobus,6216,2,523,Stare Bemowo,0 min,Os. Majdańska 01,,2024-12-25 19:08:35.486064
Autobus,8552,2,162,Pl. Hallera,0 min,Pl. Hallera 07,,2024-12-25 19:08:35.486064
Autobus,1023,3,163,Centrum Onkologii,0 min,Centrum Onkologii 03,,2024-12-25 19:08:35.486064
Autobus,9311,646,199,Bródno-Podgrodzie,0 min,Ząbki Pułaskiego 01,,2024-12-25 19:08:35.486064
Autobus,3456,1,132,Metro Marymont,0 min,PKP Toruńska 03,,2024-12-25 19:08:35.486064
Autobus,8592,1,509,Gocław,0 min,Białołęka-Ratusz 01,,2024-12-25 19:08:35.486064
Autobus,1416,1,173,Stara Miłosna (Graniczna),0 min,Gocławek 02,,2024-12-25 19:08:35.486064
Autobus,1801,6,138,Utrata,0 min,Pl. Przymierza 02,,2024-12-25 19:08:35.486064
Autobus,3459,3,132,Os. Derby,0 min,Żerań FSO 04,,2024-12-25 19:08:35.486064
Autobus,1801,6,138,Utrata,0 min,Pl. Przymierza 02,,2024-12-25 19:08:35.486064
Autobus,3459,3,132,Os. Derby,0 min,Żerań FSO 04,,2024-12-25 19:08:35.486064
Autobus,5403,3,140,Marki Czarna Struga,0 min,Marki Struga 04,,2024-12-25 19:08:35.486064
Tramwaj,4266,8,33,Zjazd do zajezdni Żoliborz,0 min,Pl. Grunwaldzki 08,,2024-12-25 19:08:35.486064
Autobus,8558,1,162,EC Siekierki,0 min,Topiel 03,,2024-12-25 19:08:35.486064
Autobus,5941,607,111,Esperanto,0 min,Wał Gocławski 02,,2024-12-25 19:08:35.486064
Tramwaj,4232,1,16,Miasteczko Wilanów,0 min,Pl. Bankowy 07,,2024-12-25 19:08:35.486064
Autobus,1023,3,163,Centrum Onkologii,0 min,Centrum Onkologii 03,,2024-12-25 19:08:35.486064
Autobus,1801,6,138,Utrata,0 min,Pl. Przymierza 02,,2024-12-25 19:08:35.486064
Autobus,3459,3,132,Os. Derby,0 min,Żerań FSO 04,,2024-12-25 19:08:35.486064
Autobus,5403,3,140,Marki Czarna Struga,0 min,Marki Struga 04,,2024-12-25 19:08:35.486064
Tramwaj,4266,8,33,Zjazd do zajezdni Żoliborz,0 min,Pl. Grunwaldzki 08,,2024-12-25 19:08:35.486064
Autobus,8558,1,162,EC Siekierki,0 min,Topiel 03,,2024-12-25 19:08:35.486064
Autobus,5941,607,111,Esperanto,0 min,Wał Gocławski 02,,2024-12-25 19:08:35.486064
Tramwaj,4232,1,16,Miasteczko Wilanów,0 min,Pl. Bankowy 07,,2024-12-25 19:08:35.486064
Autobus,1023,3,163,Centrum Onkologii,0 min,Centrum Onkologii 03,,2024-12-25 19:08:35.486064
Autobus,9327,2,142,Wiatraczna,0 min,Klimontowska 02,,2024-12-25 19:08:35.486064
Autobus,1063,1,164,Metro Wilanowska,0 min,Dominikańska 02,,2024-12-25 19:08:35.486064
Autobus,5236,5,122,Gwiaździsta,0 min,Dywizjonu 303 02,,2024-12-25 19:08:35.486064
Tramwaj,3119,8,4,Żerań Wschodni,0 min,Inowłodzka 04,,2024-12-25 19:08:35.486064
Autobus,2217,6,136,Ostroroga,0 min,Herbsta 03,,2024-12-25 19:08:35.486064
Autobus,9085,1,161,Zbójna Góra,0 min,Szafirowa 02,,2024-12-25 19:08:35.486064
Autobus,9811,8,185,Gwiaździsta,0 min,Dolina Służewiecka 02,,2024-12-25 19:08:35.486064
Tramwaj,4219,1,11,Cm. Wolski,0 min,Szpital Wolski 04,,2024-12-25 19:08:35.486064
Autobus,1807,3,197,Gwiaździsta,0 min,Fort Wola 01,,2024-12-25 19:08:35.486064
Autobus,7744,1,704,Wiatraczna,0 min,Stary Konik Hipolitowska 01,,2024-12-25 19:08:35.486064
Autobus,9826,4,502,Metro Politechnika,0 min,Pl. Na Rozdrożu 06,,2024-12-25 19:08:35.486064
Autobus,5236,5,122,Gwiaździsta,0 min,Dywizjonu 303 02,,2024-12-25 19:08:35.486064
Tramwaj,3119,8,4,Żerań Wschodni,0 min,Inowłodzka 04,,2024-12-25 19:08:35.486064
Autobus,2217,6,136,Ostroroga,0 min,Herbsta 03,,2024-12-25 19:08:35.486064
Autobus,9085,1,161,Zbójna Góra,0 min,Szafirowa 02,,2024-12-25 19:08:35.486064
Autobus,9811,8,185,Gwiaździsta,0 min,Dolina Służewiecka 02,,2024-12-25 19:08:35.486064
Autobus,1549,3,183,Wiatraczna,0 min,Urocza 02,,2024-12-25 19:08:35.486064
Autobus,9206,572,209,Dawidy,0 min,Sarabandy 02,,2024-12-25 19:08:35.486064
Autobus,9327,2,142,Wiatraczna,0 min,Dzielnicowa 02,,2024-12-25 19:08:35.486064
Tramwaj,3205,2,22,Piaski,0 min,Pl. Grunwaldzki 08,,2024-12-25 19:08:35.486064
Autobus,35134,687,L-5,Antoninów Cm. Południowy-Brama Płd.,0 min,Bobrowiec Żwirowa 02,,2024-12-25 19:08:35.486064
Autobus,7744,1,704,Wiatraczna,0 min,Konik Nowy 01,,2024-12-25 19:08:35.486064
Autobus,7810,1,521,Falenica,0 min,Pl. Szembeka 02,,2024-12-25 19:08:35.486064
Autobus,9913,4,186,Nowodwory,0 min,Kanał Żerański 02,,2024-12-25 19:08:35.486064
Tramwaj,3502,1,24,Nowe Bemowo,0 min,Gocławek 07,,2024-12-25 19:08:35.486064
Autobus,9343,642,245,Ząbki Maczka,0 min,Lewinów 02,,2024-12-25 19:08:35.486064
Autobus,9311,646,199,Bródno-Podgrodzie,0 min,Ząbki Pułaskiego 01,,2024-12-25 19:08:35.486064
Autobus,9813,2,502,Stara Miłosna (Graniczna),0 min,Trawiasta 02,,2024-12-25 19:08:35.486064
Tramwaj,3119,8,4,Żerań Wschodni,0 min,Inowłodzka 04,,2024-12-25 19:08:35.486064
Autobus,9913,4,186,Nowodwory,0 min,Kanał Żerański 02,,2024-12-25 19:08:35.486064
Tramwaj,3502,1,24,Nowe Bemowo,0 min,Gocławek 07,,2024-12-25 19:08:35.486064
Autobus,9343,642,245,Ząbki Maczka,0 min,Lewinów 02,,2024-12-25 19:08:35.486064
Autobus,9311,646,199,Bródno-Podgrodzie,0 min,Ząbki Pułaskiego 01,,2024-12-25 19:08:35.486064
Autobus,9813,2,502,Stara Miłosna (Graniczna),0 min,Trawiasta 02,,2024-12-25 19:08:35.486064
Tramwaj,3119,8,4,Żerań Wschodni,0 min,Inowłodzka 04,,2024-12-25 19:08:35.486064
Autobus,1425,5,173,Stara Miłosna (Graniczna),0 min,Sulejówek Drobiarska 02,,2024-12-25 19:08:35.486064
Autobus,1803,1,212,CH Targówek,0 min,Łokietka 02,,2024-12-25 19:08:35.486064
Autobus,5240,2,105,Os. Górczewska,0 min,Ordona-WSA 02,,2024-12-25 19:08:35.486064
Autobus,5911,5,158,Witolin,0 min,Poligonowa 02,,2024-12-25 19:08:35.486064
Autobus,7701,2,151,Rechniewskiego,0 min,Kakowskiego 02,,2024-12-25 19:08:35.486064
Tramwaj,3252,3,9,Gocławek,0 min,Grenadierów 04,,2024-12-25 19:08:35.486064
Autobus,1425,5,173,Stara Miłosna (Graniczna),0 min,Sulejówek Drobiarska 02,,2024-12-25 19:08:35.486064
Autobus,6200,2,517,Pl. Trzech Krzyży,0 min,Hala Kopińska 01,,2024-12-25 19:08:35.486064
Autobus,8550,6,131,Sadyba,0 min,Zaruskiego 01,,2024-12-25 19:08:35.486064
Autobus,9341,2,198,Stara Miłosna (Ułańska),0 min,Torfowa 02,,2024-12-25 19:08:35.486064
Tramwaj,3226,544,1,Annopol,0 min,Okopowa 08,,2024-12-25 19:08:35.486064
Autobus,9917,8,186,Szczęśliwice,0 min,PKP Wola (Kasprzaka) 05,,2024-12-25 19:08:35.486064
Autobus,7246,1,703,Kosów,0 min,Kajetany 02,,2024-12-25 19:08:35.486064
Autobus,1425,5,173,Stara Miłosna (Graniczna),0 min,Sulejówek Drobiarska 02,,2024-12-25 19:08:35.486064
Autobus,6200,2,517,Pl. Trzech Krzyży,0 min,Hala Kopińska 01,,2024-12-25 19:08:35.486064
Autobus,8550,6,131,Sadyba,0 min,Zaruskiego 01,,2024-12-25 19:08:35.486064
Autobus,9341,2,198,Stara Miłosna (Ułańska),0 min,Torfowa 02,,2024-12-25 19:08:35.486064
Tramwaj,3226,544,1,Annopol,0 min,Okopowa 08,,2024-12-25 19:08:35.486064
Autobus,9917,8,186,Szczęśliwice,0 min,PKP Wola (Kasprzaka) 05,,2024-12-25 19:08:35.486064
Autobus,7246,1,703,Kosów,0 min,Kajetany 02,,2024-12-25 19:08:35.486064
Autobus,7701,2,151,Rechniewskiego,0 min,Kakowskiego 02,,2024-12-25 19:08:35.486064
Autobus,8523,5,709,PKP Piaseczno,0 min,Pelikanów 01,,2024-12-25 19:08:35.486064
Autobus,9522,53,737,Antoninów Cm. Południowy-Brama Płd.,0 min,Lesznowola Szkolna 02,,2024-12-25 19:08:35.486064
Autobus,5911,5,158,Witolin,0 min,Zamieniecka 04,,2024-12-25 19:08:35.486064
Autobus,1522,2,123,Dw. Wschodni (Lubelska),0 min,Gocław 08,,2024-12-25 19:08:35.486064
Autobus,8590,3,738,Metro Trocka,0 min,Metro Trocka 02,,2024-12-25 19:08:35.486064
Tramwaj,3119,8,4,Żerań Wschodni,0 min,Inowłodzka 04,,2024-12-25 19:08:35.486064
Tramwaj,3179,4,10,Os. Górczewska,0 min,Ciepłownia Wola 08,,2024-12-25 19:08:35.486064
Autobus,7744,1,704,Wiatraczna,0 min,Konik Nowy 01,,2024-12-25 19:08:35.486064
Autobus,1429,4,115,Aleksandrów,0 min,Tomaszowska 01,,2024-12-25 19:08:35.486064
Autobus,6208,7,172,CH Blue City,0 min,Bitwy Warszawskiej 1920 r. 06,,2024-12-25 19:08:35.486064
Autobus,9811,8,185,Gwiaździsta,0 min,Dolina Służewiecka 02,,2024-12-25 19:08:35.486064
Autobus,7737,8,509,Gocław,1 min przed czasem,Dw. Wileński 01,,2024-12-25 19:08:35.486064
Autobus,5925,6,158,Witolin,1 min przed czasem,Centrum 15,,2024-12-25 19:08:35.486064
Autobus,8306,3,504,Os. Kabaty,1 min przed czasem,Pl. Zawiszy 15,,2024-12-25 19:08:35.486064
Tramwaj,3218,1,26,Metro Młociny,1 min przed czasem,Metro Płocka 04,,2024-12-25 19:08:35.486064
Autobus,4402,2,170,Elsnerów,1 min przed czasem,Dw. Wileński 01,,2024-12-25 19:08:35.486064
Autobus,7716,5,509,Winnica,1 min przed czasem,Afrykańska 02,,2024-12-25 19:08:35.486064
Autobus,7730,319,525,Międzylesie,1 min przed czasem,Poligonowa 02,,2024-12-25 19:08:35.486064
Autobus,1536,5,119,Wiśniowa Góra,1 min przed czasem,Siekierki-Sanktuarium 02,,2024-12-25 19:08:35.486064
Autobus,9532,55,715,Ursynów Płn.,1 min przed czasem,CH Ursynów 03,,2024-12-25 19:08:35.486064
Autobus,3418,3,145,Wiatraczna,1 min przed czasem,Ogrody Działkowe Kawęczyn 01,,2024-12-25 19:08:35.486064
Autobus,7230,1,711,P+R Al. Krakowska,1 min przed czasem,Na Skraju 01,,2024-12-25 19:08:35.486064
Autobus,9804,3,167,Siekierki-Sanktuarium,1 min przed czasem,Wiśniowa 51,,2024-12-25 19:08:35.486064
Autobus,9946,3,186,Nowodwory,1 min przed czasem,Mehoffera 02,,2024-12-25 19:08:35.486064
Autobus,7747,6,143,Rembertów-Kolonia,1 min przed czasem,Rembertów-Akademia 02,,2024-12-25 19:08:35.486064
Autobus,5402,443,500,Rondo „Radosława”,1 min przed czasem,Dw. Gdański 04,,2024-12-25 19:08:35.486064
Autobus,8456,4,112,Nowe Bemowo,1 min przed czasem,Szpital Bródnowski 04,,2024-12-25 19:08:35.486064
Autobus,1214,634,165,Wyczółki,1 min przed czasem,Taborowa 01,,2024-12-25 19:08:35.486064
Autobus,7242,508,728,P+R Al. Krakowska,1 min przed czasem,Łazy Podleśna 01,,2024-12-25 19:08:35.486064
Autobus,7233,1,184,Metro Młociny,1 min przed czasem,Metro Księcia Janusza 06,,2024-12-25 19:08:35.486064
Autobus,7230,1,711,P+R Al. Krakowska,1 min przed czasem,Na Skraju 01,,2024-12-25 19:08:35.486064
Autobus,778,1,250,Metro Młociny,1 min przed czasem,Wólczyńska-Bocznica 01,,2024-12-25 19:08:35.486064
Autobus,9515,1,103,Metro Młociny,1 min przed czasem,AWF 06,,2024-12-25 19:08:35.486064
Autobus,1520,435,147,Stara Miłosna (Ułańska),1 min przed czasem,Metro Stadion Narodowy 01,,2024-12-25 19:08:35.486064
Autobus,5402,443,500,Rondo „Radosława”,1 min przed czasem,Dw. Gdański 04,,2024-12-25 19:08:35.486064
Autobus,5424,447,500,Bródno-Podgrodzie,1 min przed czasem,Szpital Bródnowski 04,,2024-12-25 19:08:35.486064
Autobus,7242,508,728,P+R Al. Krakowska,1 min przed czasem,Łazy Podleśna 01,,2024-12-25 19:08:35.486064
Tramwaj,3292,6,24,Nowe Bemowo,1 min przed czasem,PKP Koło 04,,2024-12-25 19:08:35.486064
Tramwaj,3218,1,26,Metro Młociny,1 min przed czasem,Metro Płocka 04,,2024-12-25 19:08:35.486064
Tramwaj,3242,5,15,P+R Al. Krakowska,1 min przed czasem,Nowowiejska 06,,2024-12-25 19:08:35.486064
Autobus,1007,2,213,Gocław,1 min przed czasem,PKP Falenica 04,,2024-12-25 19:08:35.486064
Autobus,3468,1,112,CH Marki,1 min przed czasem,Żerań FSO 04,,2024-12-25 19:08:35.486064
Autobus,4211,1,713,Cm. Wolski,1 min przed czasem,Fort Wola 06,,2024-12-25 19:08:35.486064
Autobus,7863,9,148,Wiatraczna,1 min przed czasem,Kopcińskiego 02,,2024-12-25 19:08:35.486064
Autobus,1427,1,115,PKP Mokry Ług,1 min przed czasem,Buchalteryjna 02,,2024-12-25 19:08:35.486064
Autobus,4307,2,134,Olesin,1 min przed czasem,Berensona 02,,2024-12-25 19:08:35.486064
Autobus,1535,3,251,Metro Wilanowska,1 min przed czasem,Wilanów 02,,2024-12-25 19:08:35.486064
Autobus,4229,4,177,Os. Górczewska,1 min przed czasem,Człuchowska 03,,2024-12-25 19:08:35.486064
Autobus,3468,1,112,CH Marki,1 min przed czasem,Żerań FSO 04,,2024-12-25 19:08:35.486064
Autobus,4211,1,713,Cm. Wolski,1 min przed czasem,Fort Wola 06,,2024-12-25 19:08:35.486064
Autobus,7863,9,148,Wiatraczna,1 min przed czasem,Kopcińskiego 02,,2024-12-25 19:08:35.486064
Autobus,1427,1,115,PKP Mokry Ług,1 min przed czasem,Buchalteryjna 02,,2024-12-25 19:08:35.486064
Autobus,4307,2,134,Olesin,1 min przed czasem,Berensona 02,,2024-12-25 19:08:35.486064
Autobus,1535,3,251,Metro Wilanowska,1 min przed czasem,Wilanów 02,,2024-12-25 19:08:35.486064
Autobus,4229,4,177,Os. Górczewska,1 min przed czasem,Człuchowska 03,,2024-12-25 19:08:35.486064
Autobus,5906,600,111,Gocław,1 min przed czasem,Brazylijska 01,,2024-12-25 19:08:35.486064
Autobus,6208,7,172,CH Blue City,1 min przed czasem,Bitwy Warszawskiej 1920 r. 06,,2024-12-25 19:08:35.486064
Autobus,8502,3,731,Żerań FSO,1 min przed czasem,Aluzyjna 01,,2024-12-25 19:08:35.486064
Autobus,776,1,150,Dziekanów Leśny,1 min przed czasem,Łomianki POLMO 02,,2024-12-25 19:08:35.486064
Autobus,2236,3,517,Pl. Trzech Krzyży,1 min przed czasem,Ryżowa 03,,2024-12-25 19:08:35.486064
Tramwaj,3805,2,6,Metro Młociny,1 min przed czasem,Szpital Bielański 04,,2024-12-25 19:08:35.486064
Autobus,9950,9,186,Szczęśliwice,1 min przed czasem,Park Kaskada 06,,2024-12-25 19:08:35.486064
Autobus,1424,450,147,Dw. Wschodni (Lubelska),1 min przed czasem,Meissnera 02,,2024-12-25 19:08:35.486064
Autobus,8810,1,138,Bokserska,1 min przed czasem,Cybernetyki 01,,2024-12-25 19:08:35.486064
Autobus,4244,4,122,Gwiaździsta,1 min przed czasem,Gen. Maczka 01,,2024-12-25 19:08:35.486064
Autobus,9907,1,114,Młociny-UKSW,1 min przed czasem,Pl. Wilsona 06,,2024-12-25 19:08:35.486064
Autobus,1072,1,108,Pl. Trzech Krzyży,1 min przed czasem,Bartycka 02,,2024-12-25 19:08:35.486064
Tramwaj,3218,1,26,Metro Młociny,1 min przed czasem,Metro Płocka 04,,2024-12-25 19:08:35.486064
Autobus,1535,3,251,Metro Wilanowska,1 min przed czasem,Wilanów 02,,2024-12-25 19:08:35.486064
Autobus,4229,4,177,Os. Górczewska,1 min przed czasem,Człuchowska 03,,2024-12-25 19:08:35.486064
Autobus,5906,600,111,Gocław,1 min przed czasem,Brazylijska 01,,2024-12-25 19:08:35.486064
Autobus,6208,7,172,CH Blue City,1 min przed czasem,Bitwy Warszawskiej 1920 r. 06,,2024-12-25 19:08:35.486064
Autobus,8502,3,731,Żerań FSO,1 min przed czasem,Aluzyjna 01,,2024-12-25 19:08:35.486064
Tramwaj,3253,8,10,Wyścigi,1 min przed czasem,Królikarnia 03,,2024-12-25 19:08:35.486064
Autobus,776,1,150,Dziekanów Leśny,1 min przed czasem,Łomianki POLMO 02,,2024-12-25 19:08:35.486064
Autobus,2236,3,517,Pl. Trzech Krzyży,1 min przed czasem,Ryżowa 03,,2024-12-25 19:08:35.486064
Tramwaj,3805,2,6,Metro Młociny,1 min przed czasem,Szpital Bielański 04,,2024-12-25 19:08:35.486064
Autobus,9950,9,186,Szczęśliwice,1 min przed czasem,Park Kaskada 06,,2024-12-25 19:08:35.486064
Autobus,1424,450,147,Dw. Wschodni (Lubelska),1 min przed czasem,Meissnera 02,,2024-12-25 19:08:35.486064
Autobus,8810,1,138,Bokserska,1 min przed czasem,Cybernetyki 01,,2024-12-25 19:08:35.486064
Autobus,4244,4,122,Gwiaździsta,1 min przed czasem,Gen. Maczka 01,,2024-12-25 19:08:35.486064
Autobus,9907,1,114,Młociny-UKSW,1 min przed czasem,Pl. Wilsona 06,,2024-12-25 19:08:35.486064
Tramwaj,4225,9,16,Piaski,1 min przed czasem,Park Olszyna 04,,2024-12-25 19:08:35.486064
Autobus,1072,1,108,Pl. Trzech Krzyży,1 min przed czasem,Bartycka 02,,2024-12-25 19:08:35.486064
Autobus,7881,4,520,Marysin,1 min przed czasem,Międzynarodowa 02,,2024-12-25 19:08:35.486064
Tramwaj,3237,4,9,Gocławek,1 min przed czasem,Pl. Zawiszy 05,,2024-12-25 19:08:35.486064
Autobus,9950,9,186,Szczęśliwice,1 min przed czasem,Park Kaskada 06,,2024-12-25 19:08:35.486064
Autobus,1424,450,147,Dw. Wschodni (Lubelska),1 min przed czasem,Meissnera 02,,2024-12-25 19:08:35.486064
Autobus,8810,1,138,Bokserska,1 min przed czasem,Cybernetyki 01,,2024-12-25 19:08:35.486064
Autobus,7743,3,525,Dw. Centralny,1 min przed czasem,Przyczółek Grochowski 03,,2024-12-25 19:08:35.486064
Autobus,7800,2,145,Wiatraczna,1 min przed czasem,Wiatraczna 23,,2024-12-25 19:08:35.486064
Tramwaj,3805,2,6,Metro Młociny,1 min przed czasem,Szpital Bielański 04,,2024-12-25 19:08:35.486064
Autobus,9932,8,190,Znana,1 min przed czasem,Rzeszotarskiej 01,,2024-12-25 19:08:35.486064
Autobus,9081,1,104,Brzeziny,1 min przed czasem,Juranda ze Spychowa-Szkoła 01,,2024-12-25 19:08:35.486064
Autobus,9804,3,167,Siekierki-Sanktuarium,1 min przed czasem,Goworka 01,,2024-12-25 19:08:35.486064
Autobus,9812,5,185,CH Ursynów,1 min przed czasem,Gwiaździsta 04,,2024-12-25 19:08:35.486064
Autobus,1223,5,251,Konstancin-Jeziorna CH Stara Papiernia,1 min przed czasem,Konstancin-Jeziorna Polna 01,,2024-12-25 19:08:35.486064
Autobus,5455,7,509,Gocław,1 min przed czasem,Abrahama 01,,2024-12-25 19:08:35.486064
Tramwaj,3253,8,10,Wyścigi,1 min przed czasem,Bukowińska 03,,2024-12-25 19:08:35.486064
Autobus,5234,5,191,Pl. Narutowicza,1 min przed czasem,Popularna 01,,2024-12-25 19:08:35.486064
Autobus,5978,2,518,Bielańska,1 min przed czasem,Metro Marymont 01,,2024-12-25 19:08:35.486064
Autobus,7253,2,191,Regulska,1 min przed czasem,Popularna 04,,2024-12-25 19:08:35.486064
Autobus,1211,3,166,Pl. Hallera,2 min przed czasem,Inżynierska 06,,2024-12-25 19:08:35.486064
Autobus,5883,1,127,Browarna,2 min przed czasem,Niemcewicza 01,,2024-12-25 19:08:35.486064
Autobus,5455,7,509,Gocław,1 min przed czasem,Abrahama 01,,2024-12-25 19:08:35.486064
Tramwaj,3253,8,10,Wyścigi,1 min przed czasem,Bukowińska 03,,2024-12-25 19:08:35.486064
Autobus,5234,5,191,Pl. Narutowicza,1 min przed czasem,Popularna 01,,2024-12-25 19:08:35.486064
Autobus,5978,2,518,Bielańska,1 min przed czasem,Metro Marymont 01,,2024-12-25 19:08:35.486064
Autobus,7253,2,191,Regulska,1 min przed czasem,Popularna 04,,2024-12-25 19:08:35.486064
Autobus,1211,3,166,Pl. Hallera,2 min przed czasem,Inżynierska 06,,2024-12-25 19:08:35.486064
Autobus,5883,1,127,Browarna,2 min przed czasem,Niemcewicza 01,,2024-12-25 19:08:35.486064
Autobus,8885,M9,189,Sadyba,2 min przed czasem,Św. Bonifacego 03,,2024-12-25 19:08:35.486064
Tramwaj,3191,3,22,Piaski,2 min przed czasem,Pl. Zawiszy 08,,2024-12-25 19:08:35.486064
Autobus,7240,4,172,Sadyba,2 min przed czasem,Wołoska 05,,2024-12-25 19:08:35.486064
Autobus,9346,644,199,Rembertów-Strzelnica,2 min przed czasem,Zawodowa 01,,2024-12-25 19:08:35.486064
Autobus,3408,62,705,Metro Marymont,2 min przed czasem,Rynia Siwek 01,,2024-12-25 19:08:35.486064
Autobus,3455,64,705,Rynia,2 min przed czasem,Rembelszczyzna Gazownia 02,,2024-12-25 19:08:35.486064
Autobus,8528,8,143,Rembertów-Kolonia,2 min przed czasem,Marszałkowska 01,,2024-12-25 19:08:35.486064
Autobus,8359,7,189,Os. Górczewska,2 min przed czasem,Stegny 02,,2024-12-25 19:08:35.486064
Autobus,70001,1,L39,Piaseczno Szpital,2 min przed czasem,Piaseczno Pawia 01,,2024-12-25 19:08:35.486064
Autobus,1207,426,727,Władysławów,2 min przed czasem,Piaseczno Gołków-Letnisko 01,,2024-12-25 19:08:35.486064
Tramwaj,3242,5,15,P+R Al. Krakowska,2 min przed czasem,Nowowiejska 06,,2024-12-25 19:08:35.486064
Autobus,3401,5,120,Olesin,2 min przed czasem,Sieczna 02,,2024-12-25 19:08:35.486064
Autobus,3468,1,112,CH Marki,1 min przed czasem,PKP Toruńska 02,,2024-12-25 19:08:35.486064
Autobus,9821,2,710,Os. Kabaty,1 min przed czasem,Bielawa Mirkowska 04,,2024-12-25 19:08:35.486064
Autobus,4244,4,122,Gwiaździsta,1 min przed czasem,Powązki-Cm. Wojskowy 01,,2024-12-25 19:08:35.486064
Autobus,1553,2,169,Bródno-Podgrodzie,1 min przed czasem,Żuromińska 02,,2024-12-25 19:08:35.486064
Autobus,7748,1,525,Międzylesie,1 min przed czasem,Centrum 01,,2024-12-25 19:08:35.486064
Autobus,9804,3,167,Siekierki-Sanktuarium,1 min przed czasem,Goworka 01,,2024-12-25 19:08:35.486064
Autobus,9950,9,186,Szczęśliwice,1 min przed czasem,Park Kaskada 06,,2024-12-25 19:08:35.486064
Autobus,4211,1,713,Cm. Wolski,1 min przed czasem,Fort Wola 06,,2024-12-25 19:08:35.486064
Autobus,5402,443,500,Rondo „Radosława”,1 min przed czasem,Dw. Gdański 04,,2024-12-25 19:08:35.486064
Autobus,1013,3,213,Błota,1 min przed czasem,Narcyzowa 01,,2024-12-25 19:08:35.486064
Autobus,9355,4,142,Aleksandrów,1 min przed czasem,PKP Falenica 04,,2024-12-25 19:08:35.486064
Autobus,5906,600,111,Gocław,1 min przed czasem,Saska 03,,2024-12-25 19:08:35.486064
Autobus,7881,4,520,Marysin,1 min przed czasem,Kanał Gocławski 02,,2024-12-25 19:08:35.486064
Autobus,8550,6,131,Sadyba,1 min przed czasem,Sielce 01,,2024-12-25 19:08:35.486064
Autobus,4307,2,134,Olesin,1 min przed czasem,Ostródzka-Szkoła 02,,2024-12-25 19:08:35.486064
Autobus,7743,3,525,Dw. Centralny,1 min przed czasem,Kanał Gocławski 01,,2024-12-25 19:08:35.486064
Autobus,4211,1,713,Cm. Wolski,1 min przed czasem,Fort Wola 06,,2024-12-25 19:08:35.486064
Autobus,1522,2,123,Dw. Wschodni (Lubelska),1 min przed czasem,Bukowskiego 02,,2024-12-25 19:08:35.486064
Autobus,9081,1,104,Brzeziny,1 min przed czasem,Dobka z Oleśnicy 02,,2024-12-25 19:08:35.486064
Autobus,4244,4,122,Gwiaździsta,1 min przed czasem,Powązki-Cm. Wojskowy 01,,2024-12-25 19:08:35.486064
Autobus,8353,1,217,Metro Wilanowska,1 min przed czasem,Karczocha 02,,2024-12-25 19:08:35.486064
Autobus,1425,5,173,Stara Miłosna (Graniczna),1 min przed czasem,Mazowiecka 02,,2024-12-25 19:08:35.486064
Autobus,7701,2,151,Rechniewskiego,1 min przed czasem,Bohaterewicza 02,,2024-12-25 19:08:35.486064
Autobus,7730,319,525,Międzylesie,1 min przed czasem,Zamieniecka 02,,2024-12-25 19:08:35.486064
Autobus,9804,3,167,Siekierki-Sanktuarium,1 min przed czasem,Goworka 01,,2024-12-25 19:08:35.486064
Tramwaj,3128,4,7,P+R Al. Krakowska,1 min przed czasem,Krucza 06,,2024-12-25 19:08:35.486064
Tramwaj,3267,6,4,Wyścigi,1 min przed czasem,Dw. Wileński 03,,2024-12-25 19:08:35.486064
Autobus,1535,3,251,Metro Wilanowska,1 min przed czasem,Królowej Marysieńki 02,,2024-12-25 19:08:35.486064
Autobus,5910,2,158,CH Reduta,1 min przed czasem,Centrum 06,,2024-12-25 19:08:35.486064
Autobus,7748,1,525,Międzylesie,1 min przed czasem,Centrum 01,,2024-12-25 19:08:35.486064
Autobus,1536,5,119,Wiśniowa Góra,1 min przed czasem,Narodowa 01,,2024-12-25 19:08:35.486064
Autobus,3401,5,120,Olesin,1 min przed czasem,Okrągła 02,,2024-12-25 19:08:35.486064
Autobus,8365,4,525,Dw. Centralny,1 min przed czasem,Pożaryskiego 01,,2024-12-25 19:08:35.486064
Autobus,9352,2,135,Pl. Hallera,1 min przed czasem,Zamieniecka 05,,2024-12-25 19:08:35.486064
Tramwaj,3267,6,4,Wyścigi,1 min przed czasem,Dw. Wileński 03,,2024-12-25 19:08:35.486064
Autobus,1535,3,251,Metro Wilanowska,1 min przed czasem,Królowej Marysieńki 02,,2024-12-25 19:08:35.486064
Autobus,5910,2,158,CH Reduta,1 min przed czasem,Centrum 06,,2024-12-25 19:08:35.486064
Autobus,7748,1,525,Międzylesie,1 min przed czasem,Centrum 01,,2024-12-25 19:08:35.486064
Autobus,1536,5,119,Wiśniowa Góra,1 min przed czasem,Narodowa 01,,2024-12-25 19:08:35.486064
Autobus,3401,5,120,Olesin,1 min przed czasem,Okrągła 02,,2024-12-25 19:08:35.486064
Autobus,8365,4,525,Dw. Centralny,1 min przed czasem,Pożaryskiego 01,,2024-12-25 19:08:35.486064
Autobus,9352,2,135,Pl. Hallera,1 min przed czasem,Zamieniecka 05,,2024-12-25 19:08:35.486064
Autobus,5890,2,503,Natolin Płn.,1 min przed czasem,Spacerowa 51,,2024-12-25 19:08:35.486064
Autobus,3468,1,112,CH Marki,1 min przed czasem,PKP Toruńska 02,,2024-12-25 19:08:35.486064
Autobus,5906,600,111,Gocław,1 min przed czasem,Saska 03,,2024-12-25 19:08:35.486064
Autobus,1553,2,169,Bródno-Podgrodzie,1 min przed czasem,Żuromińska 02,,2024-12-25 19:08:35.486064
Autobus,4211,1,713,Cm. Wolski,1 min przed czasem,Fort Wola 06,,2024-12-25 19:08:35.486064
Autobus,9950,9,186,Szczęśliwice,1 min przed czasem,Park Kaskada 06,,2024-12-25 19:08:35.486064
Autobus,5402,443,500,Rondo „Radosława”,1 min przed czasem,Dw. Gdański 04,,2024-12-25 19:08:35.486064
Autobus,8885,M9,189,Sadyba,1 min przed czasem,Goraszewska 01,,2024-12-25 19:08:35.486064
Tramwaj,4268,3,16,Zjazd do zajezdni Żoliborz,1 min przed czasem,Nocznickiego 02,,2024-12-25 19:08:35.486064
Autobus,1013,3,213,Błota,1 min przed czasem,Narcyzowa 01,,2024-12-25 19:08:35.486064
Autobus,9355,4,142,Aleksandrów,1 min przed czasem,PKP Falenica 04,,2024-12-25 19:08:35.486064
Autobus,1211,3,166,Pl. Hallera,1 min przed czasem,Inżynierska 06,,2024-12-25 19:08:35.486064
Autobus,5403,3,140,Marki Czarna Struga,1 min przed czasem,Marki Legionowa 02,,2024-12-25 19:08:35.486064
Autobus,8885,M9,189,Sadyba,1 min przed czasem,Goraszewska 01,,2024-12-25 19:08:35.486064
Tramwaj,4268,3,16,Zjazd do zajezdni Żoliborz,1 min przed czasem,Nocznickiego 02,,2024-12-25 19:08:35.486064
Tramwaj,3267,6,4,Wyścigi,1 min przed czasem,Dw. Wileński 03,,2024-12-25 19:08:35.486064
Autobus,5890,2,503,Natolin Płn.,1 min przed czasem,Spacerowa 51,,2024-12-25 19:08:35.486064
Autobus,776,1,150,Dziekanów Leśny,1 min przed czasem,Łomianki Lwowska 02,,2024-12-25 19:08:35.486064
Autobus,5910,2,158,CH Reduta,1 min przed czasem,Centrum 06,,2024-12-25 19:08:35.486064
Autobus,3418,3,145,Wiatraczna,1 min przed czasem,Gwarków 01,,2024-12-25 19:08:35.486064
Autobus,7881,4,520,Marysin,1 min przed czasem,Kanał Gocławski 02,,2024-12-25 19:08:35.486064
Autobus,8365,4,525,Dw. Centralny,1 min przed czasem,Pożaryskiego 01,,2024-12-25 19:08:35.486064
Autobus,9204,471,203,Metro Młociny,1 min przed czasem,Fort Wawrzyszew 02,,2024-12-25 19:08:35.486064
Autobus,9506,2,159,CH Blue City,1 min przed czasem,Wiejska 02,,2024-12-25 19:08:35.486064
Autobus,9829,6,502,Metro Politechnika,1 min przed czasem,Stara Miłosna (Graniczna) 02,,2024-12-25 19:08:35.486064
Autobus,7743,3,525,Dw. Centralny,1 min przed czasem,Kanał Gocławski 01,,2024-12-25 19:08:35.486064
Autobus,7863,9,148,Wiatraczna,1 min przed czasem,SGGW-Klinika 02,,2024-12-25 19:08:35.486064
Autobus,9355,4,142,Aleksandrów,1 min przed czasem,PKP Falenica 04,,2024-12-25 19:08:35.486064
Tramwaj,3292,6,24,Nowe Bemowo,1 min przed czasem,Magistracka 04,,2024-12-25 19:08:35.486064
Tramwaj,4225,9,16,Piaski,1 min przed czasem,Romaszewskiego 04,,2024-12-25 19:08:35.486064
Autobus,8365,4,525,Dw. Centralny,1 min przed czasem,Pożaryskiego 01,,2024-12-25 19:08:35.486064
Autobus,9204,471,203,Metro Młociny,1 min przed czasem,Fort Wawrzyszew 02,,2024-12-25 19:08:35.486064
Autobus,9506,2,159,CH Blue City,1 min przed czasem,Wiejska 02,,2024-12-25 19:08:35.486064
Tramwaj,4111,2,33,Kielecka,1 min przed czasem,Rondo ONZ 03,,2024-12-25 19:08:35.486064
Autobus,5434,1,723,PKP Legionowo Przystanek,1 min przed czasem,Jabłonna Piaskowa 02,,2024-12-25 19:08:35.486064
Autobus,9355,4,142,Aleksandrów,1 min przed czasem,PKP Falenica 04,,2024-12-25 19:08:35.486064
Tramwaj,3822,1,23,Czynszowa,1 min przed czasem,Kino Femina 05,,2024-12-25 19:08:35.486064
Autobus,1223,5,251,Konstancin-Jeziorna CH Stara Papiernia,1 min przed czasem,Konstancin-Jeziorna Południowa 01,,2024-12-25 19:08:35.486064
Tramwaj,3267,6,4,Wyścigi,1 min przed czasem,Dw. Wileński 03,,2024-12-25 19:08:35.486064
Autobus,5890,2,503,Natolin Płn.,1 min przed czasem,Dolna 51,,2024-12-25 19:08:35.486064
Autobus,7239,1,105,Os. Górczewska,1 min przed czasem,Szobera 02,,2024-12-25 19:08:35.486064
Autobus,3418,3,145,Wiatraczna,1 min przed czasem,Rondo Granzowa 01,,2024-12-25 19:08:35.486064
Autobus,776,1,150,Dziekanów Leśny,1 min przed czasem,Łomianki-Szkoła 02,,2024-12-25 19:08:35.486064
Tramwaj,3137,7,22,Wiatraczna,1 min przed czasem,Rondo „Radosława” 09,,2024-12-25 19:08:35.486064
Autobus,4307,2,134,Olesin,1 min przed czasem,Małych Dębów 02,,2024-12-25 19:08:35.486064
Tramwaj,4225,9,16,Piaski,1 min przed czasem,Piaski 04,,2024-12-25 19:08:35.486064
Autobus,2236,3,517,Pl. Trzech Krzyży,1 min przed czasem,Zajezdnia Kleszczowa 01,,2024-12-25 19:08:35.486064
Autobus,3469,3,520,Marysin,1 min przed czasem,Płowiecka 04,,2024-12-25 19:08:35.486064
Autobus,1222,4,251,Metro Wilanowska,4 min przed czasem,Konstancin-Jeziorna CH Stara Papiernia 02,,2024-12-25 19:08:35.486064
Autobus,1540,4,141,Witolin,4 min przed czasem,Sielce 02,,2024-12-25 19:08:35.486064
Tramwaj,3136,12,33,Metro Młociny,5 min przed czasem,Kielecka 02,,2024-12-25 19:08:35.486064
Autobus,4426,8,138,Utrata,6 min przed czasem,Bokserska 05,,2024-12-25 19:08:35.486064
Autobus,6237,3,189,Sadyba,7 min przed czasem,Os. Górczewska 01,,2024-12-25 19:08:35.486064
Autobus,9530,651,149,Groty,8 min przed czasem,Metro Bemowo 02,,2024-12-25 19:08:35.486064
Autobus,4216,2,154,P+R Al. Krakowska,9 min przed czasem,Dw. Zachodni 01,,2024-12-25 19:08:35.486064
Autobus,1069,2,108,Łososiowa,9 min przed czasem,Pl. Trzech Krzyży 02,,2024-12-25 19:08:35.486064
Autobus,8516,3,174,Rondo ONZ,14 min przed czasem,Bokserska 05,,2024-12-25 19:08:35.486064
Autobus,7217,6,105,Rondo Daszyńskiego,16 min przed czasem,Os. Górczewska 01,,2024-12-25 19:08:35.486064
Autobus,9518,671,729,Mariew,16 min przed czasem,Metro Bemowo 02,,2024-12-25 19:08:35.486064
Autobus,5871,406,175,Pl. Piłsudskiego,21 min przed czasem,Lotnisko Chopina-Przyloty 02,,2024-12-25 19:08:35.486064
Autobus,6219,3,122,Os. Górczewska,22 min przed czasem,Gwiaździsta 01,,2024-12-25 19:08:35.486064
Autobus,8532,4,189,Sadyba,22 min przed czasem,Os. Górczewska 01,,2024-12-25 19:08:35.486064
Autobus,9553,6,103,Brylowska,23 min przed czasem,Metro Młociny 01,,2024-12-25 19:08:35.486064
Autobus,7806,2,148,Wiatraczna,34 min przed czasem,Lotnisko Chopina-Przyloty 02,,2024-12-25 19:08:35.486064
Autobus,1222,4,251,Metro Wilanowska,4 min przed czasem,Konstancin-Jeziorna CH Stara Papiernia 02,,2024-12-25 19:08:35.486064
Autobus,1540,4,141,Witolin,4 min przed czasem,Sielce 02,,2024-12-25 19:08:35.486064
Tramwaj,3136,12,33,Metro Młociny,5 min przed czasem,Kielecka 02,,2024-12-25 19:08:35.486064
Autobus,4426,8,138,Utrata,6 min przed czasem,Bokserska 05,,2024-12-25 19:08:35.486064
Autobus,6237,3,189,Sadyba,7 min przed czasem,Os. Górczewska 01,,2024-12-25 19:08:35.486064
Autobus,9530,651,149,Groty,8 min przed czasem,Metro Bemowo 02,,2024-12-25 19:08:35.486064
Autobus,4216,2,154,P+R Al. Krakowska,9 min przed czasem,Dw. Zachodni 01,,2024-12-25 19:08:35.486064
Autobus,1069,2,108,Łososiowa,9 min przed czasem,Pl. Trzech Krzyży 02,,2024-12-25 19:08:35.486064
Autobus,8516,3,174,Rondo ONZ,14 min przed czasem,Bokserska 05,,2024-12-25 19:08:35.486064
Autobus,7217,6,105,Rondo Daszyńskiego,16 min przed czasem,Os. Górczewska 01,,2024-12-25 19:08:35.486064
Autobus,9518,671,729,Mariew,16 min przed czasem,Metro Bemowo 02,,2024-12-25 19:08:35.486064
Autobus,5871,406,175,Pl. Piłsudskiego,21 min przed czasem,Lotnisko Chopina-Przyloty 02,,2024-12-25 19:08:35.486064
Autobus,6219,3,122,Os. Górczewska,22 min przed czasem,Gwiaździsta 01,,2024-12-25 19:08:35.486064
Autobus,8532,4,189,Sadyba,22 min przed czasem,Os. Górczewska 01,,2024-12-25 19:08:35.486064
Autobus,6219,3,122,Os. Górczewska,22 min przed czasem,Gwiaździsta 01,,2024-12-25 19:08:35.486064
Autobus,8532,4,189,Sadyba,22 min przed czasem,Os. Górczewska 01,,2024-12-25 19:08:35.486064
Autobus,7241,4,523,PKP Olszynka Grochowska,5 min przed czasem,Osiedle Młodych 02,,2024-12-25 19:08:35.486064
Autobus,4426,8,138,Utrata,6 min przed czasem,Bokserska 05,,2024-12-25 19:08:35.486064
Autobus,6237,3,189,Sadyba,7 min przed czasem,Os. Górczewska 01,,2024-12-25 19:08:35.486064
Autobus,9530,651,149,Groty,8 min przed czasem,Metro Bemowo 02,,2024-12-25 19:08:35.486064
Autobus,4216,2,154,P+R Al. Krakowska,9 min przed czasem,Dw. Zachodni 01,,2024-12-25 19:08:35.486064
Autobus,6237,3,189,Sadyba,7 min przed czasem,Os. Górczewska 01,,2024-12-25 19:08:35.486064
Autobus,9530,651,149,Groty,8 min przed czasem,Metro Bemowo 02,,2024-12-25 19:08:35.486064
Autobus,4216,2,154,P+R Al. Krakowska,9 min przed czasem,Dw. Zachodni 01,,2024-12-25 19:08:35.486064
Autobus,1069,2,108,Łososiowa,9 min przed czasem,Pl. Trzech Krzyży 02,,2024-12-25 19:08:35.486064
Autobus,1219,633,218,Metro Wilanowska,12 min przed czasem,Królikarnia 08,,2024-12-25 19:08:35.486064
Autobus,8516,3,174,Rondo ONZ,14 min przed czasem,Bokserska 05,,2024-12-25 19:08:35.486064
Autobus,9518,671,729,Mariew,16 min przed czasem,Metro Bemowo 02,,2024-12-25 19:08:35.486064
Autobus,7217,6,105,Rondo Daszyńskiego,16 min przed czasem,Os. Górczewska 01,,2024-12-25 19:08:35.486064
Autobus,5871,406,175,Pl. Piłsudskiego,21 min przed czasem,Lotnisko Chopina-Przyloty 02,,2024-12-25 19:08:35.486064
Autobus,6219,3,122,Os. Górczewska,22 min przed czasem,Gwiaździsta 01,,2024-12-25 19:08:35.486064
Autobus,7241,4,523,PKP Olszynka Grochowska,5 min przed czasem,Osiedle Młodych 02,,2024-12-25 19:08:35.486064
Autobus,4426,8,138,Utrata,6 min przed czasem,Bokserska 05,,2024-12-25 19:08:35.486064
Autobus,6237,3,189,Sadyba,7 min przed czasem,Os. Górczewska 01,,2024-12-25 19:08:35.486064
Autobus,9530,651,149,Groty,8 min przed czasem,Metro Bemowo 02,,2024-12-25 19:08:35.486064
Autobus,4216,2,154,P+R Al. Krakowska,9 min przed czasem,Dw. Zachodni 01,,2024-12-25 19:08:35.486064
Autobus,1069,2,108,Łososiowa,9 min przed czasem,Pl. Trzech Krzyży 02,,2024-12-25 19:08:35.486064
Autobus,1219,633,218,Metro Wilanowska,12 min przed czasem,Królikarnia 08,,2024-12-25 19:08:35.486064
Autobus,8516,3,174,Rondo ONZ,14 min przed czasem,Bokserska 05,,2024-12-25 19:08:35.486064
Autobus,9518,671,729,Mariew,16 min przed czasem,Metro Bemowo 02,,2024-12-25 19:08:35.486064
Autobus,7217,6,105,Rondo Daszyńskiego,16 min przed czasem,Os. Górczewska 01,,2024-12-25 19:08:35.486064
Autobus,5871,406,175,Pl. Piłsudskiego,21 min przed czasem,Lotnisko Chopina-Przyloty 02,,2024-12-25 19:08:35.486064
Autobus,6219,3,122,Os. Górczewska,22 min przed czasem,Gwiaździsta 01,,2024-12-25 19:08:35.486064
Autobus,8532,4,189,Sadyba,22 min przed czasem,Os. Górczewska 01,,2024-12-25 19:08:35.486064
Autobus,9553,6,103,Brylowska,23 min przed czasem,Metro Młociny 01,,2024-12-25 19:08:35.486064
Autobus,7806,2,148,Wiatraczna,34 min przed czasem,Lotnisko Chopina-Przyloty 02,,2024-12-25 19:08:35.486064
Autobus,35158,692,L19,Pieczyska,132 min przed czasem,Piaseczno Urząd Miasta 03,,2024-12-25 19:08:35.486064
Autobus,7241,4,523,PKP Olszynka Grochowska,5 min przed czasem,Osiedle Młodych 02,,2024-12-25 19:08:35.486064
Autobus,4426,8,138,Utrata,6 min przed czasem,Bokserska 05,,2024-12-25 19:08:35.486064
Autobus,6237,3,189,Sadyba,7 min przed czasem,Os. Górczewska 01,,2024-12-25 19:08:35.486064
Autobus,9530,651,149,Groty,8 min przed czasem,Metro Bemowo 02,,2024-12-25 19:08:35.486064
Autobus,4216,2,154,P+R Al. Krakowska,9 min przed czasem,Dw. Zachodni 01,,2024-12-25 19:08:35.486064
Autobus,7241,4,523,PKP Olszynka Grochowska,5 min przed czasem,Osiedle Młodych 02,,2024-12-25 19:08:35.486064
Autobus,4426,8,138,Utrata,5 min przed czasem,Bokserska 05,,2024-12-25 19:08:35.486064
Autobus,6237,3,189,Sadyba,6 min przed czasem,Os. Górczewska 01,,2024-12-25 19:08:35.486064
Autobus,9530,651,149,Groty,7 min przed czasem,Metro Bemowo 02,,2024-12-25 19:08:35.486064
Autobus,4216,2,154,P+R Al. Krakowska,8 min przed czasem,Dw. Zachodni 01,,2024-12-25 19:08:35.486064
Autobus,1069,2,108,Łososiowa,9 min przed czasem,Pl. Trzech Krzyży 02,,2024-12-25 19:08:35.486064
Autobus,1219,633,218,Metro Wilanowska,11 min przed czasem,Królikarnia 08,,2024-12-25 19:08:35.486064
Autobus,8516,3,174,Rondo ONZ,14 min przed czasem,Bokserska 05,,2024-12-25 19:08:35.486064
Autobus,9518,671,729,Mariew,15 min przed czasem,Metro Bemowo 02,,2024-12-25 19:08:35.486064
Autobus,7217,6,105,Rondo Daszyńskiego,15 min przed czasem,Os. Górczewska 01,,2024-12-25 19:08:35.486064
Autobus,6219,3,122,Os. Górczewska,21 min przed czasem,Gwiaździsta 01,,2024-12-25 19:08:35.486064
Autobus,8532,4,189,Sadyba,22 min przed czasem,Os. Górczewska 01,,2024-12-25 19:08:35.486064
Autobus,9553,6,103,Brylowska,22 min przed czasem,Metro Młociny 01,,2024-12-25 19:08:35.486064
Autobus,7806,2,148,Wiatraczna,33 min przed czasem,Lotnisko Chopina-Przyloty 02,,2024-12-25 19:08:35.486064
Autobus,1222,4,251,Metro Wilanowska,3 min przed czasem,Konstancin-Jeziorna CH Stara Papiernia 02,,2024-12-25 19:08:35.486064
Autobus,1209,422,739,Piaseczno Julianowska-Cmentarz,3 min przed czasem,Julianów Nadziei 01,,2024-12-25 19:08:35.486064
Autobus,1030,1,163,Metro Wilanowska,3 min przed czasem,Metro Wilanowska 14,,2024-12-25 19:08:35.486064
Autobus,1540,4,141,Witolin,3 min przed czasem,Sielce 02,,2024-12-25 19:08:35.486064
Autobus,8336,1,148,Wiatraczna,3 min przed czasem,Lotnisko Chopina-Przyloty 02,,2024-12-25 19:08:35.486064
Tramwaj,3136,12,33,Metro Młociny,4 min przed czasem,Kielecka 02,,2024-12-25 19:08:35.486064
Autobus,7241,4,523,PKP Olszynka Grochowska,5 min przed czasem,Osiedle Młodych 02,,2024-12-25 19:08:35.486064
Autobus,4426,8,138,Utrata,5 min przed czasem,Bokserska 05,,2024-12-25 19:08:35.486064
Autobus,6237,3,189,Sadyba,6 min przed czasem,Os. Górczewska 01,,2024-12-25 19:08:35.486064
Autobus,9530,651,149,Groty,7 min przed czasem,Metro Bemowo 02,,2024-12-25 19:08:35.486064
Autobus,4216,2,154,P+R Al. Krakowska,8 min przed czasem,Dw. Zachodni 01,,2024-12-25 19:08:35.486064
Autobus,1069,2,108,Łososiowa,9 min przed czasem,Pl. Trzech Krzyży 02,,2024-12-25 19:08:35.486064
Autobus,1219,633,218,Metro Wilanowska,11 min przed czasem,Królikarnia 08,,2024-12-25 19:08:35.486064
Autobus,8516,3,174,Rondo ONZ,14 min przed czasem,Bokserska 05,,2024-12-25 19:08:35.486064
Autobus,9518,671,729,Mariew,15 min przed czasem,Metro Bemowo 02,,2024-12-25 19:08:35.486064
Autobus,7217,6,105,Rondo Daszyńskiego,15 min przed czasem,Os. Górczewska 01,,2024-12-25 19:08:35.486064
Autobus,9810,6,185,CH Ursynów,19 min przed czasem,Gwiaździsta 04,,2024-12-25 19:08:35.486064
Autobus,5871,406,175,Pl. Piłsudskiego,20 min przed czasem,Lotnisko Chopina-Przyloty 02,,2024-12-25 19:08:35.486064
