Type,Vehicle No,Brigade,Route,Trip Headsign,Delay,Stop Name,Outside,Timestamp
Autobus,1200,425,709,Piaseczno Szkolna,57 min,Poleczki 01,,2024-12-25 13:08:05.226497
Autobus,7730,319,525,Dw. Centralny,50 min,Rozbrat 02,,2024-12-25 13:08:05.226497
Autobus,9511,2,178,Skorosze,34 min,Prystora 02,,2024-12-25 13:08:05.226497
Autobus,9917,8,186,Szczęśliwice,28 min,Wiślicka 02,,2024-12-25 13:08:05.226497
Autobus,4239,4,220,Opacz-Kolonia Rebusowa,22 min,Narwik 01,,2024-12-25 13:08:05.226497
Autobus,4202,3,177,Ursus-Niedźwiadek,22 min,Zajezdnia Ursus Płn. 01,,2024-12-25 13:08:05.226497
Autobus,4426,8,138,Bokserska,21 min,Torwar 02,,2024-12-25 13:08:05.226497
Tramwaj,3143,2,26,Metro Młociny,21 min,Wiatraczna 05,,2024-12-25 13:08:05.226497
Tramwaj,4103,4,17,PKP Służewiec,21 min,Rondo ONZ 03,,2024-12-25 13:08:05.226497
Tramwaj,3218,1,26,Metro Młociny,21 min,Kino Femina 06,,2024-12-25 13:08:05.226497
Tramwaj,3150,9,26,Metro Młociny,20 min,Hala Wola 06,,2024-12-25 13:08:05.226497
Tramwaj,4102,6,17,PKP Służewiec,20 min,Nowodwory 05,,2024-12-25 13:08:05.226497
Autobus,8355,2,172,CH Blue City,20 min,Mołdawska 01,,2024-12-25 13:08:05.226497
Autobus,6238,3,172,CH Blue City,20 min,Kostrzewskiego 52,,2024-12-25 13:08:05.226497
Tramwaj,3251,5,17,PKP Służewiec,20 min,Metro Słodowiec 05,,2024-12-25 13:08:05.226497
Autobus,9340,1,198,Stara Miłosna (Ułańska),19 min,Stara Miłosna (Ułańska) 04,,2024-12-25 13:08:05.226497
Autobus,8810,1,138,Bokserska,18 min,Śnieżna 01,,2024-12-25 13:08:05.226497
Autobus,8556,7,143,Rembertów-Kolonia,17 min,Przyczółek Grochowski 02,,2024-12-25 13:08:05.226497
Autobus,1906,4,106,Mariensztat,16 min,Ostroroga 05,,2024-12-25 13:08:05.226497
Tramwaj,4102,6,17,PKP Służewiec,20 min,Nowodwory 05,,2024-12-25 13:08:05.226497
Autobus,6238,3,172,CH Blue City,20 min,Kostrzewskiego 52,,2024-12-25 13:08:05.226497
Autobus,8355,2,172,CH Blue City,20 min,Mołdawska 01,,2024-12-25 13:08:05.226497
Autobus,8810,1,138,Bokserska,18 min,Śnieżna 01,,2024-12-25 13:08:05.226497
Autobus,8556,7,143,Rembertów-Kolonia,17 min,Os. Majdańska 02,,2024-12-25 13:08:05.226497
Autobus,1906,4,106,Mariensztat,16 min,Ostroroga 05,,2024-12-25 13:08:05.226497
Autobus,8528,8,143,Rembertów-Kolonia,14 min,Metro Politechnika 01,,2024-12-25 13:08:05.226497
Autobus,7748,1,525,Międzylesie,14 min,Centrum 01,,2024-12-25 13:08:05.226497
Autobus,8345,2,709,Metro Wilanowska,14 min,Piaseczno Energetyczna 02,,2024-12-25 13:08:05.226497
Autobus,7881,4,520,Dw. Centralny,13 min,Rozbrat 02,,2024-12-25 13:08:05.226497
Autobus,8895,2,138,Bokserska,11 min,Utrata 01,,2024-12-25 13:08:05.226497
Autobus,7240,4,172,CH Blue City,10 min,Sadyba 06,,2024-12-25 13:08:05.226497
Autobus,5923,7,116,Chomiczówka,9 min,Przybyszewskiego 02,,2024-12-25 13:08:05.226497
Autobus,9950,9,186,Nowodwory,9 min,Szczęśliwice 04,,2024-12-25 13:08:05.226497
Autobus,2249,10,189,Os. Górczewska,8 min,Wałowicka 02,,2024-12-25 13:08:05.226497
Autobus,5960,5,518,Nowodwory,8 min,Konwaliowa 02,,2024-12-25 13:08:05.226497
Autobus,5936,442,180,Wilanów,7 min,Sadyba 01,,2024-12-25 13:08:05.226497
Autobus,2040,3,709,Metro Wilanowska,7 min,Piaseczno Dworcowa 01,,2024-12-25 13:08:05.226497
Autobus,5896,8,503,Konwiktorska,6 min,Pl. Teatralny 04,,2024-12-25 13:08:05.226497
Autobus,8895,2,138,Bokserska,11 min,Utrata 01,,2024-12-25 13:08:05.226497
Autobus,7240,4,172,CH Blue City,10 min,Sadyba 06,,2024-12-25 13:08:05.226497
Autobus,5923,7,116,Chomiczówka,9 min,Przybyszewskiego 02,,2024-12-25 13:08:05.226497
Autobus,9950,9,186,Nowodwory,9 min,Szczęśliwice 04,,2024-12-25 13:08:05.226497
Autobus,2249,10,189,Os. Górczewska,8 min,Wałowicka 02,,2024-12-25 13:08:05.226497
Autobus,5960,5,518,Nowodwory,8 min,Konwaliowa 02,,2024-12-25 13:08:05.226497
Autobus,5936,442,180,Wilanów,7 min,Sadyba 01,,2024-12-25 13:08:05.226497
Autobus,2040,3,709,Metro Wilanowska,7 min,Piaseczno Dworcowa 01,,2024-12-25 13:08:05.226497
Autobus,5896,8,503,Konwiktorska,6 min,Pl. Teatralny 04,,2024-12-25 13:08:05.226497
Autobus,4413,1,197,Cm. Wolski,6 min,Elekcyjna 05,,2024-12-25 13:08:05.226497
Autobus,5972,3,116,Wilanów,5 min,Pl. Trzech Krzyży 01,,2024-12-25 13:08:05.226497
Autobus,9837,2,167,Siekierki-Sanktuarium,5 min,Klemensiewicza 01,,2024-12-25 13:08:05.226497
Autobus,5940,6,180,Chomiczówka,5 min,Powązki-Cm. Wojskowy 02,,2024-12-25 13:08:05.226497
Tramwaj,4211,3,2,Metro Młociny,5 min,Świderska 03,,2024-12-25 13:08:05.226497
Autobus,9560,3,178,Skorosze,5 min,Pl. Powstańców Warszawy 01,,2024-12-25 13:08:05.226497
Autobus,4227,1,220,Nowe Bemowo,5 min,Siemiatycka 02,,2024-12-25 13:08:05.226497
Autobus,7241,4,523,Stare Bemowo,5 min,Pl. Na Rozdrożu 06,,2024-12-25 13:08:05.226497
Autobus,3400,3,120,Olesin,4 min,Żuromińska 02,,2024-12-25 13:08:05.226497
Autobus,9339,592,179,Ursynów Płn.,4 min,Metro Imielin 02,,2024-12-25 13:08:05.226497
Tramwaj,4211,3,2,Metro Młociny,5 min,Zajezdnia Żoliborz 06,,2024-12-25 13:08:05.226497
Autobus,9560,3,178,Skorosze,5 min,Pl. Powstańców Warszawy 01,,2024-12-25 13:08:05.226497
Autobus,4227,1,220,Nowe Bemowo,5 min,Siemiatycka 02,,2024-12-25 13:08:05.226497
Autobus,5973,4,116,Wilanów,5 min,Pl. Teatralny 01,,2024-12-25 13:08:05.226497
Autobus,7241,4,523,Stare Bemowo,4 min,Pl. Na Rozdrożu 06,,2024-12-25 13:08:05.226497
Autobus,9339,592,179,Ursynów Płn.,4 min,Metro Imielin 02,,2024-12-25 13:08:05.226497
Autobus,9919,2,114,Młociny-UKSW,4 min,Dzierżoniowska 04,,2024-12-25 13:08:05.226497
Autobus,1536,5,119,Rakowiecka-Sanktuarium,4 min,Al. Witosa 03,,2024-12-25 13:08:05.226497
Autobus,4223,3,154,P+R Al. Krakowska,4 min,Szczęśliwicka 51,,2024-12-25 13:08:05.226497
Autobus,3400,3,120,Olesin,4 min,Żuromińska 02,,2024-12-25 13:08:05.226497
Tramwaj,3221,3,33,Kielecka,4 min,Cm. Wawrzyszewski 03,,2024-12-25 13:08:05.226497
Tramwaj,3148,6,10,Wyścigi,4 min,Pl. Unii Lubelskiej 05,,2024-12-25 13:08:05.226497
Autobus,1527,3,173,Stara Miłosna (Graniczna),4 min,Chodkiewicza 02,,2024-12-25 13:08:05.226497
Autobus,2002,4,162,Pl. Hallera,4 min,Ząbkowska 06,,2024-12-25 13:08:05.226497
Autobus,9252,472,203,Metro Młociny,4 min,Metro Młociny 04,,2024-12-25 13:08:05.226497
Autobus,4417,3,169,Bródno-Podgrodzie,4 min,Łojewska 02,,2024-12-25 13:08:05.226497
Autobus,4246,6,220,Nowe Bemowo,4 min,Rodła 01,,2024-12-25 13:08:05.226497
Autobus,5943,448,116,Chomiczówka,4 min,Pl. Wilsona 08,,2024-12-25 13:08:05.226497
Autobus,5403,3,140,Marki Czarna Struga,4 min,Marki Słoneczna 02,,2024-12-25 13:08:05.226497
Autobus,9919,2,114,Młociny-UKSW,4 min,Dzierżoniowska 04,,2024-12-25 13:08:05.226497
Tramwaj,3221,3,33,Kielecka,4 min,Aspekt 03,,2024-12-25 13:08:05.226497
Autobus,1527,3,173,Stara Miłosna (Graniczna),4 min,Chodkiewicza 02,,2024-12-25 13:08:05.226497
Autobus,9252,472,203,Metro Młociny,4 min,Metro Młociny 04,,2024-12-25 13:08:05.226497
Autobus,2002,4,162,Pl. Hallera,4 min,Ząbkowska 06,,2024-12-25 13:08:05.226497
Autobus,2013,1,189,Os. Górczewska,4 min,Orzechowa 02,,2024-12-25 13:08:05.226497
Tramwaj,3216,24,17,PKP Służewiec,4 min,Metro Pole Mokotowskie 03,,2024-12-25 13:08:05.226497
Autobus,15088,2,L41,PKP Legionowo,4 min,Jabłonna Szarych Szeregów 02,,2024-12-25 13:08:05.226497
Autobus,5403,3,140,Marki Czarna Struga,4 min,Marki Słoneczna 02,,2024-12-25 13:08:05.226497
Autobus,8889,2,136,Ostroroga,4 min,Bitwy Warszawskiej 1920 r. 06,,2024-12-25 13:08:05.226497
Autobus,4246,6,220,Nowe Bemowo,4 min,Rodła 01,,2024-12-25 13:08:05.226497
Autobus,1428,436,146,Falenica,4 min,Pl. Przymierza 01,,2024-12-25 13:08:05.226497
Autobus,5943,448,116,Chomiczówka,4 min,Pl. Wilsona 08,,2024-12-25 13:08:05.226497
Autobus,7716,5,509,Winnica,4 min,Mehoffera 02,,2024-12-25 13:08:05.226497
Autobus,3449,3,162,EC Siekierki,4 min,Sierakowskiego 01,,2024-12-25 13:08:05.226497
Autobus,1428,436,146,Falenica,4 min,Pl. Przymierza 01,,2024-12-25 13:08:05.226497
Autobus,5943,448,116,Chomiczówka,4 min,Pl. Wilsona 08,,2024-12-25 13:08:05.226497
Autobus,7716,5,509,Winnica,4 min,Mehoffera 02,,2024-12-25 13:08:05.226497
Autobus,3449,3,162,EC Siekierki,4 min,Sierakowskiego 01,,2024-12-25 13:08:05.226497
Tramwaj,4279,21,17,Metro Marymont,3 min,Nowowiejska 04,,2024-12-25 13:08:05.226497
Autobus,4417,3,169,Bródno-Podgrodzie,3 min,Łojewska 02,,2024-12-25 13:08:05.226497
Tramwaj,4283,4,16,Miasteczko Wilanów,3 min,Goworka 03,,2024-12-25 13:08:05.226497
Tramwaj,3260,7,17,PKP Służewiec,3 min,Winnica 05,,2024-12-25 13:08:05.226497
Autobus,6207,2,189,Os. Górczewska,3 min,Al. Lotników 06,,2024-12-25 13:08:05.226497
Autobus,5894,400,175,Pl. Piłsudskiego,3 min,Pl. Zawiszy 03,,2024-12-25 13:08:05.226497
Autobus,1552,6,157,Szczęśliwice,3 min,Sobocka 01,,2024-12-25 13:08:05.226497
Autobus,9349,845,199,Bródno-Podgrodzie,3 min,Metro Kondratowicza 01,,2024-12-25 13:08:05.226497
Autobus,7245,8,517,Ursus-Niedźwiadek,3 min,Szancera 02,,2024-12-25 13:08:05.226497
Autobus,1538,5,115,PKP Mokry Ług,3 min,Lawinowa 02,,2024-12-25 13:08:05.226497
Autobus,8890,5,504,Dw. Centralny,3 min,Malinowskiego 02,,2024-12-25 13:08:05.226497
Autobus,9501,654,149,Groty,3 min,Os. Górczewska 02,,2024-12-25 13:08:05.226497
Autobus,1063,1,164,Metro Wilanowska,3 min,Sobieskiego 52,,2024-12-25 13:08:05.226497
Autobus,4520,5,157,Szczęśliwice,3 min,Nowolipie 01,,2024-12-25 13:08:05.226497
Autobus,9951,2,190,CH Marki,3 min,Tużycka 02,,2024-12-25 13:08:05.226497
Autobus,9810,6,185,Gwiaździsta,2 min,Strzeleckiego 02,,2024-12-25 13:08:05.226497
Autobus,9818,4,502,Metro Politechnika,2 min,Międzynarodowa 01,,2024-12-25 13:08:05.226497
Autobus,4503,2,220,Nowe Bemowo,2 min,Starodęby 04,,2024-12-25 13:08:05.226497
Autobus,4231,1,194,Cm. Wolski,2 min,Władysława Hermana 02,,2024-12-25 13:08:05.226497
Autobus,5926,2,180,Wilanów,2 min,Centrum 15,,2024-12-25 13:08:05.226497
Tramwaj,3146,545,1,Banacha,2 min,Bitwy Warszawskiej 1920 r. 07,,2024-12-25 13:08:05.226497
Autobus,5420,803,409,Cm. Północny-Brama Zach.,2 min,Prozy 02,,2024-12-25 13:08:05.226497
Autobus,8328,8,148,Wiatraczna,2 min,Beethovena 02,,2024-12-25 13:08:05.226497
Autobus,9312,1,202,Metro Stadion Narodowy,2 min,Dwernickiego 02,,2024-12-25 13:08:05.226497
Autobus,5956,3,180,Wilanów,2 min,Nalewki-Muzeum 01,,2024-12-25 13:08:05.226497
Autobus,15088,2,L41,PKP Legionowo,2 min,Legionowo Siwińskiego 04,,2024-12-25 13:08:05.226497
Autobus,9821,2,710,Piaseczno Targowisko,2 min,Konstancin-Jeziorna Borowa 01,,2024-12-25 13:08:05.226497
Autobus,9355,4,142,Wiatraczna,2 min,Zwoleńska 02,,2024-12-25 13:08:05.226497
Autobus,5985,7,180,Chomiczówka,2 min,Smocza 04,,2024-12-25 13:08:05.226497
Autobus,1216,657,166,Os. Kabaty,2 min,Solec 02,,2024-12-25 13:08:05.226497
Autobus,2019,7,148,Wiatraczna,2 min,Łukowska 02,,2024-12-25 13:08:05.226497
Autobus,1549,3,183,Zielona,2 min,Brata Alberta 03,,2024-12-25 13:08:05.226497
Autobus,5404,5,162,Pl. Hallera,2 min,Szwoleżerów 04,,2024-12-25 13:08:05.226497
Tramwaj,3237,4,9,Gocławek,2 min,Most Poniatowskiego 03,,2024-12-25 13:08:05.226497
Autobus,15088,2,L41,PKP Legionowo,2 min,Legionowo Siwińskiego 04,,2024-12-25 13:08:05.226497
Autobus,9355,4,142,Wiatraczna,2 min,Zwoleńska 02,,2024-12-25 13:08:05.226497
Tramwaj,3237,4,9,Gocławek,2 min,Most Poniatowskiego 03,,2024-12-25 13:08:05.226497
Autobus,9208,1,Z12,Metro Młociny,2 min,Radiowo 53,,2024-12-25 13:08:05.226497
Tramwaj,3226,544,1,Annopol,2 min,Wawelska 03,,2024-12-25 13:08:05.226497
Autobus,1216,657,166,Os. Kabaty,2 min,Solec 02,,2024-12-25 13:08:05.226497
Autobus,5985,7,180,Chomiczówka,2 min,Esperanto 02,,2024-12-25 13:08:05.226497
Autobus,5420,803,409,Cm. Północny-Brama Zach.,2 min,Prozy 02,,2024-12-25 13:08:05.226497
Autobus,1549,3,183,Zielona,2 min,Urocza 01,,2024-12-25 13:08:05.226497
Autobus,2019,7,148,Wiatraczna,2 min,Gdecka 02,,2024-12-25 13:08:05.226497
Autobus,8552,2,162,EC Siekierki,2 min,Gołkowska 03,,2024-12-25 13:08:05.226497
Autobus,6219,3,122,Gwiaździsta,2 min,Czumy 02,,2024-12-25 13:08:05.226497
Autobus,9508,5,159,Małe Siekierki,2 min,Grupy AK „Północ” 01,,2024-12-25 13:08:05.226497
Autobus,4411,3,181,Pl. Wilsona,2 min,Przy Agorze 01,,2024-12-25 13:08:05.226497
Autobus,5414,801,409,Cm. Północny-Brama Zach.,2 min,Rondo Starzyńskiego 01,,2024-12-25 13:08:05.226497
Autobus,9811,8,185,CH Ursynów,2 min,Polinezyjska 04,,2024-12-25 13:08:05.226497
Autobus,2248,3,105,Rondo Daszyńskiego,2 min,Rondo Daszyńskiego 09,,2024-12-25 13:08:05.226497
Autobus,4247,7,122,Os. Górczewska,2 min,Ks. Popiełuszki 06,,2024-12-25 13:08:05.226497
Autobus,9212,573,192,Ursynów Płd.,2 min,Poleczki 02,,2024-12-25 13:08:05.226497
Autobus,6219,3,122,Gwiaździsta,2 min,Czumy 02,,2024-12-25 13:08:05.226497
Autobus,9508,5,159,Małe Siekierki,2 min,Grupy AK „Północ” 01,,2024-12-25 13:08:05.226497
Autobus,4411,3,181,Pl. Wilsona,2 min,Przy Agorze 01,,2024-12-25 13:08:05.226497
Autobus,5414,801,409,Cm. Północny-Brama Zach.,2 min,Rondo Starzyńskiego 01,,2024-12-25 13:08:05.226497
Autobus,9811,8,185,CH Ursynów,2 min,Polinezyjska 04,,2024-12-25 13:08:05.226497
Autobus,2248,3,105,Rondo Daszyńskiego,2 min,Rondo Daszyńskiego 09,,2024-12-25 13:08:05.226497
Autobus,4247,7,122,Os. Górczewska,2 min,Ks. Popiełuszki 06,,2024-12-25 13:08:05.226497
Autobus,9212,573,192,Ursynów Płd.,2 min,Poleczki 02,,2024-12-25 13:08:05.226497
Tramwaj,3820,6,28,Dw. Wschodni (Kijowska),2 min,Wrocławska 06,,2024-12-25 13:08:05.226497
Autobus,1803,1,212,CH Targówek,2 min,Bieżuńska 02,,2024-12-25 13:08:05.226497
Tramwaj,3249,5,9,Gocławek,2 min,Bitwy Warszawskiej 1920 r. 03,,2024-12-25 13:08:05.226497
Autobus,1907,2,106,Ostroroga,2 min,Pl. Małachowskiego 02,,2024-12-25 13:08:05.226497
Autobus,9204,471,203,Fort Wawrzyszew,2 min,Bogusławskiego 05,,2024-12-25 13:08:05.226497
Autobus,5955,611,507,Gocław,2 min,Centrum 15,,2024-12-25 13:08:05.226497
Autobus,5950,1,180,Wilanów,2 min,Sielce 01,,2024-12-25 13:08:05.226497
Autobus,8898,8,189,Sadyba,1 min,Batalionów Chłopskich 01,,2024-12-25 13:08:05.226497
Tramwaj,3824,5,23,Nowe Bemowo,1 min,Marynin 02,,2024-12-25 13:08:05.226497
Autobus,9803,1,185,CH Ursynów,1 min,Al. Witosa 01,,2024-12-25 13:08:05.226497
Autobus,3408,62,705,Rynia,1 min,Nowiny 02,,2024-12-25 13:08:05.226497
Autobus,1907,2,106,Ostroroga,2 min,Pl. Małachowskiego 02,,2024-12-25 13:08:05.226497
Autobus,2248,3,105,Rondo Daszyńskiego,2 min,Rondo Daszyńskiego 09,,2024-12-25 13:08:05.226497
Autobus,4411,3,181,Pl. Wilsona,2 min,Przy Agorze 01,,2024-12-25 13:08:05.226497
Autobus,5955,611,507,Gocław,2 min,Centrum 15,,2024-12-25 13:08:05.226497
Autobus,1812,2,212,Pl. Hallera,2 min,Kołowa 01,,2024-12-25 13:08:05.226497
Autobus,7258,4,105,Rondo Daszyńskiego,2 min,Ciepłownia Wola 01,,2024-12-25 13:08:05.226497
Autobus,7849,3,523,Stare Bemowo,2 min,Metro Młynów 02,,2024-12-25 13:08:05.226497
Tramwaj,3269,2,9,P+R Al. Krakowska,2 min,Czapelska 01,,2024-12-25 13:08:05.226497
Autobus,5256,1,191,Regulska,2 min,Ryżowa 04,,2024-12-25 13:08:05.226497
Autobus,9204,471,203,Fort Wawrzyszew,2 min,Bogusławskiego 05,,2024-12-25 13:08:05.226497
Autobus,5974,438,180,Chomiczówka,1 min,Królewska 03,,2024-12-25 13:08:05.226497
Autobus,7233,1,184,Metro Młociny,1 min,PKP Wola (Kasprzaka) 02,,2024-12-25 13:08:05.226497
Autobus,9212,573,192,Ursynów Płd.,1 min,Poleczki 02,,2024-12-25 13:08:05.226497
Autobus,9803,1,185,CH Ursynów,1 min,Al. Witosa 01,,2024-12-25 13:08:05.226497
Autobus,1549,3,183,Zielona,1 min,Urocza 01,,2024-12-25 13:08:05.226497
Tramwaj,3136,12,33,Kielecka,1 min,GUS 03,,2024-12-25 13:08:05.226497
Autobus,1058,591,208,Bitwy Warszawskiej 1920 r.,1 min,Bitwy Warszawskiej 1920 r. 10,,2024-12-25 13:08:05.226497
Autobus,1216,657,166,Os. Kabaty,1 min,Solec 02,,2024-12-25 13:08:05.226497
Autobus,7819,5,525,Międzylesie,1 min,Czatów 01,,2024-12-25 13:08:05.226497
Autobus,9821,2,710,Piaseczno Targowisko,2 min,Konstancin-Jeziorna Klarysew 01,,2024-12-25 13:08:05.226497
Autobus,25188,1,L20,Rzakta,2 min,Otwock Tatrzańska 01,,2024-12-25 13:08:05.226497
Autobus,5974,438,180,Chomiczówka,2 min,Królewska 03,,2024-12-25 13:08:05.226497
Autobus,7819,5,525,Międzylesie,2 min,Czatów 01,,2024-12-25 13:08:05.226497
Autobus,9204,471,203,Fort Wawrzyszew,2 min,Bogusławskiego 05,,2024-12-25 13:08:05.226497
Autobus,1549,3,183,Zielona,2 min,Urocza 01,,2024-12-25 13:08:05.226497
Autobus,4503,2,220,Nowe Bemowo,2 min,Starodęby 04,,2024-12-25 13:08:05.226497
Autobus,8552,2,162,EC Siekierki,2 min,Gołkowska 03,,2024-12-25 13:08:05.226497
Tramwaj,3820,6,28,Dw. Wschodni (Kijowska),2 min,Wrocławska 06,,2024-12-25 13:08:05.226497
Autobus,7233,1,184,Metro Młociny,2 min,PKP Wola (Kasprzaka) 02,,2024-12-25 13:08:05.226497
Tramwaj,3237,4,9,Gocławek,2 min,Rondo Waszyngtona 06,,2024-12-25 13:08:05.226497
Autobus,5414,801,409,Cm. Północny-Brama Zach.,2 min,Rondo Starzyńskiego 01,,2024-12-25 13:08:05.226497
Tramwaj,3824,5,23,Nowe Bemowo,2 min,Marynin 02,,2024-12-25 13:08:05.226497
Autobus,2248,3,105,Rondo Daszyńskiego,2 min,Rondo Daszyńskiego 09,,2024-12-25 13:08:05.226497
Tramwaj,3269,2,9,P+R Al. Krakowska,2 min,Czapelska 01,,2024-12-25 13:08:05.226497
Tramwaj,3122,1,7,Kawęczyńska-Bazylika,2 min,PKP Rakowiec 03,,2024-12-25 13:08:05.226497
Autobus,9803,1,185,CH Ursynów,1 min,Al. Witosa 01,,2024-12-25 13:08:05.226497
Tramwaj,3822,1,23,Nowe Bemowo,1 min,Metro Ratusz Arsenał 10,,2024-12-25 13:08:05.226497
Autobus,1058,591,208,Bitwy Warszawskiej 1920 r.,1 min,Bitwy Warszawskiej 1920 r. 10,,2024-12-25 13:08:05.226497
Autobus,9825,2,719,Metro Bemowo,1 min,Wyględy 02,,2024-12-25 13:08:05.226497
Autobus,80118,2,L44,PKP Wołomin,1 min,Nadma Poziomkowa 02,,2024-12-25 13:08:05.226497
Autobus,9351,1,135,Pl. Hallera,1 min,Dw. Wileński 04,,2024-12-25 13:08:05.226497
Autobus,7816,7,520,Marysin,1 min,Poligonowa 02,,2024-12-25 13:08:05.226497
Autobus,5909,405,128,Pl. Piłsudskiego,1 min,Królewska 03,,2024-12-25 13:08:05.226497
Autobus,7811,5,143,Dw. Zachodni,1 min,Rembertów-Akademia 01,,2024-12-25 13:08:05.226497
Autobus,8359,7,189,Sadyba,1 min,Dojazdowa 01,,2024-12-25 13:08:05.226497
Autobus,8809,4,138,Utrata,1 min,Kryniczna 02,,2024-12-25 13:08:05.226497
Tramwaj,3155,3,24,Nowe Bemowo,1 min,Most Poniatowskiego 04,,2024-12-25 13:08:05.226497
Autobus,9815,1,502,Stara Miłosna (Graniczna),1 min,Trakt Lubelski 02,,2024-12-25 13:08:05.226497
Autobus,9949,4,190,CH Marki,1 min,Metro Młynów 01,,2024-12-25 13:08:05.226497
Autobus,4215,4,154,Dw. Zachodni,1 min,Bitwy Warszawskiej 1920 r. 06,,2024-12-25 13:08:05.226497
Autobus,5454,4,120,Olesin,1 min,Dw. Wschodni (Kijowska) 11,,2024-12-25 13:08:05.226497
Autobus,7256,6,184,Metro Młociny,1 min,Ogrody Działkowe Bemowo 01,,2024-12-25 13:08:05.226497
Autobus,8359,7,189,Sadyba,1 min,Dojazdowa 01,,2024-12-25 13:08:05.226497
Autobus,9825,2,719,Metro Bemowo,1 min,Wyględy 02,,2024-12-25 13:08:05.226497
Tramwaj,3155,3,24,Nowe Bemowo,1 min,Most Poniatowskiego 04,,2024-12-25 13:08:05.226497
Autobus,5927,6,503,Natolin Płn.,1 min,Kapitulna 01,,2024-12-25 13:08:05.226497
Autobus,7811,5,143,Dw. Zachodni,1 min,Rembertów-Akademia 01,,2024-12-25 13:08:05.226497
Autobus,6244,509,728,Złotokłos,1 min,Raszyn Szkolna 02,,2024-12-25 13:08:05.226497
Autobus,5454,4,120,Olesin,1 min,Dw. Wschodni (Kijowska) 11,,2024-12-25 13:08:05.226497
Autobus,7256,6,184,Metro Młociny,1 min,Ogrody Działkowe Bemowo 01,,2024-12-25 13:08:05.226497
Autobus,8359,7,189,Sadyba,1 min,Dojazdowa 01,,2024-12-25 13:08:05.226497
Autobus,9825,2,719,Metro Bemowo,1 min,Wyględy 02,,2024-12-25 13:08:05.226497
Tramwaj,3155,3,24,Nowe Bemowo,1 min,Most Poniatowskiego 04,,2024-12-25 13:08:05.226497
Autobus,5927,6,503,Natolin Płn.,1 min,Kapitulna 01,,2024-12-25 13:08:05.226497
Autobus,7811,5,143,Dw. Zachodni,1 min,Rembertów-Akademia 01,,2024-12-25 13:08:05.226497
Tramwaj,3226,544,1,Annopol,1 min,Pl. Narutowicza 07,,2024-12-25 13:08:05.226497
Tramwaj,4225,9,16,Miasteczko Wilanów,1 min,Św. Bonifacego 05,,2024-12-25 13:08:05.226497
Autobus,7844,3,143,Dw. Zachodni,1 min,Torwar 02,,2024-12-25 13:08:05.226497
Tramwaj,3179,4,10,Os. Górczewska,1 min,Al. Lotników 08,,2024-12-25 13:08:05.226497
Autobus,7711,6,509,Winnica,1 min,Konwaliowa 02,,2024-12-25 13:08:05.226497
Tramwaj,4206,1,2,Winnica,1 min,Metro Młociny 28,,2024-12-25 13:08:05.226497
Autobus,5415,1,527,Grodzisk,1 min,Os. Derby 04,,2024-12-25 13:08:05.226497
Tramwaj,3243,12,9,P+R Al. Krakowska,1 min,Lipowczana 02,,2024-12-25 13:08:05.226497
Autobus,5990,M7,127,Nowe Włochy,1 min,Pl. Starynkiewicza 02,,2024-12-25 13:08:05.226497
Autobus,7816,7,520,Marysin,1 min,Zamieniecka 02,,2024-12-25 13:08:05.226497
Autobus,7869,1,520,Marysin,1 min,Rozbrat 01,,2024-12-25 13:08:05.226497
Autobus,7711,6,509,Winnica,1 min,Konwaliowa 02,,2024-12-25 13:08:05.226497
Tramwaj,3028,4,28,Dw. Wschodni (Kijowska),1 min,Dw. Wschodni (Kijowska) 02,,2024-12-25 13:08:05.226497
Autobus,5415,1,527,Grodzisk,1 min,Os. Derby 04,,2024-12-25 13:08:05.226497
Autobus,5990,M7,127,Nowe Włochy,1 min,Pl. Starynkiewicza 02,,2024-12-25 13:08:05.226497
Autobus,7816,7,520,Marysin,1 min,Zamieniecka 02,,2024-12-25 13:08:05.226497
Autobus,7869,1,520,Marysin,1 min,Rozbrat 01,,2024-12-25 13:08:05.226497
Autobus,4308,550,110,Metro Marymont,1 min,Park Kaskada 01,,2024-12-25 13:08:05.226497
Autobus,6212,497,184,Szczęśliwice,1 min,Piastów Śląskich 02,,2024-12-25 13:08:05.226497
Autobus,9815,1,502,Stara Miłosna (Graniczna),1 min,Trakt Lubelski 02,,2024-12-25 13:08:05.226497
Autobus,5963,609,111,Esperanto,1 min,Os. Orlik 02,,2024-12-25 13:08:05.226497
Tramwaj,3155,3,24,Nowe Bemowo,1 min,Most Poniatowskiego 04,,2024-12-25 13:08:05.226497
Autobus,1005,1,213,Błota,1 min,Izbicka-Cmentarz 02,,2024-12-25 13:08:05.226497
Autobus,3455,64,735,Metro Marymont,1 min,Rembelszczyzna Gazownia 01,,2024-12-25 13:08:05.226497
Autobus,6232,M5,189,Sadyba,1 min,Warneńska 54,,2024-12-25 13:08:05.226497
Autobus,8454,4,738,Metro Trocka,1 min,Nowe Słupno 01,,2024-12-25 13:08:05.226497
Autobus,9205,1,239,Os. Kabaty,1 min,Zaruby 02,,2024-12-25 13:08:05.226497
Autobus,9315,2,202,PKP Gocławek,1 min,Szaserów 02,,2024-12-25 13:08:05.226497
Autobus,9930,8,190,Znana,1 min,Bieżuńska 01,,2024-12-25 13:08:05.226497
Tramwaj,3226,544,1,Annopol,1 min,Ochota-Ratusz 01,,2024-12-25 13:08:05.226497
Autobus,1005,1,213,Błota,1 min,Izbicka-Cmentarz 02,,2024-12-25 13:08:05.226497
Autobus,3455,64,735,Metro Marymont,1 min,Rembelszczyzna Gazownia 01,,2024-12-25 13:08:05.226497
Autobus,6232,M5,189,Sadyba,1 min,Warneńska 54,,2024-12-25 13:08:05.226497
Autobus,8454,4,738,Metro Trocka,1 min,Nowe Słupno 01,,2024-12-25 13:08:05.226497
Autobus,9205,1,239,Os. Kabaty,1 min,Zaruby 02,,2024-12-25 13:08:05.226497
Autobus,9315,2,202,PKP Gocławek,1 min,Szaserów 02,,2024-12-25 13:08:05.226497
Autobus,9930,8,190,Znana,1 min,Bieżuńska 01,,2024-12-25 13:08:05.226497
Tramwaj,3226,544,1,Annopol,1 min,Ochota-Ratusz 01,,2024-12-25 13:08:05.226497
Autobus,8526,371,174,Rondo ONZ,1 min,Bokserska 05,,2024-12-25 13:08:05.226497
Autobus,9812,5,185,Gwiaździsta,1 min,Sielce 02,,2024-12-25 13:08:05.226497
Tramwaj,3270,10,33,Metro Młociny,1 min,Nowowiejska 04,,2024-12-25 13:08:05.226497
Autobus,1524,3,119,Wiśniowa Góra,1 min,Al. Witosa 04,,2024-12-25 13:08:05.226497
Autobus,2234,4,191,Pl. Narutowicza,1 min,Mikołajska 03,,2024-12-25 13:08:05.226497
Autobus,7249,6,122,Os. Górczewska,1 min,Widawska 02,,2024-12-25 13:08:05.226497
Autobus,7872,3,151,Pl. Konstytucji,1 min,Pl. Na Rozdrożu 06,,2024-12-25 13:08:05.226497
Autobus,9535,4,103,Brylowska,1 min,Bielany-Ratusz 03,,2024-12-25 13:08:05.226497
Autobus,5415,1,527,Grodzisk,0 min,Os. Derby 04,,2024-12-25 13:08:05.226497
Tramwaj,3267,6,4,Żerań Wschodni,0 min,Rembielińska 04,,2024-12-25 13:08:05.226497
Autobus,9825,2,719,Metro Bemowo,0 min,Wyględy 02,,2024-12-25 13:08:05.226497
Tramwaj,3226,544,1,Annopol,0 min,Ochota-Ratusz 01,,2024-12-25 13:08:05.226497
Autobus,5442,65,705,Metro Marymont,0 min,Załubice-Szkoła 01,,2024-12-25 13:08:05.226497
Autobus,9949,4,190,CH Marki,0 min,Metro Młynów 05,,2024-12-25 13:08:05.226497
Autobus,4307,2,134,Olesin,0 min,Ostródzka 04,,2024-12-25 13:08:05.226497
Autobus,5415,1,527,Grodzisk,0 min,Os. Derby 04,,2024-12-25 13:08:05.226497
Tramwaj,3267,6,4,Żerań Wschodni,0 min,Rembielińska 04,,2024-12-25 13:08:05.226497
Autobus,2216,1,517,Ursus-Niedźwiadek,0 min,Dw. Centralny 02,,2024-12-25 13:08:05.226497
Autobus,9315,2,202,PKP Gocławek,0 min,Cukrownicza 02,,2024-12-25 13:08:05.226497
Autobus,9351,1,135,Pl. Hallera,0 min,Rzeszotarskiej 02,,2024-12-25 13:08:05.226497
Autobus,70002,2,L39,Mysiadło Dąbrówka,0 min,Piaseczno Chyliczkowska-Technikum 02,,2024-12-25 13:08:05.226497
Autobus,7800,2,145,Żerań FSO,0 min,Rembielińska 01,,2024-12-25 13:08:05.226497
Autobus,9352,2,135,Pl. Hallera,0 min,Chłopickiego 01,,2024-12-25 13:08:05.226497
Tramwaj,3155,3,24,Nowe Bemowo,0 min,Most Poniatowskiego 04,,2024-12-25 13:08:05.226497
Autobus,4218,5,197,Gwiaździsta,0 min,Cm. Wolski 08,,2024-12-25 13:08:05.226497
Autobus,4420,3,123,Dw. Wschodni (Lubelska),0 min,Dw. Wschodni (Kijowska) 11,,2024-12-25 13:08:05.226497
Autobus,7869,1,520,Marysin,0 min,Rozbrat 01,,2024-12-25 13:08:05.226497
Autobus,9205,1,239,Os. Kabaty,0 min,Zaruby 02,,2024-12-25 13:08:05.226497
Tramwaj,3821,6,20,Żerań FSO,0 min,Wola-Ratusz 03,,2024-12-25 13:08:05.226497
Tramwaj,4282,1,17,Winnica,0 min,Metro Pole Mokotowskie 04,,2024-12-25 13:08:05.226497
Autobus,5236,5,122,Os. Górczewska,0 min,Szobera 02,,2024-12-25 13:08:05.226497
Autobus,775,2,250,Łomianki Dąbrowa Zachodnia,0 min,Łomianki Dąbrowa Zachodnia 01,,2024-12-25 13:08:05.226497
Autobus,7868,2,704,PKP Halinów,0 min,Żółkiewskiego 02,,2024-12-25 13:08:05.226497
Tramwaj,3122,1,7,Kawęczyńska-Bazylika,0 min,Korotyńskiego 03,,2024-12-25 13:08:05.226497
Autobus,5415,1,527,Grodzisk,0 min,Os. Derby III 02,,2024-12-25 13:08:05.226497
Tramwaj,3267,6,4,Żerań Wschodni,0 min,Rembielińska 04,,2024-12-25 13:08:05.226497
Tramwaj,3828,3,6,Gocławek,0 min,Cm. Włoski 03,,2024-12-25 13:08:05.226497
Autobus,5974,438,180,Chomiczówka,0 min,Pl. Piłsudskiego 02,,2024-12-25 13:08:05.226497
Autobus,6230,1,141,Witolin,0 min,Krakowiaków 01,,2024-12-25 13:08:05.226497
Autobus,758,2,150,Metro Młociny,0 min,Muzealna 01,,2024-12-25 13:08:05.226497
Autobus,9351,1,135,Pl. Hallera,0 min,Rzeszotarskiej 02,,2024-12-25 13:08:05.226497
Tramwaj,3155,3,24,Nowe Bemowo,0 min,Most Poniatowskiego 04,,2024-12-25 13:08:05.226497
Tramwaj,3232,2,24,Nowe Bemowo,0 min,Zajezdnia Wola 06,,2024-12-25 13:08:05.226497
Tramwaj,3179,4,10,Os. Górczewska,0 min,Niedźwiedzia 04,,2024-12-25 13:08:05.226497
Autobus,5963,609,111,Esperanto,0 min,Abrahama 02,,2024-12-25 13:08:05.226497
Tramwaj,3205,2,22,Wiatraczna,0 min,Pl. Zawiszy 13,,2024-12-25 13:08:05.226497
Tramwaj,3191,3,22,Wiatraczna,0 min,Włościańska 03,,2024-12-25 13:08:05.226497
Tramwaj,4226,7,16,Muranowska,0 min,Dolna 02,,2024-12-25 13:08:05.226497
Autobus,8813,1,511,Dąbrówka Wiślana,0 min,Metro Młociny 03,,2024-12-25 13:08:05.226497
Tramwaj,3137,7,22,Piaski,0 min,Wiatraczna 05,,2024-12-25 13:08:05.226497
Autobus,5890,2,503,Konwiktorska,0 min,Polinezyjska 03,,2024-12-25 13:08:05.226497
Autobus,6237,3,189,Os. Górczewska,0 min,Batumi 52,,2024-12-25 13:08:05.226497
Autobus,8522,4,143,Dw. Zachodni,0 min,Gocławek 01,,2024-12-25 13:08:05.226497
Autobus,4308,550,110,Metro Marymont,0 min,Metro Marymont 11,,2024-12-25 13:08:05.226497
Autobus,80111,1,L46,Zielonka 11 Listopada,0 min,Marki Fabryczna 02,,2024-12-25 13:08:05.226497
Tramwaj,3813,3,23,Czynszowa,0 min,Zajezdnia Wola 03,,2024-12-25 13:08:05.226497
Autobus,4216,2,154,P+R Al. Krakowska,0 min,Instytut Lotnictwa 02,,2024-12-25 13:08:05.226497
Autobus,7810,1,521,Wiatraczna,0 min,Wiatraczna 22,,2024-12-25 13:08:05.226497
Autobus,1532,1,251,Metro Wilanowska,0 min,Konstancin-Jeziorna Piasta 02,,2024-12-25 13:08:05.226497
Autobus,4238,1,154,Dw. Zachodni,0 min,Krakowiaków 05,Poza trasą,2024-12-25 13:08:05.226497
Tramwaj,4273,22,17,Metro Marymont,0 min,Konstruktorska 04,,2024-12-25 13:08:05.226497
Autobus,1208,635,165,Metro Wilanowska,0 min,Taborowa 02,,2024-12-25 13:08:05.226497
Autobus,5234,5,191,Pl. Narutowicza,0 min,Piastowska 02,,2024-12-25 13:08:05.226497
Autobus,5909,405,128,Pl. Piłsudskiego,0 min,Pl. Piłsudskiego 02,,2024-12-25 13:08:05.226497
Autobus,5941,607,111,Esperanto,0 min,Metro Ratusz Arsenał 02,,2024-12-25 13:08:05.226497
Tramwaj,3271,2,15,P+R Al. Krakowska,0 min,Pl. Inwalidów 03,,2024-12-25 13:08:05.226497
Tramwaj,4273,22,17,Metro Marymont,0 min,Konstruktorska 04,,2024-12-25 13:08:05.226497
Autobus,1208,635,165,Metro Wilanowska,0 min,Taborowa 02,,2024-12-25 13:08:05.226497
Autobus,5234,5,191,Pl. Narutowicza,0 min,Piastowska 02,,2024-12-25 13:08:05.226497
Autobus,5909,405,128,Pl. Piłsudskiego,0 min,Pl. Piłsudskiego 02,,2024-12-25 13:08:05.226497
Autobus,5941,607,111,Esperanto,0 min,Metro Ratusz Arsenał 02,,2024-12-25 13:08:05.226497
Tramwaj,3271,2,15,P+R Al. Krakowska,0 min,Pl. Inwalidów 03,,2024-12-25 13:08:05.226497
Tramwaj,3117,5,4,Wyścigi,0 min,Żerań Wschodni 01,,2024-12-25 13:08:05.226497
Tramwaj,3134,1,10,Wyścigi,0 min,Os. Górczewska 12,,2024-12-25 13:08:05.226497
Tramwaj,3149,542,1,Banacha,0 min,Annopol 03,,2024-12-25 13:08:05.226497
Tramwaj,3166,6,9,Gocławek,0 min,P+R Al. Krakowska 01,,2024-12-25 13:08:05.226497
Tramwaj,3176,1,3,Gocławek,0 min,Annopol 02,,2024-12-25 13:08:05.226497
Tramwaj,3197,5,33,Kielecka,0 min,Metro Młociny 15,,2024-12-25 13:08:05.226497
Tramwaj,3206,4,24,Nowe Bemowo,0 min,Gocławek 03,,2024-12-25 13:08:05.226497
Tramwaj,3207,24,1,Pl. Narutowicza,0 min,Annopol 04,,2024-12-25 13:08:05.226497
Tramwaj,3210,2,7,Kawęczyńska-Bazylika,0 min,P+R Al. Krakowska 03,,2024-12-25 13:08:05.226497
Tramwaj,3212,522,3,Annopol,0 min,Gocławek 04,,2024-12-25 13:08:05.226497
Tramwaj,3827,7,6,Metro Młociny,0 min,Gocławek 07,,2024-12-25 13:08:05.226497
Autobus,1532,1,251,Metro Wilanowska,0 min,Konstancin-Jeziorna Piasta 02,,2024-12-25 13:08:05.226497
Tramwaj,3176,1,3,Gocławek,0 min,Annopol 02,,2024-12-25 13:08:05.226497
Tramwaj,3239,6,26,Wiatraczna,0 min,Nowe Bemowo 04,,2024-12-25 13:08:05.226497
Tramwaj,3811,7,20,Żerań FSO,0 min,Siodlarska 01,,2024-12-25 13:08:05.226497
Tramwaj,3827,7,6,Metro Młociny,0 min,Gocławek 07,,2024-12-25 13:08:05.226497
Autobus,1532,1,251,Metro Wilanowska,0 min,Konstancin-Jeziorna Piasta 02,,2024-12-25 13:08:05.226497
Tramwaj,3176,1,3,Gocławek,0 min,Annopol 02,,2024-12-25 13:08:05.226497
Tramwaj,3275,7,15,P+R Al. Krakowska,0 min,Włochy-Ratusz 04,,2024-12-25 13:08:05.226497
Tramwaj,4275,4,2,Metro Młociny,0 min,Śreniawitów 01,,2024-12-25 13:08:05.226497
Autobus,4526,5,220,Opacz-Kolonia Rebusowa,0 min,Rodła 02,,2024-12-25 13:08:05.226497
Autobus,5234,5,191,Pl. Narutowicza,0 min,Piastowska 02,,2024-12-25 13:08:05.226497
Autobus,9330,2,153,Rembertów-Kolonia,0 min,Buławy 02,,2024-12-25 13:08:05.226497
Autobus,8813,1,511,Dąbrówka Wiślana,0 min,Metro Młociny 03,,2024-12-25 13:08:05.226497
Tramwaj,3117,5,4,Wyścigi,0 min,Żerań Wschodni 01,,2024-12-25 13:08:05.226497
Tramwaj,3134,1,10,Wyścigi,0 min,Os. Górczewska 12,,2024-12-25 13:08:05.226497
Tramwaj,3146,545,1,Annopol,0 min,Banacha 04,,2024-12-25 13:08:05.226497
Tramwaj,3149,542,1,Banacha,0 min,Annopol 03,,2024-12-25 13:08:05.226497
Tramwaj,3166,6,9,Gocławek,0 min,P+R Al. Krakowska 01,,2024-12-25 13:08:05.226497
Tramwaj,3197,5,33,Kielecka,0 min,Metro Młociny 15,,2024-12-25 13:08:05.226497
Tramwaj,3206,4,24,Nowe Bemowo,0 min,Gocławek 03,,2024-12-25 13:08:05.226497
Tramwaj,3207,24,1,Pl. Narutowicza,0 min,Annopol 04,,2024-12-25 13:08:05.226497
Tramwaj,3207,24,1,Pl. Narutowicza,0 min,Annopol 04,,2024-12-25 13:08:05.226497
Tramwaj,3210,2,7,Kawęczyńska-Bazylika,0 min,P+R Al. Krakowska 03,,2024-12-25 13:08:05.226497
Tramwaj,3212,522,3,Annopol,0 min,Gocławek 04,,2024-12-25 13:08:05.226497
Tramwaj,3224,2,17,Winnica,0 min,PKP Służewiec 13,,2024-12-25 13:08:05.226497
Tramwaj,3228,9,9,P+R Al. Krakowska,0 min,Wiatraczna 11,,2024-12-25 13:08:05.226497
Tramwaj,3231,6,15,Marymont-Potok,0 min,P+R Al. Krakowska 02,,2024-12-25 13:08:05.226497
Tramwaj,3241,7,26,Wiatraczna,0 min,Metro Młociny 14,,2024-12-25 13:08:05.226497
Tramwaj,3245,5,9,P+R Al. Krakowska,0 min,Gocławek 05,,2024-12-25 13:08:05.226497
Tramwaj,3248,5,7,P+R Al. Krakowska,0 min,Kawęczyńska-Bazylika 02,,2024-12-25 13:08:05.226497
Tramwaj,3252,3,9,P+R Al. Krakowska,0 min,Gocławek 05,,2024-12-25 13:08:05.226497
Tramwaj,3502,1,24,Gocławek,0 min,Nowe Bemowo 07,,2024-12-25 13:08:05.226497
Tramwaj,3801,4,6,Gocławek,0 min,Metro Młociny 12,,2024-12-25 13:08:05.226497
Tramwaj,3802,2,23,Nowe Bemowo,0 min,Czynszowa 01,,2024-12-25 13:08:05.226497
Tramwaj,3806,4,23,Czynszowa,0 min,Nowe Bemowo 08,,2024-12-25 13:08:05.226497
Tramwaj,3809,7,28,Dw. Wschodni (Kijowska),0 min,Os. Górczewska 13,,2024-12-25 13:08:05.226497
Tramwaj,3819,1,28,Dw. Wschodni (Kijowska),0 min,Os. Górczewska 13,,2024-12-25 13:08:05.226497
Tramwaj,3823,1,20,Żerań FSO,0 min,Boernerowo 01,,2024-12-25 13:08:05.226497
Tramwaj,3825,4,20,Boernerowo,0 min,Żerań FSO 05,,2024-12-25 13:08:05.226497
Tramwaj,3801,4,6,Gocławek,0 min,Metro Młociny 12,,2024-12-25 13:08:05.226497
Tramwaj,3802,2,23,Nowe Bemowo,0 min,Czynszowa 01,,2024-12-25 13:08:05.226497
Tramwaj,3806,4,23,Czynszowa,0 min,Nowe Bemowo 08,,2024-12-25 13:08:05.226497
Tramwaj,3809,7,28,Dw. Wschodni (Kijowska),0 min,Os. Górczewska 13,,2024-12-25 13:08:05.226497
Tramwaj,3819,1,28,Dw. Wschodni (Kijowska),0 min,Os. Górczewska 13,,2024-12-25 13:08:05.226497
Tramwaj,3823,1,20,Żerań FSO,0 min,Boernerowo 01,,2024-12-25 13:08:05.226497
Tramwaj,3825,4,20,Boernerowo,0 min,Żerań FSO 05,,2024-12-25 13:08:05.226497
Tramwaj,4015,4,22,Wiatraczna,0 min,Piaski 05,,2024-12-25 13:08:05.226497
Tramwaj,4109,548,4,Żerań Wschodni,0 min,Wyścigi 06,,2024-12-25 13:08:05.226497
Tramwaj,4208,5,10,Os. Górczewska,0 min,Wyścigi 07,,2024-12-25 13:08:05.226497
Tramwaj,4217,8,16,Muranowska,0 min,Miasteczko Wilanów 05,,2024-12-25 13:08:05.226497
Tramwaj,4228,13,16,Miasteczko Wilanów,0 min,Piaski 06,,2024-12-25 13:08:05.226497
Tramwaj,4234,2,11,Sielce,0 min,Cm. Wolski 05,,2024-12-25 13:08:05.226497
Tramwaj,4265,12,16,Miasteczko Wilanów,0 min,Piaski 06,,2024-12-25 13:08:05.226497
Tramwaj,4268,3,16,Piaski,0 min,Miasteczko Wilanów 05,,2024-12-25 13:08:05.226497
Tramwaj,4272,23,17,Metro Marymont,0 min,PKP Służewiec 12,,2024-12-25 13:08:05.226497
Tramwaj,4278,6,33,Kielecka,0 min,Metro Młociny 15,,2024-12-25 13:08:05.226497
Autobus,1013,3,213,Błota,0 min,Gocław 04,,2024-12-25 13:08:05.226497
Autobus,4309,1,110,Cm. Północny-Brama Zach.,0 min,Metro Marymont 12,,2024-12-25 13:08:05.226497
Autobus,4316,1,134,Metro Marymont,0 min,Olesin 01,,2024-12-25 13:08:05.226497
Autobus,4327,1,152,Tarchomin,0 min,Os. Derby 02,,2024-12-25 13:08:05.226497
Autobus,4404,1,170,Rondo Starzyńskiego,0 min,PKP Zacisze-Wilno 02,,2024-12-25 13:08:05.226497
Autobus,4412,M3,170,PKP Zacisze-Wilno,0 min,Rondo Starzyńskiego 09,,2024-12-25 13:08:05.226497
Autobus,4414,5,169,Bródno-Podgrodzie,0 min,Dw. Wschodni (Kijowska) 07,,2024-12-25 13:08:05.226497
Autobus,4417,3,169,Dw. Wschodni (Kijowska),0 min,Bródno-Podgrodzie 06,,2024-12-25 13:08:05.226497
Autobus,4418,3,212,Pl. Hallera,0 min,CH Targówek 05,,2024-12-25 13:08:05.226497
Autobus,4434,2,181,Cm. Północny-Brama Gł.,0 min,Pl. Wilsona 18,,2024-12-25 13:08:05.226497
Autobus,4513,1,733,Młochów,0 min,P+R Al. Krakowska 15,,2024-12-25 13:08:05.226497
Autobus,5204,5,136,Ostroroga,0 min,Natolin Płn. 08,,2024-12-25 13:08:05.226497
Autobus,5205,3,716,Piastów Ogińskiego,0 min,Cm. Wolski 06,,2024-12-25 13:08:05.226497
Autobus,5207,5,177,Ursus-Niedźwiadek,0 min,Os. Górczewska 53,,2024-12-25 13:08:05.226497
Autobus,5220,2,141,Witolin,0 min,P+R Al. Krakowska 07,,2024-12-25 13:08:05.226497
Autobus,5232,1,136,Natolin Płn.,0 min,Ostroroga 03,,2024-12-25 13:08:05.226497
Autobus,5405,9,509,Gocław,0 min,Winnica 06,,2024-12-25 13:08:05.226497
Autobus,5421,2,723,PKP Legionowo Przystanek,0 min,Żerań FSO 10,,2024-12-25 13:08:05.226497
Autobus,5422,2,112,CH Marki,0 min,Nowe Bemowo 10,,2024-12-25 13:08:05.226497
Autobus,5435,61,735,Metro Marymont,0 min,Zegrze Płd. 03,,2024-12-25 13:08:05.226497
Autobus,5204,5,136,Ostroroga,0 min,Natolin Płn. 08,,2024-12-25 13:08:05.226497
Autobus,5205,3,716,Piastów Ogińskiego,0 min,Cm. Wolski 06,,2024-12-25 13:08:05.226497
Autobus,5207,5,177,Ursus-Niedźwiadek,0 min,Os. Górczewska 53,,2024-12-25 13:08:05.226497
Autobus,5882,409,128,Pl. Piłsudskiego,0 min,Szczęśliwice 05,,2024-12-25 13:08:05.226497
Autobus,5883,1,127,Nowe Włochy,0 min,Browarna 02,,2024-12-25 13:08:05.226497
Autobus,5899,410,128,Pl. Piłsudskiego,0 min,Szczęśliwice 05,,2024-12-25 13:08:05.226497
Autobus,5906,600,507,Dw. Centralny,0 min,Gocław 02,,2024-12-25 13:08:05.226497
Autobus,5910,2,158,Witolin,0 min,CH Reduta 01,,2024-12-25 13:08:05.226497
Autobus,5914,4,158,CH Reduta,0 min,Witolin 02,,2024-12-25 13:08:05.226497
Autobus,5930,3,158,CH Reduta,0 min,Witolin 02,,2024-12-25 13:08:05.226497
Autobus,5931,407,128,Szczęśliwice,0 min,Pl. Piłsudskiego 04,,2024-12-25 13:08:05.226497
Autobus,5942,606,111,Gocław,0 min,Esperanto 05,,2024-12-25 13:08:05.226497
Autobus,5951,612,507,Dw. Centralny,0 min,Gocław 02,,2024-12-25 13:08:05.226497
Autobus,5952,5,180,Wilanów,0 min,Chomiczówka 05,,2024-12-25 13:08:05.226497
Autobus,5954,7,503,Natolin Płn.,0 min,Konwiktorska 01,,2024-12-25 13:08:05.226497
Autobus,5959,5,127,Browarna,0 min,Nowe Włochy 01,,2024-12-25 13:08:05.226497
Autobus,5964,1,116,Chomiczówka,0 min,Wilanów 07,,2024-12-25 13:08:05.226497
Autobus,5981,4,518,Bielańska,0 min,Nowodwory 08,,2024-12-25 13:08:05.226497
Autobus,5942,606,111,Gocław,0 min,Esperanto 05,,2024-12-25 13:08:05.226497
Autobus,5951,612,507,Dw. Centralny,0 min,Gocław 02,,2024-12-25 13:08:05.226497
Autobus,5952,5,180,Wilanów,0 min,Chomiczówka 05,,2024-12-25 13:08:05.226497
Autobus,5954,7,503,Natolin Płn.,0 min,Konwiktorska 01,,2024-12-25 13:08:05.226497
Autobus,5959,5,127,Browarna,0 min,Nowe Włochy 01,,2024-12-25 13:08:05.226497
Autobus,5964,1,116,Chomiczówka,0 min,Wilanów 07,,2024-12-25 13:08:05.226497
Autobus,5981,4,518,Bielańska,0 min,Nowodwory 08,,2024-12-25 13:08:05.226497
Autobus,5986,11,180,Chomiczówka,0 min,Wilanów 04,,2024-12-25 13:08:05.226497
Autobus,5936,442,180,Chomiczówka,0 min,Wilanów 04,,2024-12-25 13:08:05.226497
Autobus,5941,607,111,Esperanto,0 min,Zamenhofa 02,,2024-12-25 13:08:05.226497
Autobus,5942,606,111,Gocław,0 min,Esperanto 05,,2024-12-25 13:08:05.226497
Autobus,5951,612,507,Dw. Centralny,0 min,Gocław 02,,2024-12-25 13:08:05.226497
Autobus,5952,5,180,Wilanów,0 min,Chomiczówka 05,,2024-12-25 13:08:05.226497
Autobus,5954,7,503,Natolin Płn.,0 min,Konwiktorska 01,,2024-12-25 13:08:05.226497
Autobus,5959,5,127,Browarna,0 min,Nowe Włochy 01,,2024-12-25 13:08:05.226497
Autobus,5964,1,116,Chomiczówka,0 min,Wilanów 07,,2024-12-25 13:08:05.226497
Autobus,5981,4,518,Bielańska,0 min,Nowodwory 08,,2024-12-25 13:08:05.226497
Autobus,5986,11,180,Chomiczówka,0 min,Wilanów 04,,2024-12-25 13:08:05.226497
Autobus,5951,612,507,Dw. Centralny,0 min,Gocław 02,,2024-12-25 13:08:05.226497
Autobus,5952,5,180,Wilanów,0 min,Chomiczówka 05,,2024-12-25 13:08:05.226497
Autobus,5954,7,503,Natolin Płn.,0 min,Konwiktorska 01,,2024-12-25 13:08:05.226497
Autobus,5959,5,127,Browarna,0 min,Nowe Włochy 01,,2024-12-25 13:08:05.226497
Autobus,5964,1,116,Chomiczówka,0 min,Wilanów 07,,2024-12-25 13:08:05.226497
Autobus,5981,4,518,Bielańska,0 min,Nowodwory 08,,2024-12-25 13:08:05.226497
Autobus,5986,11,180,Chomiczówka,0 min,Wilanów 04,,2024-12-25 13:08:05.226497
Autobus,6200,2,517,Ursus-Niedźwiadek,0 min,Pl. Trzech Krzyży 06,,2024-12-25 13:08:05.226497
Autobus,6202,2,177,Os. Górczewska,0 min,Ursus-Niedźwiadek 01,,2024-12-25 13:08:05.226497
Autobus,6210,506,124,Paluch,0 min,P+R Al. Krakowska 12,,2024-12-25 13:08:05.226497
Autobus,6213,6,517,Pl. Trzech Krzyży,0 min,Ursus-Niedźwiadek 03,,2024-12-25 13:08:05.226497
Autobus,6216,2,523,PKP Olszynka Grochowska,0 min,Stare Bemowo 07,,2024-12-25 13:08:05.226497
Autobus,6225,4,157,Gwiaździsta,0 min,Szczęśliwice 02,,2024-12-25 13:08:05.226497
Autobus,6227,2,184,Metro Młociny,0 min,Szczęśliwice 01,,2024-12-25 13:08:05.226497
Autobus,6231,507,124,P+R Al. Krakowska,0 min,Paluch 01,,2024-12-25 13:08:05.226497
Autobus,6243,512,706,Janki Pl. Szwedzki,0 min,P+R Al. Krakowska 16,,2024-12-25 13:08:05.226497
Autobus,70032,1,L-4,Antoninów Cm. Południowy-Brama Płd.,0 min,Piaseczno Mysiadło 05,,2024-12-25 13:08:05.226497
Autobus,70034,2,L-3,PKP Piaseczno,0 min,Jastrzębiec 01,,2024-12-25 13:08:05.226497
Autobus,70042,1,L-3,Jastrzębiec,0 min,PKP Piaseczno 07,,2024-12-25 13:08:05.226497
Autobus,6225,4,157,Gwiaździsta,0 min,Szczęśliwice 02,,2024-12-25 13:08:05.226497
Autobus,6227,2,184,Metro Młociny,0 min,Szczęśliwice 01,,2024-12-25 13:08:05.226497
Autobus,6231,507,124,P+R Al. Krakowska,0 min,Paluch 01,,2024-12-25 13:08:05.226497
Autobus,6243,512,706,Janki Pl. Szwedzki,0 min,P+R Al. Krakowska 16,,2024-12-25 13:08:05.226497
Autobus,7229,6,191,Pl. Narutowicza,0 min,Regulska 01,,2024-12-25 13:08:05.226497
Autobus,7251,7,517,Pl. Trzech Krzyży,0 min,Ursus-Niedźwiadek 03,,2024-12-25 13:08:05.226497
Autobus,7259,5,184,Szczęśliwice,0 min,Metro Młociny 24,,2024-12-25 13:08:05.226497
Autobus,7732,1,151,Pl. Konstytucji,0 min,Rechniewskiego 02,,2024-12-25 13:08:05.226497
Autobus,775,2,250,Metro Młociny,0 min,Łomianki Dąbrowa Zachodnia 01,,2024-12-25 13:08:05.226497
Autobus,779,3,250,Łomianki Dąbrowa Zachodnia,0 min,Metro Młociny 22,,2024-12-25 13:08:05.226497
Autobus,7808,1,143,Dw. Zachodni,0 min,Rembertów-Kolonia 01,,2024-12-25 13:08:05.226497
Autobus,7821,1,523,PKP Olszynka Grochowska,0 min,Stare Bemowo 07,,2024-12-25 13:08:05.226497
Autobus,7830,2,520,Marysin,0 min,Dw. Centralny 27,,2024-12-25 13:08:05.226497
Autobus,7872,3,151,Pl. Konstytucji,0 min,Metro Politechnika 08,,2024-12-25 13:08:05.226497
Autobus,80102,2,L45,CH Marki,0 min,PKP Dąbkowizna 01,,2024-12-25 13:08:05.226497
Autobus,775,2,250,Metro Młociny,0 min,Łomianki Dąbrowa Zachodnia 01,,2024-12-25 13:08:05.226497
Autobus,779,3,250,Łomianki Dąbrowa Zachodnia,0 min,Metro Młociny 22,,2024-12-25 13:08:05.226497
Autobus,7808,1,143,Dw. Zachodni,0 min,Rembertów-Kolonia 01,,2024-12-25 13:08:05.226497
Autobus,7821,1,523,PKP Olszynka Grochowska,0 min,Stare Bemowo 07,,2024-12-25 13:08:05.226497
Autobus,7830,2,520,Marysin,0 min,Dw. Centralny 27,,2024-12-25 13:08:05.226497
Autobus,80102,2,L45,CH Marki,0 min,PKP Dąbkowizna 01,,2024-12-25 13:08:05.226497
Autobus,80120,1,L37,Kobyłka Kościół,0 min,Wołomin Szpital Powiatowy 02,,2024-12-25 13:08:05.226497
Autobus,80122,1,L38,Leśniakowizna Majdan,0 min,Wołomin Szpital Powiatowy 02,,2024-12-25 13:08:05.226497
Autobus,9550,4,178,Skorosze,0 min,Konwiktorska 03,,2024-12-25 13:08:05.226497
Autobus,9802,4,167,Siekierki-Sanktuarium,0 min,Stare Bemowo 05,,2024-12-25 13:08:05.226497
Autobus,9804,3,167,Siekierki-Sanktuarium,0 min,Stare Bemowo 05,,2024-12-25 13:08:05.226497
Autobus,9805,2,719,Leszno,0 min,Metro Bemowo 02,,2024-12-25 13:08:05.226497
Autobus,9807,M8,167,Fort Radiowo,0 min,Siekierki-Sanktuarium 03,,2024-12-25 13:08:05.226497
Autobus,9817,3,502,Stara Miłosna (Graniczna),0 min,Metro Politechnika 12,,2024-12-25 13:08:05.226497
Autobus,9824,1,719,Leszno,0 min,Borzęcin Duży-Szkoła 01,,2024-12-25 13:08:05.226497
Autobus,9827,7,185,Gwiaździsta,0 min,CH Ursynów 04,,2024-12-25 13:08:05.226497
Autobus,9829,6,502,Metro Politechnika,0 min,Stara Miłosna (Graniczna) 05,,2024-12-25 13:08:05.226497
Autobus,9846,1,742,Os. Kabaty,0 min,Góra Kalwaria Rynek 02,,2024-12-25 13:08:05.226497
Autobus,9849,6,167,Siekierki-Sanktuarium,0 min,Stare Bemowo 05,,2024-12-25 13:08:05.226497
Autobus,9904,1,190,Znana,0 min,CH Marki 01,,2024-12-25 13:08:05.226497
Autobus,9919,2,114,Bródno-Podgrodzie,0 min,Młociny-UKSW 01,,2024-12-25 13:08:05.226497
Autobus,9920,5,186,Szczęśliwice,0 min,Nowodwory 09,,2024-12-25 13:08:05.226497
Autobus,9924,5,190,CH Marki,0 min,Znana 06,,2024-12-25 13:08:05.226497
Autobus,9933,5,114,Młociny-UKSW,0 min,Bródno-Podgrodzie 05,,2024-12-25 13:08:05.226497
Autobus,9953,2,210,Metro Młociny,0 min,Truskaw Skibińskiego 01,,2024-12-25 13:08:05.226497
Pociąg,1041,,WKD,Grodzisk Mazowiecki Radońska,0 min,Kazimierówka,,2024-12-25 13:08:05.226497
Pociąg,1043,,WKD,Grodzisk Mazowiecki Radońska,0 min,Warszawa Reduta Ordona,,2024-12-25 13:08:05.226497
Pociąg,2018,,WKD,Komorów,0 min,Milanówek Grudów,,2024-12-25 13:08:05.226497
Pociąg,1038,,WKD,Warszawa Śródmieście WKD,0 min,Warszawa Reduta Ordona,,2024-12-25 13:08:05.226497
Autobus,9807,M8,167,Fort Radiowo,0 min,Siekierki-Sanktuarium 03,,2024-12-25 13:08:05.226497
Autobus,9085,1,161,Zbójna Góra,0 min,Szafirowa 02,,2024-12-25 13:08:05.226497
Tramwaj,4274,1,33,Kielecka,0 min,Rondo ONZ 03,,2024-12-25 13:08:05.226497
Tramwaj,4281,9,33,Metro Młociny,0 min,Stawki 06,,2024-12-25 13:08:05.226497
Autobus,3401,5,120,Dw. Wschodni (Kijowska),0 min,Dw. Wschodni (Kijowska) 05,,2024-12-25 13:08:05.226497
Autobus,5941,607,111,Esperanto,0 min,Nalewki-Muzeum 02,,2024-12-25 13:08:05.226497
Autobus,70046,1,L-1,Janki Pl. Szwedzki,0 min,Bobrowiec Żwirowa 02,,2024-12-25 13:08:05.226497
Tramwaj,3827,7,6,Metro Młociny,0 min,Żółkiewskiego 03,,2024-12-25 13:08:05.226497
Autobus,4423,1,169,Dw. Wschodni (Kijowska),0 min,Dw. Wschodni (Kijowska) 07,,2024-12-25 13:08:05.226497
Autobus,7242,508,728,P+R Al. Krakowska,0 min,Marysin 01,,2024-12-25 13:08:05.226497
Autobus,9815,1,502,Stara Miłosna (Graniczna),0 min,Trawiasta 02,,2024-12-25 13:08:05.226497
Tramwaj,4273,22,17,Metro Marymont,0 min,Woronicza 04,,2024-12-25 13:08:05.226497
Autobus,3468,1,112,CH Marki,0 min,Żerań FSO 04,,2024-12-25 13:08:05.226497
Autobus,5402,443,409,Bródno-Podgrodzie,0 min,Metro Kondratowicza 01,,2024-12-25 13:08:05.226497
Autobus,5415,1,527,Grodzisk,0 min,Skarbka z Gór 03,,2024-12-25 13:08:05.226497
Autobus,5901,4,180,Wilanów,0 min,Powązki-IV Brama 01,,2024-12-25 13:08:05.226497
Autobus,8813,1,511,Dąbrówka Wiślana,0 min,Obrazkowa 02,,2024-12-25 13:08:05.226497
Autobus,7242,508,728,P+R Al. Krakowska,0 min,Marysin 01,,2024-12-25 13:08:05.226497
Autobus,9815,1,502,Stara Miłosna (Graniczna),0 min,Trawiasta 02,,2024-12-25 13:08:05.226497
Tramwaj,4273,22,17,Metro Marymont,0 min,Woronicza 04,,2024-12-25 13:08:05.226497
Autobus,3468,1,112,CH Marki,0 min,Żerań FSO 04,,2024-12-25 13:08:05.226497
Autobus,5402,443,409,Bródno-Podgrodzie,0 min,Metro Kondratowicza 01,,2024-12-25 13:08:05.226497
Autobus,5415,1,527,Grodzisk,0 min,Skarbka z Gór 03,,2024-12-25 13:08:05.226497
Autobus,5415,1,527,Grodzisk,0 min,Kąty Grodziskie 01,,2024-12-25 13:08:05.226497
Autobus,8522,4,143,Dw. Zachodni,0 min,Pl. Szembeka 01,,2024-12-25 13:08:05.226497
Autobus,5238,2,716,Piastów Ogińskiego,0 min,Piastów Kino Baśń 02,,2024-12-25 13:08:05.226497
Autobus,5890,2,503,Konwiktorska,0 min,Strzeleckiego 02,,2024-12-25 13:08:05.226497
Autobus,776,1,150,Dziekanów Leśny,0 min,Łomianki POLMO 02,,2024-12-25 13:08:05.226497
Autobus,7872,3,151,Pl. Konstytucji,0 min,Pl. Konstytucji 09,,2024-12-25 13:08:05.226497
Autobus,2216,1,517,Ursus-Niedźwiadek,0 min,Pl. Zawiszy 04,,2024-12-25 13:08:05.226497
Autobus,6208,7,172,Sadyba,0 min,Berestecka 01,,2024-12-25 13:08:05.226497
Autobus,70033,1,L25,Piaseczno Zgoda,0 min,Góra Kalwaria Cmentarz 02,,2024-12-25 13:08:05.226497
Autobus,8813,1,511,Dąbrówka Wiślana,0 min,Obrazkowa 02,,2024-12-25 13:08:05.226497
Autobus,5446,11,116,Chomiczówka,0 min,Tor Stegny 02,,2024-12-25 13:08:05.226497
Tramwaj,3219,541,1,Banacha,0 min,Rondo Żaba 07,,2024-12-25 13:08:05.226497
Autobus,9509,1,178,Konwiktorska,0 min,Mikołajska 03,,2024-12-25 13:08:05.226497
Autobus,9514,5,178,Konwiktorska,0 min,Pl. Teatralny 04,,2024-12-25 13:08:05.226497
Tramwaj,4257,9,17,Winnica,0 min,Pl. Grunwaldzki 04,,2024-12-25 13:08:05.226497
Autobus,5941,607,111,Esperanto,0 min,Anielewicza 04,,2024-12-25 13:08:05.226497
Autobus,9320,3,179,Ursynów Płn.,0 min,Płaskowickiej 02,,2024-12-25 13:08:05.226497
Autobus,9220,1,133,Tarchomin,0 min,Henryków 03,,2024-12-25 13:08:05.226497
Tramwaj,3242,5,15,Marymont-Potok,0 min,Hynka 03,,2024-12-25 13:08:05.226497
Autobus,5971,2,116,Wilanów,0 min,Wilanów 07,,2024-12-25 13:08:05.226497
Autobus,8813,1,511,Dąbrówka Wiślana,0 min,Obrazkowa 02,,2024-12-25 13:08:05.226497
Tramwaj,3223,3,7,P+R Al. Krakowska,0 min,Dickensa 04,Poza trasą,2024-12-25 13:08:05.226497
Autobus,1422,3,115,Aleksandrów,0 min,PKP Rembertów 02,,2024-12-25 13:08:05.226497
Autobus,6208,7,172,Sadyba,0 min,Berestecka 01,,2024-12-25 13:08:05.226497
Autobus,80111,1,L46,Zielonka 11 Listopada,0 min,Marki Wronia 02,,2024-12-25 13:08:05.226497
Autobus,9912,496,186,Szczęśliwice,0 min,PKP Wola (Kasprzaka) 05,,2024-12-25 13:08:05.226497
Tramwaj,4257,9,17,Winnica,0 min,Pl. Grunwaldzki 04,,2024-12-25 13:08:05.226497
Autobus,5890,2,503,Konwiktorska,0 min,Strzeleckiego 02,,2024-12-25 13:08:05.226497
Autobus,9320,3,179,Ursynów Płn.,0 min,Płaskowickiej 02,,2024-12-25 13:08:05.226497
Autobus,70033,1,L25,Piaseczno Zgoda,0 min,Góra Kalwaria Cmentarz 02,,2024-12-25 13:08:05.226497
Autobus,2236,3,517,Pl. Trzech Krzyży,0 min,Pl. Trzech Krzyży 06,,2024-12-25 13:08:05.226497
Autobus,5234,5,191,Pl. Narutowicza,0 min,Sosnkowskiego 01,,2024-12-25 13:08:05.226497
Autobus,9505,1,159,Małe Siekierki,0 min,Pl. Konstytucji 03,,2024-12-25 13:08:05.226497
Autobus,9908,7,186,Nowodwory,0 min,Kanał Żerański 02,,2024-12-25 13:08:05.226497
Autobus,1007,2,213,Błota,0 min,Most Siekierkowski 01,,2024-12-25 13:08:05.226497
Autobus,776,1,150,Dziekanów Leśny,0 min,Łomianki POLMO 02,,2024-12-25 13:08:05.226497
Autobus,9509,1,178,Konwiktorska,0 min,Mikołajska 03,,2024-12-25 13:08:05.226497
Autobus,9824,1,719,Leszno,0 min,Borzęcin Duży 01,,2024-12-25 13:08:05.226497
Autobus,70033,1,L25,Piaseczno Zgoda,0 min,Góra Kalwaria Cmentarz 02,,2024-12-25 13:08:05.226497
Autobus,2236,3,517,Pl. Trzech Krzyży,0 min,Pl. Trzech Krzyży 06,,2024-12-25 13:08:05.226497
Autobus,5234,5,191,Pl. Narutowicza,0 min,Sosnkowskiego 01,,2024-12-25 13:08:05.226497
Autobus,9505,1,159,Małe Siekierki,0 min,Pl. Konstytucji 03,,2024-12-25 13:08:05.226497
Autobus,9908,7,186,Nowodwory,0 min,Kanał Żerański 02,,2024-12-25 13:08:05.226497
Autobus,1007,2,213,Błota,0 min,Most Siekierkowski 01,,2024-12-25 13:08:05.226497
Autobus,776,1,150,Dziekanów Leśny,0 min,Łomianki POLMO 02,,2024-12-25 13:08:05.226497
Autobus,9509,1,178,Konwiktorska,0 min,Mikołajska 03,,2024-12-25 13:08:05.226497
Autobus,9824,1,719,Leszno,0 min,Borzęcin Duży 01,,2024-12-25 13:08:05.226497
Autobus,80111,1,L46,Zielonka 11 Listopada,0 min,Marki Wronia 02,,2024-12-25 13:08:05.226497
Autobus,9912,496,186,Szczęśliwice,0 min,PKP Wola (Kasprzaka) 05,,2024-12-25 13:08:05.226497
Tramwaj,4257,9,17,Winnica,0 min,Pl. Grunwaldzki 04,,2024-12-25 13:08:05.226497
Autobus,5890,2,503,Konwiktorska,0 min,Strzeleckiego 02,,2024-12-25 13:08:05.226497
Autobus,9320,3,179,Ursynów Płn.,0 min,Płaskowickiej 02,,2024-12-25 13:08:05.226497
Tramwaj,4275,4,2,Metro Młociny,0 min,Zajezdnia Żoliborz 06,,2024-12-25 13:08:05.226497
Autobus,70033,1,L25,Piaseczno Zgoda,0 min,Góra Kalwaria Cmentarz 02,,2024-12-25 13:08:05.226497
Tramwaj,4285,10,16,Miasteczko Wilanów,0 min,Goworka 03,,2024-12-25 13:08:05.226497
Autobus,2236,3,517,Pl. Trzech Krzyży,0 min,Pl. Trzech Krzyży 06,,2024-12-25 13:08:05.226497
Autobus,6230,1,141,Witolin,1 min przed czasem,Hynka 05,,2024-12-25 13:08:05.226497
Tramwaj,3275,7,15,P+R Al. Krakowska,1 min przed czasem,Krakowiaków 04,,2024-12-25 13:08:05.226497
Tramwaj,4254,11,33,Metro Młociny,1 min przed czasem,Kielecka 02,,2024-12-25 13:08:05.226497
Autobus,1835,2,702,Wiatraczna,1 min przed czasem,Wspólna Droga 01,,2024-12-25 13:08:05.226497
Tramwaj,3262,543,1,Annopol,1 min przed czasem,Rondo Starzyńskiego 04,,2024-12-25 13:08:05.226497
Tramwaj,3271,2,15,P+R Al. Krakowska,1 min przed czasem,Dw. Gdański 05,,2024-12-25 13:08:05.226497
Tramwaj,4237,3,11,Cm. Wolski,1 min przed czasem,Szpital Wolski 04,,2024-12-25 13:08:05.226497
Autobus,7744,1,704,Wiatraczna,1 min przed czasem,Konik Nowy 01,,2024-12-25 13:08:05.226497
Autobus,9507,4,159,CH Blue City,1 min przed czasem,Rozbrat 06,,2024-12-25 13:08:05.226497
Tramwaj,3198,546,1,Banacha,1 min przed czasem,Okopowa 07,,2024-12-25 13:08:05.226497
Autobus,1522,2,123,Dw. Wschodni (Lubelska),1 min przed czasem,Os. Wilga 02,,2024-12-25 13:08:05.226497
Autobus,7248,1,177,Os. Górczewska,1 min przed czasem,Raginisa 01,,2024-12-25 13:08:05.226497
Autobus,3434,2,731,Żerań FSO,1 min przed czasem,Dąbrówka Szlachecka 01,,2024-12-25 13:08:05.226497
Autobus,7253,2,191,Regulska,1 min przed czasem,Śmigłowca 02,,2024-12-25 13:08:05.226497
Autobus,8308,4,136,Ostroroga,1 min przed czasem,Dunikowskiego 04,,2024-12-25 13:08:05.226497
Tramwaj,3242,5,15,Marymont-Potok,1 min przed czasem,Hynka 03,,2024-12-25 13:08:05.226497
Autobus,1072,1,108,Pl. Trzech Krzyży,1 min przed czasem,Bartycka 02,,2024-12-25 13:08:05.226497
Autobus,70041,2,L33,Piaseczno Wilanowska,1 min przed czasem,Zamienie Kakaowa 01,,2024-12-25 13:08:05.226497
Autobus,8527,2,174,Bokserska,1 min przed czasem,Madalińskiego 01,,2024-12-25 13:08:05.226497
Autobus,7248,1,177,Os. Górczewska,1 min przed czasem,Raginisa 01,,2024-12-25 13:08:05.226497
Autobus,3434,2,731,Żerań FSO,1 min przed czasem,Dąbrówka Szlachecka 01,,2024-12-25 13:08:05.226497
Autobus,7253,2,191,Regulska,1 min przed czasem,Śmigłowca 02,,2024-12-25 13:08:05.226497
Autobus,8308,4,136,Ostroroga,1 min przed czasem,Dunikowskiego 04,,2024-12-25 13:08:05.226497
Tramwaj,3242,5,15,Marymont-Potok,1 min przed czasem,Hynka 03,,2024-12-25 13:08:05.226497
Autobus,1072,1,108,Pl. Trzech Krzyży,1 min przed czasem,Bartycka 02,,2024-12-25 13:08:05.226497
Autobus,70041,2,L33,Piaseczno Wilanowska,1 min przed czasem,Zamienie Kakaowa 01,,2024-12-25 13:08:05.226497
Autobus,8527,2,174,Bokserska,1 min przed czasem,Madalińskiego 01,,2024-12-25 13:08:05.226497
Autobus,1862,1,720,Rzakta,1 min przed czasem,Gocławek 02,,2024-12-25 13:08:05.226497
Autobus,5449,446,500,Bródno-Podgrodzie,1 min przed czasem,Dw. Gdański 03,,2024-12-25 13:08:05.226497
Autobus,7732,1,151,Pl. Konstytucji,1 min przed czasem,Rechniewskiego 01,,2024-12-25 13:08:05.226497
Autobus,9524,2,103,Metro Młociny,1 min przed czasem,Grenady 02,,2024-12-25 13:08:05.226497
Autobus,9820,1,710,Piaseczno Targowisko,1 min przed czasem,Piaseczno Chyliczkowska-Technikum 01,,2024-12-25 13:08:05.226497
Tramwaj,3811,7,20,Żerań FSO,1 min przed czasem,Koło 01,,2024-12-25 13:08:05.226497
Tramwaj,4275,4,2,Metro Młociny,1 min przed czasem,Zajezdnia Żoliborz 06,,2024-12-25 13:08:05.226497
Autobus,1546,449,147,Stara Miłosna (Ułańska),1 min przed czasem,Żonkilowa 02,,2024-12-25 13:08:05.226497
Autobus,5402,443,409,Bródno-Podgrodzie,1 min przed czasem,Metro Kondratowicza 01,,2024-12-25 13:08:05.226497
Autobus,6222,8,136,Natolin Płn.,1 min przed czasem,PKP Wola (Wolska) 05,,2024-12-25 13:08:05.226497
Autobus,9353,3,135,PKP Olszynka Grochowska,1 min przed czasem,Szpital Grochowski 02,,2024-12-25 13:08:05.226497
Autobus,9820,1,710,Piaseczno Targowisko,1 min przed czasem,Piaseczno Chyliczkowska-Technikum 01,,2024-12-25 13:08:05.226497
Tramwaj,3811,7,20,Żerań FSO,1 min przed czasem,Koło 01,,2024-12-25 13:08:05.226497
Tramwaj,4275,4,2,Metro Młociny,1 min przed czasem,Zajezdnia Żoliborz 06,,2024-12-25 13:08:05.226497
Autobus,9081,1,104,Brzeziny,1 min przed czasem,Juranda ze Spychowa-Szkoła 01,,2024-12-25 13:08:05.226497
Tramwaj,3193,3,10,Os. Górczewska,1 min przed czasem,Dw. Centralny 10,,2024-12-25 13:08:05.226497
Tramwaj,3818,2,28,Os. Górczewska,1 min przed czasem,Conrada 05,,2024-12-25 13:08:05.226497
Autobus,7246,1,703,Kosów,1 min przed czasem,Kajetany Modra 02,,2024-12-25 13:08:05.226497
Tramwaj,3253,8,10,Wyścigi,1 min przed czasem,Synów Pułku 03,,2024-12-25 13:08:05.226497
Tramwaj,4226,7,16,Muranowska,1 min przed czasem,Spacerowa 06,,2024-12-25 13:08:05.226497
Tramwaj,4240,6,16,Muranowska,1 min przed czasem,Metro Ratusz Arsenał 04,,2024-12-25 13:08:05.226497
Tramwaj,4273,22,17,Metro Marymont,1 min przed czasem,Wołoska 04,,2024-12-25 13:08:05.226497
Autobus,3442,3,509,Gocław,1 min przed czasem,Dw. Wileński 01,,2024-12-25 13:08:05.226497
Autobus,8365,4,525,Dw. Centralny,1 min przed czasem,Pożaryskiego 01,,2024-12-25 13:08:05.226497
Autobus,8456,4,112,Nowe Bemowo,1 min przed czasem,Szpital Bródnowski 04,,2024-12-25 13:08:05.226497
Autobus,9829,6,502,Metro Politechnika,1 min przed czasem,Stara Miłosna (Graniczna) 02,,2024-12-25 13:08:05.226497
Autobus,7248,1,177,Os. Górczewska,1 min przed czasem,Hala Wola 02,,2024-12-25 13:08:05.226497
Autobus,9505,1,159,Małe Siekierki,1 min przed czasem,Pl. Konstytucji 03,,2024-12-25 13:08:05.226497
Autobus,9549,1,743,Os. Górczewska,1 min przed czasem,Umiastów 01,,2024-12-25 13:08:05.226497
Autobus,9808,3,185,CH Ursynów,1 min przed czasem,Gwiaździsta 04,,2024-12-25 13:08:05.226497
Autobus,1072,1,108,Pl. Trzech Krzyży,1 min przed czasem,Bartycka 02,,2024-12-25 13:08:05.226497
Autobus,9907,1,114,Bródno-Podgrodzie,1 min przed czasem,Sokratesa 01,,2024-12-25 13:08:05.226497
Autobus,5883,1,127,Nowe Włochy,1 min przed czasem,Biblioteka Uniwersytecka 01,,2024-12-25 13:08:05.226497
Autobus,5455,7,509,Winnica,1 min przed czasem,Rondo Starzyńskiego 10,,2024-12-25 13:08:05.226497
Autobus,7732,1,151,Pl. Konstytucji,1 min przed czasem,Rechniewskiego 01,,2024-12-25 13:08:05.226497
Tramwaj,3270,10,33,Metro Młociny,1 min przed czasem,Rondo ONZ 04,,2024-12-25 13:08:05.226497
Autobus,7744,1,704,Wiatraczna,1 min przed czasem,Nowy Konik Terespolska 01,,2024-12-25 13:08:05.226497
Autobus,1206,428,727,Metro Wilanowska,1 min przed czasem,Piaseczno Kusocińskiego 02,,2024-12-25 13:08:05.226497
Autobus,4233,2,194,PKP Gołąbki,1 min przed czasem,PKP Ursus-Niedźwiadek 02,,2024-12-25 13:08:05.226497
Autobus,1546,449,147,Stara Miłosna (Ułańska),1 min przed czasem,Rogatkowa 02,,2024-12-25 13:08:05.226497
Autobus,4526,5,220,Opacz-Kolonia Rebusowa,1 min przed czasem,Widawska 02,,2024-12-25 13:08:05.226497
Autobus,5934,602,111,Gocław,1 min przed czasem,Brazylijska 01,,2024-12-25 13:08:05.226497
Autobus,9081,1,104,Brzeziny,1 min przed czasem,Juranda ze Spychowa-Szkoła 01,,2024-12-25 13:08:05.226497
Tramwaj,4275,4,2,Metro Młociny,1 min przed czasem,Zajezdnia Żoliborz 06,,2024-12-25 13:08:05.226497
Autobus,7246,1,703,Kosów,1 min przed czasem,Kajetany Modra 02,,2024-12-25 13:08:05.226497
Autobus,3442,3,509,Gocław,1 min przed czasem,Dw. Wileński 01,,2024-12-25 13:08:05.226497
Autobus,8365,4,525,Dw. Centralny,1 min przed czasem,Pożaryskiego 01,,2024-12-25 13:08:05.226497
Autobus,8456,4,112,Nowe Bemowo,1 min przed czasem,Szpital Bródnowski 04,,2024-12-25 13:08:05.226497
Autobus,9829,6,502,Metro Politechnika,1 min przed czasem,Stara Miłosna (Graniczna) 02,,2024-12-25 13:08:05.226497
Autobus,7248,1,177,Os. Górczewska,1 min przed czasem,Hala Wola 02,,2024-12-25 13:08:05.226497
Autobus,9505,1,159,Małe Siekierki,1 min przed czasem,Pl. Konstytucji 03,,2024-12-25 13:08:05.226497
Autobus,9549,1,743,Os. Górczewska,1 min przed czasem,Umiastów 01,,2024-12-25 13:08:05.226497
Tramwaj,4275,4,2,Metro Młociny,1 min przed czasem,Zajezdnia Żoliborz 06,,2024-12-25 13:08:05.226497
Autobus,7246,1,703,Kosów,1 min przed czasem,Kajetany Modra 02,,2024-12-25 13:08:05.226497
Autobus,9524,2,103,Metro Młociny,1 min przed czasem,Sołtyka 02,,2024-12-25 13:08:05.226497
Tramwaj,3129,21,1,Annopol,1 min przed czasem,Baseny Inflancka 03,,2024-12-25 13:08:05.226497
Autobus,1523,1,702,Otwock Orla,1 min przed czasem,Otwock Park Miejski 02,,2024-12-25 13:08:05.226497
Autobus,9509,1,178,Konwiktorska,1 min przed czasem,Popularna 01,,2024-12-25 13:08:05.226497
Autobus,9847,4,710,Os. Kabaty,1 min przed czasem,Konstancin-Jeziorna Południowa 02,,2024-12-25 13:08:05.226497
Autobus,7239,1,105,Os. Górczewska,1 min przed czasem,Batalionów Chłopskich 02,,2024-12-25 13:08:05.226497
Tramwaj,4006,5,28,Dw. Wschodni (Kijowska),1 min przed czasem,Park Traugutta 05,,2024-12-25 13:08:05.226497
Tramwaj,4275,4,2,Metro Młociny,1 min przed czasem,Zajezdnia Żoliborz 06,,2024-12-25 13:08:05.226497
Autobus,5947,10,116,Chomiczówka,1 min przed czasem,Centrum 04,,2024-12-25 13:08:05.226497
Tramwaj,4101,8,17,Winnica,1 min przed czasem,Myśliborska 06,,2024-12-25 13:08:05.226497
Autobus,1903,5,106,Mariensztat,1 min przed czasem,Płocka-Szpital 03,,2024-12-25 13:08:05.226497
Autobus,5883,1,127,Nowe Włochy,1 min przed czasem,Zajęcza 01,,2024-12-25 13:08:05.226497
Autobus,5890,2,503,Konwiktorska,1 min przed czasem,Ursynów Płn. 02,,2024-12-25 13:08:05.226497
Autobus,9520,51,737,Antoninów Cm. Południowy-Brama Płd.,1 min przed czasem,Kolonia Lesznowola Postępu 03,,2024-12-25 13:08:05.226497
Autobus,1072,1,108,Pl. Trzech Krzyży,1 min przed czasem,Szwoleżerów 04,,2024-12-25 13:08:05.226497
Autobus,4421,5,138,Utrata,1 min przed czasem,Dworkowa 02,,2024-12-25 13:08:05.226497
Autobus,9073,458,211,Żerań FSO,2 min przed czasem,Milenijna 02,,2024-12-25 13:08:05.226497
Autobus,5459,2,140,Metro Trocka,2 min przed czasem,Ząbki Wolności 01,,2024-12-25 13:08:05.226497
Tramwaj,3813,3,23,Czynszowa,2 min przed czasem,Kino Femina 05,,2024-12-25 13:08:05.226497
Autobus,5978,2,518,Bielańska,2 min przed czasem,Metro Marymont 01,,2024-12-25 13:08:05.226497
Tramwaj,4232,1,16,Piaski,2 min przed czasem,Centrum 08,,2024-12-25 13:08:05.226497
Autobus,7225,M6,172,Sadyba,2 min przed czasem,Wołoska 05,,2024-12-25 13:08:05.226497
Autobus,1810,343,166,Os. Kabaty,2 min przed czasem,SGGW-Rektorat 01,,2024-12-25 13:08:05.226497
Autobus,7230,1,711,P+R Al. Krakowska,2 min przed czasem,Stoicka 01,,2024-12-25 13:08:05.226497
Autobus,7863,9,148,Wiatraczna,2 min przed czasem,SGGW-Rektorat 02,,2024-12-25 13:08:05.226497
Tramwaj,3272,4,4,Wyścigi,2 min przed czasem,Dw. Wileński 03,,2024-12-25 13:08:05.226497
Autobus,9340,1,198,PKP Wesoła,2 min przed czasem,Stara Miłosna (Ułańska) 01,,2024-12-25 13:08:05.226497
Autobus,9940,4,114,Młociny-UKSW,2 min przed czasem,Suzina 02,,2024-12-25 13:08:05.226497
Autobus,2021,4,709,Metro Wilanowska,2 min przed czasem,Piaseczno Dworcowa 01,,2024-12-25 13:08:05.226497
Autobus,4205,1,717,Dw. Zachodni,2 min przed czasem,Dw. Zachodni 06,,2024-12-25 13:08:05.226497
Autobus,5892,5,503,Natolin Płn.,2 min przed czasem,Dolna 51,,2024-12-25 13:08:05.226497
Autobus,9946,3,186,Szczęśliwice,2 min przed czasem,Park Olszyna 06,,2024-12-25 13:08:05.226497
Autobus,5958,9,180,Chomiczówka,2 min przed czasem,Krucza 02,,2024-12-25 13:08:05.226497
Autobus,1535,3,251,Konstancin-Jeziorna Pańska,2 min przed czasem,Konstancin-Jeziorna Południowa 01,,2024-12-25 13:08:05.226497
Autobus,9069,459,211,Kępa Tarchomińska,2 min przed czasem,Kalenica 01,,2024-12-25 13:08:05.226497
Autobus,9327,2,142,Aleksandrów,1 min przed czasem,Podkowy 02,,2024-12-25 13:08:05.226497
Autobus,4207,3,713,Koprki Agricoop,1 min przed czasem,Jawczyce 02,,2024-12-25 13:08:05.226497
Tramwaj,3272,4,4,Wyścigi,2 min przed czasem,Dw. Wileński 03,,2024-12-25 13:08:05.226497
Tramwaj,4232,1,16,Piaski,2 min przed czasem,Centrum 08,,2024-12-25 13:08:05.226497
Autobus,4422,1,240,Metro Kondratowicza,2 min przed czasem,Okrągła 01,,2024-12-25 13:08:05.226497
Autobus,9073,458,211,Żerań FSO,2 min przed czasem,Milenijna 02,,2024-12-25 13:08:05.226497
Autobus,5459,2,140,Metro Trocka,2 min przed czasem,Ząbki Wolności 01,,2024-12-25 13:08:05.226497
Autobus,5978,2,518,Bielańska,2 min przed czasem,Metro Marymont 01,,2024-12-25 13:08:05.226497
Autobus,7225,M6,172,Sadyba,2 min przed czasem,Wołoska 05,,2024-12-25 13:08:05.226497
Autobus,1810,343,166,Os. Kabaty,2 min przed czasem,SGGW-Rektorat 01,,2024-12-25 13:08:05.226497
Autobus,7230,1,711,P+R Al. Krakowska,2 min przed czasem,Stoicka 01,,2024-12-25 13:08:05.226497
Autobus,7863,9,148,Wiatraczna,2 min przed czasem,SGGW-Rektorat 02,,2024-12-25 13:08:05.226497
Autobus,9340,1,198,PKP Wesoła,2 min przed czasem,Stara Miłosna (Ułańska) 01,,2024-12-25 13:08:05.226497
Autobus,9940,4,114,Młociny-UKSW,2 min przed czasem,Suzina 02,,2024-12-25 13:08:05.226497
Autobus,2021,4,709,Metro Wilanowska,2 min przed czasem,Piaseczno Dworcowa 01,,2024-12-25 13:08:05.226497
Autobus,4205,1,717,Dw. Zachodni,2 min przed czasem,Dw. Zachodni 06,,2024-12-25 13:08:05.226497
Autobus,5892,5,503,Natolin Płn.,2 min przed czasem,Dolna 51,,2024-12-25 13:08:05.226497
Autobus,9946,3,186,Szczęśliwice,2 min przed czasem,Park Olszyna 06,,2024-12-25 13:08:05.226497
Autobus,5958,9,180,Chomiczówka,2 min przed czasem,Krucza 02,,2024-12-25 13:08:05.226497
Autobus,8324,2,131,Dw. Centralny,2 min przed czasem,Dw. Centralny 25,,2024-12-25 13:08:05.226497
Autobus,5871,406,128,Szczęśliwice,2 min przed czasem,Pl. Zawiszy 15,,2024-12-25 13:08:05.226497
Autobus,4429,8,122,Os. Górczewska,2 min przed czasem,Gwiaździsta 01,,2024-12-25 13:08:05.226497
Autobus,5442,65,705,Metro Marymont,2 min przed czasem,Białobrzegi AMW Rewita 01,,2024-12-25 13:08:05.226497
Autobus,9512,653,714,Koczargi Stare,2 min przed czasem,Metro Bemowo 02,,2024-12-25 13:08:05.226497
Autobus,7863,9,148,Wiatraczna,2 min przed czasem,SGGW-Rektorat 02,,2024-12-25 13:08:05.226497
Tramwaj,4007,3,15,Marymont-Potok,2 min przed czasem,Pl. Wilsona 14,,2024-12-25 13:08:05.226497
Autobus,4322,3,152,Tarchomin,2 min przed czasem,Ołówkowa 01,,2024-12-25 13:08:05.226497
Tramwaj,3644,5,11,Sielce,2 min przed czasem,Spacerowa 05,,2024-12-25 13:08:05.226497
Autobus,5910,2,158,Witolin,2 min przed czasem,Śmigłowca 01,,2024-12-25 13:08:05.226497
Autobus,1413,6,141,Witolin,2 min przed czasem,Gdecka 01,,2024-12-25 13:08:05.226497
Autobus,5929,403,175,Lotnisko Chopina,2 min przed czasem,Sasanki 01,,2024-12-25 13:08:05.226497
Autobus,8523,5,709,PKP Piaseczno,2 min przed czasem,Piaseczno Iwiczna 01,,2024-12-25 13:08:05.226497
Tramwaj,4019,4,15,Marymont-Potok,3 min przed czasem,Hoża 04,,2024-12-25 13:08:05.226497
Autobus,1537,7,141,Witolin,3 min przed czasem,Zakrzewska 01,,2024-12-25 13:08:05.226497
Autobus,7215,8,523,PKP Olszynka Grochowska,3 min przed czasem,Marszałkowska 01,,2024-12-25 13:08:05.226497
Autobus,9503,5,103,Brylowska,3 min przed czasem,Metro Młociny 01,,2024-12-25 13:08:05.226497
Autobus,70007,694,L24,Konstancin-Jeziorna Wierzbnowska,3 min przed czasem,Piaseczno Urząd Miasta 03,,2024-12-25 13:08:05.226497
Autobus,4244,4,122,Gwiaździsta,3 min przed czasem,Os. Górczewska 01,,2024-12-25 13:08:05.226497
Autobus,8523,5,709,PKP Piaseczno,2 min przed czasem,Piaseczno Iwiczna 01,,2024-12-25 13:08:05.226497
Tramwaj,4019,4,15,Marymont-Potok,3 min przed czasem,Hoża 04,,2024-12-25 13:08:05.226497
Autobus,1537,7,141,Witolin,3 min przed czasem,Zakrzewska 01,,2024-12-25 13:08:05.226497
Autobus,7215,8,523,PKP Olszynka Grochowska,3 min przed czasem,Marszałkowska 01,,2024-12-25 13:08:05.226497
Autobus,9503,5,103,Brylowska,3 min przed czasem,Metro Młociny 01,,2024-12-25 13:08:05.226497
Autobus,70007,694,L24,Konstancin-Jeziorna Wierzbnowska,3 min przed czasem,Piaseczno Urząd Miasta 03,,2024-12-25 13:08:05.226497
Autobus,4244,4,122,Gwiaździsta,3 min przed czasem,Os. Górczewska 01,,2024-12-25 13:08:05.226497
Autobus,5240,2,105,Os. Górczewska,3 min przed czasem,Jana Kazimierza 02,,2024-12-25 13:08:05.226497
Autobus,9850,6,167,Stare Bemowo,3 min przed czasem,Ordona-WSA 02,,2024-12-25 13:08:05.226497
Autobus,4424,2,166,Pl. Hallera,3 min przed czasem,Pl. Trzech Krzyży 02,,2024-12-25 13:08:05.226497
Autobus,6240,9,523,PKP Olszynka Grochowska,3 min przed czasem,PKP Wola (Kasprzaka) 05,,2024-12-25 13:08:05.226497
Autobus,9801,1,167,Siekierki-Sanktuarium,3 min przed czasem,Spacerowa 03,,2024-12-25 13:08:05.226497
Autobus,6239,3,184,Szczęśliwice,4 min przed czasem,Szczęśliwicka 03,,2024-12-25 13:08:05.226497
Tramwaj,4205,2,2,Winnica,4 min przed czasem,Metro Młociny 28,,2024-12-25 13:08:05.226497
Autobus,2217,6,136,Natolin Płn.,5 min przed czasem,Miklaszewskiego 03,,2024-12-25 13:08:05.226497
Autobus,15087,1,L11,Nowy Dwór Mazowiecki Urząd Miasta,5 min przed czasem,Nowy Dwór Mazowiecki Okunin 02,,2024-12-25 13:08:05.226497
Autobus,1209,422,727,Władysławów,5 min przed czasem,Głosków-Zielone 01,,2024-12-25 13:08:05.226497
Autobus,9522,53,715,Ursynów Płn.,6 min przed czasem,Dunikowskiego 01,,2024-12-25 13:08:05.226497
Autobus,7817,7,523,PKP Olszynka Grochowska,6 min przed czasem,Osiedle Młodych 02,,2024-12-25 13:08:05.226497
Autobus,5929,403,175,Lotnisko Chopina,3 min przed czasem,Sasanki 01,,2024-12-25 13:08:05.226497
Autobus,5873,404,175,Lotnisko Chopina,3 min przed czasem,Centrum 06,,2024-12-25 13:08:05.226497
Autobus,5240,2,105,Os. Górczewska,3 min przed czasem,Jana Kazimierza 02,,2024-12-25 13:08:05.226497
Autobus,7215,8,523,PKP Olszynka Grochowska,3 min przed czasem,Marszałkowska 01,,2024-12-25 13:08:05.226497
Autobus,6239,3,184,Szczęśliwice,3 min przed czasem,Szczęśliwicka 03,,2024-12-25 13:08:05.226497
Autobus,4424,2,166,Pl. Hallera,3 min przed czasem,Pl. Trzech Krzyży 02,,2024-12-25 13:08:05.226497
Autobus,6240,9,523,PKP Olszynka Grochowska,3 min przed czasem,PKP Wola (Kasprzaka) 05,,2024-12-25 13:08:05.226497
Autobus,9801,1,167,Siekierki-Sanktuarium,3 min przed czasem,Spacerowa 03,,2024-12-25 13:08:05.226497
Autobus,9850,6,167,Stare Bemowo,3 min przed czasem,Ordona-WSA 02,,2024-12-25 13:08:05.226497
Tramwaj,4205,2,2,Winnica,4 min przed czasem,Metro Młociny 28,,2024-12-25 13:08:05.226497
Autobus,15087,1,L11,Nowy Dwór Mazowiecki Urząd Miasta,5 min przed czasem,Nowy Dwór Mazowiecki Przemysłowa 02,,2024-12-25 13:08:05.226497
Autobus,2217,6,136,Natolin Płn.,5 min przed czasem,Miklaszewskiego 03,,2024-12-25 13:08:05.226497
Autobus,1209,422,727,Władysławów,5 min przed czasem,Głosków-Zielone 01,,2024-12-25 13:08:05.226497
Tramwaj,3127,26,17,PKP Służewiec,6 min przed czasem,Metro Marymont 03,,2024-12-25 13:08:05.226497
Autobus,7817,7,523,PKP Olszynka Grochowska,6 min przed czasem,Chłopickiego 02,,2024-12-25 13:08:05.226497
Autobus,8885,M9,189,Sadyba,6 min przed czasem,Os. Górczewska 01,,2024-12-25 13:08:05.226497
Autobus,9522,53,715,Ursynów Płn.,6 min przed czasem,Metro Stokłosy 04,,2024-12-25 13:08:05.226497
Autobus,4215,4,154,P+R Al. Krakowska,7 min przed czasem,Dw. Zachodni 01,,2024-12-25 13:08:05.226497
Autobus,1069,2,108,Łososiowa,7 min przed czasem,Pl. Trzech Krzyży 02,,2024-12-25 13:08:05.226497
Autobus,777,3,150,Metro Młociny,3 min przed czasem,Dziekanów Leśny 01,,2024-12-25 13:08:05.226497
Autobus,5929,403,175,Lotnisko Chopina,3 min przed czasem,Sasanki 01,,2024-12-25 13:08:05.226497
Autobus,5873,404,175,Lotnisko Chopina,3 min przed czasem,Centrum 06,,2024-12-25 13:08:05.226497
Autobus,5240,2,105,Os. Górczewska,3 min przed czasem,Jana Kazimierza 02,,2024-12-25 13:08:05.226497
Autobus,7215,8,523,PKP Olszynka Grochowska,3 min przed czasem,Marszałkowska 01,,2024-12-25 13:08:05.226497
Autobus,6239,3,184,Szczęśliwice,3 min przed czasem,Szczęśliwicka 03,,2024-12-25 13:08:05.226497
Autobus,4424,2,166,Pl. Hallera,3 min przed czasem,Pl. Trzech Krzyży 02,,2024-12-25 13:08:05.226497
Autobus,6240,9,523,PKP Olszynka Grochowska,3 min przed czasem,PKP Wola (Kasprzaka) 05,,2024-12-25 13:08:05.226497
Autobus,9801,1,167,Siekierki-Sanktuarium,3 min przed czasem,Spacerowa 03,,2024-12-25 13:08:05.226497
Autobus,9850,6,167,Stare Bemowo,3 min przed czasem,Ordona-WSA 02,,2024-12-25 13:08:05.226497
Tramwaj,4205,2,2,Winnica,4 min przed czasem,Metro Młociny 28,,2024-12-25 13:08:05.226497
Autobus,15087,1,L11,Nowy Dwór Mazowiecki Urząd Miasta,5 min przed czasem,Nowy Dwór Mazowiecki Przemysłowa 02,,2024-12-25 13:08:05.226497
Autobus,2217,6,136,Natolin Płn.,5 min przed czasem,Miklaszewskiego 03,,2024-12-25 13:08:05.226497
Autobus,1209,422,727,Władysławów,5 min przed czasem,Głosków-Zielone 01,,2024-12-25 13:08:05.226497
Tramwaj,3127,26,17,PKP Służewiec,6 min przed czasem,Metro Marymont 03,,2024-12-25 13:08:05.226497
Autobus,7817,7,523,PKP Olszynka Grochowska,6 min przed czasem,Chłopickiego 02,,2024-12-25 13:08:05.226497
Autobus,8885,M9,189,Sadyba,6 min przed czasem,Os. Górczewska 01,,2024-12-25 13:08:05.226497
Autobus,9522,53,715,Ursynów Płn.,6 min przed czasem,Metro Stokłosy 04,,2024-12-25 13:08:05.226497
Autobus,4215,4,154,P+R Al. Krakowska,7 min przed czasem,Dw. Zachodni 01,,2024-12-25 13:08:05.226497
