Type,Vehicle No,Brigade,Route,Trip Headsign,Delay,Stop Name,Outside,Timestamp
Autobus,5974,438,180,Wilanów,9 min,Łowcza 01,,2024-12-25 21:05:47.652919
Tramwaj,4219,1,11,Cm. Wolski,8 min,Cm. Wolski 05,,2024-12-25 21:05:47.652919
Autobus,1903,5,106,Ostroroga,7 min,Płocka-Szpital 04,,2024-12-25 21:05:47.652919
Autobus,9948,6,190,Znana,7 min,Antka Rozpylacza 02,,2024-12-25 21:05:47.652919
Tramwaj,4285,10,16,Miasteczko Wilanów,7 min,Czarnomorska 03,,2024-12-25 21:05:47.652919
Autobus,5927,6,503,Konwiktorska,6 min,Nowoursynowska 02,,2024-12-25 21:05:47.652919
Autobus,9811,8,185,CH Ursynów,6 min,Strzeleckiego 01,,2024-12-25 21:05:47.652919
Tramwaj,4278,6,33,Metro Młociny,4 min,Metro Młociny 05,,2024-12-25 21:05:47.652919
Autobus,5977,4,503,Konwiktorska,4 min,Park Traugutta 03,,2024-12-25 21:05:47.652919
Autobus,4415,2,122,Gwiaździsta,4 min,Drohicka 02,,2024-12-25 21:05:47.652919
Autobus,5871,406,128,Szczęśliwice,4 min,Dickensa 05,,2024-12-25 21:05:47.652919
Autobus,5964,1,116,Wilanów,4 min,Św. Bonifacego 59,,2024-12-25 21:05:47.652919
Pociąg,2032,,WKD,,4 min,,,2024-12-25 21:05:47.652919
Autobus,9912,496,184,Metro Młociny,4 min,Wrocławska 01,,2024-12-25 21:05:47.652919
Tramwaj,3206,4,24,Nowe Bemowo,4 min,Radiowa 06,,2024-12-25 21:05:47.652919
Autobus,6237,3,189,Os. Górczewska,4 min,Synów Pułku 02,,2024-12-25 21:05:47.652919
Autobus,3449,3,162,Pl. Hallera,4 min,Metro Centrum Nauki Kopernik 03,,2024-12-25 21:05:47.652919
Autobus,5887,401,175,Pl. Piłsudskiego,4 min,Królewska 03,,2024-12-25 21:05:47.652919
Autobus,3442,3,509,Winnica,3 min,Żerań FSO 02,,2024-12-25 21:05:47.652919
Autobus,8463,6,112,CH Marki,4 min,Szpital Bródnowski 02,,2024-12-25 21:05:47.652919
Pociąg,2032,,WKD,,4 min,,,2024-12-25 21:05:47.652919
Tramwaj,3206,4,24,Nowe Bemowo,4 min,Radiowa 06,,2024-12-25 21:05:47.652919
Autobus,5977,4,503,Konwiktorska,4 min,Park Traugutta 03,,2024-12-25 21:05:47.652919
Autobus,9912,496,184,Metro Młociny,4 min,Nowe Bemowo 01,,2024-12-25 21:05:47.652919
Autobus,6237,3,189,Os. Górczewska,4 min,Synów Pułku 02,,2024-12-25 21:05:47.652919
Autobus,4429,8,122,Os. Górczewska,4 min,Pl. Wilsona 03,,2024-12-25 21:05:47.652919
Tramwaj,3825,4,20,Boernerowo,4 min,Boernerowo 01,,2024-12-25 21:05:47.652919
Autobus,9918,498,186,Szczęśliwice,4 min,Park Kaskada 06,,2024-12-25 21:05:47.652919
Autobus,8526,371,174,Rondo ONZ,3 min,Jadźwingów 02,,2024-12-25 21:05:47.652919
Autobus,15082,1,L34,Olszewnica Stara,3 min,Olszewnica Stara Polna 02,,2024-12-25 21:05:47.652919
Autobus,3442,3,509,Winnica,3 min,Żerań FSO 02,,2024-12-25 21:05:47.652919
Autobus,8591,2,509,Winnica,3 min,Mehoffera 02,,2024-12-25 21:05:47.652919
Autobus,3449,3,162,Pl. Hallera,3 min,Most Świętokrzyski 02,,2024-12-25 21:05:47.652919
Autobus,9803,1,185,CH Ursynów,3 min,Chełmska 01,,2024-12-25 21:05:47.652919
Autobus,4413,1,197,Cm. Wolski,3 min,Kochanowskiego 01,,2024-12-25 21:05:47.652919
Tramwaj,4103,4,17,PKP Służewiec,3 min,Winnica 05,,2024-12-25 21:05:47.652919
Tramwaj,3241,7,26,Zjazd do zajezdni Żoliborz,3 min,Metro Ratusz Arsenał 10,,2024-12-25 21:05:47.652919
Autobus,9825,2,719,Metro Bemowo,3 min,Zaborów-Szkoła 02,,2024-12-25 21:05:47.652919
Autobus,3442,3,509,Winnica,3 min,Żerań FSO 02,,2024-12-25 21:05:47.652919
Autobus,8591,2,509,Winnica,3 min,Mehoffera 02,,2024-12-25 21:05:47.652919
Autobus,3449,3,162,Pl. Hallera,3 min,Most Świętokrzyski 02,,2024-12-25 21:05:47.652919
Autobus,9803,1,185,CH Ursynów,3 min,Chełmska 01,,2024-12-25 21:05:47.652919
Autobus,4413,1,197,Cm. Wolski,3 min,Kochanowskiego 01,,2024-12-25 21:05:47.652919
Tramwaj,4103,4,17,PKP Służewiec,3 min,Winnica 05,,2024-12-25 21:05:47.652919
Tramwaj,3241,7,26,Zjazd do zajezdni Żoliborz,3 min,Metro Ratusz Arsenał 10,,2024-12-25 21:05:47.652919
Autobus,9825,2,719,Metro Bemowo,3 min,Zaborów-Szkoła 02,,2024-12-25 21:05:47.652919
Tramwaj,3221,3,33,Kielecka,3 min,Metro Młociny 06,,2024-12-25 21:05:47.652919
Autobus,3403,2,120,Dw. Wschodni (Kijowska),3 min,Podwójna 01,,2024-12-25 21:05:47.652919
Tramwaj,4260,5,2,Winnica,3 min,Tarchomin 06,,2024-12-25 21:05:47.652919
Autobus,9344,643,245,Bródno-Podgrodzie,3 min,Ząbki Cmentarz 02,,2024-12-25 21:05:47.652919
Tramwaj,4211,3,2,Metro Młociny,3 min,Śreniawitów 01,,2024-12-25 21:05:47.652919
Autobus,2014,6,148,Wiatraczna,3 min,Miklaszewskiego 03,,2024-12-25 21:05:47.652919
Autobus,5926,2,180,Chomiczówka,2 min,Conrada 04,,2024-12-25 21:05:47.652919
Tramwaj,4232,1,16,Piaski,2 min,Rondo „Radosława” 10,,2024-12-25 21:05:47.652919
Autobus,9825,2,719,Metro Bemowo,3 min,Zaborów-Szkoła 02,,2024-12-25 21:05:47.652919
Tramwaj,4260,5,2,Winnica,3 min,Tarchomin 06,,2024-12-25 21:05:47.652919
Autobus,9344,643,245,Bródno-Podgrodzie,3 min,Ząbki Cmentarz 02,,2024-12-25 21:05:47.652919
Autobus,2014,6,148,Wiatraczna,3 min,Miklaszewskiego 03,,2024-12-25 21:05:47.652919
Tramwaj,4211,3,2,Metro Młociny,2 min,Śreniawitów 01,,2024-12-25 21:05:47.652919
Tramwaj,4232,1,16,Piaski,2 min,Rondo „Radosława” 10,,2024-12-25 21:05:47.652919
Autobus,4239,4,220,Opacz-Kolonia Rebusowa,2 min,Człuchowska 01,,2024-12-25 21:05:47.652919
Autobus,1415,434,146,Falenica,2 min,Wersalska 01,,2024-12-25 21:05:47.652919
Autobus,9812,5,185,Gwiaździsta,2 min,Chełmska 02,,2024-12-25 21:05:47.652919
Autobus,5896,8,503,Natolin Płn.,2 min,Warchałowskiego 01,,2024-12-25 21:05:47.652919
Autobus,8519,3,148,Wiatraczna,2 min,Gocław 06,,2024-12-25 21:05:47.652919
Autobus,6219,3,122,Gwiaździsta,2 min,Galla Anonima 01,,2024-12-25 21:05:47.652919
Autobus,9359,3,202,PKP Gocławek,2 min,Tor Kolarski 02,,2024-12-25 21:05:47.652919
Tramwaj,3249,5,9,P+R Al. Krakowska,2 min,Hynka 04,,2024-12-25 21:05:47.652919
Autobus,8452,7,145,Żerań FSO,2 min,Szymańskiego 02,,2024-12-25 21:05:47.652919
Tramwaj,3140,6,6,Gocławek,2 min,Zajezdnia Żoliborz 05,,2024-12-25 21:05:47.652919
Autobus,1427,1,115,PKP Mokry Ług,2 min,Lawinowa 02,,2024-12-25 21:05:47.652919
Autobus,5874,220,504,Os. Kabaty,2 min,Rybałtów 02,,2024-12-25 21:05:47.652919
Autobus,9252,472,203,Metro Młociny,2 min,Metro Młociny 17,,2024-12-25 21:05:47.652919
Autobus,8519,3,148,Wiatraczna,2 min,Gocław 06,,2024-12-25 21:05:47.652919
Autobus,6219,3,122,Gwiaździsta,2 min,Galla Anonima 01,,2024-12-25 21:05:47.652919
Autobus,4239,4,220,Opacz-Kolonia Rebusowa,2 min,Siemiatycka 01,,2024-12-25 21:05:47.652919
Autobus,9359,3,202,PKP Gocławek,2 min,Siennicka 02,,2024-12-25 21:05:47.652919
Autobus,6219,3,122,Gwiaździsta,2 min,Galla Anonima 01,,2024-12-25 21:05:47.652919
Autobus,8452,7,145,Żerań FSO,2 min,Szymańskiego 02,,2024-12-25 21:05:47.652919
Tramwaj,3140,6,6,Gocławek,2 min,Zajezdnia Żoliborz 05,,2024-12-25 21:05:47.652919
Autobus,5874,220,504,Os. Kabaty,2 min,Rybałtów 02,,2024-12-25 21:05:47.652919
Autobus,5912,408,175,Lotnisko Chopina,2 min,Metro Świętokrzyska 01,,2024-12-25 21:05:47.652919
Autobus,9919,2,114,Bródno-Podgrodzie,2 min,Rembielińska 02,,2024-12-25 21:05:47.652919
Autobus,1427,1,115,PKP Mokry Ług,2 min,Lawinowa 02,,2024-12-25 21:05:47.652919
Autobus,5919,610,111,Gocław,2 min,Pl. Bankowy 03,,2024-12-25 21:05:47.652919
Autobus,7844,3,143,Dw. Zachodni,2 min,Saska 01,,2024-12-25 21:05:47.652919
Autobus,5941,607,507,Dw. Centralny,2 min,Stacja Krwiodawstwa 04,,2024-12-25 21:05:47.652919
Autobus,1428,436,147,Dw. Wschodni (Lubelska),2 min,Kanał Nowe Ujście 02,,2024-12-25 21:05:47.652919
Autobus,8353,1,217,Natolin Płn.,2 min,Podbipięty 01,,2024-12-25 21:05:47.652919
Autobus,4231,1,194,Cm. Wolski,2 min,Władysława Hermana 02,,2024-12-25 21:05:47.652919
Autobus,5870,402,175,Pl. Piłsudskiego,2 min,Lotnisko Chopina-Przyloty 02,,2024-12-25 21:05:47.652919
Autobus,9945,7,190,Znana,2 min,Kino Femina 02,,2024-12-25 21:05:47.652919
Autobus,5919,610,111,Gocław,2 min,Pl. Bankowy 03,,2024-12-25 21:05:47.652919
Autobus,7844,3,143,Dw. Zachodni,2 min,Saska 01,,2024-12-25 21:05:47.652919
Autobus,5941,607,507,Dw. Centralny,2 min,Stacja Krwiodawstwa 04,,2024-12-25 21:05:47.652919
Autobus,1428,436,147,Dw. Wschodni (Lubelska),2 min,Kanał Nowe Ujście 02,,2024-12-25 21:05:47.652919
Autobus,8353,1,217,Natolin Płn.,2 min,Podbipięty 01,,2024-12-25 21:05:47.652919
Autobus,4231,1,194,Cm. Wolski,2 min,Władysława Hermana 02,,2024-12-25 21:05:47.652919
Autobus,5870,402,175,Pl. Piłsudskiego,2 min,Lotnisko Chopina-Przyloty 02,,2024-12-25 21:05:47.652919
Autobus,9945,7,190,Znana,2 min,Kino Femina 02,,2024-12-25 21:05:47.652919
Autobus,5939,608,111,Gocław,2 min,Gocław 02,,2024-12-25 21:05:47.652919
Autobus,3412,2,738,P+R Radzymin,2 min,Bystra 02,,2024-12-25 21:05:47.652919
Tramwaj,4234,2,11,Cm. Wolski,2 min,Rondo ONZ 08,,2024-12-25 21:05:47.652919
Tramwaj,3120,7,9,P+R Al. Krakowska,2 min,Wspólna Droga 03,,2024-12-25 21:05:47.652919
Autobus,1204,632,218,Metro Wilanowska,2 min,Królikarnia 08,,2024-12-25 21:05:47.652919
Autobus,6202,2,177,Os. Górczewska,2 min,PKP Ursus Płn. 02,,2024-12-25 21:05:47.652919
Autobus,5981,4,518,Nowodwory,2 min,Płochocińska 02,,2024-12-25 21:05:47.652919
Autobus,7229,6,191,Regulska,1 min,Bitwy Warszawskiej 1920 r. 06,,2024-12-25 21:05:47.652919
Autobus,7249,6,122,Os. Górczewska,1 min,Orlich Gniazd 02,,2024-12-25 21:05:47.652919
Autobus,7759,2,143,Dw. Zachodni,1 min,Dw. Zachodni 03,,2024-12-25 21:05:47.652919
Autobus,8552,2,162,EC Siekierki,1 min,Książęca 01,,2024-12-25 21:05:47.652919
Tramwaj,3253,8,10,Wyścigi,1 min,Klemensiewicza 03,,2024-12-25 21:05:47.652919
Autobus,1206,428,727,Metro Wilanowska,1 min,Piaseczno Pomorska 02,,2024-12-25 21:05:47.652919
Autobus,5994,9,503,Natolin Płn.,1 min,Warneńska 01,,2024-12-25 21:05:47.652919
Autobus,5928,1,158,CH Reduta,1 min,Pl. Zawiszy 02,,2024-12-25 21:05:47.652919
Autobus,1068,3,130,Metro Wilanowska,1 min,Idzikowskiego 04,,2024-12-25 21:05:47.652919
Autobus,70002,2,L39,Mysiadło Dąbrówka,1 min,Piaseczno Kościelna 02,,2024-12-25 21:05:47.652919
Autobus,7215,8,523,Stare Bemowo,1 min,Stare Bemowo 02,,2024-12-25 21:05:47.652919
Autobus,5405,9,509,Nowodwory,1 min,Umińskiego 01,,2024-12-25 21:05:47.652919
Autobus,9822,3,710,Piaseczno Targowisko,1 min,Konstancin-Jeziorna Jasna 01,,2024-12-25 21:05:47.652919
Tramwaj,3262,543,1,Annopol,1 min,Wybrzeże Helskie 04,,2024-12-25 21:05:47.652919
Autobus,8809,4,138,Utrata,1 min,Madalińskiego 03,,2024-12-25 21:05:47.652919
Tramwaj,4237,3,11,Cm. Wolski,1 min,Sielecka 02,,2024-12-25 21:05:47.652919
Autobus,5425,3,112,Nowe Bemowo,1 min,Metro Słodowiec 04,,2024-12-25 21:05:47.652919
Autobus,9949,4,190,CH Marki,1 min,Znana 01,,2024-12-25 21:05:47.652919
Autobus,1814,1,123,Dw. Wschodni (Lubelska),1 min,Dwernickiego 02,,2024-12-25 21:05:47.652919
Autobus,9532,55,737,Ursynów Płn.,1 min,Antoninów Cm. Południowy-Brama Wsch. 01,,2024-12-25 21:05:47.652919
Autobus,70034,2,L-3,Jastrzębiec,1 min,Wólka Kosowska Wygoda 02,,2024-12-25 21:05:47.652919
Autobus,9312,1,202,Metro Stadion Narodowy,1 min,Mińska 01,,2024-12-25 21:05:47.652919
Autobus,9518,671,712,Klaudyn,1 min,Blizne Łaszczyńskiego Niska 02,,2024-12-25 21:05:47.652919
Autobus,1205,257,138,Bokserska,1 min,Korsaka 01,,2024-12-25 21:05:47.652919
Autobus,1206,428,727,Metro Wilanowska,1 min,Piaseczno Pomorska 02,,2024-12-25 21:05:47.652919
Autobus,8307,2,504,Os. Kabaty,1 min,Rakowiec 01,,2024-12-25 21:05:47.652919
Tramwaj,3122,1,7,Kawęczyńska-Bazylika,1 min,PKP Rakowiec 03,,2024-12-25 21:05:47.652919
Tramwaj,3166,6,9,P+R Al. Krakowska,1 min,Pl. Starynkiewicza 04,,2024-12-25 21:05:47.652919
Autobus,5994,9,503,Natolin Płn.,1 min,Warneńska 01,,2024-12-25 21:05:47.652919
Autobus,4327,1,152,Tarchomin,1 min,Ogrody Przyjaciół 01,,2024-12-25 21:05:47.652919
Tramwaj,3253,8,10,Wyścigi,1 min,Klemensiewicza 03,,2024-12-25 21:05:47.652919
Autobus,8809,4,138,Utrata,1 min,Madalińskiego 03,,2024-12-25 21:05:47.652919
Autobus,9532,55,737,Ursynów Płn.,1 min,Kuleszówka 01,,2024-12-25 21:05:47.652919
Autobus,1814,1,123,Dw. Wschodni (Lubelska),1 min,Dwernickiego 02,,2024-12-25 21:05:47.652919
Autobus,5425,3,112,Nowe Bemowo,1 min,Perzyńskiego 02,,2024-12-25 21:05:47.652919
Autobus,4244,4,122,Gwiaździsta,1 min,Czumy 02,,2024-12-25 21:05:47.652919
Autobus,8825,6,504,Dw. Centralny,1 min,Stryjeńskich 02,,2024-12-25 21:05:47.652919
Autobus,9312,1,202,Metro Stadion Narodowy,1 min,Mińska 01,,2024-12-25 21:05:47.652919
Autobus,5240,2,105,Rondo Daszyńskiego,1 min,Siemiatycka 01,,2024-12-25 21:05:47.652919
Autobus,7809,2,521,Wiatraczna,1 min,Pl. Szembeka 01,,2024-12-25 21:05:47.652919
Autobus,9346,644,199,Bródno-Podgrodzie,1 min,Zawodowa 02,,2024-12-25 21:05:47.652919
Autobus,9949,4,190,CH Marki,1 min,Antka Rozpylacza 01,,2024-12-25 21:05:47.652919
Autobus,5425,3,112,Nowe Bemowo,1 min,Perzyńskiego 02,,2024-12-25 21:05:47.652919
Autobus,4244,4,122,Gwiaździsta,1 min,Czumy 02,,2024-12-25 21:05:47.652919
Autobus,8825,6,504,Dw. Centralny,1 min,Stryjeńskich 02,,2024-12-25 21:05:47.652919
Autobus,9312,1,202,Metro Stadion Narodowy,1 min,Mińska 01,,2024-12-25 21:05:47.652919
Autobus,5240,2,105,Rondo Daszyńskiego,1 min,Siemiatycka 01,,2024-12-25 21:05:47.652919
Autobus,7809,2,521,Wiatraczna,1 min,Pl. Szembeka 01,,2024-12-25 21:05:47.652919
Autobus,9346,644,199,Bródno-Podgrodzie,1 min,Zawodowa 02,,2024-12-25 21:05:47.652919
Autobus,9949,4,190,CH Marki,1 min,Antka Rozpylacza 01,,2024-12-25 21:05:47.652919
Autobus,1809,4,166,Pl. Hallera,1 min,Lokajskiego 04,,2024-12-25 21:05:47.652919
Autobus,1118,5,166,Os. Kabaty,1 min,Raabego 03,,2024-12-25 21:05:47.652919
Tramwaj,3242,5,15,P+R Al. Krakowska,1 min,Bohomolca 03,,2024-12-25 21:05:47.652919
Autobus,9093,2,161,Olecka,1 min,Izbicka-Cmentarz 03,,2024-12-25 21:05:47.652919
Tramwaj,4010,5,22,Wiatraczna,1 min,Pl. Zawiszy 13,,2024-12-25 21:05:47.652919
Autobus,3412,2,738,P+R Radzymin,1 min,Ząbki Radzymińska 02,,2024-12-25 21:05:47.652919
Autobus,9949,4,190,CH Marki,1 min,Antka Rozpylacza 01,,2024-12-25 21:05:47.652919
Autobus,1206,428,727,Metro Wilanowska,1 min,PKP Piaseczno 02,,2024-12-25 21:05:47.652919
Autobus,9824,1,719,Leszno,1 min,Wojcieszyn Królowej Marysieńki 01,,2024-12-25 21:05:47.652919
Tramwaj,3253,8,10,Wyścigi,1 min,Metro Bemowo 07,,2024-12-25 21:05:47.652919
Autobus,9093,2,161,Olecka,1 min,Izbicka-Cmentarz 03,,2024-12-25 21:05:47.652919
Tramwaj,4010,5,22,Wiatraczna,1 min,Pl. Zawiszy 13,,2024-12-25 21:05:47.652919
Autobus,3412,2,738,P+R Radzymin,1 min,Ząbki Radzymińska 02,,2024-12-25 21:05:47.652919
Autobus,9949,4,190,CH Marki,1 min,Antka Rozpylacza 01,,2024-12-25 21:05:47.652919
Autobus,1068,3,130,Metro Wilanowska,1 min,Fort Piłsudskiego 02,,2024-12-25 21:05:47.652919
Autobus,1819,2,240,Marki Pustelnik,1 min,Marki Kościuszki 02,,2024-12-25 21:05:47.652919
Autobus,5403,3,140,Metro Trocka,1 min,Marki-Ratusz 01,,2024-12-25 21:05:47.652919
Autobus,5892,5,503,Konwiktorska,1 min,Centrum 04,,2024-12-25 21:05:47.652919
Tramwaj,3212,522,3,Gocławek,1 min,Ząbkowska 03,,2024-12-25 21:05:47.652919
Tramwaj,3283,5,26,Metro Młociny,0 min,Cm. Wawrzyszewski 04,,2024-12-25 21:05:47.652919
Autobus,4322,3,152,Os. Derby,0 min,Tarchomin 01,,2024-12-25 21:05:47.652919
Tramwaj,3260,7,17,Winnica,0 min,Rakowiecka-Sanktuarium 04,,2024-12-25 21:05:47.652919
Autobus,1523,1,702,Otwock Orla,0 min,Otwock Świdry Wielkie 02,,2024-12-25 21:05:47.652919
Autobus,5449,446,500,Bródno-Podgrodzie,0 min,Rogowska 02,,2024-12-25 21:05:47.652919
Autobus,70034,2,L-3,Jastrzębiec,0 min,Wólka Kosowska Wygoda 02,,2024-12-25 21:05:47.652919
Autobus,9518,671,712,Klaudyn,0 min,Blizne Łaszczyńskiego Fortowa 02,,2024-12-25 21:05:47.652919
Autobus,5449,446,500,Bródno-Podgrodzie,0 min,Rogowska 02,,2024-12-25 21:05:47.652919
Autobus,5892,5,503,Konwiktorska,0 min,Centrum 04,,2024-12-25 21:05:47.652919
Autobus,5932,6,116,Chomiczówka,0 min,Kwitnąca 01,,2024-12-25 21:05:47.652919
Autobus,70034,2,L-3,Jastrzębiec,0 min,Jabłonowo Kolonia Warszawska 02,,2024-12-25 21:05:47.652919
Tramwaj,3190,8,26,Zjazd do zajezdni Żoliborz,0 min,Międzyborska 03,,2024-12-25 21:05:47.652919
Autobus,7253,2,191,Pl. Narutowicza,0 min,Mikołajska 03,,2024-12-25 21:05:47.652919
Tramwaj,3219,541,1,Banacha,0 min,Poborzańska 01,,2024-12-25 21:05:47.652919
Autobus,1118,5,166,Os. Kabaty,0 min,Kiepury 01,,2024-12-25 21:05:47.652919
Autobus,7811,5,143,Dw. Zachodni,0 min,Czerwonych Beretów 01,,2024-12-25 21:05:47.652919
Autobus,9312,1,202,Metro Stadion Narodowy,0 min,Chodakowska 01,,2024-12-25 21:05:47.652919
Tramwaj,3130,5,24,Nowe Bemowo,0 min,Zajezdnia Wola 06,,2024-12-25 21:05:47.652919
Autobus,5978,2,518,Bielańska,0 min,Milenijna 01,,2024-12-25 21:05:47.652919
Autobus,9518,671,712,Klaudyn,0 min,Groty 02,,2024-12-25 21:05:47.652919
Autobus,1907,2,106,Ostroroga,0 min,Nowy Zjazd 01,,2024-12-25 21:05:47.652919
Autobus,3403,2,120,Dw. Wschodni (Kijowska),0 min,CH Targówek 01,,2024-12-25 21:05:47.652919
Autobus,5407,4,731,Legionowo Os. Młodych,0 min,Legionowo Urząd Miasta 01,,2024-12-25 21:05:47.652919
Autobus,5937,1,503,Natolin Płn.,0 min,Centrum 15,,2024-12-25 21:05:47.652919
Autobus,35132,688,L-5,Piaseczno Zgoda,0 min,Bobrowiec Bajeczna 02,,2024-12-25 21:05:47.652919
Autobus,3412,2,738,P+R Radzymin,0 min,Ząbki Wolności 02,,2024-12-25 21:05:47.652919
Tramwaj,3644,5,11,Sielce,0 min,Sowińskiego 01,,2024-12-25 21:05:47.652919
Autobus,1005,1,213,Gocław,0 min,Kosaćcowa 02,,2024-12-25 21:05:47.652919
Autobus,1421,2,173,Dw. Wschodni (Lubelska),0 min,Okularowa 01,,2024-12-25 21:05:47.652919
Tramwaj,3117,5,4,Wyścigi,0 min,Żerań Wschodni 01,,2024-12-25 21:05:47.652919
Tramwaj,3134,1,10,Wyścigi,0 min,Os. Górczewska 12,,2024-12-25 21:05:47.652919
Tramwaj,3137,7,22,Wiatraczna,0 min,Piaski 05,,2024-12-25 21:05:47.652919
Tramwaj,3146,545,1,Zjazd do zajezdni Annopol,0 min,Banacha 04,,2024-12-25 21:05:47.652919
Tramwaj,3149,542,1,Banacha,0 min,Annopol 03,,2024-12-25 21:05:47.652919
Tramwaj,3150,9,26,Zjazd do zajezdni Żoliborz,0 min,Wiatraczna 13,,2024-12-25 21:05:47.652919
Tramwaj,3157,8,9,P+R Al. Krakowska,0 min,Gocławek 05,,2024-12-25 21:05:47.652919
Tramwaj,3188,7,24,Nowe Bemowo,0 min,Gocławek 03,,2024-12-25 21:05:47.652919
Tramwaj,3191,3,22,Piaski,0 min,Wiatraczna 12,,2024-12-25 21:05:47.652919
Tramwaj,3210,2,7,Kawęczyńska-Bazylika,0 min,P+R Al. Krakowska 03,,2024-12-25 21:05:47.652919
Tramwaj,3226,544,1,Annopol,0 min,Rondo Daszyńskiego 06,,2024-12-25 21:05:47.652919
Tramwaj,3237,4,9,Gocławek,0 min,P+R Al. Krakowska 01,,2024-12-25 21:05:47.652919
Tramwaj,4013,3,28,Dw. Wschodni (Kijowska),0 min,Os. Górczewska 13,,2024-12-25 21:05:47.652919
Tramwaj,4101,8,17,Winnica,0 min,PKP Służewiec 13,,2024-12-25 21:05:47.652919
Tramwaj,4109,548,4,Żerań Wschodni,0 min,Wyścigi 06,,2024-12-25 21:05:47.652919
Tramwaj,4117,3,17,Zjazd do zajezdni Żoliborz,0 min,PKP Służewiec 13,,2024-12-25 21:05:47.652919
Tramwaj,3827,7,6,Gocławek,0 min,Metro Młociny 12,,2024-12-25 21:05:47.652919
Tramwaj,3828,3,6,Metro Młociny,0 min,Gocławek 04,,2024-12-25 21:05:47.652919
Tramwaj,4013,3,28,Dw. Wschodni (Kijowska),0 min,Os. Górczewska 13,,2024-12-25 21:05:47.652919
Tramwaj,4101,8,17,Winnica,0 min,PKP Służewiec 13,,2024-12-25 21:05:47.652919
Tramwaj,4109,548,4,Żerań Wschodni,0 min,Wyścigi 06,,2024-12-25 21:05:47.652919
Tramwaj,4117,3,17,Zjazd do zajezdni Żoliborz,0 min,PKP Służewiec 13,,2024-12-25 21:05:47.652919
Tramwaj,4208,5,10,Os. Górczewska,0 min,Wyścigi 07,,2024-12-25 21:05:47.652919
Tramwaj,4219,1,11,Zjazd do zajezdni Mokotów,0 min,Cm. Wolski 05,,2024-12-25 21:05:47.652919
Tramwaj,4221,14,16,Miasteczko Wilanów,0 min,Piaski 06,,2024-12-25 21:05:47.652919
Tramwaj,4225,9,16,Piaski,0 min,Miasteczko Wilanów 05,,2024-12-25 21:05:47.652919
Autobus,1066,3,164,Metro Wilanowska,0 min,Kępa Zawadowska 02,,2024-12-25 21:05:47.652919
Autobus,1202,261,166,Os. Kabaty,0 min,Pl. Hallera 18,,2024-12-25 21:05:47.652919
Autobus,1217,427,739,Piaseczno Julianowska-Cmentarz,0 min,Metro Wilanowska 17,,2024-12-25 21:05:47.652919
Autobus,1219,633,218,Metro Wierzbno,0 min,Metro Wilanowska 16,,2024-12-25 21:05:47.652919
Autobus,1220,423,739,Metro Wilanowska,0 min,Piaseczno Julianowska-Cmentarz 01,,2024-12-25 21:05:47.652919
Autobus,1430,2,183,Zielona,0 min,Wiatraczna 15,,2024-12-25 21:05:47.652919
Autobus,15082,1,L34,PKP Legionowo,0 min,Olszewnica Stara 01,,2024-12-25 21:05:47.652919
Autobus,15086,3,L-9,Wieliszew-Plaża,0 min,PKP Legionowo 01,,2024-12-25 21:05:47.652919
Autobus,15092,1,L41,PKP Legionowo,0 min,Nowy Dwór Mazowiecki Urząd Miasta 01,,2024-12-25 21:05:47.652919
Tramwaj,4278,6,33,Kielecka,0 min,Metro Młociny 15,,2024-12-25 21:05:47.652919
Autobus,1066,3,164,Metro Wilanowska,0 min,Kępa Zawadowska 02,,2024-12-25 21:05:47.652919
Autobus,1202,261,166,Os. Kabaty,0 min,Pl. Hallera 18,,2024-12-25 21:05:47.652919
Autobus,1217,427,739,Piaseczno Julianowska-Cmentarz,0 min,Metro Wilanowska 17,,2024-12-25 21:05:47.652919
Autobus,1219,633,218,Metro Wierzbno,0 min,Metro Wilanowska 16,,2024-12-25 21:05:47.652919
Autobus,1220,423,739,Metro Wilanowska,0 min,Piaseczno Julianowska-Cmentarz 01,,2024-12-25 21:05:47.652919
Autobus,1430,2,183,Zielona,0 min,Wiatraczna 15,,2024-12-25 21:05:47.652919
Autobus,15082,1,L34,PKP Legionowo,0 min,Olszewnica Stara 01,,2024-12-25 21:05:47.652919
Autobus,15086,3,L-9,Wieliszew-Plaża,0 min,PKP Legionowo 01,,2024-12-25 21:05:47.652919
Autobus,15092,1,L41,PKP Legionowo,0 min,Nowy Dwór Mazowiecki Urząd Miasta 01,,2024-12-25 21:05:47.652919
Autobus,1536,5,119,Wiśniowa Góra,0 min,Rakowiecka-Sanktuarium 06,,2024-12-25 21:05:47.652919
Autobus,1548,437,146,Dw. Wschodni (Lubelska),0 min,Falenica 04,,2024-12-25 21:05:47.652919
Autobus,1550,439,147,Dw. Wschodni (Lubelska),0 min,Stara Miłosna (Ułańska) 03,,2024-12-25 21:05:47.652919
Autobus,1803,1,212,Pl. Hallera,0 min,CH Targówek 05,,2024-12-25 21:05:47.652919
Autobus,1906,4,106,Mariensztat,0 min,Ostroroga 05,,2024-12-25 21:05:47.652919
Autobus,2002,4,162,Pl. Hallera,0 min,EC Siekierki 03,,2024-12-25 21:05:47.652919
Autobus,2006,3,217,Metro Wilanowska,0 min,Natolin Płn. 04,,2024-12-25 21:05:47.652919
Autobus,2007,1,131,Dw. Centralny,0 min,Sadyba 05,,2024-12-25 21:05:47.652919
Autobus,2218,1,716,Piastów Ogińskiego,0 min,Cm. Wolski 06,,2024-12-25 21:05:47.652919
Autobus,1548,437,146,Dw. Wschodni (Lubelska),0 min,Falenica 04,,2024-12-25 21:05:47.652919
Autobus,1550,439,147,Dw. Wschodni (Lubelska),0 min,Stara Miłosna (Ułańska) 03,,2024-12-25 21:05:47.652919
Autobus,1803,1,212,Pl. Hallera,0 min,CH Targówek 05,,2024-12-25 21:05:47.652919
Autobus,1906,4,106,Mariensztat,0 min,Ostroroga 05,,2024-12-25 21:05:47.652919
Autobus,2002,4,162,Pl. Hallera,0 min,EC Siekierki 03,,2024-12-25 21:05:47.652919
Autobus,2006,3,217,Metro Wilanowska,0 min,Natolin Płn. 04,,2024-12-25 21:05:47.652919
Autobus,2007,1,131,Dw. Centralny,0 min,Sadyba 05,,2024-12-25 21:05:47.652919
Autobus,2218,1,716,Piastów Ogińskiego,0 min,Cm. Wolski 06,,2024-12-25 21:05:47.652919
Autobus,2234,4,191,Pl. Narutowicza,0 min,Regulska 01,,2024-12-25 21:05:47.652919
Autobus,35138,1,L49,Chotomów,0 min,Winnica 06,,2024-12-25 21:05:47.652919
Autobus,35158,692,L19,Pieczyska,0 min,Piaseczno Urząd Miasta 03,,2024-12-25 21:05:47.652919
Autobus,4201,3,717,Dw. Zachodni,0 min,Piastów Ogińskiego 02,,2024-12-25 21:05:47.652919
Autobus,4218,5,197,Gwiaździsta,0 min,Cm. Wolski 08,,2024-12-25 21:05:47.652919
Autobus,4249,295,220,Opacz-Kolonia Rebusowa,0 min,Nowe Bemowo 12,,2024-12-25 21:05:47.652919
Autobus,4302,3,134,Olesin,0 min,Metro Marymont 17,,2024-12-25 21:05:47.652919
Autobus,4309,1,110,Cm. Północny-Brama Zach.,0 min,Metro Marymont 12,,2024-12-25 21:05:47.652919
Autobus,4328,2,152,Tarchomin,0 min,Os. Derby 02,,2024-12-25 21:05:47.652919
Autobus,4409,212,170,Rondo Starzyńskiego,0 min,PKP Zacisze-Wilno 02,,2024-12-25 21:05:47.652919
Autobus,4411,3,181,Cm. Północny-Brama Gł.,0 min,Pl. Wilsona 18,,2024-12-25 21:05:47.652919
Autobus,4218,5,197,Gwiaździsta,0 min,Cm. Wolski 08,,2024-12-25 21:05:47.652919
Autobus,4249,295,220,Opacz-Kolonia Rebusowa,0 min,Nowe Bemowo 12,,2024-12-25 21:05:47.652919
Autobus,4302,3,134,Olesin,0 min,Metro Marymont 17,,2024-12-25 21:05:47.652919
Autobus,4309,1,110,Cm. Północny-Brama Zach.,0 min,Metro Marymont 12,,2024-12-25 21:05:47.652919
Autobus,4328,2,152,Tarchomin,0 min,Os. Derby 02,,2024-12-25 21:05:47.652919
Autobus,4409,212,170,Rondo Starzyńskiego,0 min,PKP Zacisze-Wilno 02,,2024-12-25 21:05:47.652919
Autobus,4411,3,181,Cm. Północny-Brama Gł.,0 min,Pl. Wilsona 18,,2024-12-25 21:05:47.652919
Autobus,4513,1,733,Młochów,0 min,P+R Al. Krakowska 15,,2024-12-25 21:05:47.652919
Autobus,5204,5,136,Ostroroga,0 min,Natolin Płn. 08,,2024-12-25 21:05:47.652919
Autobus,5207,5,177,Ursus-Niedźwiadek,0 min,Os. Górczewska 53,,2024-12-25 21:05:47.652919
Autobus,5232,1,136,Natolin Płn.,0 min,Ostroroga 03,,2024-12-25 21:05:47.652919
Autobus,5256,1,191,Regulska,0 min,Pl. Narutowicza 15,,2024-12-25 21:05:47.652919
Autobus,5258,4,517,Pl. Trzech Krzyży,0 min,Ursus-Niedźwiadek 03,,2024-12-25 21:05:47.652919
Autobus,5419,3,N43,Dw. Centralny,0 min,Chomiczówka 05,,2024-12-25 21:05:47.652919
Autobus,5421,2,723,Legionowo Mickiewicza,0 min,Żerań FSO 10,,2024-12-25 21:05:47.652919
Autobus,5422,2,112,CH Marki,0 min,Nowe Bemowo 10,,2024-12-25 21:05:47.652919
Autobus,5459,2,140,Marki Czarna Struga,0 min,Metro Trocka 09,,2024-12-25 21:05:47.652919
Autobus,5878,3,503,Natolin Płn.,0 min,Konwiktorska 01,,2024-12-25 21:05:47.652919
Autobus,5887,401,128,Szczęśliwice,0 min,Pl. Piłsudskiego 04,,2024-12-25 21:05:47.652919
Autobus,5889,2,127,Browarna,0 min,Nowe Włochy 01,,2024-12-25 21:05:47.652919
Autobus,5890,2,503,Natolin Płn.,0 min,Konwiktorska 01,,2024-12-25 21:05:47.652919
Autobus,5899,410,128,Pl. Piłsudskiego,0 min,Szczęśliwice 05,,2024-12-25 21:05:47.652919
Autobus,5914,4,158,CH Reduta,0 min,Witolin 02,,2024-12-25 21:05:47.652919
Autobus,5915,5,116,Wilanów,0 min,Chomiczówka 03,,2024-12-25 21:05:47.652919
Autobus,5943,448,116,Wilanów,0 min,Chomiczówka 03,,2024-12-25 21:05:47.652919
Autobus,5955,611,111,Gocław,0 min,Esperanto 05,,2024-12-25 21:05:47.652919
Autobus,5960,5,518,Metro Marymont,0 min,Nowodwory 08,,2024-12-25 21:05:47.652919
Autobus,6243,512,706,Janki Pl. Szwedzki,0 min,P+R Al. Krakowska 16,,2024-12-25 21:05:47.652919
Autobus,70027,51,L14,Kawęczynek Borowina I,0 min,Kępa Okrzewska 02,,2024-12-25 21:05:47.652919
Autobus,70046,1,L-1,Janki Pl. Szwedzki,0 min,PKP Piaseczno 07,,2024-12-25 21:05:47.652919
Autobus,721,2,750,Izabelin-Dziekanówek Dziekanówek,0 min,Metro Młociny 21,,2024-12-25 21:05:47.652919
Autobus,7245,8,517,Ursus-Niedźwiadek,0 min,Pl. Trzech Krzyży 06,,2024-12-25 21:05:47.652919
Autobus,7259,5,184,Szczęśliwice,0 min,Metro Młociny 24,,2024-12-25 21:05:47.652919
Autobus,7716,5,509,Winnica,0 min,Gocław 03,,2024-12-25 21:05:47.652919
Autobus,7759,2,143,Rembertów-Kolonia,0 min,Dw. Zachodni 03,,2024-12-25 21:05:47.652919
Autobus,778,1,250,Łomianki Dąbrowa Zachodnia,0 min,Metro Młociny 22,,2024-12-25 21:05:47.652919
Autobus,7816,7,520,Marysin,0 min,Dw. Centralny 27,,2024-12-25 21:05:47.652919
Autobus,7838,213,173,Stara Miłosna (Graniczna),0 min,Dw. Wschodni (Lubelska) 06,,2024-12-25 21:05:47.652919
Autobus,9322,1,153,Rembertów-Kolonia,0 min,Pastuszków 01,,2024-12-25 21:05:47.652919
Autobus,9331,1,179,Os. Kabaty,0 min,Ursynów Płn. 05,,2024-12-25 21:05:47.652919
Autobus,9334,5,179,Ursynów Płn.,0 min,Os. Kabaty 02,,2024-12-25 21:05:47.652919
Autobus,9340,1,198,PKP Wesoła,0 min,Stara Miłosna (Ułańska) 04,,2024-12-25 21:05:47.652919
Autobus,9354,4,135,PKP Olszynka Grochowska,0 min,Pl. Hallera 11,,2024-12-25 21:05:47.652919
Autobus,9508,5,159,Małe Siekierki,0 min,CH Blue City 01,,2024-12-25 21:05:47.652919
Autobus,9514,5,178,Rondo Daszyńskiego,0 min,Skorosze 04,,2024-12-25 21:05:47.652919
Autobus,9520,51,715,Ursynów Płn.,0 min,P+R Al. Krakowska 13,,2024-12-25 21:05:47.652919
Autobus,9521,3,159,CH Blue City,0 min,Małe Siekierki 03,,2024-12-25 21:05:47.652919
Autobus,9530,651,149,Metro Bemowo,0 min,Groty 01,,2024-12-25 21:05:47.652919
Autobus,9827,7,185,Al. Witosa,0 min,Gwiaździsta 04,,2024-12-25 21:05:47.652919
Autobus,9829,6,502,Metro Politechnika,0 min,Stara Miłosna (Graniczna) 05,,2024-12-25 21:05:47.652919
Autobus,9846,1,742,Os. Kabaty,0 min,Góra Kalwaria Rynek 02,,2024-12-25 21:05:47.652919
Autobus,9907,1,114,Młociny-UKSW,0 min,Bródno-Podgrodzie 05,,2024-12-25 21:05:47.652919
Autobus,9908,7,186,Szczęśliwice,0 min,Nowodwory 09,,2024-12-25 21:05:47.652919
Autobus,9920,5,186,Nowodwory,0 min,Szczęśliwice 04,,2024-12-25 21:05:47.652919
Autobus,9934,216,105,Rondo Daszyńskiego,0 min,Os. Górczewska 01,,2024-12-25 21:05:47.652919
Autobus,9938,5,114,Bródno-Podgrodzie,0 min,Młociny-UKSW 01,,2024-12-25 21:05:47.652919
Autobus,9951,2,190,Znana,0 min,CH Marki 01,,2024-12-25 21:05:47.652919
Autobus,9846,1,742,Os. Kabaty,0 min,Góra Kalwaria Rynek 02,,2024-12-25 21:05:47.652919
Autobus,9907,1,114,Młociny-UKSW,0 min,Bródno-Podgrodzie 05,,2024-12-25 21:05:47.652919
Autobus,9908,7,186,Szczęśliwice,0 min,Nowodwory 09,,2024-12-25 21:05:47.652919
Autobus,9920,5,186,Nowodwory,0 min,Szczęśliwice 04,,2024-12-25 21:05:47.652919
Autobus,9934,216,105,Rondo Daszyńskiego,0 min,Os. Górczewska 01,,2024-12-25 21:05:47.652919
Autobus,9938,5,114,Bródno-Podgrodzie,0 min,Młociny-UKSW 01,,2024-12-25 21:05:47.652919
Autobus,9951,2,190,Znana,0 min,CH Marki 01,,2024-12-25 21:05:47.652919
Pociąg,1073,,WKD,Grodzisk Mazowiecki Radońska,0 min,Podkowa Leśna Zachodnia,,2024-12-25 21:05:47.652919
Pociąg,1075,,WKD,Grodzisk Mazowiecki Radońska,0 min,Warszawa Zachodnia WKD,,2024-12-25 21:05:47.652919
Pociąg,1072,,WKD,Warszawa Śródmieście WKD,0 min,Komorów,,2024-12-25 21:05:47.652919
Pociąg,2034,,WKD,,0 min,,,2024-12-25 21:05:47.652919
Pociąg,1070,,WKD,Warszawa Śródmieście WKD,0 min,Warszawa Aleje Jerozolimskie,,2024-12-25 21:05:47.652919
Autobus,1072,1,108,Pl. Trzech Krzyży,0 min,Figowa 02,,2024-12-25 21:05:47.652919
Tramwaj,4015,4,22,Wiatraczna,0 min,Gocławska 04,,2024-12-25 21:05:47.652919
Autobus,1812,2,212,CH Targówek,0 min,Jórskiego 04,,2024-12-25 21:05:47.652919
Autobus,9323,469,142,Aleksandrów,0 min,Pl. Szembeka 02,,2024-12-25 21:05:47.652919
Autobus,80112,1,L33,PKP Jeziorki,0 min,Józefosław Agatowa 01,,2024-12-25 21:05:47.652919
Tramwaj,3122,1,7,Kawęczyńska-Bazylika,0 min,Dickensa 03,,2024-12-25 21:05:47.652919
Pociąg,1070,,WKD,Warszawa Śródmieście WKD,0 min,Warszawa Aleje Jerozolimskie,,2024-12-25 21:05:47.652919
Autobus,1072,1,108,Pl. Trzech Krzyży,0 min,Figowa 02,,2024-12-25 21:05:47.652919
Tramwaj,3644,5,11,Sielce,0 min,Reduta Wolska 03,,2024-12-25 21:05:47.652919
Tramwaj,4265,12,16,Miasteczko Wilanów,0 min,Metro Ratusz Arsenał 03,,2024-12-25 21:05:47.652919
Autobus,1812,2,212,CH Targówek,0 min,Jórskiego 04,,2024-12-25 21:05:47.652919
Autobus,9323,469,142,Aleksandrów,0 min,Pl. Szembeka 02,,2024-12-25 21:05:47.652919
Tramwaj,3122,1,7,Kawęczyńska-Bazylika,0 min,Dickensa 03,,2024-12-25 21:05:47.652919
Tramwaj,3166,6,9,P+R Al. Krakowska,0 min,Pl. Zawiszy 06,,2024-12-25 21:05:47.652919
Autobus,80112,1,L33,PKP Jeziorki,0 min,Józefosław Agatowa 01,,2024-12-25 21:05:47.652919
Autobus,8308,4,136,Ostroroga,0 min,Wyścigi 04,,2024-12-25 21:05:47.652919
Autobus,9073,458,211,Żerań FSO,0 min,Leśnej Polanki 01,,2024-12-25 21:05:47.652919
Tramwaj,4007,3,15,P+R Al. Krakowska,0 min,Włochy-Ratusz 04,,2024-12-25 21:05:47.652919
Autobus,1421,2,173,Dw. Wschodni (Lubelska),0 min,Okularowa 01,,2024-12-25 21:05:47.652919
Autobus,8457,3,723,Żerań FSO,0 min,Arena Legionowo 01,,2024-12-25 21:05:47.652919
Autobus,9949,4,190,CH Marki,0 min,Redutowa 02,,2024-12-25 21:05:47.652919
Autobus,9320,3,179,Ursynów Płn.,0 min,Szpital Południowy 04,,2024-12-25 21:05:47.652919
Tramwaj,3291,3,26,Wiatraczna,0 min,Nowe Bemowo 04,,2024-12-25 21:05:47.652919
Autobus,6208,7,172,CH Blue City,0 min,Wiślicka 01,,2024-12-25 21:05:47.652919
Autobus,9352,2,135,Pl. Hallera,0 min,Chłopickiego 01,,2024-12-25 21:05:47.652919
Tramwaj,4007,3,15,P+R Al. Krakowska,0 min,Włochy-Ratusz 04,,2024-12-25 21:05:47.652919
Autobus,1421,2,173,Dw. Wschodni (Lubelska),0 min,Okularowa 01,,2024-12-25 21:05:47.652919
Autobus,8457,3,723,Żerań FSO,0 min,Arena Legionowo 01,,2024-12-25 21:05:47.652919
Autobus,9949,4,190,CH Marki,0 min,Redutowa 02,,2024-12-25 21:05:47.652919
Autobus,9320,3,179,Ursynów Płn.,0 min,Instytut Hematologii 02,,2024-12-25 21:05:47.652919
Autobus,2249,10,189,Sadyba,0 min,Instytut Fizyki 01,,2024-12-25 21:05:47.652919
Tramwaj,3212,522,3,Gocławek,0 min,Al. Zieleniecka 06,,2024-12-25 21:05:47.652919
Tramwaj,3291,3,26,Wiatraczna,0 min,Wrocławska 05,,2024-12-25 21:05:47.652919
Autobus,9320,3,179,Ursynów Płn.,0 min,Instytut Hematologii 02,,2024-12-25 21:05:47.652919
Autobus,1068,3,130,Metro Wilanowska,0 min,Płyćwiańska 02,,2024-12-25 21:05:47.652919
Autobus,3450,1,140,Marki Czarna Struga,0 min,Marki Wenecka 02,,2024-12-25 21:05:47.652919
Autobus,9826,4,502,Metro Politechnika,0 min,Poligonowa 01,,2024-12-25 21:05:47.652919
Autobus,1071,4,163,Centrum Onkologii,0 min,Wiertnicza 03,,2024-12-25 21:05:47.652919
Autobus,1070,2,163,Metro Wilanowska,0 min,Płaskowickiej 03,,2024-12-25 21:05:47.652919
Autobus,4322,3,152,Os. Derby,0 min,Myśliborska 01,,2024-12-25 21:05:47.652919
Tramwaj,3805,2,6,Metro Młociny,0 min,Ratuszowa-Zoo 02,,2024-12-25 21:05:47.652919
Autobus,5906,600,111,Esperanto,0 min,PKP Powiśle 02,,2024-12-25 21:05:47.652919
Tramwaj,3156,1,6,Metro Młociny,0 min,Metro Słodowiec 06,,2024-12-25 21:05:47.652919
Autobus,5938,9,116,Chomiczówka,0 min,Pl. Na Rozdrożu 02,,2024-12-25 21:05:47.652919
Autobus,9826,4,502,Metro Politechnika,0 min,Poligonowa 01,,2024-12-25 21:05:47.652919
Autobus,1071,4,163,Centrum Onkologii,0 min,Wiertnicza 03,,2024-12-25 21:05:47.652919
Autobus,1070,2,163,Metro Wilanowska,0 min,Płaskowickiej 03,,2024-12-25 21:05:47.652919
Autobus,4322,3,152,Os. Derby,0 min,Myśliborska 01,,2024-12-25 21:05:47.652919
Tramwaj,3805,2,6,Metro Młociny,0 min,Ratuszowa-Zoo 02,,2024-12-25 21:05:47.652919
Autobus,5906,600,111,Esperanto,0 min,PKP Powiśle 02,,2024-12-25 21:05:47.652919
Tramwaj,3156,1,6,Metro Młociny,0 min,Metro Słodowiec 06,,2024-12-25 21:05:47.652919
Autobus,5938,9,116,Chomiczówka,0 min,Pl. Na Rozdrożu 02,,2024-12-25 21:05:47.652919
Tramwaj,3276,1,15,Marymont-Potok,0 min,Lipowczana 01,,2024-12-25 21:05:47.652919
Autobus,8336,1,148,Lotnisko Chopina,0 min,Miklaszewskiego 04,,2024-12-25 21:05:47.652919
Autobus,8843,4,504,Dw. Centralny,0 min,Pl. Zawiszy 03,,2024-12-25 21:05:47.652919
Autobus,758,2,150,Dziekanów Leśny,0 min,Łomianki POLMO 02,,2024-12-25 21:05:47.652919
Autobus,15088,2,L41,PKP Legionowo,0 min,PKP Legionowo 01,,2024-12-25 21:05:47.652919
Autobus,5205,3,716,Piastów Ogińskiego,0 min,Ursus-Sanktuarium 02,,2024-12-25 21:05:47.652919
Autobus,7730,319,525,Międzylesie,0 min,Poligonowa 02,,2024-12-25 21:05:47.652919
Autobus,7830,2,520,Dw. Centralny,0 min,Okularowa 01,,2024-12-25 21:05:47.652919
Autobus,9351,1,135,Pl. Hallera,0 min,Szwedzka 04,,2024-12-25 21:05:47.652919
Autobus,9949,4,190,CH Marki,0 min,Metro Księcia Janusza 01,,2024-12-25 21:05:47.652919
Tramwaj,3275,7,15,Marymont-Potok,1 min przed czasem,Pl. Politechniki 01,,2024-12-25 21:05:47.652919
Tramwaj,3292,6,24,Nowe Bemowo,1 min przed czasem,Muzeum Narodowe 06,,2024-12-25 21:05:47.652919
Tramwaj,4019,4,15,P+R Al. Krakowska,1 min przed czasem,Pl. Zbawiciela 03,,2024-12-25 21:05:47.652919
Autobus,5457,2,132,Metro Marymont,1 min przed czasem,Toruńska 05,,2024-12-25 21:05:47.652919
Autobus,6210,506,703,Kosów,1 min przed czasem,Węzeł Nadarzyn 02,,2024-12-25 21:05:47.652919
Autobus,7808,1,143,Rembertów-Kolonia,1 min przed czasem,Metro Politechnika 01,,2024-12-25 21:05:47.652919
Autobus,5424,447,500,Rondo „Radosława”,1 min przed czasem,Dw. Gdański 04,,2024-12-25 21:05:47.652919
Autobus,5449,446,500,Bródno-Podgrodzie,1 min przed czasem,Żuromińska 02,,2024-12-25 21:05:47.652919
Autobus,9343,642,245,Ząbki Maczka,1 min przed czasem,Potulicka 02,,2024-12-25 21:05:47.652919
Tramwaj,3174,7,10,Wyścigi,1 min przed czasem,Rondo ONZ 03,,2024-12-25 21:05:47.652919
Tramwaj,3179,4,10,Os. Górczewska,1 min przed czasem,Metro Wilanowska 06,,2024-12-25 21:05:47.652919
Tramwaj,3817,2,20,Żerań FSO,1 min przed czasem,Metro Ratusz Arsenał 09,,2024-12-25 21:05:47.652919
Autobus,1068,3,130,Metro Wilanowska,1 min przed czasem,Bukowińska 01,,2024-12-25 21:05:47.652919
Tramwaj,3824,5,23,Nowe Bemowo,1 min przed czasem,Wola-Ratusz 04,,2024-12-25 21:05:47.652919
Autobus,5923,7,116,Chomiczówka,1 min przed czasem,Metro Marymont 02,,2024-12-25 21:05:47.652919
Autobus,6208,7,172,CH Blue City,1 min przed czasem,Wiślicka 01,,2024-12-25 21:05:47.652919
Autobus,1071,4,163,Centrum Onkologii,1 min przed czasem,Wiertnicza 03,,2024-12-25 21:05:47.652919
Tramwaj,3806,4,23,Nowe Bemowo,1 min przed czasem,Wrocławska 06,,2024-12-25 21:05:47.652919
Autobus,1812,2,212,CH Targówek,1 min przed czasem,Jórskiego 04,,2024-12-25 21:05:47.652919
Tramwaj,3817,2,20,Żerań FSO,1 min przed czasem,Metro Ratusz Arsenał 09,,2024-12-25 21:05:47.652919
Autobus,1068,3,130,Metro Wilanowska,1 min przed czasem,Bukowińska 01,,2024-12-25 21:05:47.652919
Tramwaj,3824,5,23,Nowe Bemowo,1 min przed czasem,Wola-Ratusz 04,,2024-12-25 21:05:47.652919
Autobus,5923,7,116,Chomiczówka,1 min przed czasem,Metro Marymont 02,,2024-12-25 21:05:47.652919
Autobus,6208,7,172,CH Blue City,1 min przed czasem,Wiślicka 01,,2024-12-25 21:05:47.652919
Autobus,9525,52,737,Władysławów,1 min przed czasem,Kolonia Lesznowola Postępu 03,,2024-12-25 21:05:47.652919
Tramwaj,3231,6,15,Marymont-Potok,1 min przed czasem,Pl. Inwalidów 04,,2024-12-25 21:05:47.652919
Autobus,5938,9,116,Chomiczówka,1 min przed czasem,Piękna 02,,2024-12-25 21:05:47.652919
Autobus,9311,646,199,Rembertów-Strzelnica,1 min przed czasem,Bródno-Podgrodzie 01,,2024-12-25 21:05:47.652919
Autobus,5911,5,158,Witolin,1 min przed czasem,Poligonowa 02,,2024-12-25 21:05:47.652919
Autobus,9327,2,142,Wiatraczna,1 min przed czasem,Floriana 02,,2024-12-25 21:05:47.652919
Tramwaj,3239,6,26,Zjazd do zajezdni Żoliborz,1 min przed czasem,Kazubów 04,,2024-12-25 21:05:47.652919
Autobus,1422,3,115,Aleksandrów,1 min przed czasem,Tomaszowska 01,,2024-12-25 21:05:47.652919
Autobus,6212,497,184,Szczęśliwice,1 min przed czasem,Wrocławska 04,,2024-12-25 21:05:47.652919
Autobus,9549,1,743,Os. Górczewska,1 min przed czasem,Pogroszew Rataja 01,,2024-12-25 21:05:47.652919
Tramwaj,3193,3,10,Os. Górczewska,1 min przed czasem,Dw. Centralny 10,,2024-12-25 21:05:47.652919
Autobus,9311,646,199,Rembertów-Strzelnica,1 min przed czasem,Bródno-Podgrodzie 01,,2024-12-25 21:05:47.652919
Autobus,5911,5,158,Witolin,1 min przed czasem,Poligonowa 02,,2024-12-25 21:05:47.652919
Autobus,9327,2,142,Wiatraczna,1 min przed czasem,Floriana 02,,2024-12-25 21:05:47.652919
Tramwaj,3239,6,26,Zjazd do zajezdni Żoliborz,1 min przed czasem,Kazubów 04,,2024-12-25 21:05:47.652919
Autobus,1422,3,115,Aleksandrów,1 min przed czasem,Tomaszowska 01,,2024-12-25 21:05:47.652919
Autobus,6212,497,184,Szczęśliwice,1 min przed czasem,Wrocławska 04,,2024-12-25 21:05:47.652919
Autobus,9549,1,743,Os. Górczewska,1 min przed czasem,Pogroszew Rataja 01,,2024-12-25 21:05:47.652919
Tramwaj,3193,3,10,Os. Górczewska,1 min przed czasem,Dw. Centralny 10,,2024-12-25 21:05:47.652919
Tramwaj,3293,6,22,Wiatraczna,1 min przed czasem,Pl. Grunwaldzki 07,,2024-12-25 21:05:47.652919
Autobus,7711,6,509,Gocław,1 min przed czasem,Bora-Komorowskiego 04,,2024-12-25 21:05:47.652919
Autobus,4418,3,212,Pl. Hallera,1 min przed czasem,11 Listopada 01,,2024-12-25 21:05:47.652919
Autobus,6200,2,517,Pl. Trzech Krzyży,1 min przed czasem,Dw. Zachodni 01,,2024-12-25 21:05:47.652919
Autobus,9525,52,737,Władysławów,1 min przed czasem,Kolonia Lesznowola Postępu 03,,2024-12-25 21:05:47.652919
Autobus,5938,9,116,Chomiczówka,1 min przed czasem,Piękna 02,,2024-12-25 21:05:47.652919
Autobus,9311,646,199,Rembertów-Strzelnica,1 min przed czasem,Bródno-Podgrodzie 01,,2024-12-25 21:05:47.652919
Tramwaj,3252,3,9,Gocławek,1 min przed czasem,Ochota-Ratusz 01,,2024-12-25 21:05:47.652919
Autobus,5911,5,158,Witolin,1 min przed czasem,Poligonowa 02,,2024-12-25 21:05:47.652919
Autobus,9327,2,142,Wiatraczna,1 min przed czasem,Floriana 02,,2024-12-25 21:05:47.652919
Autobus,4418,3,212,Pl. Hallera,1 min przed czasem,11 Listopada 01,,2024-12-25 21:05:47.652919
Autobus,6200,2,517,Pl. Trzech Krzyży,1 min przed czasem,Dw. Zachodni 01,,2024-12-25 21:05:47.652919
Autobus,9525,52,737,Władysławów,1 min przed czasem,Kolonia Lesznowola Postępu 03,,2024-12-25 21:05:47.652919
Autobus,5938,9,116,Chomiczówka,1 min przed czasem,Piękna 02,,2024-12-25 21:05:47.652919
Autobus,9311,646,199,Rembertów-Strzelnica,1 min przed czasem,Bródno-Podgrodzie 01,,2024-12-25 21:05:47.652919
Tramwaj,3252,3,9,Gocławek,1 min przed czasem,Ochota-Ratusz 01,,2024-12-25 21:05:47.652919
Autobus,5911,5,158,Witolin,1 min przed czasem,Poligonowa 02,,2024-12-25 21:05:47.652919
Autobus,9327,2,142,Wiatraczna,1 min przed czasem,Floriana 02,,2024-12-25 21:05:47.652919
Autobus,1422,3,115,Aleksandrów,1 min przed czasem,Tomaszowska 01,,2024-12-25 21:05:47.652919
Autobus,6212,497,184,Szczęśliwice,1 min przed czasem,Wrocławska 04,,2024-12-25 21:05:47.652919
Autobus,9549,1,743,Os. Górczewska,1 min przed czasem,Pogroszew Rataja 01,,2024-12-25 21:05:47.652919
Tramwaj,3817,2,20,Żerań FSO,1 min przed czasem,Metro Ratusz Arsenał 09,,2024-12-25 21:05:47.652919
Autobus,7711,6,509,Gocław,1 min przed czasem,Bora-Komorowskiego 04,,2024-12-25 21:05:47.652919
Autobus,7747,6,143,Rembertów-Kolonia,1 min przed czasem,Rembertów-Akademia 02,,2024-12-25 21:05:47.652919
Autobus,9506,2,159,CH Blue City,1 min przed czasem,Lindleya 04,,2024-12-25 21:05:47.652919
Autobus,7737,8,509,Gocław,1 min przed czasem,Płochocińska 01,,2024-12-25 21:05:47.652919
Autobus,1063,1,164,Kępa Zawadowska,1 min przed czasem,Łukowa 01,,2024-12-25 21:05:47.652919
Autobus,5901,4,180,Chomiczówka,1 min przed czasem,Pl. Piłsudskiego 02,,2024-12-25 21:05:47.652919
Tramwaj,3131,1,22,Piaski,1 min przed czasem,Pl. Grunwaldzki 08,,2024-12-25 21:05:47.652919
Autobus,7747,6,143,Rembertów-Kolonia,1 min przed czasem,Topograficzna 02,,2024-12-25 21:05:47.652919
Autobus,7830,2,520,Dw. Centralny,1 min przed czasem,Płowiecka 03,,2024-12-25 21:05:47.652919
Autobus,4212,2,717,Dw. Zachodni,1 min przed czasem,Dw. Zachodni 06,,2024-12-25 21:05:47.652919
Autobus,4407,4,169,Bródno-Podgrodzie,1 min przed czasem,Szpital Bródnowski 01,,2024-12-25 21:05:47.652919
Autobus,7331,2,525,Dw. Centralny,1 min przed czasem,Centrum 06,,2024-12-25 21:05:47.652919
Autobus,5901,4,180,Chomiczówka,1 min przed czasem,Pl. Piłsudskiego 02,,2024-12-25 21:05:47.652919
Tramwaj,3131,1,22,Piaski,1 min przed czasem,Pl. Grunwaldzki 08,,2024-12-25 21:05:47.652919
Tramwaj,3817,2,20,Żerań FSO,1 min przed czasem,Metro Ratusz Arsenał 09,,2024-12-25 21:05:47.652919
Tramwaj,3820,6,28,Os. Górczewska,1 min przed czasem,Dw. Gdański 08,,2024-12-25 21:05:47.652919
Autobus,5415,1,527,Grodzisk,1 min przed czasem,Kąty Grodziskie 01,,2024-12-25 21:05:47.652919
Autobus,5427,7,180,Chomiczówka,1 min przed czasem,Limanowskiego 02,,2024-12-25 21:05:47.652919
Autobus,1810,343,166,Os. Kabaty,1 min przed czasem,Bergamotki 01,,2024-12-25 21:05:47.652919
Tramwaj,3293,6,22,Wiatraczna,1 min przed czasem,Pl. Grunwaldzki 07,,2024-12-25 21:05:47.652919
Autobus,9229,574,192,Ursynów Płd.,1 min przed czasem,Ursynów Płd. 06,,2024-12-25 21:05:47.652919
Autobus,4405,227,120,Olesin,1 min przed czasem,Sieczna 02,,2024-12-25 21:05:47.652919
Autobus,7242,508,728,P+R Al. Krakowska,1 min przed czasem,Łazy 01,,2024-12-25 21:05:47.652919
Autobus,8898,8,189,Sadyba,1 min przed czasem,Klarysewska 01,,2024-12-25 21:05:47.652919
Tramwaj,3119,8,4,Żerań Wschodni,1 min przed czasem,Goworka 02,,2024-12-25 21:05:47.652919
Tramwaj,3278,7,33,Metro Młociny,1 min przed czasem,Piaski 04,,2024-12-25 21:05:47.652919
Autobus,4203,536,194,Cm. Wolski,2 min przed czasem,P+R Połczyńska 01,,2024-12-25 21:05:47.652919
Tramwaj,3648,4,11,Sielce,2 min przed czasem,Goworka 03,,2024-12-25 21:05:47.652919
Autobus,9353,3,135,PKP Olszynka Grochowska,3 min przed czasem,Poligonowa 03,,2024-12-25 21:05:47.652919
Autobus,1212,260,165,Wyczółki,3 min przed czasem,Wyczółki 01,,2024-12-25 21:05:47.652919
Autobus,1207,426,739,Piaseczno Julianowska-Cmentarz,3 min przed czasem,Józefosław Julianów 01,,2024-12-25 21:05:47.652919
Autobus,6240,9,523,Stare Bemowo,3 min przed czasem,Konarskiego 02,,2024-12-25 21:05:47.652919
Autobus,9808,3,185,CH Ursynów,2 min przed czasem,Gwiaździsta 04,,2024-12-25 21:05:47.652919
Autobus,1207,426,739,Piaseczno Julianowska-Cmentarz,3 min przed czasem,Józefosław Julianów 01,,2024-12-25 21:05:47.652919
Autobus,4240,3,220,Nowe Bemowo,3 min przed czasem,Opacz-Kolonia Rebusowa 02,,2024-12-25 21:05:47.652919
Autobus,6240,9,523,Stare Bemowo,3 min przed czasem,Konarskiego 02,,2024-12-25 21:05:47.652919
Autobus,70033,1,L25,Góra Kalwaria Rynek,3 min przed czasem,Krzaki Czaplinkowskie 02,,2024-12-25 21:05:47.652919
Autobus,5933,613,111,Esperanto,3 min przed czasem,Smocza 04,,2024-12-25 21:05:47.652919
Tramwaj,3648,4,11,Sielce,3 min przed czasem,Goworka 03,,2024-12-25 21:05:47.652919
Autobus,9801,1,167,Siekierki-Sanktuarium,3 min przed czasem,Spacerowa 03,,2024-12-25 21:05:47.652919
Autobus,7241,4,523,PKP Olszynka Grochowska,3 min przed czasem,Os. Majdańska 02,,2024-12-25 21:05:47.652919
Autobus,1209,422,727,Władysławów,4 min przed czasem,Głosków-Letnisko 01,,2024-12-25 21:05:47.652919
Autobus,9527,54,715,Ursynów Płn.,4 min przed czasem,Herbsta 03,,2024-12-25 21:05:47.652919
Autobus,7817,7,523,PKP Olszynka Grochowska,4 min przed czasem,Park Moczydło 01,,2024-12-25 21:05:47.652919
Autobus,6239,3,184,Szczęśliwice,4 min przed czasem,Grzymały-Sokołowskiego 06,,2024-12-25 21:05:47.652919
Tramwaj,3648,4,11,Sielce,3 min przed czasem,Goworka 03,,2024-12-25 21:05:47.652919
Autobus,9801,1,167,Siekierki-Sanktuarium,3 min przed czasem,Spacerowa 03,,2024-12-25 21:05:47.652919
Autobus,7241,4,523,PKP Olszynka Grochowska,3 min przed czasem,Os. Majdańska 02,,2024-12-25 21:05:47.652919
Autobus,1209,422,727,Władysławów,4 min przed czasem,Głosków-Letnisko 01,,2024-12-25 21:05:47.652919
Autobus,9527,54,715,Ursynów Płn.,4 min przed czasem,Herbsta 03,,2024-12-25 21:05:47.652919
Autobus,7817,7,523,PKP Olszynka Grochowska,4 min przed czasem,Park Moczydło 01,,2024-12-25 21:05:47.652919
Autobus,6239,3,184,Szczęśliwice,4 min przed czasem,Grzymały-Sokołowskiego 06,,2024-12-25 21:05:47.652919
Autobus,6217,5,517,Ursus-Niedźwiadek,4 min przed czasem,PKP Ursus-Niedźwiadek 02,,2024-12-25 21:05:47.652919
Autobus,7750,5,523,PKP Olszynka Grochowska,4 min przed czasem,GUS 05,,2024-12-25 21:05:47.652919
Autobus,9512,653,714,Koczargi Stare,4 min przed czasem,Metro Bemowo 02,,2024-12-25 21:05:47.652919
Autobus,2217,6,136,Natolin Płn.,5 min przed czasem,Metro Imielin 01,,2024-12-25 21:05:47.652919
Autobus,776,1,150,Metro Młociny,5 min przed czasem,Dziekanów Leśny 01,,2024-12-25 21:05:47.652919
Autobus,9553,6,103,Brylowska,5 min przed czasem,Metro Młociny 01,,2024-12-25 21:05:47.652919
Tramwaj,3136,12,33,Zjazd do zajezdni Żoliborz,8 min przed czasem,Kielecka 02,,2024-12-25 21:05:47.652919
Autobus,1222,4,251,Metro Wilanowska,8 min przed czasem,Konstancin-Jeziorna CH Stara Papiernia 02,,2024-12-25 21:05:47.652919
Autobus,4421,5,138,Utrata,10 min przed czasem,Bokserska 05,,2024-12-25 21:05:47.652919
Autobus,35158,692,L19,Pieczyska,14 min przed czasem,Piaseczno Urząd Miasta 03,,2024-12-25 21:05:47.652919
Autobus,4415,2,122,Os. Górczewska,16 min przed czasem,Gwiaździsta 01,,2024-12-25 21:05:47.652919
Autobus,5236,5,122,Gwiaździsta,16 min przed czasem,Os. Górczewska 01,,2024-12-25 21:05:47.652919
Autobus,6239,3,184,Szczęśliwice,4 min przed czasem,Grzymały-Sokołowskiego 06,,2024-12-25 21:05:47.652919
Autobus,6217,5,517,Ursus-Niedźwiadek,4 min przed czasem,PKP Ursus-Niedźwiadek 02,,2024-12-25 21:05:47.652919
Autobus,776,1,150,Metro Młociny,5 min przed czasem,Dziekanów Leśny 01,,2024-12-25 21:05:47.652919
Autobus,9553,6,103,Brylowska,5 min przed czasem,Metro Młociny 01,,2024-12-25 21:05:47.652919
Tramwaj,3136,12,33,Zjazd do zajezdni Żoliborz,7 min przed czasem,Kielecka 02,,2024-12-25 21:05:47.652919
Autobus,1222,4,251,Metro Wilanowska,7 min przed czasem,Konstancin-Jeziorna CH Stara Papiernia 02,,2024-12-25 21:05:47.652919
Autobus,4421,5,138,Utrata,10 min przed czasem,Bokserska 05,,2024-12-25 21:05:47.652919
Autobus,4415,2,122,Os. Górczewska,15 min przed czasem,Gwiaździsta 01,,2024-12-25 21:05:47.652919
Autobus,5236,5,122,Gwiaździsta,16 min przed czasem,Os. Górczewska 01,,2024-12-25 21:05:47.652919
Autobus,9844,4,185,CH Ursynów,22 min przed czasem,Gwiaździsta 04,,2024-12-25 21:05:47.652919
Autobus,5909,405,175,Pl. Piłsudskiego,25 min przed czasem,Lotnisko Chopina-Przyloty 02,,2024-12-25 21:05:47.652919
Autobus,4419,2,157,Szczęśliwice,27 min przed czasem,Gwiaździsta 04,,2024-12-25 21:05:47.652919
Autobus,6239,3,184,Szczęśliwice,4 min przed czasem,Grzymały-Sokołowskiego 06,,2024-12-25 21:05:47.652919
Autobus,9527,54,715,Ursynów Płn.,4 min przed czasem,Herbsta 03,,2024-12-25 21:05:47.652919
Autobus,7750,5,523,PKP Olszynka Grochowska,4 min przed czasem,GUS 05,,2024-12-25 21:05:47.652919
Autobus,9512,653,714,Koczargi Stare,4 min przed czasem,Metro Bemowo 02,,2024-12-25 21:05:47.652919
Autobus,6217,5,517,Ursus-Niedźwiadek,4 min przed czasem,Ursus-Niedźwiadek 02,,2024-12-25 21:05:47.652919
Autobus,2217,6,136,Natolin Płn.,5 min przed czasem,Metro Imielin 01,,2024-12-25 21:05:47.652919
Autobus,776,1,150,Metro Młociny,5 min przed czasem,Dziekanów Leśny 01,,2024-12-25 21:05:47.652919
Autobus,9553,6,103,Brylowska,5 min przed czasem,Metro Młociny 01,,2024-12-25 21:05:47.652919
Tramwaj,3136,12,33,Zjazd do zajezdni Żoliborz,7 min przed czasem,Kielecka 02,,2024-12-25 21:05:47.652919
Autobus,1222,4,251,Metro Wilanowska,7 min przed czasem,Konstancin-Jeziorna CH Stara Papiernia 02,,2024-12-25 21:05:47.652919
Autobus,4421,5,138,Utrata,10 min przed czasem,Bokserska 05,,2024-12-25 21:05:47.652919
Autobus,4415,2,122,Os. Górczewska,15 min przed czasem,Gwiaździsta 01,,2024-12-25 21:05:47.652919
Autobus,4421,5,138,Utrata,10 min przed czasem,Bokserska 05,,2024-12-25 21:05:47.652919
Autobus,4415,2,122,Os. Górczewska,15 min przed czasem,Gwiaździsta 01,,2024-12-25 21:05:47.652919
Autobus,5236,5,122,Gwiaździsta,16 min przed czasem,Os. Górczewska 01,,2024-12-25 21:05:47.652919
Autobus,9844,4,185,CH Ursynów,22 min przed czasem,Gwiaździsta 04,,2024-12-25 21:05:47.652919
Autobus,1209,422,727,Władysławów,4 min przed czasem,Głosków-Zielone 01,,2024-12-25 21:05:47.652919
Autobus,7817,7,523,PKP Olszynka Grochowska,4 min przed czasem,Park Moczydło 01,,2024-12-25 21:05:47.652919
Autobus,9512,653,714,Koczargi Stare,4 min przed czasem,Metro Bemowo 02,,2024-12-25 21:05:47.652919
Autobus,7750,5,523,PKP Olszynka Grochowska,4 min przed czasem,GUS 05,,2024-12-25 21:05:47.652919
Autobus,6239,3,184,Szczęśliwice,4 min przed czasem,Grzymały-Sokołowskiego 06,,2024-12-25 21:05:47.652919
Autobus,9527,54,715,Ursynów Płn.,4 min przed czasem,Dunikowskiego 01,,2024-12-25 21:05:47.652919
Autobus,6217,5,517,Ursus-Niedźwiadek,4 min przed czasem,Ursus-Niedźwiadek 02,,2024-12-25 21:05:47.652919
Autobus,2217,6,136,Natolin Płn.,5 min przed czasem,Metro Imielin 01,,2024-12-25 21:05:47.652919
Autobus,9553,6,103,Brylowska,5 min przed czasem,Metro Młociny 01,,2024-12-25 21:05:47.652919
Tramwaj,3136,12,33,Zjazd do zajezdni Żoliborz,7 min przed czasem,Kielecka 02,,2024-12-25 21:05:47.652919
Autobus,1222,4,251,Metro Wilanowska,7 min przed czasem,Konstancin-Jeziorna CH Stara Papiernia 02,,2024-12-25 21:05:47.652919
Autobus,4421,5,138,Utrata,10 min przed czasem,Bokserska 05,,2024-12-25 21:05:47.652919
Autobus,4415,2,122,Os. Górczewska,15 min przed czasem,Gwiaździsta 01,,2024-12-25 21:05:47.652919
Autobus,5236,5,122,Gwiaździsta,16 min przed czasem,Os. Górczewska 01,,2024-12-25 21:05:47.652919
Autobus,9844,4,185,CH Ursynów,22 min przed czasem,Gwiaździsta 04,,2024-12-25 21:05:47.652919
Autobus,5909,405,175,Pl. Piłsudskiego,25 min przed czasem,Lotnisko Chopina-Przyloty 02,,2024-12-25 21:05:47.652919
Autobus,4419,2,157,Szczęśliwice,27 min przed czasem,Gwiaździsta 04,,2024-12-25 21:05:47.652919
Autobus,1209,422,727,Władysławów,4 min przed czasem,Głosków-Zielone 01,,2024-12-25 21:05:47.652919
Autobus,7817,7,523,PKP Olszynka Grochowska,4 min przed czasem,Park Moczydło 01,,2024-12-25 21:05:47.652919
Autobus,9512,653,714,Koczargi Stare,4 min przed czasem,Metro Bemowo 02,,2024-12-25 21:05:47.652919
Autobus,9512,653,714,Koczargi Stare,4 min przed czasem,Metro Bemowo 02,,2024-12-25 21:05:47.652919
Autobus,6239,3,184,Szczęśliwice,4 min przed czasem,Grzymały-Sokołowskiego 06,,2024-12-25 21:05:47.652919
Autobus,7750,5,523,PKP Olszynka Grochowska,4 min przed czasem,GUS 05,,2024-12-25 21:05:47.652919
Autobus,9527,54,715,Ursynów Płn.,4 min przed czasem,Dunikowskiego 01,,2024-12-25 21:05:47.652919
Autobus,9553,6,103,Brylowska,5 min przed czasem,Metro Młociny 01,,2024-12-25 21:05:47.652919
Autobus,2217,6,136,Natolin Płn.,5 min przed czasem,Polinezyjska 05,,2024-12-25 21:05:47.652919
Tramwaj,3136,12,33,Zjazd do zajezdni Żoliborz,7 min przed czasem,Kielecka 02,,2024-12-25 21:05:47.652919
Autobus,1222,4,251,Metro Wilanowska,7 min przed czasem,Konstancin-Jeziorna CH Stara Papiernia 02,,2024-12-25 21:05:47.652919
Autobus,4421,5,138,Utrata,10 min przed czasem,Bokserska 05,,2024-12-25 21:05:47.652919
Autobus,4415,2,122,Os. Górczewska,15 min przed czasem,Gwiaździsta 01,,2024-12-25 21:05:47.652919
Autobus,5236,5,122,Gwiaździsta,16 min przed czasem,Os. Górczewska 01,,2024-12-25 21:05:47.652919
Autobus,9844,4,185,CH Ursynów,22 min przed czasem,Gwiaździsta 04,,2024-12-25 21:05:47.652919
Autobus,5909,405,175,Pl. Piłsudskiego,25 min przed czasem,Lotnisko Chopina-Przyloty 02,,2024-12-25 21:05:47.652919
Autobus,4419,2,157,Szczęśliwice,27 min przed czasem,Gwiaździsta 04,,2024-12-25 21:05:47.652919
