Type,Vehicle No,Brigade,Route,Trip Headsign,Delay,Stop Name,Outside,Timestamp
Autobus,9527,4,178,Skorosze,6 min,Skorosze 04,,2024-12-24 23:03:34.241661
Tramwaj,3243,7,33,Zjazd do zajezdni Mokotów,5 min,Wołoska 03,,2024-12-24 23:03:34.241661
Autobus,2015,2,N01,Nowodwory,5 min,Wałowicka 02,,2024-12-24 23:03:34.241661
Autobus,4332,5,N01,Ursynów Płn.,4 min,Dojazdowa 01,,2024-12-24 23:03:34.241661
Autobus,8368,173,N33,Dw. Centralny,4 min,Pl. Trzech Krzyży 04,,2024-12-24 23:03:34.241661
Autobus,5898,220,N43,Chomiczówka,4 min,Aspekt 02,,2024-12-24 23:03:34.241661
Autobus,9521,3,N02,Marysin,3 min,Conrada 02,,2024-12-24 23:03:34.241661
Autobus,6207,8,189,Os. Górczewska,3 min,WKD Raków 02,,2024-12-24 23:03:34.241661
Autobus,8346,5,189,Metro Służew,3 min,Parowcowa 01,,2024-12-24 23:03:34.241661
Autobus,8541,270,N31,Dw. Centralny,3 min,Pl. Konstytucji 08,,2024-12-24 23:03:34.241661
Autobus,4424,131,N14,Olesin,3 min,Kamykowa 02,,2024-12-24 23:03:34.241661
Autobus,8551,3,148,Dolina Służewiecka,3 min,Szpital Południowy 03,,2024-12-24 23:03:34.241661
Autobus,7858,185,N21,Stara Miłosna (Ułańska),3 min,Rejtana 02,,2024-12-24 23:03:34.241661
Autobus,1425,435,146,Dw. Wschodni (Lubelska),3 min,Wybrzeże Szczecińskie 02,,2024-12-24 23:03:34.241661
Autobus,1863,1,N25,Dw. Centralny,2 min,Pl. Konstytucji 08,,2024-12-24 23:03:34.241661
Autobus,7866,5,145,Żerań FSO,2 min,Bazyliańska 03,,2024-12-24 23:03:34.241661
Autobus,4433,110,N11,Os. Derby,2 min,Szwedzka 02,,2024-12-24 23:03:34.241661
Autobus,8560,267,N37,Dw. Centralny,2 min,Belgradzka 02,,2024-12-24 23:03:34.241661
Autobus,8565,2,N24,Dw. Centralny,2 min,PKP Powiśle 02,,2024-12-24 23:03:34.241661
Autobus,8551,3,148,Dolina Służewiecka,3 min,Szpital Południowy 03,,2024-12-24 23:03:34.241661
Autobus,1863,1,N25,Dw. Centralny,3 min,Pl. Konstytucji 08,,2024-12-24 23:03:34.241661
Autobus,7858,185,N21,Stara Miłosna (Ułańska),3 min,Rejtana 02,,2024-12-24 23:03:34.241661
Tramwaj,4218,27,16,Zjazd do zajezdni Mokotów,2 min,Idzikowskiego 02,,2024-12-24 23:03:34.241661
Autobus,1425,435,146,Dw. Wschodni (Lubelska),2 min,Wybrzeże Szczecińskie 02,,2024-12-24 23:03:34.241661
Autobus,4433,110,N11,Os. Derby,2 min,Szwedzka 02,,2024-12-24 23:03:34.241661
Autobus,4222,2,N44,Dw. Centralny,2 min,Dw. Centralny 23,,2024-12-24 23:03:34.241661
Autobus,8565,2,N24,Dw. Centralny,2 min,PKP Powiśle 02,,2024-12-24 23:03:34.241661
Autobus,9825,3,185,Gwiaździsta,2 min,Metro Centrum Nauki Kopernik 02,,2024-12-24 23:03:34.241661
Autobus,7866,5,145,Żerań FSO,2 min,Bazyliańska 03,,2024-12-24 23:03:34.241661
Autobus,9303,1,N02,Marysin,2 min,Gocław 08,,2024-12-24 23:03:34.241661
Autobus,4225,1,N01,Nowodwory,2 min,Prozy 03,,2024-12-24 23:03:34.241661
Autobus,8560,267,N37,Dw. Centralny,2 min,Belgradzka 02,,2024-12-24 23:03:34.241661
Autobus,4305,550,705,Metro Marymont,2 min,Stanisławów Pierwszy Przyleśna 01,,2024-12-24 23:03:34.241661
Autobus,5884,410,175,Centrum,2 min,Pomnik Lotnika 02,,2024-12-24 23:03:34.241661
Autobus,8398,3,N24,Dw. Centralny,2 min,Rembertów-Kolonia 03,,2024-12-24 23:03:34.241661
Autobus,5889,406,175,Centrum,2 min,Lotnisko Chopina-Przyloty 02,,2024-12-24 23:03:34.241661
Autobus,9833,140,N32,Lotnisko Chopina,2 min,Baleya 01,,2024-12-24 23:03:34.241661
Autobus,8543,3,N01,Nowodwory,2 min,Konstruktorska 02,,2024-12-24 23:03:34.241661
Autobus,4225,1,N01,Nowodwory,2 min,Prozy 03,,2024-12-24 23:03:34.241661
Autobus,8560,267,N37,Dw. Centralny,2 min,Belgradzka 02,,2024-12-24 23:03:34.241661
Autobus,4305,550,705,Metro Marymont,2 min,Stanisławów Pierwszy Przyleśna 01,,2024-12-24 23:03:34.241661
Autobus,5884,410,175,Centrum,2 min,Pomnik Lotnika 02,,2024-12-24 23:03:34.241661
Autobus,8398,3,N24,Dw. Centralny,2 min,Rembertów-Kolonia 03,,2024-12-24 23:03:34.241661
Autobus,5889,406,175,Centrum,2 min,Lotnisko Chopina-Przyloty 02,,2024-12-24 23:03:34.241661
Autobus,9833,140,N32,Lotnisko Chopina,2 min,Baleya 01,,2024-12-24 23:03:34.241661
Autobus,8543,3,N01,Nowodwory,2 min,Konstruktorska 02,,2024-12-24 23:03:34.241661
Autobus,9320,587,202,PKP Gocławek,2 min,Siennicka 02,,2024-12-24 23:03:34.241661
Autobus,5873,2,503,Natolin Płn.,2 min,Stryjeńskich 03,,2024-12-24 23:03:34.241661
Autobus,4335,134,N64,Dw. Centralny,2 min,Rembielińska 01,,2024-12-24 23:03:34.241661
Autobus,1421,1,183,Wiatraczna,2 min,Niedziałkowskiego 01,,2024-12-24 23:03:34.241661
Autobus,5970,3,116,Chomiczówka,2 min,Pl. Wilsona 02,,2024-12-24 23:03:34.241661
Autobus,7217,138,N85,Pruszków Os. Staszica /pętla,2 min,Berestecka 02,,2024-12-24 23:03:34.241661
Autobus,6222,7,517,Ursus-Niedźwiadek,1 min,Krucza 02,,2024-12-24 23:03:34.241661
Autobus,8555,265,N31,Sadyba,1 min,Iwicka 01,,2024-12-24 23:03:34.241661
Autobus,9303,1,N02,Marysin,2 min,Os. Wilga 02,,2024-12-24 23:03:34.241661
Autobus,5447,3,210,Truskaw Skibińskiego,2 min,Izabelin Sienkiewicza 02,,2024-12-24 23:03:34.241661
Autobus,1544,5,N02,Metro Młociny,2 min,Metro Trocka 06,,2024-12-24 23:03:34.241661
Autobus,5873,2,503,Natolin Płn.,2 min,Stryjeńskich 03,,2024-12-24 23:03:34.241661
Autobus,4212,2,713,Koprki Agricoop,1 min,Drzeworytników 02,,2024-12-24 23:03:34.241661
Autobus,1541,440,146,Falenica,1 min,Rzymska 01,,2024-12-24 23:03:34.241661
Autobus,5970,3,116,Chomiczówka,1 min,Pl. Wilsona 02,,2024-12-24 23:03:34.241661
Autobus,8555,265,N31,Sadyba,1 min,Iwicka 01,,2024-12-24 23:03:34.241661
Autobus,8398,3,N24,Dw. Centralny,1 min,Buławy 01,,2024-12-24 23:03:34.241661
Autobus,9510,2,N03,Winnica,1 min,Płochocińska 02,,2024-12-24 23:03:34.241661
Autobus,7815,190,N22,Aleksandrów,1 min,Afrykańska 01,,2024-12-24 23:03:34.241661
Autobus,6239,208,N38,Centrum,1 min,Dw. Centralny 14,,2024-12-24 23:03:34.241661
Autobus,7217,138,N85,Pruszków Os. Staszica /pętla,1 min,Śmigłowca 02,,2024-12-24 23:03:34.241661
Autobus,8594,1,140,Metro Trocka,1 min,Marki Struga 01,,2024-12-24 23:03:34.241661
Autobus,4244,4,N01,Ursynów Płn.,1 min,Koncertowa 01,,2024-12-24 23:03:34.241661
Autobus,8336,5,709,Metro Wilanowska,1 min,Żołny 02,,2024-12-24 23:03:34.241661
Autobus,7248,1,523,Stare Bemowo,1 min,Radiowa-WAT 02,,2024-12-24 23:03:34.241661
Autobus,4520,181,N41,Młociny-UKSW,1 min,Powązkowska 02,,2024-12-24 23:03:34.241661
Autobus,9302,6,N03,Ursynów Płn.,1 min,Dw. Wileński 01,,2024-12-24 23:03:34.241661
Autobus,8594,1,140,Metro Trocka,1 min,Marki Graniczna 01,,2024-12-24 23:03:34.241661
Autobus,4212,2,713,Koprki Agricoop,1 min,Lazurowa 02,,2024-12-24 23:03:34.241661
Autobus,7248,1,523,Stare Bemowo,1 min,Radiowa-WAT 02,,2024-12-24 23:03:34.241661
Autobus,8336,5,709,Metro Wilanowska,1 min,Żołny 02,,2024-12-24 23:03:34.241661
Autobus,4335,134,N64,Dw. Centralny,1 min,Bartnicza 01,,2024-12-24 23:03:34.241661
Autobus,9832,8,185,Al. Witosa,1 min,Cytadela 01,,2024-12-24 23:03:34.241661
Autobus,7217,138,N85,Pruszków Os. Staszica /pętla,1 min,Śmigłowca 02,,2024-12-24 23:03:34.241661
Autobus,6239,208,N38,Centrum,1 min,Dw. Centralny 14,,2024-12-24 23:03:34.241661
Autobus,9803,6,502,Płowiecka,1 min,Kajki 01,,2024-12-24 23:03:34.241661
Autobus,9833,140,N32,Lotnisko Chopina,1 min,Novotel 01,,2024-12-24 23:03:34.241661
Pociąg,1081,,WKD,,1 min,,,2024-12-24 23:03:34.241661
Tramwaj,3205,25,1,Zjazd do zajezdni Praga,1 min,Dw. Wschodni (Kijowska) 02,,2024-12-24 23:03:34.241661
Autobus,1416,437,147,Stara Miłosna (Ułańska),1 min,Zerzeń 01,,2024-12-24 23:03:34.241661
Autobus,9319,4,N03,Winnica,1 min,Nowoursynowska 02,,2024-12-24 23:03:34.241661
Autobus,1005,1,213,PKP Falenica,1 min,Bysławska 04,,2024-12-24 23:03:34.241661
Autobus,5960,2,N43,Chomiczówka,1 min,Parafialna 02,,2024-12-24 23:03:34.241661
Autobus,1217,634,165,Metro Wilanowska,1 min,Instytut Fizyki 03,,2024-12-24 23:03:34.241661
Pociąg,1081,,WKD,,1 min,,,2024-12-24 23:03:34.241661
Tramwaj,3205,25,1,Zjazd do zajezdni Praga,1 min,Dw. Wschodni (Kijowska) 02,,2024-12-24 23:03:34.241661
Autobus,1416,437,147,Stara Miłosna (Ułańska),1 min,Zerzeń 01,,2024-12-24 23:03:34.241661
Autobus,9319,4,N03,Winnica,1 min,Nowoursynowska 02,,2024-12-24 23:03:34.241661
Autobus,1005,1,213,PKP Falenica,1 min,Bysławska 04,,2024-12-24 23:03:34.241661
Autobus,5960,2,N43,Chomiczówka,1 min,Parafialna 02,,2024-12-24 23:03:34.241661
Autobus,1217,634,165,Metro Wilanowska,1 min,Instytut Fizyki 03,,2024-12-24 23:03:34.241661
Autobus,1551,209,738,P+R Radzymin,1 min,Marki Słoneczna 02,,2024-12-24 23:03:34.241661
Autobus,7209,206,N88,Janki Pl. Szwedzki,1 min,PKP Rakowiec 06,,2024-12-24 23:03:34.241661
Autobus,1426,191,N95,Dw. Centralny,1 min,Arkadyjska 01,,2024-12-24 23:03:34.241661
Autobus,4220,194,N25,Dw. Centralny,1 min,Bursztynowa-Szpital 01,,2024-12-24 23:03:34.241661
Autobus,6221,9,189,Zajezdnia Kleszczowa,1 min,Instytut Fizyki 02,,2024-12-24 23:03:34.241661
Autobus,4333,6,N01,Ursynów Płn.,1 min,Aspekt 01,,2024-12-24 23:03:34.241661
Autobus,9094,5,N03,Ursynów Płn.,1 min,Beethovena 01,,2024-12-24 23:03:34.241661
Autobus,9826,4,185,Legia-Stadion,1 min,Strzeleckiego 02,,2024-12-24 23:03:34.241661
Autobus,9914,218,N42,Dw. Centralny,1 min,Rozłogi 02,,2024-12-24 23:03:34.241661
Autobus,1552,132,N64,Choszczówka,1 min,Dw. Wileński 02,,2024-12-24 23:03:34.241661
Autobus,8518,371,N36,Bokserska,1 min,Zajezdnia Woronicza 02,,2024-12-24 23:03:34.241661
Autobus,4429,226,N12,Metro Trocka,0 min,Dw. Centralny 21,,2024-12-24 23:03:34.241661
Autobus,4432,227,N12,Dw. Centralny,0 min,Metro Trocka 12,,2024-12-24 23:03:34.241661
Autobus,5965,3,N43,Chomiczówka,0 min,Dw. Centralny 29,,2024-12-24 23:03:34.241661
Autobus,5994,1,N13,Dw. Centralny,0 min,Nowodwory 08,,2024-12-24 23:03:34.241661
Autobus,7205,102,N38,P+R Al. Krakowska,0 min,Centrum 03,,2024-12-24 23:03:34.241661
Autobus,7220,101,N32,Centrum,0 min,Lotnisko Chopina-Przyloty 02,,2024-12-24 23:03:34.241661
Autobus,7226,205,N38,Centrum,0 min,P+R Al. Krakowska 07,,2024-12-24 23:03:34.241661
Autobus,7838,219,N72,Dw. Centralny,0 min,Otwock Orla 02,,2024-12-24 23:03:34.241661
Autobus,7841,174,N33,Dw. Centralny,0 min,Zajezdnia Woronicza 01,,2024-12-24 23:03:34.241661
Autobus,8341,166,N81,Sarmacka,0 min,Dw. Centralny 11,,2024-12-24 23:03:34.241661
Autobus,8366,261,N34,Os. Kabaty,0 min,Dw. Centralny 27,,2024-12-24 23:03:34.241661
Autobus,8524,264,N31,Dw. Centralny,0 min,Wilanów 10,,2024-12-24 23:03:34.241661
Autobus,8538,156,N34,Dw. Centralny,0 min,Os. Kabaty 03,,2024-12-24 23:03:34.241661
Autobus,8548,168,N37,Dw. Centralny,0 min,Os. Kabaty 04,,2024-12-24 23:03:34.241661
Autobus,8563,214,N72,Dw. Centralny,0 min,Falenica 03,,2024-12-24 23:03:34.241661
Autobus,8567,192,N95,Os. Górczewska,0 min,Dw. Centralny 29,,2024-12-24 23:03:34.241661
Autobus,8828,203,N71,Dw. Centralny,0 min,Wola Grzybowska 03,,2024-12-24 23:03:34.241661
Autobus,9087,456,511,Dąbrówka Wiślana,0 min,Metro Młociny 18,,2024-12-24 23:03:34.241661
Autobus,9214,1,N50,Konstancin-Jeziorna Skolimów,0 min,Metro Wilanowska 17,,2024-12-24 23:03:34.241661
Autobus,7226,205,N38,Centrum,0 min,P+R Al. Krakowska 07,,2024-12-24 23:03:34.241661
Autobus,7838,219,N72,Dw. Centralny,0 min,Otwock Orla 02,,2024-12-24 23:03:34.241661
Autobus,7841,174,N33,Dw. Centralny,0 min,Zajezdnia Woronicza 01,,2024-12-24 23:03:34.241661
Autobus,8341,166,N81,Sarmacka,0 min,Dw. Centralny 11,,2024-12-24 23:03:34.241661
Autobus,8344,1,709,Metro Wilanowska,0 min,PKP Piaseczno 04,,2024-12-24 23:03:34.241661
Autobus,8366,261,N86,Os. Kabaty,0 min,Dw. Centralny 27,,2024-12-24 23:03:34.241661
Autobus,8524,264,N31,Dw. Centralny,0 min,Wilanów 10,,2024-12-24 23:03:34.241661
Autobus,8538,156,N34,Dw. Centralny,0 min,Os. Kabaty 03,,2024-12-24 23:03:34.241661
Autobus,8548,168,N37,Dw. Centralny,0 min,Os. Kabaty 04,,2024-12-24 23:03:34.241661
Autobus,8828,203,N71,Dw. Centralny,0 min,Wola Grzybowska 03,,2024-12-24 23:03:34.241661
Autobus,9214,1,N50,Konstancin-Jeziorna Skolimów,0 min,Metro Wilanowska 17,,2024-12-24 23:03:34.241661
Autobus,9226,472,210,Truskaw Skibińskiego,0 min,Metro Młociny 19,,2024-12-24 23:03:34.241661
Autobus,9350,469,145,Ząbki Warszawska,0 min,Wiatraczna 16,,2024-12-24 23:03:34.241661
Autobus,9814,136,N35,Ursus-Niedźwiadek,0 min,Centrum 03,,2024-12-24 23:03:34.241661
Autobus,9843,2,N42,Dw. Centralny,0 min,Os. Górczewska 53,,2024-12-24 23:03:34.241661
Pociąg,1001,,WKD,Grodzisk Mazowiecki Radońska,0 min,Warszawa Ochota WKD,,2024-12-24 23:03:34.241661
Autobus,8517,172,N33,Dw. Centralny,0 min,Instytut Fizyki 01,,2024-12-24 23:03:34.241661
Autobus,5968,4,N43,Dw. Centralny,0 min,Pirenejska 02,,2024-12-24 23:03:34.241661
Autobus,4400,4,197,Gwiaździsta,0 min,Magiera 02,,2024-12-24 23:03:34.241661
Autobus,9226,472,210,Truskaw Skibińskiego,0 min,Metro Młociny 19,,2024-12-24 23:03:34.241661
Autobus,9350,469,145,Ząbki Warszawska,0 min,Wiatraczna 16,,2024-12-24 23:03:34.241661
Autobus,9814,136,N35,Ursus-Niedźwiadek,0 min,Centrum 03,,2024-12-24 23:03:34.241661
Autobus,9843,2,N42,Dw. Centralny,0 min,Os. Górczewska 53,,2024-12-24 23:03:34.241661
Pociąg,1001,,WKD,Grodzisk Mazowiecki Radońska,0 min,Warszawa Ochota WKD,,2024-12-24 23:03:34.241661
Autobus,8517,172,N33,Dw. Centralny,0 min,Instytut Fizyki 01,,2024-12-24 23:03:34.241661
Autobus,5968,4,N43,Dw. Centralny,0 min,Pirenejska 02,,2024-12-24 23:03:34.241661
Autobus,4400,4,197,Gwiaździsta,0 min,Magiera 02,,2024-12-24 23:03:34.241661
Autobus,5425,246,N63,Chotomów,0 min,Metro Marymont 02,,2024-12-24 23:03:34.241661
Autobus,4426,121,N16,PKP Zacisze-Wilno,0 min,Śnieżna 02,,2024-12-24 23:03:34.241661
Autobus,8351,169,N37,Os. Kabaty,0 min,Królikarnia 01,,2024-12-24 23:03:34.241661
Autobus,9528,5,178,Skorosze,0 min,Rondo Daszyńskiego 02,,2024-12-24 23:03:34.241661
Autobus,9345,643,199,Rembertów-Strzelnica,0 min,Czwartaków 02,,2024-12-24 23:03:34.241661
Autobus,5426,2,132,Os. Derby,0 min,Żerań FSO 04,,2024-12-24 23:03:34.241661
Autobus,8527,8,136,Maklakiewicza,0 min,Gotarda 02,,2024-12-24 23:03:34.241661
Autobus,9532,671,712,Klaudyn,0 min,Groty 02,,2024-12-24 23:03:34.241661
Autobus,1058,591,208,PKP WKD Al. Jerozolimskie,0 min,PKP WKD Al. Jerozolimskie 02,,2024-12-24 23:03:34.241661
Autobus,15085,1,L41,Nowy Dwór Mazowiecki Urząd Miasta,0 min,Nowy Dwór Mazowiecki Paderewskiego 02,,2024-12-24 23:03:34.241661
Autobus,9318,3,179,Os. Kabaty,0 min,Teligi 03,,2024-12-24 23:03:34.241661
Autobus,7887,213,N21,Dw. Centralny,0 min,Gocławek 01,,2024-12-24 23:03:34.241661
Autobus,4416,183,N91,Dw. Centralny,0 min,Tytułowa 01,,2024-12-24 23:03:34.241661
Autobus,8545,258,N36,Dw. Centralny,0 min,Metro Pole Mokotowskie 02,,2024-12-24 23:03:34.241661
Autobus,9532,671,712,Klaudyn,0 min,Groty 02,,2024-12-24 23:03:34.241661
Autobus,15085,1,L41,Nowy Dwór Mazowiecki Urząd Miasta,0 min,Nowy Dwór Mazowiecki Paderewskiego 02,,2024-12-24 23:03:34.241661
Autobus,9904,7,190,Dw. Wileński,0 min,Jórskiego 01,,2024-12-24 23:03:34.241661
Tramwaj,3186,4,15,Zjazd do zajezdni Mokotów,0 min,Metro Wierzbno 04,,2024-12-24 23:03:34.241661
Autobus,7848,1,521,Wiatraczna,0 min,Wiatraczna 23,,2024-12-24 23:03:34.241661
Autobus,8349,257,N34,Os. Kabaty,1 min przed czasem,Rondo Unii Europejskiej 05,,2024-12-24 23:03:34.241661
Autobus,9519,1,707,Piaseczno Targowisko,1 min przed czasem,Stara Iwiczna Kielecka 02,,2024-12-24 23:03:34.241661
Autobus,4231,1,N45,Lazurowa,1 min przed czasem,Deotymy 02,,2024-12-24 23:03:34.241661
Autobus,7876,1,N24,PKP Mokry Ług,1 min przed czasem,Wspólna Droga 02,,2024-12-24 23:03:34.241661
Autobus,9831,3,710,Piaseczno Targowisko,1 min przed czasem,Konstancin-Jeziorna Piasta 01,,2024-12-24 23:03:34.241661
Autobus,4421,123,N11,Dw. Centralny,1 min przed czasem,Sieczna 01,,2024-12-24 23:03:34.241661
Autobus,1553,188,N46,Metro Młociny,1 min przed czasem,Pl. Wilsona 04,,2024-12-24 23:03:34.241661
Autobus,4207,1,N44,Zajezdnia Żoliborz,1 min przed czasem,Pl. Wilsona 02,,2024-12-24 23:03:34.241661
Tramwaj,3125,4,26,Zjazd do zajezdni Wola,1 min przed czasem,Stare Miasto 02,,2024-12-24 23:03:34.241661
Autobus,1214,428,739,Metro Wilanowska,1 min przed czasem,Józefosław Magnolii 02,,2024-12-24 23:03:34.241661
Autobus,1527,3,N03,Winnica,0 min,Wiatraczna 01,,2024-12-24 23:03:34.241661
Autobus,7876,1,N24,PKP Mokry Ług,0 min,Wspólna Droga 02,,2024-12-24 23:03:34.241661
Autobus,3458,247,N63,Dw. Centralny,1 min przed czasem,Ceramiczna 01,,2024-12-24 23:03:34.241661
Autobus,9831,3,710,Piaseczno Targowisko,1 min przed czasem,Konstancin-Jeziorna Pl. Sportowy 01,,2024-12-24 23:03:34.241661
Autobus,4411,225,N62,PKP Wołomin,1 min przed czasem,Namysłowska 02,,2024-12-24 23:03:34.241661
Tramwaj,3125,4,26,Zjazd do zajezdni Wola,1 min przed czasem,Stare Miasto 02,,2024-12-24 23:03:34.241661
Tramwaj,4275,27,17,Zjazd do zajezdni Żoliborz,1 min przed czasem,Park Kaskada 04,,2024-12-24 23:03:34.241661
Autobus,1553,188,N46,Metro Młociny,1 min przed czasem,Pl. Wilsona 04,,2024-12-24 23:03:34.241661
Autobus,8855,2,704,Płowiecka,1 min przed czasem,Trawiasta 01,,2024-12-24 23:03:34.241661
Autobus,4231,1,N45,Lazurowa,1 min przed czasem,Dalibora 02,,2024-12-24 23:03:34.241661
Autobus,80125,1,L44,PKP Wołomin,1 min przed czasem,Nadma Szkolna 02,,2024-12-24 23:03:34.241661
Autobus,1417,207,N44,Dw. Centralny,1 min przed czasem,Metro Wawrzyszew 05,,2024-12-24 23:03:34.241661
Autobus,3467,4,738,Metro Trocka,1 min przed czasem,Radzymin Norwida 01,,2024-12-24 23:03:34.241661
Autobus,8542,2,709,PKP Piaseczno,1 min przed czasem,Grabów 01,,2024-12-24 23:03:34.241661
Autobus,4207,1,N44,Zajezdnia Żoliborz,1 min przed czasem,Teatr Komedia 02,,2024-12-24 23:03:34.241661
Tramwaj,3210,2,9,Zjazd do zajezdni Praga,1 min przed czasem,Kijowska 06,,2024-12-24 23:03:34.241661
Autobus,1214,428,739,Metro Wilanowska,1 min przed czasem,Józefosław Komety 02,,2024-12-24 23:03:34.241661
Autobus,9318,3,179,Os. Kabaty,1 min przed czasem,Teligi 03,,2024-12-24 23:03:34.241661
Autobus,6240,512,711,P+R Al. Krakowska,1 min przed czasem,Wolica 01,,2024-12-24 23:03:34.241661
Autobus,5402,8,138,Rondo Waszyngtona,3 min przed czasem,Kijowska 01,,2024-12-24 23:03:34.241661
Autobus,5414,245,723,Legionowo Mickiewicza,3 min przed czasem,Buków 02,,2024-12-24 23:03:34.241661
Autobus,1533,424,739,Piaseczno Julianowska-Cmentarz,4 min przed czasem,Józefosław Kameralna 01,,2024-12-24 23:03:34.241661
Autobus,9548,5A,715,Ursynów Płn.,4 min przed czasem,,,2024-12-24 23:03:34.241661
Autobus,8324,1,136,Natolin Płn.,4 min przed czasem,Szolc-Rogozińskiego 01,,2024-12-24 23:03:34.241661
Autobus,8515,259,N36,Dw. Centralny,9 min przed czasem,Bokserska 03,,2024-12-24 23:03:34.241661
Autobus,8559,6,148,Dolina Służewiecka,9 min przed czasem,Lotnisko Chopina-Przyloty 02,,2024-12-24 23:03:34.241661
Autobus,5943,448,116,Wilanów,3 min przed czasem,Wilanów 07,,2024-12-24 23:03:34.241661
Autobus,1067,3,164,Metro Wilanowska,3 min przed czasem,Dominikańska 02,,2024-12-24 23:03:34.241661
Autobus,5402,8,138,Rondo Waszyngtona,3 min przed czasem,Kijowska 01,,2024-12-24 23:03:34.241661
Autobus,5414,245,723,Legionowo Mickiewicza,3 min przed czasem,Buków 02,,2024-12-24 23:03:34.241661
Autobus,1533,424,739,Piaseczno Julianowska-Cmentarz,4 min przed czasem,Józefosław Kameralna 01,,2024-12-24 23:03:34.241661
Autobus,9548,5A,715,Ursynów Płn.,4 min przed czasem,,,2024-12-24 23:03:34.241661
Autobus,8324,1,136,Natolin Płn.,4 min przed czasem,Szolc-Rogozińskiego 01,,2024-12-24 23:03:34.241661
Autobus,8515,259,N36,Dw. Centralny,9 min przed czasem,Bokserska 03,,2024-12-24 23:03:34.241661
Autobus,8559,6,148,Dolina Służewiecka,9 min przed czasem,Lotnisko Chopina-Przyloty 02,,2024-12-24 23:03:34.241661
Autobus,5943,448,116,Wilanów,3 min przed czasem,Wilanów 07,,2024-12-24 23:03:34.241661
Autobus,1067,3,164,Metro Wilanowska,3 min przed czasem,Dominikańska 02,,2024-12-24 23:03:34.241661
Autobus,5402,8,138,Rondo Waszyngtona,3 min przed czasem,Kijowska 01,,2024-12-24 23:03:34.241661
Autobus,5414,245,723,Legionowo Mickiewicza,3 min przed czasem,Buków 02,,2024-12-24 23:03:34.241661
Autobus,1533,424,739,Piaseczno Julianowska-Cmentarz,4 min przed czasem,Józefosław Kameralna 01,,2024-12-24 23:03:34.241661
Autobus,9548,5A,715,Ursynów Płn.,4 min przed czasem,,,2024-12-24 23:03:34.241661
Autobus,8324,1,136,Natolin Płn.,4 min przed czasem,Szolc-Rogozińskiego 01,,2024-12-24 23:03:34.241661
Autobus,8515,259,N36,Dw. Centralny,9 min przed czasem,Bokserska 03,,2024-12-24 23:03:34.241661
Autobus,8559,6,148,Dolina Służewiecka,9 min przed czasem,Lotnisko Chopina-Przyloty 02,,2024-12-24 23:03:34.241661
Autobus,9548,5A,715,Ursynów Płn.,4 min przed czasem,,,2024-12-24 23:03:34.241661
Autobus,8324,1,136,Natolin Płn.,5 min przed czasem,Cynamonowa 02,,2024-12-24 23:03:34.241661
Autobus,8515,259,N36,Dw. Centralny,8 min przed czasem,Bokserska 03,,2024-12-24 23:03:34.241661
Autobus,8559,6,148,Dolina Służewiecka,9 min przed czasem,Lotnisko Chopina-Przyloty 02,,2024-12-24 23:03:34.241661
Autobus,9548,5A,715,Ursynów Płn.,4 min przed czasem,,,2024-12-24 23:03:34.241661
Autobus,8324,1,136,Natolin Płn.,5 min przed czasem,Cynamonowa 02,,2024-12-24 23:03:34.241661
Autobus,8515,259,N36,Dw. Centralny,8 min przed czasem,Bokserska 03,,2024-12-24 23:03:34.241661
Autobus,8559,6,148,Dolina Służewiecka,9 min przed czasem,Lotnisko Chopina-Przyloty 02,,2024-12-24 23:03:34.241661
Autobus,9548,5A,715,Ursynów Płn.,4 min przed czasem,,,2024-12-24 23:03:34.241661
Autobus,8324,1,136,Natolin Płn.,5 min przed czasem,Cynamonowa 02,,2024-12-24 23:03:34.241661
Autobus,8515,259,N36,Dw. Centralny,8 min przed czasem,Bokserska 03,,2024-12-24 23:03:34.241661
Autobus,8559,6,148,Dolina Służewiecka,9 min przed czasem,Lotnisko Chopina-Przyloty 02,,2024-12-24 23:03:34.241661
Autobus,8515,259,N36,Dw. Centralny,8 min przed czasem,Bokserska 03,,2024-12-24 23:03:34.241661
Autobus,8559,6,148,Dolina Służewiecka,9 min przed czasem,Lotnisko Chopina-Przyloty 02,,2024-12-24 23:03:34.241661
Autobus,8515,259,N36,Dw. Centralny,8 min przed czasem,Bokserska 03,,2024-12-24 23:03:34.241661
Autobus,8559,6,148,Dolina Służewiecka,9 min przed czasem,Lotnisko Chopina-Przyloty 02,,2024-12-24 23:03:34.241661
Autobus,8515,259,N36,Dw. Centralny,8 min przed czasem,Bokserska 03,,2024-12-24 23:03:34.241661
Autobus,8559,6,148,Dolina Służewiecka,9 min przed czasem,Lotnisko Chopina-Przyloty 02,,2024-12-24 23:03:34.241661
Autobus,8515,259,N36,Dw. Centralny,8 min przed czasem,Bokserska 03,,2024-12-24 23:03:34.241661
Autobus,8559,6,148,Dolina Służewiecka,9 min przed czasem,Lotnisko Chopina-Przyloty 02,,2024-12-24 23:03:34.241661
Autobus,1533,424,739,Piaseczno Julianowska-Cmentarz,4 min przed czasem,Józefosław Kameralna 01,,2024-12-24 23:03:34.241661
Autobus,8324,1,136,Natolin Płn.,5 min przed czasem,Cynamonowa 02,,2024-12-24 23:03:34.241661
Autobus,8515,259,N36,Dw. Centralny,8 min przed czasem,Bokserska 03,,2024-12-24 23:03:34.241661
Autobus,8559,6,148,Dolina Służewiecka,9 min przed czasem,Lotnisko Chopina-Przyloty 02,,2024-12-24 23:03:34.241661
Autobus,1533,424,739,Piaseczno Julianowska-Cmentarz,4 min przed czasem,Józefosław Kameralna 01,,2024-12-24 23:03:34.241661
Autobus,8324,1,136,Natolin Płn.,5 min przed czasem,Cynamonowa 02,,2024-12-24 23:03:34.241661
Autobus,8515,259,N36,Dw. Centralny,8 min przed czasem,Bokserska 03,,2024-12-24 23:03:34.241661
Autobus,8559,6,148,Dolina Służewiecka,9 min przed czasem,Lotnisko Chopina-Przyloty 02,,2024-12-24 23:03:34.241661
Autobus,1533,424,739,Piaseczno Julianowska-Cmentarz,4 min przed czasem,Józefosław Kameralna 01,,2024-12-24 23:03:34.241661
Autobus,8324,1,136,Natolin Płn.,5 min przed czasem,Cynamonowa 02,,2024-12-24 23:03:34.241661
Autobus,8515,259,N36,Dw. Centralny,8 min przed czasem,Bokserska 03,,2024-12-24 23:03:34.241661
Autobus,8559,6,148,Dolina Służewiecka,9 min przed czasem,Lotnisko Chopina-Przyloty 02,,2024-12-24 23:03:34.241661
Autobus,1533,424,739,Piaseczno Julianowska-Cmentarz,4 min przed czasem,Józefosław Kameralna 01,,2024-12-24 23:03:34.241661
Autobus,8324,1,136,Natolin Płn.,5 min przed czasem,Cynamonowa 02,,2024-12-24 23:03:34.241661
Autobus,8515,259,N36,Dw. Centralny,8 min przed czasem,Bokserska 03,,2024-12-24 23:03:34.241661
Autobus,7860,215,N72,Karczew Stare Miasto,0 min,Dw. Centralny 25,,2024-12-24 23:03:34.241661
Autobus,8341,166,N81,Sarmacka,0 min,Dw. Centralny 11,,2024-12-24 23:03:34.241661
Autobus,8344,1,709,Metro Wilanowska,0 min,PKP Piaseczno 04,,2024-12-24 23:03:34.241661
Autobus,8366,261,N86,Os. Kabaty,0 min,Dw. Centralny 27,,2024-12-24 23:03:34.241661
Autobus,8538,156,N34,Dw. Centralny,0 min,Os. Kabaty 03,,2024-12-24 23:03:34.241661
Autobus,8548,168,N37,Dw. Centralny,0 min,Os. Kabaty 04,,2024-12-24 23:03:34.241661
Autobus,8563,214,N72,Dw. Centralny,0 min,Falenica 03,,2024-12-24 23:03:34.241661
Autobus,8565,2,N24,PKP Mokry Ług,0 min,Dw. Centralny 25,,2024-12-24 23:03:34.241661
Autobus,8567,192,N95,Os. Górczewska,0 min,Dw. Centralny 29,,2024-12-24 23:03:34.241661
Autobus,8574,4,N24,Dw. Centralny,0 min,PKP Mokry Ług 02,,2024-12-24 23:03:34.241661
Autobus,8828,203,N71,Dw. Centralny,0 min,Wola Grzybowska 03,,2024-12-24 23:03:34.241661
Autobus,9226,472,210,Truskaw Skibińskiego,0 min,Metro Młociny 19,,2024-12-24 23:03:34.241661
Autobus,9350,469,145,Ząbki Warszawska,0 min,Wiatraczna 16,,2024-12-24 23:03:34.241661
Autobus,9814,136,N35,Ursus-Niedźwiadek,0 min,Centrum 03,,2024-12-24 23:03:34.241661
Autobus,9843,2,N42,Dw. Centralny,0 min,Os. Górczewska 53,,2024-12-24 23:03:34.241661
Autobus,9928,216,N42,Os. Górczewska,0 min,Dw. Centralny 29,,2024-12-24 23:03:34.241661
Pociąg,1001,,WKD,Grodzisk Mazowiecki Radońska,0 min,Warszawa Zachodnia WKD,,2024-12-24 23:03:34.241661
Autobus,7227,4,157,Szczęśliwice,0 min,Pl. Narutowicza 02,,2024-12-24 23:03:34.241661
Autobus,1553,188,N46,Metro Młociny,0 min,Marymont-Potok 06,,2024-12-24 23:03:34.241661
Autobus,9226,472,210,Truskaw Skibińskiego,0 min,Metro Młociny 19,,2024-12-24 23:03:34.241661
Autobus,9350,469,145,Ząbki Warszawska,0 min,Wiatraczna 16,,2024-12-24 23:03:34.241661
Autobus,9814,136,N35,Ursus-Niedźwiadek,0 min,Centrum 03,,2024-12-24 23:03:34.241661
Autobus,9350,469,145,Ząbki Warszawska,0 min,Wiatraczna 16,,2024-12-24 23:03:34.241661
Autobus,9814,136,N35,Ursus-Niedźwiadek,0 min,Centrum 03,,2024-12-24 23:03:34.241661
Autobus,9843,2,N42,Dw. Centralny,0 min,Os. Górczewska 53,,2024-12-24 23:03:34.241661
Autobus,9928,216,N42,Os. Górczewska,0 min,Dw. Centralny 29,,2024-12-24 23:03:34.241661
Pociąg,1001,,WKD,Grodzisk Mazowiecki Radońska,0 min,Warszawa Zachodnia WKD,,2024-12-24 23:03:34.241661
Autobus,7227,4,157,Szczęśliwice,0 min,Pl. Narutowicza 02,,2024-12-24 23:03:34.241661
Autobus,1859,2,183,Zielona,0 min,Sosnowa 02,,2024-12-24 23:03:34.241661
Autobus,1005,1,213,PKP Falenica,0 min,Falenica 02,,2024-12-24 23:03:34.241661
Autobus,8544,171,N83,PKP Piaseczno,0 min,Gołkowska 01,,2024-12-24 23:03:34.241661
Autobus,3458,247,N63,Dw. Centralny,0 min,Obrazkowa 01,,2024-12-24 23:03:34.241661
Autobus,4411,225,N62,PKP Wołomin,0 min,Rondo Żaba 02,,2024-12-24 23:03:34.241661
Autobus,5425,246,N63,Chotomów,0 min,Os. Potok 03,,2024-12-24 23:03:34.241661
Autobus,7215,239,N35,Centrum,0 min,Malinowa 01,,2024-12-24 23:03:34.241661
Autobus,7217,138,N85,Pruszków Os. Staszica /pętla,0 min,Mikołajska 02,,2024-12-24 23:03:34.241661
Autobus,4400,4,197,Gwiaździsta,0 min,Bielany-Ratusz 04,,2024-12-24 23:03:34.241661
Autobus,1553,188,N46,Metro Młociny,0 min,Os. Potok 02,,2024-12-24 23:03:34.241661
