Type,Vehicle No,Brigade,Route,Trip Headsign,Delay,Stop Name,Outside,Timestamp
Autobus,5994,9,503,Natolin Płn.,50 min,Metro Świętokrzyska 01,,2024-12-25 17:07:44.898018
Autobus,5937,1,503,Natolin Płn.,47 min,Muranowska 05,,2024-12-25 17:07:44.898018
Autobus,5947,10,116,Chomiczówka,46 min,Teatr Komedia 02,,2024-12-25 17:07:44.898018
Autobus,5896,8,503,Natolin Płn.,45 min,Warneńska 01,,2024-12-25 17:07:44.898018
Autobus,5974,438,180,Chomiczówka,44 min,Cm. Żydowski 02,,2024-12-25 17:07:44.898018
Autobus,5446,11,116,Chomiczówka,44 min,Pl. Teatralny 04,,2024-12-25 17:07:44.898018
Autobus,5956,3,180,Wilanów,44 min,Centrum 15,,2024-12-25 17:07:44.898018
Autobus,5926,2,180,Wilanów,43 min,Chełmska 01,,2024-12-25 17:07:44.898018
Autobus,9514,5,178,Skorosze,42 min,Kapitulna 01,,2024-12-25 17:07:44.898018
Autobus,5901,4,180,Wilanów,42 min,Kapitulna 01,,2024-12-25 17:07:44.898018
Autobus,3467,2,132,Metro Marymont,41 min,Os. Derby III 02,,2024-12-25 17:07:44.898018
Autobus,5973,4,116,Wilanów,39 min,Wilanów 07,,2024-12-25 17:07:44.898018
Autobus,5958,9,180,Chomiczówka,38 min,Pl. Krasińskich 02,,2024-12-25 17:07:44.898018
Autobus,5977,4,503,Konwiktorska,36 min,Pl. Teatralny 04,,2024-12-25 17:07:44.898018
Tramwaj,4102,6,17,PKP Służewiec,35 min,GUS 03,,2024-12-25 17:07:44.898018
Autobus,5892,5,503,Konwiktorska,34 min,Pl. Trzech Krzyży 02,,2024-12-25 17:07:44.898018
Autobus,5952,5,180,Wilanów,31 min,Nalewki-Muzeum 01,,2024-12-25 17:07:44.898018
Autobus,5890,2,503,Natolin Płn.,31 min,Muranowska 05,,2024-12-25 17:07:44.898018
Autobus,5964,1,116,Chomiczówka,30 min,Pl. Piłsudskiego 02,,2024-12-25 17:07:44.898018
Autobus,5973,4,116,Wilanów,39 min,Wilanów 07,,2024-12-25 17:07:44.898018
Autobus,5958,9,180,Chomiczówka,38 min,Pl. Krasińskich 02,,2024-12-25 17:07:44.898018
Autobus,5977,4,503,Konwiktorska,37 min,Pl. Teatralny 04,,2024-12-25 17:07:44.898018
Tramwaj,4102,6,17,PKP Służewiec,35 min,GUS 03,,2024-12-25 17:07:44.898018
Autobus,5892,5,503,Konwiktorska,34 min,Pl. Trzech Krzyży 02,,2024-12-25 17:07:44.898018
Autobus,5952,5,180,Wilanów,31 min,Nalewki-Muzeum 01,,2024-12-25 17:07:44.898018
Autobus,5890,2,503,Natolin Płn.,31 min,Muranowska 05,,2024-12-25 17:07:44.898018
Autobus,5964,1,116,Chomiczówka,30 min,Pl. Piłsudskiego 02,,2024-12-25 17:07:44.898018
Autobus,5971,2,116,Chomiczówka,29 min,Piękna 02,,2024-12-25 17:07:44.898018
Autobus,5934,602,111,Gocław,28 min,Gocław 02,,2024-12-25 17:07:44.898018
Autobus,5981,4,518,Nowodwory,28 min,Konwaliowa 02,,2024-12-25 17:07:44.898018
Autobus,5921,10,180,Chomiczówka,26 min,Kapitulna 02,,2024-12-25 17:07:44.898018
Autobus,5927,6,503,Konwiktorska,25 min,Dolna 56,,2024-12-25 17:07:44.898018
Autobus,5960,5,518,Nowodwory,25 min,Kapitulna 02,,2024-12-25 17:07:44.898018
Tramwaj,3290,4,26,Metro Młociny,24 min,Metro Ratusz Arsenał 10,,2024-12-25 17:07:44.898018
Autobus,9852,4,185,CH Ursynów,22 min,Sielce 01,,2024-12-25 17:07:44.898018
Autobus,5979,6,518,Bielańska,21 min,Pl. Krasińskich 01,,2024-12-25 17:07:44.898018
Tramwaj,3260,7,17,PKP Służewiec,21 min,Rondo ONZ 03,,2024-12-25 17:07:44.898018
Autobus,5207,5,177,Ursus-Niedźwiadek,20 min,Posag 7 Panien 03,,2024-12-25 17:07:44.898018
Autobus,5921,10,180,Chomiczówka,26 min,Kapitulna 02,,2024-12-25 17:07:44.898018
Autobus,5927,6,503,Konwiktorska,25 min,Dolna 56,,2024-12-25 17:07:44.898018
Autobus,5960,5,518,Nowodwory,25 min,Kapitulna 02,,2024-12-25 17:07:44.898018
Tramwaj,3290,4,26,Metro Młociny,24 min,Metro Ratusz Arsenał 10,,2024-12-25 17:07:44.898018
Autobus,9852,4,185,CH Ursynów,22 min,Sielce 01,,2024-12-25 17:07:44.898018
Autobus,5979,6,518,Bielańska,21 min,Pl. Krasińskich 01,,2024-12-25 17:07:44.898018
Tramwaj,3260,7,17,PKP Służewiec,21 min,Rondo ONZ 03,,2024-12-25 17:07:44.898018
Autobus,5207,5,177,Ursus-Niedźwiadek,20 min,Posag 7 Panien 03,,2024-12-25 17:07:44.898018
Tramwaj,3140,6,6,Gocławek,20 min,Praga-Płd.-Ratusz 04,,2024-12-25 17:07:44.898018
Autobus,9340,1,198,Stara Miłosna (Ułańska),20 min,Stara Miłosna (Ułańska) 04,,2024-12-25 17:07:44.898018
Tramwaj,4257,9,17,PKP Służewiec,19 min,Nowodwory 05,,2024-12-25 17:07:44.898018
Autobus,4421,5,138,Bokserska,19 min,Wołomińska 01,,2024-12-25 17:07:44.898018
Autobus,4526,5,220,Opacz-Kolonia Rebusowa,19 min,Nowe Bemowo 12,,2024-12-25 17:07:44.898018
Autobus,4239,4,220,Opacz-Kolonia Rebusowa,19 min,Batalionów Chłopskich 01,,2024-12-25 17:07:44.898018
Autobus,5942,606,111,Gocław,17 min,Pl. Teatralny 01,,2024-12-25 17:07:44.898018
Autobus,5878,3,503,Natolin Płn.,17 min,Muranowska 05,,2024-12-25 17:07:44.898018
Autobus,1913,3,106,Ostroroga,15 min,Pl. Grzybowski 04,,2024-12-25 17:07:44.898018
Autobus,5954,7,503,Konwiktorska,15 min,Warneńska 02,,2024-12-25 17:07:44.898018
Autobus,5917,603,111,Gocław,15 min,Os. Wilga 01,,2024-12-25 17:07:44.898018
Autobus,4421,5,138,Bokserska,19 min,Śnieżna 01,,2024-12-25 17:07:44.898018
Autobus,4239,4,220,Opacz-Kolonia Rebusowa,19 min,Batalionów Chłopskich 01,,2024-12-25 17:07:44.898018
Autobus,5972,3,116,Chomiczówka,19 min,Spacerowa 52,,2024-12-25 17:07:44.898018
Autobus,5942,606,111,Gocław,17 min,Pl. Teatralny 01,,2024-12-25 17:07:44.898018
Autobus,5878,3,503,Natolin Płn.,17 min,Muranowska 05,,2024-12-25 17:07:44.898018
Autobus,1913,3,106,Ostroroga,15 min,Pl. Grzybowski 04,,2024-12-25 17:07:44.898018
Autobus,5954,7,503,Konwiktorska,15 min,Warneńska 02,,2024-12-25 17:07:44.898018
Autobus,5917,603,111,Gocław,15 min,Os. Wilga 01,,2024-12-25 17:07:44.898018
Autobus,5871,406,128,Szczęśliwice,15 min,Pl. Starynkiewicza 02,,2024-12-25 17:07:44.898018
Autobus,7748,1,525,Międzylesie,14 min,Dw. Centralny 21,,2024-12-25 17:07:44.898018
Autobus,5968,605,111,Gocław,14 min,Adampolska 01,,2024-12-25 17:07:44.898018
Autobus,8367,6,709,Metro Wilanowska,13 min,Piaseczno Energetyczna 02,,2024-12-25 17:07:44.898018
Autobus,7747,6,143,Rembertów-Kolonia,13 min,Kordiana 02,,2024-12-25 17:07:44.898018
Autobus,5941,607,111,Gocław,12 min,Esperanto 05,,2024-12-25 17:07:44.898018
Autobus,5986,11,180,Chomiczówka,12 min,Pl. Teatralny 04,,2024-12-25 17:07:44.898018
Autobus,5894,400,175,Pl. Piłsudskiego,12 min,Królewska 03,,2024-12-25 17:07:44.898018
Autobus,5904,403,175,Lotnisko Chopina,12 min,Leżajska 01,,2024-12-25 17:07:44.898018
Autobus,5963,609,111,Esperanto,11 min,Zamenhofa 02,,2024-12-25 17:07:44.898018
Autobus,1801,6,138,Bokserska,11 min,Utrata 01,,2024-12-25 17:07:44.898018
Autobus,5941,607,111,Gocław,13 min,Esperanto 05,,2024-12-25 17:07:44.898018
Autobus,5986,11,180,Chomiczówka,12 min,Pl. Teatralny 04,,2024-12-25 17:07:44.898018
Autobus,5894,400,175,Pl. Piłsudskiego,12 min,Królewska 03,,2024-12-25 17:07:44.898018
Autobus,1801,6,138,Bokserska,12 min,Utrata 01,,2024-12-25 17:07:44.898018
Autobus,5904,403,175,Lotnisko Chopina,11 min,Sasanki 01,,2024-12-25 17:07:44.898018
Autobus,5963,609,111,Esperanto,11 min,Nalewki-Muzeum 02,,2024-12-25 17:07:44.898018
Tramwaj,3223,3,7,P+R Al. Krakowska,11 min,Dw. Centralny 08,Poza trasą,2024-12-25 17:07:44.898018
Autobus,9511,2,178,Skorosze,10 min,Pl. Teatralny 01,,2024-12-25 17:07:44.898018
Autobus,7888,6,520,Dw. Centralny,10 min,Marszałkowska 02,,2024-12-25 17:07:44.898018
Autobus,5873,404,175,Lotnisko Chopina,9 min,Centrum 06,,2024-12-25 17:07:44.898018
Tramwaj,3821,6,20,Boernerowo,7 min,Archimedesa 04,,2024-12-25 17:07:44.898018
Autobus,9837,2,167,Stare Bemowo,6 min,Al. Wielkopolski 02,,2024-12-25 17:07:44.898018
Autobus,6237,3,189,Sadyba,6 min,Parowcowa 01,,2024-12-25 17:07:44.898018
Autobus,2249,10,189,Sadyba,6 min,Sadyba 03,,2024-12-25 17:07:44.898018
Autobus,5919,610,111,Esperanto,6 min,Królewska 03,,2024-12-25 17:07:44.898018
Autobus,1206,428,727,Metro Wilanowska,6 min,Piaseczno Zalesie Dolne 02,,2024-12-25 17:07:44.898018
Tramwaj,4208,5,10,Os. Górczewska,5 min,Os. Górczewska 12,,2024-12-25 17:07:44.898018
Autobus,4201,3,717,Dw. Zachodni,5 min,Łopuszańska 01,,2024-12-25 17:07:44.898018
Autobus,5887,401,175,Pl. Piłsudskiego,5 min,Raszyńska 02,,2024-12-25 17:07:44.898018
Tramwaj,3821,6,20,Boernerowo,7 min,Archimedesa 04,,2024-12-25 17:07:44.898018
Autobus,9837,2,167,Stare Bemowo,6 min,Al. Wielkopolski 02,,2024-12-25 17:07:44.898018
Autobus,6237,3,189,Sadyba,6 min,Parowcowa 01,,2024-12-25 17:07:44.898018
Autobus,2249,10,189,Sadyba,6 min,Sadyba 03,,2024-12-25 17:07:44.898018
Autobus,5919,610,111,Esperanto,6 min,Królewska 03,,2024-12-25 17:07:44.898018
Autobus,1206,428,727,Metro Wilanowska,6 min,Piaseczno Zalesie Dolne 02,,2024-12-25 17:07:44.898018
Tramwaj,4208,5,10,Os. Górczewska,5 min,Os. Górczewska 12,,2024-12-25 17:07:44.898018
Autobus,4201,3,717,Dw. Zachodni,5 min,Łopuszańska 01,,2024-12-25 17:07:44.898018
Autobus,5887,401,175,Pl. Piłsudskiego,5 min,Raszyńska 02,,2024-12-25 17:07:44.898018
Autobus,9951,2,190,CH Marki,5 min,Jórskiego 02,,2024-12-25 17:07:44.898018
Autobus,4247,7,122,Gwiaździsta,5 min,Raginisa 01,,2024-12-25 17:07:44.898018
Autobus,7239,1,105,Rondo Daszyńskiego,4 min,PKP Wola (Kasprzaka) 01,,2024-12-25 17:07:44.898018
Autobus,9252,472,203,Metro Młociny,4 min,Metro Młociny 04,,2024-12-25 17:07:44.898018
Autobus,1814,1,123,Dw. Wschodni (Lubelska),4 min,Wspólna Droga 01,,2024-12-25 17:07:44.898018
Tramwaj,3222,7,4,Wyścigi,4 min,Królewska 05,,2024-12-25 17:07:44.898018
Autobus,9339,592,179,Ursynów Płn.,4 min,Miklaszewskiego 04,,2024-12-25 17:07:44.898018
Autobus,1906,4,106,Ostroroga,4 min,Nowy Świat 04,,2024-12-25 17:07:44.898018
Autobus,9229,574,209,Ursynów Płd.,4 min,Centrum Onkologii 04,,2024-12-25 17:07:44.898018
Tramwaj,4234,2,11,Sielce,4 min,Dw. Centralny 09,,2024-12-25 17:07:44.898018
Autobus,1552,6,157,Szczęśliwice,2 min,Rudzka 03,,2024-12-25 17:07:44.898018
Tramwaj,4278,6,33,Metro Młociny,2 min,Metro Młociny 05,,2024-12-25 17:07:44.898018
Autobus,5959,5,127,Nowe Włochy,2 min,Centrum 06,,2024-12-25 17:07:44.898018
Autobus,8552,2,162,Pl. Hallera,2 min,Szwoleżerów 04,,2024-12-25 17:07:44.898018
Autobus,6213,6,517,Ursus-Niedźwiadek,2 min,Adamieckiego 02,,2024-12-25 17:07:44.898018
Autobus,9208,1,Z12,Metro Młociny,2 min,Kampinoska 51,,2024-12-25 17:07:44.898018
Autobus,6219,3,122,Os. Górczewska,2 min,Suzina 02,,2024-12-25 17:07:44.898018
Autobus,9522,53,715,P+R Al. Krakowska,2 min,Szyszkowa 01,,2024-12-25 17:07:44.898018
Autobus,15082,1,L34,Olszewnica Stara,2 min,Chotomów 01,,2024-12-25 17:07:44.898018
Autobus,4408,4,197,Cm. Wolski,2 min,Kochanowskiego 01,,2024-12-25 17:07:44.898018
Autobus,8890,5,504,Dw. Centralny,2 min,Centrum Onkologii 04,,2024-12-25 17:07:44.898018
Autobus,1548,437,146,Dw. Wschodni (Lubelska),2 min,Rozchodnikowa 02,,2024-12-25 17:07:44.898018
Autobus,4216,2,154,P+R Al. Krakowska,2 min,Okęcie Business Park 02,,2024-12-25 17:07:44.898018
Autobus,9811,8,185,Gwiaździsta,2 min,Czarnieckiego 02,,2024-12-25 17:07:44.898018
Autobus,4232,672,712,Klaudyn,2 min,Blizne Łaszczyńskiego 04,,2024-12-25 17:07:44.898018
Autobus,5906,600,507,Gocław,2 min,Centrum 15,,2024-12-25 17:07:44.898018
Tramwaj,3241,7,26,Wiatraczna,2 min,Stare Miasto 01,,2024-12-25 17:07:44.898018
Autobus,7806,2,148,Wiatraczna,2 min,Beethovena 02,,2024-12-25 17:07:44.898018
Autobus,4424,2,166,Os. Kabaty,2 min,Tor Stegny 53,,2024-12-25 17:07:44.898018
Autobus,9208,1,Z12,Metro Młociny,2 min,Kampinoska 51,,2024-12-25 17:07:44.898018
Autobus,9522,53,715,P+R Al. Krakowska,2 min,Szyszkowa 01,,2024-12-25 17:07:44.898018
Autobus,4232,672,712,Klaudyn,2 min,Blizne Łaszczyńskiego 04,,2024-12-25 17:07:44.898018
Autobus,70002,2,L39,Mysiadło Dąbrówka,2 min,Piaseczno Wojska Polskiego 02,,2024-12-25 17:07:44.898018
Autobus,8516,3,174,Rondo ONZ,2 min,Madalińskiego 02,,2024-12-25 17:07:44.898018
Autobus,9811,8,185,Gwiaździsta,2 min,Czarnieckiego 02,,2024-12-25 17:07:44.898018
Autobus,4424,2,166,Os. Kabaty,2 min,Tor Stegny 53,,2024-12-25 17:07:44.898018
Autobus,4503,2,220,Nowe Bemowo,2 min,Starodęby 04,,2024-12-25 17:07:44.898018
Tramwaj,3241,7,26,Wiatraczna,2 min,Stare Miasto 01,,2024-12-25 17:07:44.898018
Autobus,4216,2,154,P+R Al. Krakowska,2 min,Okęcie Business Park 02,,2024-12-25 17:07:44.898018
Autobus,1068,3,130,Metro Wilanowska,2 min,Gołkowska 02,,2024-12-25 17:07:44.898018
Autobus,8520,1,172,CH Blue City,2 min,Tor Stegny 02,,2024-12-25 17:07:44.898018
Autobus,9312,1,202,Metro Stadion Narodowy,2 min,Dwernickiego 02,,2024-12-25 17:07:44.898018
Autobus,1904,1,106,Mariensztat,2 min,Królewska 03,,2024-12-25 17:07:44.898018
Autobus,2014,6,148,Lotnisko Chopina,2 min,Nugat 01,,2024-12-25 17:07:44.898018
Autobus,7844,3,143,Dw. Zachodni,2 min,Międzynarodowa 01,,2024-12-25 17:07:44.898018
Autobus,1203,424,739,Metro Wilanowska,2 min,Mysiadło Dąbrówka 02,,2024-12-25 17:07:44.898018
Autobus,5950,1,180,Chomiczówka,2 min,Spacerowa 52,,2024-12-25 17:07:44.898018
Autobus,8519,3,148,Wiatraczna,2 min,Szpital Południowy 03,,2024-12-25 17:07:44.898018
Autobus,8520,1,172,CH Blue City,2 min,Tor Stegny 02,,2024-12-25 17:07:44.898018
Autobus,9312,1,202,Metro Stadion Narodowy,2 min,Dwernickiego 02,,2024-12-25 17:07:44.898018
Autobus,1904,1,106,Mariensztat,2 min,Królewska 03,,2024-12-25 17:07:44.898018
Autobus,2014,6,148,Lotnisko Chopina,2 min,Nugat 01,,2024-12-25 17:07:44.898018
Autobus,7844,3,143,Dw. Zachodni,2 min,Międzynarodowa 01,,2024-12-25 17:07:44.898018
Autobus,1203,424,739,Metro Wilanowska,2 min,Mysiadło Dąbrówka 02,,2024-12-25 17:07:44.898018
Autobus,5950,1,180,Chomiczówka,2 min,Spacerowa 52,,2024-12-25 17:07:44.898018
Autobus,8519,3,148,Wiatraczna,2 min,Szpital Południowy 03,,2024-12-25 17:07:44.898018
Autobus,9945,7,190,Znana,2 min,Metro Ratusz Arsenał 10,,2024-12-25 17:07:44.898018
Tramwaj,3212,522,3,Annopol,2 min,Dw. Wileński 08,,2024-12-25 17:07:44.898018
Autobus,4413,1,197,Gwiaździsta,2 min,Księcia Bolesława 01,,2024-12-25 17:07:44.898018
Autobus,1548,437,146,Dw. Wschodni (Lubelska),2 min,Rozchodnikowa 02,,2024-12-25 17:07:44.898018
Tramwaj,3243,12,9,P+R Al. Krakowska,2 min,Krakowiaków 04,,2024-12-25 17:07:44.898018
Autobus,7711,6,509,Winnica,2 min,Umińskiego 01,,2024-12-25 17:07:44.898018
Tramwaj,4211,3,2,Metro Młociny,2 min,Zajezdnia Żoliborz 06,,2024-12-25 17:07:44.898018
Autobus,1548,437,146,Dw. Wschodni (Lubelska),2 min,Rozchodnikowa 02,,2024-12-25 17:07:44.898018
Autobus,5240,2,105,Rondo Daszyńskiego,2 min,Drzeworytników 01,,2024-12-25 17:07:44.898018
Autobus,9819,5,502,Metro Politechnika,2 min,Kajki 01,,2024-12-25 17:07:44.898018
Autobus,5906,600,507,Gocław,2 min,Centrum 15,,2024-12-25 17:07:44.898018
Autobus,3400,3,120,Dw. Wschodni (Kijowska),2 min,Rzeszotarskiej 01,,2024-12-25 17:07:44.898018
Tramwaj,3243,12,9,P+R Al. Krakowska,2 min,Krakowiaków 04,,2024-12-25 17:07:44.898018
Autobus,7711,6,509,Winnica,2 min,Umińskiego 01,,2024-12-25 17:07:44.898018
Autobus,9549,1,743,Wolica k. Płochocina,2 min,Człuchowska 01,,2024-12-25 17:07:44.898018
Autobus,9803,1,185,Gwiaździsta,2 min,Chełmska 02,,2024-12-25 17:07:44.898018
Autobus,8562,3,521,Wiatraczna,2 min,Żółkiewskiego 01,,2024-12-25 17:07:44.898018
Autobus,9825,2,719,Metro Bemowo,2 min,Zaborów Wiosenna 02,,2024-12-25 17:07:44.898018
Tramwaj,3276,1,15,Marymont-Potok,2 min,Muranów 06,,2024-12-25 17:07:44.898018
Autobus,4417,3,169,Dw. Wschodni (Kijowska),2 min,Dw. Wileński 01,,2024-12-25 17:07:44.898018
Autobus,1002,5,213,Błota,2 min,Os. Wilga 02,,2024-12-25 17:07:44.898018
Autobus,1536,5,119,Wiśniowa Góra,2 min,Wiśniowa Góra 03,,2024-12-25 17:07:44.898018
Autobus,9079,M3,161,Zbójna Góra,2 min,Falenica 01,,2024-12-25 17:07:44.898018
Tramwaj,3136,12,33,Kielecka,2 min,GUS 03,,2024-12-25 17:07:44.898018
Autobus,4212,2,717,Piastów Ogińskiego,2 min,Berestecka 02,,2024-12-25 17:07:44.898018
Tramwaj,3243,12,9,P+R Al. Krakowska,2 min,Krakowiaków 04,,2024-12-25 17:07:44.898018
Autobus,5931,407,128,Szczęśliwice,2 min,Metro Świętokrzyska 01,,2024-12-25 17:07:44.898018
Autobus,8562,3,521,Wiatraczna,2 min,Pl. Szembeka 01,,2024-12-25 17:07:44.898018
Autobus,9853,5,167,Siekierki-Sanktuarium,2 min,Pomnik Lotnika 03,,2024-12-25 17:07:44.898018
Autobus,7811,5,143,Dw. Zachodni,2 min,Topograficzna 01,,2024-12-25 17:07:44.898018
Autobus,7821,1,523,Stare Bemowo,2 min,Metro Młynów 02,,2024-12-25 17:07:44.898018
Autobus,9942,3,190,CH Marki,2 min,Stare Miasto 01,,2024-12-25 17:07:44.898018
Tramwaj,4275,4,2,Metro Młociny,2 min,Tarchomin 05,,2024-12-25 17:07:44.898018
Autobus,1002,5,213,Błota,2 min,Os. Wilga 02,,2024-12-25 17:07:44.898018
Autobus,7233,1,184,Metro Młociny,2 min,PKP Wola (Kasprzaka) 02,,2024-12-25 17:07:44.898018
Autobus,7711,6,509,Winnica,2 min,Umińskiego 01,,2024-12-25 17:07:44.898018
Tramwaj,3136,12,33,Kielecka,2 min,GUS 03,,2024-12-25 17:07:44.898018
Autobus,35141,689,L-5,Piaseczno Zgoda,2 min,Bobrowiec Bajeczna 02,,2024-12-25 17:07:44.898018
Autobus,9913,4,186,Nowodwory,2 min,Obrazkowa 02,,2024-12-25 17:07:44.898018
Autobus,4434,2,181,Pl. Wilsona,2 min,Las Bielański 01,,2024-12-25 17:07:44.898018
Autobus,9332,M5,142,Wiatraczna,2 min,Zerzeń 02,,2024-12-25 17:07:44.898018
Tramwaj,3121,3,4,Żerań Wschodni,2 min,Królewska 06,,2024-12-25 17:07:44.898018
Autobus,6203,511,721,P+R Al. Krakowska,2 min,Raszyn Młyn 01,,2024-12-25 17:07:44.898018
Tramwaj,3801,4,6,Metro Młociny,2 min,Kijowska 04,,2024-12-25 17:07:44.898018
Autobus,5454,4,120,Dw. Wschodni (Kijowska),1 min,CH Targówek 01,,2024-12-25 17:07:44.898018
Autobus,9085,1,161,Olecka,1 min,Izbicka-Cmentarz 03,,2024-12-25 17:07:44.898018
Autobus,9933,5,114,Bródno-Podgrodzie,1 min,Włościańska 01,,2024-12-25 17:07:44.898018
Autobus,1550,439,147,Dw. Wschodni (Lubelska),1 min,Kadetów 02,,2024-12-25 17:07:44.898018
Autobus,1422,3,115,PKP Mokry Ług,1 min,PKP Radość 08,,2024-12-25 17:07:44.898018
Autobus,4520,5,157,Szczęśliwice,1 min,Chłodna 01,,2024-12-25 17:07:44.898018
Autobus,5928,1,158,CH Reduta,1 min,Berestecka 02,,2024-12-25 17:07:44.898018
Autobus,15090,2,L11,PKP Legionowo,1 min,Kałuszyn 01,,2024-12-25 17:07:44.898018
Autobus,5910,2,158,CH Reduta,1 min,Rondo Waszyngtona 01,,2024-12-25 17:07:44.898018
Autobus,9205,1,239,Os. Kabaty,1 min,Wąwozowa 04,,2024-12-25 17:07:44.898018
Autobus,5220,2,141,P+R Al. Krakowska,1 min,Saska 01,,2024-12-25 17:07:44.898018
Autobus,7245,8,517,Ursus-Niedźwiadek,1 min,Centrum 06,,2024-12-25 17:07:44.898018
Autobus,1419,5,123,Dw. Wschodni (Kijowska),1 min,Umińskiego 03,,2024-12-25 17:07:44.898018
Autobus,1550,439,147,Dw. Wschodni (Lubelska),1 min,Kadetów 02,,2024-12-25 17:07:44.898018
Autobus,4327,1,152,Os. Derby,1 min,Tarchomin 01,,2024-12-25 17:07:44.898018
Autobus,5454,4,120,Dw. Wschodni (Kijowska),1 min,CH Targówek 01,,2024-12-25 17:07:44.898018
Tramwaj,3231,6,15,P+R Al. Krakowska,1 min,Pl. Konstytucji 05,,2024-12-25 17:07:44.898018
Tramwaj,4201,2,16,Miasteczko Wilanów,1 min,Spacerowa 01,,2024-12-25 17:07:44.898018
Autobus,1210,836,165,Wyczółki,1 min,Instytut Fizyki 02,,2024-12-25 17:07:44.898018
Autobus,1419,5,123,Dw. Wschodni (Kijowska),1 min,Umińskiego 03,,2024-12-25 17:07:44.898018
Autobus,1550,439,147,Dw. Wschodni (Lubelska),1 min,Kadetów 02,,2024-12-25 17:07:44.898018
Autobus,4327,1,152,Os. Derby,1 min,Tarchomin 01,,2024-12-25 17:07:44.898018
Autobus,5454,4,120,Dw. Wschodni (Kijowska),1 min,CH Targówek 01,,2024-12-25 17:07:44.898018
Tramwaj,3231,6,15,P+R Al. Krakowska,1 min,Pl. Konstytucji 05,,2024-12-25 17:07:44.898018
Tramwaj,4201,2,16,Miasteczko Wilanów,1 min,Spacerowa 01,,2024-12-25 17:07:44.898018
Autobus,1210,836,165,Wyczółki,1 min,Instytut Fizyki 02,,2024-12-25 17:07:44.898018
Autobus,1427,1,115,Aleksandrów,1 min,Eskulapów 01,,2024-12-25 17:07:44.898018
Autobus,2217,6,136,Ostroroga,1 min,Rondo Zesłańców Syberyjskich 04,,2024-12-25 17:07:44.898018
Autobus,4520,5,157,Szczęśliwice,1 min,Chłodna 01,,2024-12-25 17:07:44.898018
Autobus,9821,2,710,Os. Kabaty,1 min,Konstancin-Jeziorna Sobieskiego 02,,2024-12-25 17:07:44.898018
Tramwaj,3810,3,20,Żerań FSO,1 min,Batalionu Platerówek 02,,2024-12-25 17:07:44.898018
Autobus,1528,1,183,Wiatraczna,1 min,Zielona 01,,2024-12-25 17:07:44.898018
Autobus,3433,4,509,Winnica,1 min,Grzymalitów 02,,2024-12-25 17:07:44.898018
Autobus,5425,3,112,Nowe Bemowo,1 min,Os. Potok 04,,2024-12-25 17:07:44.898018
Autobus,8591,2,509,Gocław,1 min,Myśliborska 01,,2024-12-25 17:07:44.898018
Autobus,7849,3,523,Stare Bemowo,1 min,Wiatraczna 09,,2024-12-25 17:07:44.898018
Autobus,8591,2,509,Gocław,1 min,Myśliborska 01,,2024-12-25 17:07:44.898018
Autobus,9913,4,186,Nowodwory,1 min,Białołęka-Ratusz 03,,2024-12-25 17:07:44.898018
Tramwaj,3253,8,10,Os. Górczewska,1 min,Niedźwiedzia 04,,2024-12-25 17:07:44.898018
Tramwaj,3810,3,20,Żerań FSO,1 min,Śliwice 04,,2024-12-25 17:07:44.898018
Autobus,1528,1,183,Wiatraczna,1 min,Zielona 01,,2024-12-25 17:07:44.898018
Autobus,5425,3,112,Nowe Bemowo,1 min,Metro Słodowiec 04,,2024-12-25 17:07:44.898018
Autobus,8558,1,162,Pl. Hallera,1 min,Pl. Hallera 09,,2024-12-25 17:07:44.898018
Autobus,8591,2,509,Gocław,1 min,Myśliborska 01,,2024-12-25 17:07:44.898018
Autobus,5454,4,120,Dw. Wschodni (Kijowska),1 min,CH Targówek 01,,2024-12-25 17:07:44.898018
Autobus,9821,2,710,Os. Kabaty,1 min,Konstancin-Jeziorna CH Stara Papiernia 02,,2024-12-25 17:07:44.898018
Tramwaj,3806,4,23,Czynszowa,1 min,Konopacka 02,,2024-12-25 17:07:44.898018
Tramwaj,3818,2,28,Dw. Wschodni (Kijowska),1 min,Dw. Wschodni (Kijowska) 02,,2024-12-25 17:07:44.898018
Autobus,4419,2,157,Gwiaździsta,1 min,Pl. Inwalidów 02,,2024-12-25 17:07:44.898018
Autobus,7229,6,191,Regulska,1 min,Rondo Zesłańców Syberyjskich 02,,2024-12-25 17:07:44.898018
Tramwaj,3502,1,24,Nowe Bemowo,1 min,Most Poniatowskiego 04,,2024-12-25 17:07:44.898018
Tramwaj,4201,2,16,Miasteczko Wilanów,1 min,Spacerowa 01,,2024-12-25 17:07:44.898018
Autobus,9525,52,737,Ursynów Płn.,1 min,Władysławów 01,,2024-12-25 17:07:44.898018
Autobus,1427,1,115,Aleksandrów,1 min,Rembertów-Ratusz 01,,2024-12-25 17:07:44.898018
Autobus,1862,1,720,Wiatraczna,1 min,Lipowo 01,,2024-12-25 17:07:44.898018
Autobus,1073,1,130,Ananasowa,1 min,Statkowskiego 01,,2024-12-25 17:07:44.898018
Autobus,4419,2,157,Gwiaździsta,1 min,Pl. Inwalidów 02,,2024-12-25 17:07:44.898018
Autobus,7229,6,191,Regulska,1 min,Rondo Zesłańców Syberyjskich 02,,2024-12-25 17:07:44.898018
Tramwaj,3502,1,24,Nowe Bemowo,1 min,Most Poniatowskiego 04,,2024-12-25 17:07:44.898018
Tramwaj,4201,2,16,Miasteczko Wilanów,1 min,Spacerowa 01,,2024-12-25 17:07:44.898018
Autobus,9525,52,737,Ursynów Płn.,1 min,Władysławów 01,,2024-12-25 17:07:44.898018
Autobus,1427,1,115,Aleksandrów,1 min,Rembertów-Ratusz 01,,2024-12-25 17:07:44.898018
Autobus,1862,1,720,Wiatraczna,1 min,Lipowo 01,,2024-12-25 17:07:44.898018
Autobus,1073,1,130,Ananasowa,1 min,Statkowskiego 01,,2024-12-25 17:07:44.898018
Autobus,4327,1,152,Os. Derby,1 min,Myśliborska 01,,2024-12-25 17:07:44.898018
Autobus,4426,8,138,Utrata,1 min,Pl. Przymierza 02,,2024-12-25 17:07:44.898018
Autobus,80122,1,L38,Wołomin Szpital Powiatowy,1 min,Wołomin Piłsudskiego-Kościół 02,,2024-12-25 17:07:44.898018
Autobus,1073,1,130,Ananasowa,1 min,Statkowskiego 01,,2024-12-25 17:07:44.898018
Autobus,1222,4,251,Metro Wilanowska,1 min,Konstancin-Jeziorna Pl. Sportowy 02,,2024-12-25 17:07:44.898018
Autobus,3469,3,520,Marysin,1 min,Rozbrat 01,,2024-12-25 17:07:44.898018
Autobus,8592,1,509,Gocław,1 min,Golędzinów 03,,2024-12-25 17:07:44.898018
Autobus,4520,5,157,Szczęśliwice,1 min,Mennica 03,,2024-12-25 17:07:44.898018
Autobus,35132,688,L13,PKP Zalesie Górne,1 min,Piaseczno Urząd Miasta 03,,2024-12-25 17:07:44.898018
Autobus,6244,509,728,Złotokłos,1 min,Raszyn Sportowa 02,,2024-12-25 17:07:44.898018
Autobus,1073,1,130,Ananasowa,1 min,Statkowskiego 01,,2024-12-25 17:07:44.898018
Autobus,1222,4,251,Metro Wilanowska,1 min,Konstancin-Jeziorna Pl. Sportowy 02,,2024-12-25 17:07:44.898018
Autobus,3469,3,520,Marysin,1 min,Rozbrat 01,,2024-12-25 17:07:44.898018
Autobus,8592,1,509,Gocław,1 min,Golędzinów 03,,2024-12-25 17:07:44.898018
Autobus,4520,5,157,Szczęśliwice,1 min,Mennica 03,,2024-12-25 17:07:44.898018
Autobus,35132,688,L13,PKP Zalesie Górne,1 min,Piaseczno Urząd Miasta 03,,2024-12-25 17:07:44.898018
Autobus,6244,509,728,Złotokłos,1 min,Raszyn Sportowa 02,,2024-12-25 17:07:44.898018
Autobus,721,2,750,Metro Młociny,1 min,Łomianki ICDS 01,,2024-12-25 17:07:44.898018
Tramwaj,3226,544,1,Annopol,1 min,Ochota-Ratusz 01,,2024-12-25 17:07:44.898018
Autobus,5220,2,141,P+R Al. Krakowska,1 min,Wał Miedzeszyński 01,,2024-12-25 17:07:44.898018
Autobus,1528,1,183,Wiatraczna,1 min,Urocza 02,,2024-12-25 17:07:44.898018
Autobus,1542,4,173,Dw. Wschodni (Lubelska),1 min,Potockich 01,,2024-12-25 17:07:44.898018
Tramwaj,3219,541,1,Banacha,1 min,Budowlana 03,,2024-12-25 17:07:44.898018
Tramwaj,3278,7,33,Metro Młociny,1 min,Al. Reymonta 04,,2024-12-25 17:07:44.898018
Autobus,5402,443,500,Bródno-Podgrodzie,1 min,Żuromińska 02,,2024-12-25 17:07:44.898018
Autobus,6222,8,136,Ostroroga,1 min,Malinowskiego 02,,2024-12-25 17:07:44.898018
Tramwaj,4265,12,16,Piaski,1 min,Rondo „Radosława” 06,,2024-12-25 17:07:44.898018
Tramwaj,3219,541,1,Banacha,1 min,Budowlana 03,,2024-12-25 17:07:44.898018
Tramwaj,3226,544,1,Annopol,1 min,Ochota-Ratusz 01,,2024-12-25 17:07:44.898018
Tramwaj,4265,12,16,Piaski,1 min,Rondo „Radosława” 06,,2024-12-25 17:07:44.898018
Autobus,5402,443,500,Bródno-Podgrodzie,1 min,Żuromińska 02,,2024-12-25 17:07:44.898018
Autobus,7819,5,525,Międzylesie,1 min,Pożaryskiego 02,,2024-12-25 17:07:44.898018
Autobus,8457,3,723,Żerań FSO,1 min,Legionowo Rycerska 04,,2024-12-25 17:07:44.898018
Autobus,9328,3,142,Wiatraczna,1 min,Złotej Jesieni 01,,2024-12-25 17:07:44.898018
Autobus,9512,653,714,Metro Bemowo,1 min,Groty 01,,2024-12-25 17:07:44.898018
Tramwaj,3219,541,1,Banacha,1 min,Budowlana 03,,2024-12-25 17:07:44.898018
Tramwaj,3270,10,33,Metro Młociny,1 min,Nowowiejska 04,,2024-12-25 17:07:44.898018
Autobus,1522,2,123,Dw. Wschodni (Lubelska),1 min,Meissnera 04,,2024-12-25 17:07:44.898018
Autobus,9913,4,186,Nowodwory,1 min,Białołęka-Ratusz 03,,2024-12-25 17:07:44.898018
Tramwaj,3253,8,10,Os. Górczewska,1 min,Niedźwiedzia 04,,2024-12-25 17:07:44.898018
Autobus,8456,4,112,Nowe Bemowo,1 min,Malborska 01,,2024-12-25 17:07:44.898018
Autobus,1211,3,166,Os. Kabaty,1 min,Solec 02,,2024-12-25 17:07:44.898018
Autobus,8550,6,131,Dw. Centralny,1 min,Pl. Trzech Krzyży 04,,2024-12-25 17:07:44.898018
Autobus,9204,471,203,Fort Wawrzyszew,1 min,Głowackiego 01,,2024-12-25 17:07:44.898018
Autobus,9802,4,167,Siekierki-Sanktuarium,1 min,Siekierkowska 01,,2024-12-25 17:07:44.898018
Autobus,9804,3,167,Stare Bemowo,1 min,Bartycka 05,,2024-12-25 17:07:44.898018
Tramwaj,3809,7,28,Os. Górczewska,0 min,Romaszewskiego 04,,2024-12-25 17:07:44.898018
Autobus,8534,4,148,Wiatraczna,0 min,Lotnisko Chopina-Przyloty 02,,2024-12-25 17:07:44.898018
Tramwaj,3122,1,7,Kawęczyńska-Bazylika,0 min,Korotyńskiego 03,,2024-12-25 17:07:44.898018
Tramwaj,3148,6,10,Os. Górczewska,0 min,Sowińskiego 02,,2024-12-25 17:07:44.898018
Tramwaj,4117,3,17,Winnica,0 min,Rondo „Radosława” 06,,2024-12-25 17:07:44.898018
Autobus,5404,5,162,EC Siekierki,0 min,Metro Centrum Nauki Kopernik 04,,2024-12-25 17:07:44.898018
Autobus,7249,6,122,Gwiaździsta,0 min,Galla Anonima 01,,2024-12-25 17:07:44.898018
Autobus,9069,459,211,Żerań FSO,0 min,Leśnej Polanki 01,,2024-12-25 17:07:44.898018
Autobus,1543,440,147,Dw. Wschodni (Lubelska),0 min,Rumiankowa 01,,2024-12-25 17:07:44.898018
Autobus,8529,1,166,Os. Kabaty,0 min,Lokajskiego 01,,2024-12-25 17:07:44.898018
Autobus,9330,2,153,Rembertów-Kolonia,0 min,Buławy 02,,2024-12-25 17:07:44.898018
Autobus,70027,51,L14,Kawęczynek Borowina I,0 min,Kępa Okrzewska 02,,2024-12-25 17:07:44.898018
Autobus,7249,6,122,Gwiaździsta,0 min,Galla Anonima 01,,2024-12-25 17:07:44.898018
Tramwaj,3226,544,1,Annopol,0 min,Ochota-Ratusz 01,,2024-12-25 17:07:44.898018
Autobus,9344,643,199,Rembertów-Strzelnica,0 min,Czwartaków 02,,2024-12-25 17:07:44.898018
Autobus,1064,2,164,Kępa Zawadowska,0 min,Dolina Służewiecka 03,,2024-12-25 17:07:44.898018
Autobus,9069,459,211,Żerań FSO,0 min,Leśnej Polanki 01,,2024-12-25 17:07:44.898018
Tramwaj,3219,541,1,Banacha,0 min,Budowlana 03,,2024-12-25 17:07:44.898018
Tramwaj,3250,25,17,PKP Służewiec,0 min,Anielewicza 05,,2024-12-25 17:07:44.898018
Tramwaj,3226,544,1,Annopol,0 min,Ochota-Ratusz 01,,2024-12-25 17:07:44.898018
Autobus,9344,643,199,Rembertów-Strzelnica,0 min,Czwartaków 02,,2024-12-25 17:07:44.898018
Autobus,1064,2,164,Kępa Zawadowska,0 min,Dolina Służewiecka 03,,2024-12-25 17:07:44.898018
Autobus,9069,459,211,Żerań FSO,0 min,Leśnej Polanki 01,,2024-12-25 17:07:44.898018
Tramwaj,3219,541,1,Banacha,0 min,Budowlana 03,,2024-12-25 17:07:44.898018
Tramwaj,3250,25,17,PKP Służewiec,0 min,Anielewicza 05,,2024-12-25 17:07:44.898018
Autobus,1425,5,173,Dw. Wschodni (Lubelska),0 min,Pogodna 02,,2024-12-25 17:07:44.898018
Autobus,8885,M9,189,Os. Górczewska,0 min,Batumi 52,,2024-12-25 17:07:44.898018
Autobus,2040,3,709,PKP Piaseczno,0 min,Pelikanów 01,,2024-12-25 17:07:44.898018
Autobus,7242,508,728,P+R Al. Krakowska,0 min,Jabłonowo Kolonia Warszawska 01,,2024-12-25 17:07:44.898018
Autobus,9532,55,715,P+R Al. Krakowska,0 min,Metro Ursynów 01,,2024-12-25 17:07:44.898018
Autobus,9527,54,737,Antoninów Cm. Południowy-Brama Płd.,0 min,Lesznowola Szkolna 02,,2024-12-25 17:07:44.898018
Autobus,9344,643,199,Rembertów-Strzelnica,0 min,Czwartaków 02,,2024-12-25 17:07:44.898018
Tramwaj,3122,1,7,Kawęczyńska-Bazylika,0 min,Dickensa 03,,2024-12-25 17:07:44.898018
Tramwaj,3250,25,17,PKP Służewiec,0 min,Anielewicza 05,,2024-12-25 17:07:44.898018
Tramwaj,3270,10,33,Metro Młociny,0 min,Koszykowa 04,,2024-12-25 17:07:44.898018
Tramwaj,3809,7,28,Os. Górczewska,0 min,Piaski 04,,2024-12-25 17:07:44.898018
Autobus,1425,5,173,Dw. Wschodni (Lubelska),0 min,Pogodna 02,,2024-12-25 17:07:44.898018
Autobus,8885,M9,189,Os. Górczewska,0 min,Batumi 52,,2024-12-25 17:07:44.898018
Autobus,9320,3,179,Ursynów Płn.,0 min,Lanciego 01,,2024-12-25 17:07:44.898018
Autobus,9341,2,198,Stara Miłosna (Ułańska),0 min,Hipodrom 02,,2024-12-25 17:07:44.898018
Autobus,9519,3,103,Brylowska,0 min,Szpital Wolski 05,,2024-12-25 17:07:44.898018
Tramwaj,4265,12,16,Piaski,0 min,Rondo „Radosława” 06,,2024-12-25 17:07:44.898018
Autobus,1543,440,147,Dw. Wschodni (Lubelska),0 min,Rumiankowa 01,,2024-12-25 17:07:44.898018
Autobus,7806,2,148,Wiatraczna,0 min,Ogrody Działkowe Czerniaków 02,,2024-12-25 17:07:44.898018
Tramwaj,3179,4,10,Wyścigi,0 min,Metro Bemowo 07,,2024-12-25 17:07:44.898018
Tramwaj,4117,3,17,Winnica,0 min,Rondo „Radosława” 10,,2024-12-25 17:07:44.898018
Autobus,3412,2,738,P+R Radzymin,0 min,Ząbki Wolności 02,,2024-12-25 17:07:44.898018
Autobus,5236,5,122,Gwiaździsta,0 min,Tylżycka 02,,2024-12-25 17:07:44.898018
Autobus,1222,4,251,Metro Wilanowska,0 min,Konstancin-Jeziorna Piasta 02,,2024-12-25 17:07:44.898018
Tramwaj,3226,544,1,Annopol,0 min,Ochota-Ratusz 01,,2024-12-25 17:07:44.898018
Tramwaj,4265,12,16,Piaski,0 min,Rondo „Radosława” 06,,2024-12-25 17:07:44.898018
Autobus,1543,440,147,Dw. Wschodni (Lubelska),0 min,Rumiankowa 01,,2024-12-25 17:07:44.898018
Autobus,7806,2,148,Wiatraczna,0 min,Ogrody Działkowe Czerniaków 02,,2024-12-25 17:07:44.898018
Tramwaj,3179,4,10,Wyścigi,0 min,Metro Bemowo 07,,2024-12-25 17:07:44.898018
Tramwaj,4117,3,17,Winnica,0 min,Rondo „Radosława” 10,,2024-12-25 17:07:44.898018
Autobus,3412,2,738,P+R Radzymin,0 min,Ząbki Wolności 02,,2024-12-25 17:07:44.898018
Tramwaj,4010,5,22,Piaski,0 min,Wiatraczna 05,,2024-12-25 17:07:44.898018
Autobus,1011,4,213,Błota,0 min,Samorządowa 01,,2024-12-25 17:07:44.898018
Autobus,9527,54,737,Antoninów Cm. Południowy-Brama Płd.,0 min,Lesznowola Szkolna 02,,2024-12-25 17:07:44.898018
Autobus,1543,440,147,Dw. Wschodni (Lubelska),0 min,Rumiankowa 01,,2024-12-25 17:07:44.898018
Autobus,9320,3,179,Ursynów Płn.,0 min,Lanciego 01,,2024-12-25 17:07:44.898018
Autobus,9341,2,198,Stara Miłosna (Ułańska),0 min,Hipodrom 02,,2024-12-25 17:07:44.898018
Tramwaj,3122,1,7,Kawęczyńska-Bazylika,0 min,Dickensa 03,,2024-12-25 17:07:44.898018
Autobus,1425,5,173,Dw. Wschodni (Lubelska),0 min,Rumiankowa 02,,2024-12-25 17:07:44.898018
Autobus,8328,8,148,Lotnisko Chopina,0 min,Wspólna Droga 02,,2024-12-25 17:07:44.898018
Autobus,7229,6,191,Regulska,0 min,Rondo Zesłańców Syberyjskich 02,,2024-12-25 17:07:44.898018
Autobus,8559,1,519,Metro Wilanowska,0 min,Powsin-Park Kultury 01,,2024-12-25 17:07:44.898018
Autobus,5925,6,158,Witolin,0 min,Dw. Centralny 01,,2024-12-25 17:07:44.898018
Autobus,9320,3,179,Ursynów Płn.,0 min,Lanciego 01,,2024-12-25 17:07:44.898018
Autobus,9341,2,198,Stara Miłosna (Ułańska),0 min,Hipodrom 02,,2024-12-25 17:07:44.898018
Tramwaj,3122,1,7,Kawęczyńska-Bazylika,0 min,Dickensa 03,,2024-12-25 17:07:44.898018
Autobus,1425,5,173,Dw. Wschodni (Lubelska),0 min,Rumiankowa 02,,2024-12-25 17:07:44.898018
Autobus,8328,8,148,Lotnisko Chopina,0 min,Wspólna Droga 02,,2024-12-25 17:07:44.898018
Autobus,7229,6,191,Regulska,0 min,Rondo Zesłańców Syberyjskich 02,,2024-12-25 17:07:44.898018
Autobus,8559,1,519,Metro Wilanowska,0 min,Powsin-Park Kultury 01,,2024-12-25 17:07:44.898018
Autobus,5925,6,158,Witolin,0 min,Dw. Centralny 01,,2024-12-25 17:07:44.898018
Autobus,5415,1,527,Grodzisk,0 min,Os. Derby VI 02,,2024-12-25 17:07:44.898018
Autobus,9823,M5,710,Piaseczno Targowisko,0 min,Bielawa Mirkowska 03,,2024-12-25 17:07:44.898018
Autobus,8813,1,511,Dąbrówka Wiślana,0 min,Metro Młociny 03,,2024-12-25 17:07:44.898018
Autobus,8885,M9,189,Os. Górczewska,0 min,Batumi 52,,2024-12-25 17:07:44.898018
Tramwaj,3809,7,28,Os. Górczewska,0 min,Piaski 04,,2024-12-25 17:07:44.898018
Tramwaj,3819,1,28,Os. Górczewska,0 min,Most Gdański 04,,2024-12-25 17:07:44.898018
Autobus,8456,4,112,Nowe Bemowo,0 min,Metro Kondratowicza 01,,2024-12-25 17:07:44.898018
Autobus,8885,M9,189,Os. Górczewska,0 min,Batumi 52,,2024-12-25 17:07:44.898018
Autobus,1222,4,251,Metro Wilanowska,0 min,Konstancin-Jeziorna Piasta 02,,2024-12-25 17:07:44.898018
Autobus,7744,1,704,Wiatraczna,0 min,Stary Konik Hipolitowska 01,,2024-12-25 17:07:44.898018
Autobus,1428,436,146,Falenica,0 min,Dw. Wschodni (Lubelska) 01,,2024-12-25 17:07:44.898018
Autobus,1429,4,115,PKP Mokry Ług,0 min,Aleksandrów 01,,2024-12-25 17:07:44.898018
Autobus,1430,2,183,Wiatraczna,0 min,Zielona 01,,2024-12-25 17:07:44.898018
Autobus,15086,3,L-9,Wieliszew-Plaża,0 min,PKP Legionowo 01,,2024-12-25 17:07:44.898018
Autobus,15088,2,L41,Nowy Dwór Mazowiecki Urząd Miasta,0 min,PKP Legionowo 01,,2024-12-25 17:07:44.898018
Autobus,1527,3,173,Stara Miłosna (Graniczna),0 min,Dw. Wschodni (Lubelska) 06,,2024-12-25 17:07:44.898018
Autobus,1533,2,251,Konstancin-Jeziorna CH Stara Papiernia,0 min,Metro Wilanowska 15,,2024-12-25 17:07:44.898018
Autobus,1536,5,119,Rakowiecka-Sanktuarium,0 min,Wiśniowa Góra 03,,2024-12-25 17:07:44.898018
Autobus,1537,7,141,Witolin,0 min,P+R Al. Krakowska 07,,2024-12-25 17:07:44.898018
Autobus,1549,3,183,Zielona,0 min,Wiatraczna 15,,2024-12-25 17:07:44.898018
Autobus,1553,2,169,Bródno-Podgrodzie,0 min,Dw. Wschodni (Kijowska) 07,,2024-12-25 17:07:44.898018
Autobus,1803,1,212,Pl. Hallera,0 min,11 Listopada 01,,2024-12-25 17:07:44.898018
Autobus,1807,3,197,Gwiaździsta,0 min,Cm. Wolski 08,,2024-12-25 17:07:44.898018
Autobus,1809,4,166,Os. Kabaty,0 min,Pl. Hallera 18,,2024-12-25 17:07:44.898018
Autobus,1812,2,212,Pl. Hallera,0 min,CH Targówek 05,,2024-12-25 17:07:44.898018
Autobus,1843,61,730,Brzeziny,0 min,Wiatraczna 14,,2024-12-25 17:07:44.898018
Autobus,1903,5,106,Ostroroga,0 min,Mariensztat 01,,2024-12-25 17:07:44.898018
Autobus,1907,2,106,Mariensztat,0 min,Ostroroga 05,,2024-12-25 17:07:44.898018
Autobus,2233,3,141,P+R Al. Krakowska,0 min,Witolin 01,,2024-12-25 17:07:44.898018
Autobus,2233,3,141,P+R Al. Krakowska,0 min,Witolin 01,,2024-12-25 17:07:44.898018
Autobus,2234,4,191,Pl. Narutowicza,0 min,Regulska 01,,2024-12-25 17:07:44.898018
Autobus,2249,10,189,Os. Górczewska,0 min,Sadyba 03,,2024-12-25 17:07:44.898018
Autobus,3401,5,120,Dw. Wschodni (Kijowska),0 min,Olesin 01,,2024-12-25 17:07:44.898018
Autobus,3433,4,509,Gocław,0 min,Winnica 06,,2024-12-25 17:07:44.898018
Autobus,3442,3,509,Gocław,0 min,Winnica 06,,2024-12-25 17:07:44.898018
Autobus,3445,1,731,Żerań FSO,0 min,Legionowo Os. Młodych 01,,2024-12-25 17:07:44.898018
Autobus,3449,3,162,Pl. Hallera,0 min,EC Siekierki 03,,2024-12-25 17:07:44.898018
Autobus,3455,64,735,Metro Marymont,0 min,Zegrze Płd. 03,,2024-12-25 17:07:44.898018
Autobus,3456,1,132,Metro Marymont,0 min,Os. Derby 02,,2024-12-25 17:07:44.898018
Autobus,35134,687,L12,Złotokłos,0 min,Piaseczno Urząd Miasta 03,,2024-12-25 17:07:44.898018
Autobus,35137,2,L49,Winnica,0 min,Chotomów 01,,2024-12-25 17:07:44.898018
Autobus,35138,1,L49,Chotomów,0 min,Winnica 06,,2024-12-25 17:07:44.898018
Autobus,35158,692,L19,Pieczyska,0 min,Piaseczno Urząd Miasta 03,,2024-12-25 17:07:44.898018
Autobus,4205,1,717,Dw. Zachodni,0 min,Piastów Ogińskiego 02,,2024-12-25 17:07:44.898018
Autobus,4211,1,713,Cm. Wolski,0 min,Koprki Agricoop 01,,2024-12-25 17:07:44.898018
Autobus,35137,2,L49,Winnica,0 min,Chotomów 01,,2024-12-25 17:07:44.898018
Autobus,35138,1,L49,Chotomów,0 min,Winnica 06,,2024-12-25 17:07:44.898018
Autobus,35134,687,L12,Złotokłos,0 min,Piaseczno Urząd Miasta 03,,2024-12-25 17:07:44.898018
Autobus,35137,2,L49,Winnica,0 min,Chotomów 01,,2024-12-25 17:07:44.898018
Autobus,35138,1,L49,Chotomów,0 min,Winnica 06,,2024-12-25 17:07:44.898018
Autobus,35158,692,L19,Pieczyska,0 min,Piaseczno Urząd Miasta 03,,2024-12-25 17:07:44.898018
Autobus,4205,1,717,Dw. Zachodni,0 min,Piastów Ogińskiego 02,,2024-12-25 17:07:44.898018
Autobus,4301,549,110,Cm. Północny-Brama Zach.,0 min,Metro Marymont 12,,2024-12-25 17:07:44.898018
Autobus,4302,3,134,Olesin,0 min,Metro Marymont 17,,2024-12-25 17:07:44.898018
Autobus,4308,550,110,Metro Marymont,0 min,Cm. Północny-Brama Zach. 01,,2024-12-25 17:07:44.898018
Autobus,4322,3,152,Tarchomin,0 min,Os. Derby 02,,2024-12-25 17:07:44.898018
Autobus,4401,1,181,Cm. Północny-Brama Gł.,0 min,Pl. Wilsona 18,,2024-12-25 17:07:44.898018
Autobus,4402,2,170,PKP Zacisze-Wilno,0 min,Rondo Starzyńskiego 09,,2024-12-25 17:07:44.898018
Autobus,4414,5,169,Dw. Wschodni (Kijowska),0 min,Bródno-Podgrodzie 06,,2024-12-25 17:07:44.898018
Autobus,4422,1,240,Metro Kondratowicza,0 min,Marki Pustelnik 03,,2024-12-25 17:07:44.898018
Autobus,4423,1,169,Bródno-Podgrodzie,0 min,Niwa 02,,2024-12-25 17:07:44.898018
Autobus,5204,5,136,Natolin Płn.,0 min,Ostroroga 03,,2024-12-25 17:07:44.898018
Autobus,5232,1,136,Ostroroga,0 min,Natolin Płn. 08,,2024-12-25 17:07:44.898018
Autobus,5238,2,716,Piastów Ogińskiego,0 min,Cm. Wolski 06,,2024-12-25 17:07:44.898018
Autobus,5256,1,191,Regulska,0 min,Pl. Narutowicza 15,,2024-12-25 17:07:44.898018
Autobus,4414,5,169,Dw. Wschodni (Kijowska),0 min,Bródno-Podgrodzie 06,,2024-12-25 17:07:44.898018
Autobus,4422,1,240,Metro Kondratowicza,0 min,Marki Pustelnik 03,,2024-12-25 17:07:44.898018
Autobus,4423,1,169,Bródno-Podgrodzie,0 min,Niwa 02,,2024-12-25 17:07:44.898018
Autobus,5204,5,136,Natolin Płn.,0 min,Ostroroga 03,,2024-12-25 17:07:44.898018
Autobus,5232,1,136,Ostroroga,0 min,Natolin Płn. 08,,2024-12-25 17:07:44.898018
Autobus,5238,2,716,Piastów Ogińskiego,0 min,Cm. Wolski 06,,2024-12-25 17:07:44.898018
Autobus,5256,1,191,Regulska,0 min,Pl. Narutowicza 15,,2024-12-25 17:07:44.898018
Autobus,5258,4,517,Pl. Trzech Krzyży,0 min,Ursus-Niedźwiadek 03,,2024-12-25 17:07:44.898018
Autobus,5403,3,140,Marki Czarna Struga,0 min,Metro Trocka 09,,2024-12-25 17:07:44.898018
Autobus,5421,2,723,PKP Legionowo Przystanek,0 min,Żerań FSO 10,,2024-12-25 17:07:44.898018
Autobus,5422,2,112,CH Marki,0 min,Nowe Bemowo 10,,2024-12-25 17:07:44.898018
Autobus,5435,61,735,Zegrze Płd.,0 min,Metro Marymont 15,,2024-12-25 17:07:44.898018
Autobus,5437,6,145,Wiatraczna,0 min,Żerań FSO 11,,2024-12-25 17:07:44.898018
Autobus,5455,7,509,Winnica,0 min,Gocław 03,,2024-12-25 17:07:44.898018
Autobus,5884,6,127,Nowe Włochy,0 min,Browarna 02,,2024-12-25 17:07:44.898018
Autobus,5894,400,128,Szczęśliwice,0 min,Pl. Piłsudskiego 04,,2024-12-25 17:07:44.898018
Autobus,5899,410,128,Pl. Piłsudskiego,0 min,Szczęśliwice 05,,2024-12-25 17:07:44.898018
Autobus,5914,4,158,CH Reduta,0 min,Witolin 02,,2024-12-25 17:07:44.898018
Autobus,5928,1,158,Witolin,0 min,CH Reduta 01,,2024-12-25 17:07:44.898018
Autobus,5437,6,145,Wiatraczna,0 min,Żerań FSO 11,,2024-12-25 17:07:44.898018
Autobus,5455,7,509,Winnica,0 min,Gocław 03,,2024-12-25 17:07:44.898018
Autobus,5884,6,127,Nowe Włochy,0 min,Browarna 02,,2024-12-25 17:07:44.898018
Autobus,5894,400,128,Szczęśliwice,0 min,Pl. Piłsudskiego 04,,2024-12-25 17:07:44.898018
Autobus,5899,410,128,Pl. Piłsudskiego,0 min,Szczęśliwice 05,,2024-12-25 17:07:44.898018
Autobus,5928,1,158,Witolin,0 min,CH Reduta 01,,2024-12-25 17:07:44.898018
Autobus,5930,3,158,CH Reduta,0 min,Witolin 02,,2024-12-25 17:07:44.898018
Autobus,5933,613,111,Esperanto,0 min,Gocław 01,,2024-12-25 17:07:44.898018
Autobus,5937,1,503,Konwiktorska,0 min,Natolin Płn. 22,,2024-12-25 17:07:44.898018
Autobus,5938,9,116,Chomiczówka,0 min,Wilanów 07,,2024-12-25 17:07:44.898018
Autobus,5940,6,180,Chomiczówka,0 min,Wilanów 04,,2024-12-25 17:07:44.898018
Autobus,5943,448,116,Chomiczówka,0 min,Wilanów 07,,2024-12-25 17:07:44.898018
Autobus,5961,1,518,Nowodwory,0 min,Bielańska 01,,2024-12-25 17:07:44.898018
Autobus,5966,3,127,Browarna,0 min,Nowe Włochy 01,,2024-12-25 17:07:44.898018
Autobus,5976,601,507,Gocław,0 min,Dw. Centralny 16,,2024-12-25 17:07:44.898018
Autobus,5985,7,180,Chomiczówka,0 min,Wilanów 04,,2024-12-25 17:07:44.898018
Autobus,5990,M7,127,Nowe Włochy,0 min,Browarna 02,,2024-12-25 17:07:44.898018
Autobus,6202,2,177,Ursus-Niedźwiadek,0 min,Os. Górczewska 53,,2024-12-25 17:07:44.898018
Autobus,6210,506,124,P+R Al. Krakowska,0 min,Paluch 01,,2024-12-25 17:07:44.898018
Autobus,5943,448,116,Chomiczówka,0 min,Wilanów 07,,2024-12-25 17:07:44.898018
Autobus,5961,1,518,Nowodwory,0 min,Bielańska 01,,2024-12-25 17:07:44.898018
Autobus,5966,3,127,Browarna,0 min,Nowe Włochy 01,,2024-12-25 17:07:44.898018
Autobus,5976,601,507,Gocław,0 min,Dw. Centralny 16,,2024-12-25 17:07:44.898018
Autobus,5985,7,180,Chomiczówka,0 min,Wilanów 04,,2024-12-25 17:07:44.898018
Autobus,5990,M7,127,Nowe Włochy,0 min,Browarna 02,,2024-12-25 17:07:44.898018
Autobus,6202,2,177,Ursus-Niedźwiadek,0 min,Os. Górczewska 53,,2024-12-25 17:07:44.898018
Autobus,6210,506,124,P+R Al. Krakowska,0 min,Paluch 01,,2024-12-25 17:07:44.898018
Autobus,6217,5,517,Pl. Trzech Krzyży,0 min,Ursus-Niedźwiadek 03,,2024-12-25 17:07:44.898018
Autobus,5943,448,116,Chomiczówka,0 min,Wilanów 07,,2024-12-25 17:07:44.898018
Autobus,5961,1,518,Nowodwory,0 min,Bielańska 01,,2024-12-25 17:07:44.898018
Autobus,5966,3,127,Browarna,0 min,Nowe Włochy 01,,2024-12-25 17:07:44.898018
Autobus,5976,601,507,Gocław,0 min,Dw. Centralny 16,,2024-12-25 17:07:44.898018
Autobus,5985,7,180,Chomiczówka,0 min,Wilanów 04,,2024-12-25 17:07:44.898018
Autobus,5990,M7,127,Nowe Włochy,0 min,Browarna 02,,2024-12-25 17:07:44.898018
Autobus,6202,2,177,Ursus-Niedźwiadek,0 min,Os. Górczewska 53,,2024-12-25 17:07:44.898018
Autobus,6210,506,124,P+R Al. Krakowska,0 min,Paluch 01,,2024-12-25 17:07:44.898018
Autobus,6217,5,517,Pl. Trzech Krzyży,0 min,Ursus-Niedźwiadek 03,,2024-12-25 17:07:44.898018
Autobus,8353,1,217,Metro Wilanowska,0 min,Natolin Płn. 04,,2024-12-25 17:07:44.898018
Autobus,8355,2,172,Sadyba,0 min,CH Blue City 02,,2024-12-25 17:07:44.898018
Autobus,8447,5,112,Nowe Bemowo,0 min,CH Marki 04,,2024-12-25 17:07:44.898018
Autobus,8459,1,210,Metro Młociny,0 min,Truskaw Skibińskiego 01,,2024-12-25 17:07:44.898018
Autobus,8502,3,731,Legionowo Os. Młodych,0 min,Żerań FSO 10,,2024-12-25 17:07:44.898018
Autobus,8505,445,500,Rondo „Radosława”,0 min,Bródno-Podgrodzie 04,,2024-12-25 17:07:44.898018
Autobus,8521,1,709,PKP Piaseczno,0 min,Metro Wilanowska 18,,2024-12-25 17:07:44.898018
Autobus,8530,8,166,Pl. Hallera,0 min,Os. Kabaty 03,,2024-12-25 17:07:44.898018
Autobus,8538,3,131,Dw. Centralny,0 min,Sadyba 05,,2024-12-25 17:07:44.898018
Autobus,8558,1,162,EC Siekierki,0 min,Pl. Hallera 09,,2024-12-25 17:07:44.898018
Autobus,8581,2,527,Metro Kondratowicza,0 min,Grodzisk 06,,2024-12-25 17:07:44.898018
Autobus,8590,3,738,P+R Radzymin,0 min,Metro Trocka 08,,2024-12-25 17:07:44.898018
Autobus,8807,1,504,Dw. Centralny,0 min,Os. Kabaty 04,,2024-12-25 17:07:44.898018
Autobus,8860,3,511,Metro Młociny,0 min,Dąbrówka Wiślana 02,,2024-12-25 17:07:44.898018
Autobus,9089,71,204,Grodzisk,0 min,Metro Bródno 13,,2024-12-25 17:07:44.898018
Autobus,9093,2,161,Olecka,0 min,Zbójna Góra 01,,2024-12-25 17:07:44.898018
Autobus,9201,2,133,Choszczówka,0 min,Tarchomin 07,,2024-12-25 17:07:44.898018
Autobus,9202,571,209,Ursynów Płd.,0 min,Dawidy 03,,2024-12-25 17:07:44.898018
Autobus,9315,2,202,Metro Stadion Narodowy,0 min,PKP Gocławek 03,,2024-12-25 17:07:44.898018
Autobus,8538,3,131,Dw. Centralny,0 min,Sadyba 05,,2024-12-25 17:07:44.898018
Autobus,8558,1,162,EC Siekierki,0 min,Pl. Hallera 09,,2024-12-25 17:07:44.898018
Autobus,8581,2,527,Metro Kondratowicza,0 min,Grodzisk 06,,2024-12-25 17:07:44.898018
Autobus,8590,3,738,P+R Radzymin,0 min,Metro Trocka 08,,2024-12-25 17:07:44.898018
Autobus,8807,1,504,Dw. Centralny,0 min,Os. Kabaty 04,,2024-12-25 17:07:44.898018
Autobus,8860,3,511,Metro Młociny,0 min,Dąbrówka Wiślana 02,,2024-12-25 17:07:44.898018
Autobus,9089,71,204,Grodzisk,0 min,Metro Bródno 13,,2024-12-25 17:07:44.898018
Autobus,9093,2,161,Olecka,0 min,Zbójna Góra 01,,2024-12-25 17:07:44.898018
Autobus,9201,2,133,Choszczówka,0 min,Tarchomin 07,,2024-12-25 17:07:44.898018
Autobus,9202,571,209,Ursynów Płd.,0 min,Dawidy 03,,2024-12-25 17:07:44.898018
Autobus,9252,472,203,Fort Wawrzyszew,0 min,Metro Młociny 17,,2024-12-25 17:07:44.898018
Autobus,9315,2,202,Metro Stadion Narodowy,0 min,PKP Gocławek 03,,2024-12-25 17:07:44.898018
Autobus,9317,4,202,PKP Gocławek,0 min,Metro Stadion Narodowy 07,,2024-12-25 17:07:44.898018
Autobus,9322,1,153,Rembertów-Kolonia,0 min,Pastuszków 01,,2024-12-25 17:07:44.898018
Autobus,9327,2,142,Aleksandrów,0 min,Wiatraczna 14,,2024-12-25 17:07:44.898018
Autobus,9330,2,153,Pastuszków,0 min,Rembertów-Kolonia 02,,2024-12-25 17:07:44.898018
Autobus,9331,1,179,Os. Kabaty,0 min,Ursynów Płn. 05,,2024-12-25 17:07:44.898018
Autobus,9333,4,179,Ursynów Płn.,0 min,Os. Kabaty 02,,2024-12-25 17:07:44.898018
Autobus,9336,641,199,Rembertów-Strzelnica,0 min,Bródno-Podgrodzie 08,,2024-12-25 17:07:44.898018
Autobus,9315,2,202,Metro Stadion Narodowy,0 min,PKP Gocławek 03,,2024-12-25 17:07:44.898018
Autobus,9317,4,202,PKP Gocławek,0 min,Metro Stadion Narodowy 07,,2024-12-25 17:07:44.898018
Autobus,9322,1,153,Rembertów-Kolonia,0 min,Pastuszków 01,,2024-12-25 17:07:44.898018
Autobus,9327,2,142,Aleksandrów,0 min,Wiatraczna 14,,2024-12-25 17:07:44.898018
Autobus,9330,2,153,Pastuszków,0 min,Rembertów-Kolonia 02,,2024-12-25 17:07:44.898018
Autobus,9331,1,179,Os. Kabaty,0 min,Ursynów Płn. 05,,2024-12-25 17:07:44.898018
Autobus,9333,4,179,Ursynów Płn.,0 min,Os. Kabaty 02,,2024-12-25 17:07:44.898018
Autobus,9336,641,199,Rembertów-Strzelnica,0 min,Bródno-Podgrodzie 08,,2024-12-25 17:07:44.898018
Autobus,9348,8,179,Os. Kabaty,0 min,Ursynów Płn. 05,,2024-12-25 17:07:44.898018
Autobus,9506,2,159,CH Blue City,0 min,Małe Siekierki 03,,2024-12-25 17:07:44.898018
Autobus,9507,4,159,Małe Siekierki,0 min,CH Blue City 01,,2024-12-25 17:07:44.898018
Autobus,9509,1,178,Rondo Daszyńskiego,0 min,Skorosze 04,,2024-12-25 17:07:44.898018
Autobus,9519,3,103,Metro Młociny,0 min,Brylowska 01,,2024-12-25 17:07:44.898018
Autobus,9522,53,715,Ursynów Płn.,0 min,P+R Al. Krakowska 13,,2024-12-25 17:07:44.898018
Autobus,9550,4,178,Skorosze,0 min,Konwiktorska 03,,2024-12-25 17:07:44.898018
Autobus,9802,4,167,Fort Radiowo,0 min,Siekierki-Sanktuarium 03,,2024-12-25 17:07:44.898018
Autobus,9807,M8,167,Siekierki-Sanktuarium,0 min,Stare Bemowo 05,,2024-12-25 17:07:44.898018
Autobus,9808,3,185,Gwiaździsta,0 min,CH Ursynów 04,,2024-12-25 17:07:44.898018
Autobus,9817,3,502,Stara Miłosna (Graniczna),0 min,Metro Politechnika 12,,2024-12-25 17:07:44.898018
Autobus,9509,1,178,Rondo Daszyńskiego,0 min,Skorosze 04,,2024-12-25 17:07:44.898018
Autobus,9519,3,103,Metro Młociny,0 min,Brylowska 01,,2024-12-25 17:07:44.898018
Autobus,9522,53,715,Ursynów Płn.,0 min,P+R Al. Krakowska 13,,2024-12-25 17:07:44.898018
Autobus,9550,4,178,Skorosze,0 min,Konwiktorska 03,,2024-12-25 17:07:44.898018
Autobus,9802,4,167,Fort Radiowo,0 min,Siekierki-Sanktuarium 03,,2024-12-25 17:07:44.898018
Autobus,9807,M8,167,Siekierki-Sanktuarium,0 min,Stare Bemowo 05,,2024-12-25 17:07:44.898018
Autobus,9808,3,185,Gwiaździsta,0 min,CH Ursynów 04,,2024-12-25 17:07:44.898018
Autobus,9817,3,502,Stara Miłosna (Graniczna),0 min,Metro Politechnika 12,,2024-12-25 17:07:44.898018
Autobus,9835,7,167,Siekierki-Sanktuarium,0 min,Stare Bemowo 05,,2024-12-25 17:07:44.898018
Autobus,9846,1,742,Os. Kabaty,0 min,Góra Kalwaria Rynek 02,,2024-12-25 17:07:44.898018
Autobus,9908,7,186,Nowodwory,0 min,Szczęśliwice 04,,2024-12-25 17:07:44.898018
Autobus,9917,8,186,Nowodwory,0 min,Szczęśliwice 04,,2024-12-25 17:07:44.898018
Autobus,9924,5,190,CH Marki,0 min,Znana 06,,2024-12-25 17:07:44.898018
Autobus,9935,7,114,Bródno-Podgrodzie,0 min,Młociny-UKSW 01,,2024-12-25 17:07:44.898018
Autobus,9946,3,186,Szczęśliwice,0 min,Nowodwory 09,,2024-12-25 17:07:44.898018
Autobus,9953,2,210,Metro Młociny,0 min,Truskaw Skibińskiego 01,,2024-12-25 17:07:44.898018
Pociąg,1057,,WKD,Grodzisk Mazowiecki Radońska,0 min,Kazimierówka,,2024-12-25 17:07:44.898018
Pociąg,2026,,WKD,,0 min,,,2024-12-25 17:07:44.898018
Pociąg,1056,,WKD,Warszawa Śródmieście WKD,0 min,Komorów,,2024-12-25 17:07:44.898018
Autobus,9522,53,715,Ursynów Płn.,0 min,P+R Al. Krakowska 13,,2024-12-25 17:07:44.898018
Autobus,9550,4,178,Skorosze,0 min,Konwiktorska 03,,2024-12-25 17:07:44.898018
Autobus,9802,4,167,Fort Radiowo,0 min,Siekierki-Sanktuarium 03,,2024-12-25 17:07:44.898018
Autobus,9807,M8,167,Siekierki-Sanktuarium,0 min,Stare Bemowo 05,,2024-12-25 17:07:44.898018
Autobus,9808,3,185,Gwiaździsta,0 min,CH Ursynów 04,,2024-12-25 17:07:44.898018
Autobus,9817,3,502,Stara Miłosna (Graniczna),0 min,Metro Politechnika 12,,2024-12-25 17:07:44.898018
Autobus,9835,7,167,Siekierki-Sanktuarium,0 min,Stare Bemowo 05,,2024-12-25 17:07:44.898018
Autobus,9846,1,742,Os. Kabaty,0 min,Góra Kalwaria Rynek 02,,2024-12-25 17:07:44.898018
Autobus,9908,7,186,Nowodwory,0 min,Szczęśliwice 04,,2024-12-25 17:07:44.898018
Autobus,9917,8,186,Nowodwory,0 min,Szczęśliwice 04,,2024-12-25 17:07:44.898018
Autobus,9924,5,190,CH Marki,0 min,Znana 06,,2024-12-25 17:07:44.898018
Autobus,9935,7,114,Bródno-Podgrodzie,0 min,Młociny-UKSW 01,,2024-12-25 17:07:44.898018
Autobus,9946,3,186,Szczęśliwice,0 min,Nowodwory 09,,2024-12-25 17:07:44.898018
Autobus,9953,2,210,Metro Młociny,0 min,Truskaw Skibińskiego 01,,2024-12-25 17:07:44.898018
Pociąg,1057,,WKD,Grodzisk Mazowiecki Radońska,0 min,Kazimierówka,,2024-12-25 17:07:44.898018
Pociąg,2026,,WKD,,0 min,,,2024-12-25 17:07:44.898018
Pociąg,1056,,WKD,Warszawa Śródmieście WKD,0 min,Komorów,,2024-12-25 17:07:44.898018
Pociąg,1054,,WKD,Warszawa Śródmieście WKD,0 min,Warszawa Reduta Ordona,,2024-12-25 17:07:44.898018
Autobus,1071,4,163,Centrum Onkologii,0 min,Wiertnicza 03,,2024-12-25 17:07:44.898018
Tramwaj,4225,9,16,Miasteczko Wilanów,0 min,Muranów 05,,2024-12-25 17:07:44.898018
Tramwaj,4254,11,33,Zjazd do zajezdni Żoliborz,0 min,Kielecka 02,,2024-12-25 17:07:44.898018
Autobus,5220,2,141,P+R Al. Krakowska,0 min,Zaruskiego 01,,2024-12-25 17:07:44.898018
Autobus,7246,1,703,Kosów,0 min,Kajetany Modra 02,,2024-12-25 17:07:44.898018
Autobus,7800,2,145,Żerań FSO,0 min,Kwatery Głównej 02,,2024-12-25 17:07:44.898018
Tramwaj,3198,546,1,Banacha,0 min,Okopowa 07,,2024-12-25 17:07:44.898018
Autobus,7732,1,151,Pl. Konstytucji,0 min,Rechniewskiego 01,,2024-12-25 17:07:44.898018
Tramwaj,3242,5,15,P+R Al. Krakowska,0 min,Krakowiaków 04,,2024-12-25 17:07:44.898018
Tramwaj,3249,5,9,Gocławek,0 min,Ochota-Ratusz 01,,2024-12-25 17:07:44.898018
Tramwaj,3271,2,15,Marymont-Potok,1 min przed czasem,Pl. Konstytucji 06,,2024-12-25 17:07:44.898018
Autobus,1530,2,115,PKP Mokry Ług,1 min przed czasem,Buchalteryjna 02,,2024-12-25 17:07:44.898018
Autobus,1529,4,119,Rakowiecka-Sanktuarium,1 min przed czasem,Pomiechowska 01,,2024-12-25 17:07:44.898018
Autobus,7242,508,728,P+R Al. Krakowska,1 min przed czasem,Łazy 01,,2024-12-25 17:07:44.898018
Autobus,8592,1,509,Gocław,1 min przed czasem,Dw. Wileński 01,,2024-12-25 17:07:44.898018
Tramwaj,3809,7,28,Os. Górczewska,1 min przed czasem,Conrada 05,,2024-12-25 17:07:44.898018
Autobus,1538,5,115,Aleksandrów,1 min przed czasem,Lawinowa 01,,2024-12-25 17:07:44.898018
Autobus,779,3,250,Metro Młociny,1 min przed czasem,Wólczyńska-Bocznica 01,,2024-12-25 17:07:44.898018
Tramwaj,3225,1,9,P+R Al. Krakowska,1 min przed czasem,Pl. Narutowicza 08,,2024-12-25 17:07:44.898018
Autobus,1529,4,119,Rakowiecka-Sanktuarium,1 min przed czasem,Pomiechowska 01,,2024-12-25 17:07:44.898018
Autobus,7242,508,728,P+R Al. Krakowska,1 min przed czasem,Łazy 01,,2024-12-25 17:07:44.898018
Autobus,8592,1,509,Gocław,1 min przed czasem,Dw. Wileński 01,,2024-12-25 17:07:44.898018
Tramwaj,3809,7,28,Os. Górczewska,1 min przed czasem,Conrada 05,,2024-12-25 17:07:44.898018
Autobus,1538,5,115,Aleksandrów,1 min przed czasem,Lawinowa 01,,2024-12-25 17:07:44.898018
Autobus,779,3,250,Metro Młociny,1 min przed czasem,Wólczyńska-Bocznica 01,,2024-12-25 17:07:44.898018
Tramwaj,3225,1,9,P+R Al. Krakowska,1 min przed czasem,Pl. Narutowicza 08,,2024-12-25 17:07:44.898018
Autobus,9505,1,159,CH Blue City,1 min przed czasem,Wiejska 02,,2024-12-25 17:07:44.898018
Autobus,1072,1,108,Pl. Trzech Krzyży,1 min przed czasem,Bartycka 02,,2024-12-25 17:07:44.898018
Autobus,9932,8,190,Znana,1 min przed czasem,Szwedzka 01,,2024-12-25 17:07:44.898018
Tramwaj,4117,3,17,Winnica,1 min przed czasem,Pl. Grunwaldzki 04,,2024-12-25 17:07:44.898018
Autobus,3408,62,735,Metro Marymont,1 min przed czasem,Szamocin 01,,2024-12-25 17:07:44.898018
Autobus,4407,4,169,Dw. Wschodni (Kijowska),1 min przed czasem,Niwa 01,,2024-12-25 17:07:44.898018
Tramwaj,3270,10,33,Metro Młociny,1 min przed czasem,Rondo ONZ 04,,2024-12-25 17:07:44.898018
Autobus,776,1,150,Metro Młociny,1 min przed czasem,Metro Młociny 21,,2024-12-25 17:07:44.898018
Autobus,7716,5,509,Winnica,1 min przed czasem,Rondo Starzyńskiego 10,,2024-12-25 17:07:44.898018
Autobus,8346,4,131,Sadyba,1 min przed czasem,Sielce 01,,2024-12-25 17:07:44.898018
Autobus,7821,1,523,Stare Bemowo,1 min przed czasem,Metro Ulrychów 02,,2024-12-25 17:07:44.898018
Autobus,80115,1,L44,CH Marki,1 min przed czasem,Marki-Ratusz 01,,2024-12-25 17:07:44.898018
Tramwaj,4117,3,17,Winnica,1 min przed czasem,Pl. Grunwaldzki 04,,2024-12-25 17:07:44.898018
Autobus,1530,2,115,PKP Mokry Ług,1 min przed czasem,Buchalteryjna 02,,2024-12-25 17:07:44.898018
Autobus,1529,4,119,Rakowiecka-Sanktuarium,1 min przed czasem,Pomiechowska 01,,2024-12-25 17:07:44.898018
Autobus,7242,508,728,P+R Al. Krakowska,1 min przed czasem,Łazy 01,,2024-12-25 17:07:44.898018
Autobus,7716,5,509,Winnica,1 min przed czasem,Rondo Starzyńskiego 10,,2024-12-25 17:07:44.898018
Autobus,8592,1,509,Gocław,1 min przed czasem,Dw. Wileński 01,,2024-12-25 17:07:44.898018
Tramwaj,3249,5,9,Gocławek,1 min przed czasem,Pl. Zawiszy 05,,2024-12-25 17:07:44.898018
Autobus,1538,5,115,Aleksandrów,1 min przed czasem,Lawinowa 01,,2024-12-25 17:07:44.898018
Tramwaj,3225,1,9,P+R Al. Krakowska,1 min przed czasem,Pl. Narutowicza 08,,2024-12-25 17:07:44.898018
Tramwaj,3809,7,28,Os. Górczewska,1 min przed czasem,Conrada 05,,2024-12-25 17:07:44.898018
Autobus,1013,3,213,Gocław,1 min przed czasem,PKP Falenica 04,,2024-12-25 17:07:44.898018
Autobus,7830,2,520,Marysin,1 min przed czasem,Płowiecka 04,,2024-12-25 17:07:44.898018
Autobus,8308,4,136,Natolin Płn.,1 min przed czasem,PKP Wola (Kasprzaka) 05,,2024-12-25 17:07:44.898018
Autobus,9521,3,159,Małe Siekierki,1 min przed czasem,Pl. Konstytucji 03,,2024-12-25 17:07:44.898018
Autobus,3403,2,120,Olesin,1 min przed czasem,Dw. Wileński 04,,2024-12-25 17:07:44.898018
Tramwaj,4217,8,16,Miasteczko Wilanów,1 min przed czasem,Goworka 03,,2024-12-25 17:07:44.898018
Tramwaj,3174,7,10,Os. Górczewska,1 min przed czasem,Dw. Centralny 10,,2024-12-25 17:07:44.898018
Autobus,9515,1,103,Metro Młociny,1 min przed czasem,AWF 06,,2024-12-25 17:07:44.898018
Autobus,776,1,150,Metro Młociny,1 min przed czasem,Metro Młociny 21,,2024-12-25 17:07:44.898018
Autobus,7830,2,520,Marysin,1 min przed czasem,Płowiecka 04,,2024-12-25 17:07:44.898018
Autobus,1530,2,115,PKP Mokry Ług,1 min przed czasem,Buchalteryjna 02,,2024-12-25 17:07:44.898018
Tramwaj,3809,7,28,Os. Górczewska,1 min przed czasem,Conrada 05,,2024-12-25 17:07:44.898018
Autobus,3408,62,735,Metro Marymont,1 min przed czasem,Szamocin 01,,2024-12-25 17:07:44.898018
Autobus,8346,4,131,Sadyba,1 min przed czasem,Sielce 01,,2024-12-25 17:07:44.898018
Autobus,8522,4,143,Dw. Zachodni,1 min przed czasem,Wspólna Droga 01,,2024-12-25 17:07:44.898018
Tramwaj,3122,1,7,Kawęczyńska-Bazylika,1 min przed czasem,Och-Teatr 03,,2024-12-25 17:07:44.898018
Autobus,5883,1,127,Browarna,1 min przed czasem,Jaracza 02,,2024-12-25 17:07:44.898018
Autobus,9508,5,159,CH Blue City,1 min przed czasem,Na Bateryjce 01,,2024-12-25 17:07:44.898018
Autobus,1056,3,194,PKP Gołąbki,1 min przed czasem,Fort Wola 02,,2024-12-25 17:07:44.898018
Autobus,7737,8,509,Gocław,1 min przed czasem,Wał Gocławski 01,,2024-12-25 17:07:44.898018
Autobus,80115,1,L44,CH Marki,1 min przed czasem,Marki-Ratusz 01,,2024-12-25 17:07:44.898018
Autobus,5220,2,141,P+R Al. Krakowska,1 min przed czasem,Szwoleżerów 01,,2024-12-25 17:07:44.898018
Tramwaj,3193,3,10,Wyścigi,1 min przed czasem,Dw. Centralny 09,,2024-12-25 17:07:44.898018
Autobus,1529,4,119,Rakowiecka-Sanktuarium,1 min przed czasem,Pomiechowska 01,,2024-12-25 17:07:44.898018
Autobus,9521,3,159,Małe Siekierki,1 min przed czasem,Pl. Konstytucji 03,,2024-12-25 17:07:44.898018
Tramwaj,4273,22,17,Zjazd do zajezdni Żoliborz,1 min przed czasem,Wołoska 04,,2024-12-25 17:07:44.898018
Tramwaj,4274,1,33,Kielecka,1 min przed czasem,Dw. Centralny 09,,2024-12-25 17:07:44.898018
Autobus,7737,8,509,Gocław,1 min przed czasem,Wał Gocławski 01,,2024-12-25 17:07:44.898018
Autobus,80115,1,L44,CH Marki,1 min przed czasem,Marki-Ratusz 01,,2024-12-25 17:07:44.898018
Autobus,5220,2,141,P+R Al. Krakowska,1 min przed czasem,Szwoleżerów 01,,2024-12-25 17:07:44.898018
Tramwaj,3193,3,10,Wyścigi,1 min przed czasem,Dw. Centralny 09,,2024-12-25 17:07:44.898018
Autobus,1529,4,119,Rakowiecka-Sanktuarium,1 min przed czasem,Pomiechowska 01,,2024-12-25 17:07:44.898018
Autobus,9521,3,159,Małe Siekierki,1 min przed czasem,Pl. Konstytucji 03,,2024-12-25 17:07:44.898018
Tramwaj,4273,22,17,Zjazd do zajezdni Żoliborz,1 min przed czasem,Wołoska 04,,2024-12-25 17:07:44.898018
Tramwaj,4274,1,33,Kielecka,1 min przed czasem,Dw. Centralny 09,,2024-12-25 17:07:44.898018
Autobus,8308,4,136,Natolin Płn.,1 min przed czasem,PKP Wola (Kasprzaka) 05,,2024-12-25 17:07:44.898018
Autobus,1072,1,108,Pl. Trzech Krzyży,1 min przed czasem,Bartycka 02,,2024-12-25 17:07:44.898018
Autobus,1427,1,115,Aleksandrów,1 min przed czasem,Klasztorna 02,,2024-12-25 17:07:44.898018
Autobus,4423,1,169,Bródno-Podgrodzie,1 min przed czasem,Żuromińska 02,,2024-12-25 17:07:44.898018
Autobus,7830,2,520,Marysin,1 min przed czasem,Płowiecka 04,,2024-12-25 17:07:44.898018
Autobus,9505,1,159,CH Blue City,1 min przed czasem,Wiejska 02,,2024-12-25 17:07:44.898018
Autobus,9351,1,135,Pl. Hallera,1 min przed czasem,11 Listopada 01,,2024-12-25 17:07:44.898018
Autobus,9950,9,186,Szczęśliwice,1 min przed czasem,Parafialna 01,,2024-12-25 17:07:44.898018
Tramwaj,4103,4,17,Winnica,1 min przed czasem,Nowowiejska 04,,2024-12-25 17:07:44.898018
Tramwaj,4231,5,16,Muranowska,1 min przed czasem,Spacerowa 06,,2024-12-25 17:07:44.898018
Tramwaj,4228,13,16,Piaski,1 min przed czasem,Hoża 04,,2024-12-25 17:07:44.898018
Tramwaj,3142,524,1,Annopol,1 min przed czasem,Baseny Inflancka 03,,2024-12-25 17:07:44.898018
Tramwaj,3237,4,9,Gocławek,1 min przed czasem,Wiatraczna 06,,2024-12-25 17:07:44.898018
Autobus,4423,1,169,Bródno-Podgrodzie,1 min przed czasem,Metro Kondratowicza 08,,2024-12-25 17:07:44.898018
Autobus,5883,1,127,Browarna,1 min przed czasem,Metro Centrum Nauki Kopernik 05,,2024-12-25 17:07:44.898018
Tramwaj,4283,4,16,Muranowska,1 min przed czasem,Muranów 06,,2024-12-25 17:07:44.898018
Autobus,9950,9,186,Szczęśliwice,1 min przed czasem,Parafialna 01,,2024-12-25 17:07:44.898018
Tramwaj,4104,547,4,Żerań Wschodni,1 min przed czasem,Odlewnicza 04,,2024-12-25 17:07:44.898018
Autobus,4207,3,713,Cm. Wolski,1 min przed czasem,Fort Wola 06,,2024-12-25 17:07:44.898018
Autobus,8312,3,136,Natolin Płn.,1 min przed czasem,Maklakiewicza 01,,2024-12-25 17:07:44.898018
Autobus,9352,2,135,Pl. Hallera,1 min przed czasem,Zamieniecka 05,,2024-12-25 17:07:44.898018
Autobus,5220,2,141,P+R Al. Krakowska,1 min przed czasem,Bartycka 01,,2024-12-25 17:07:44.898018
Tramwaj,3249,5,9,Gocławek,1 min przed czasem,Pl. Zawiszy 05,,2024-12-25 17:07:44.898018
Autobus,9827,7,185,CH Ursynów,1 min przed czasem,Gwiaździsta 04,,2024-12-25 17:07:44.898018
Tramwaj,3830,5,20,Żerań FSO,1 min przed czasem,Dalibora 05,,2024-12-25 17:07:44.898018
Autobus,9073,458,211,Dąbrówka Wiślana,1 min przed czasem,Porajów 02,,2024-12-25 17:07:44.898018
Autobus,9351,1,135,Pl. Hallera,1 min przed czasem,Bródnowska 01,,2024-12-25 17:07:44.898018
Autobus,7737,8,509,Gocław,1 min przed czasem,Abrahama 01,,2024-12-25 17:07:44.898018
Autobus,9505,1,159,CH Blue City,1 min przed czasem,Wiejska 02,,2024-12-25 17:07:44.898018
Autobus,7743,3,525,Dw. Centralny,1 min przed czasem,Kanał Gocławski 01,,2024-12-25 17:07:44.898018
Autobus,1070,2,163,Metro Wilanowska,1 min przed czasem,Miasteczko Wilanów 03,,2024-12-25 17:07:44.898018
Autobus,8895,2,138,Utrata,1 min przed czasem,Bokserska 05,,2024-12-25 17:07:44.898018
Autobus,70001,1,L39,Piaseczno Szpital,1 min przed czasem,Piaseczno Pawia 01,,2024-12-25 17:07:44.898018
Autobus,9204,471,203,Metro Młociny,1 min przed czasem,Fort Wawrzyszew 02,,2024-12-25 17:07:44.898018
Autobus,5434,1,723,PKP Legionowo Przystanek,1 min przed czasem,Jabłonna Buchnik 02,,2024-12-25 17:07:44.898018
Autobus,1539,441,147,Stara Miłosna (Ułańska),2 min przed czasem,Wawer-Ratusz 02,,2024-12-25 17:07:44.898018
Tramwaj,4015,4,22,Piaski,2 min przed czasem,Pl. Zawiszy 08,,2024-12-25 17:07:44.898018
Autobus,9905,1,186,Szczęśliwice,2 min przed czasem,Park Olszyna 06,,2024-12-25 17:07:44.898018
Autobus,4403,3,157,Gwiaździsta,2 min przed czasem,Chłodna 02,,2024-12-25 17:07:44.898018
Autobus,2236,3,517,Pl. Trzech Krzyży,2 min przed czasem,Zajezdnia Kleszczowa 01,,2024-12-25 17:07:44.898018
Autobus,7817,7,523,PKP Olszynka Grochowska,2 min przed czasem,PKP Wola (Wolska) 05,,2024-12-25 17:07:44.898018
Autobus,8501,1,738,P+R Radzymin,2 min przed czasem,Radzymin Słowackiego 02,,2024-12-25 17:07:44.898018
Autobus,9340,1,198,PKP Wesoła,2 min przed czasem,Stara Miłosna (Ułańska) 01,,2024-12-25 17:07:44.898018
Autobus,5889,2,127,Browarna,2 min przed czasem,Białobrzeska 01,,2024-12-25 17:07:44.898018
Tramwaj,3131,1,22,Wiatraczna,2 min przed czasem,Rondo „Radosława” 09,,2024-12-25 17:07:44.898018
Autobus,5459,2,140,Marki Czarna Struga,2 min przed czasem,Marki Czarna Struga 01,,2024-12-25 17:07:44.898018
Autobus,7253,2,191,Pl. Narutowicza,2 min przed czasem,Rondo Zesłańców Syberyjskich 03,,2024-12-25 17:07:44.898018
Autobus,8530,8,166,Pl. Hallera,2 min przed czasem,Metro Kabaty 03,,2024-12-25 17:07:44.898018
Autobus,6230,1,141,P+R Al. Krakowska,2 min przed czasem,Baleya 01,,2024-12-25 17:07:44.898018
Autobus,8501,1,738,P+R Radzymin,2 min przed czasem,Radzymin Słowackiego 02,,2024-12-25 17:07:44.898018
Autobus,9340,1,198,PKP Wesoła,2 min przed czasem,Stara Miłosna (Ułańska) 01,,2024-12-25 17:07:44.898018
Autobus,5889,2,127,Browarna,2 min przed czasem,Białobrzeska 01,,2024-12-25 17:07:44.898018
Tramwaj,3131,1,22,Wiatraczna,2 min przed czasem,Rondo „Radosława” 09,,2024-12-25 17:07:44.898018
Autobus,5459,2,140,Marki Czarna Struga,2 min przed czasem,Marki Czarna Struga 01,,2024-12-25 17:07:44.898018
Autobus,7253,2,191,Pl. Narutowicza,2 min przed czasem,Rondo Zesłańców Syberyjskich 03,,2024-12-25 17:07:44.898018
Autobus,8530,8,166,Pl. Hallera,2 min przed czasem,Metro Kabaty 03,,2024-12-25 17:07:44.898018
Autobus,6230,1,141,P+R Al. Krakowska,2 min przed czasem,Baleya 01,,2024-12-25 17:07:44.898018
Autobus,1207,426,739,Piaseczno Julianowska-Cmentarz,2 min przed czasem,Józefosław Julianów 01,,2024-12-25 17:07:44.898018
Autobus,1545,62,722,Os. Radiówek,2 min przed czasem,Zagórze-Sanatorium 01,,2024-12-25 17:07:44.898018
Autobus,6216,2,523,Stare Bemowo,2 min przed czasem,PKP Wola (Kasprzaka) 06,,2024-12-25 17:07:44.898018
Autobus,2013,1,189,Sadyba,2 min przed czasem,Sadyba 03,,2024-12-25 17:07:44.898018
Autobus,8889,2,136,Natolin Płn.,2 min przed czasem,Centrum Onkologii 01,,2024-12-25 17:07:44.898018
Autobus,9919,2,114,Młociny-UKSW,2 min przed czasem,Suzina 02,,2024-12-25 17:07:44.898018
Autobus,7230,1,711,P+R Al. Krakowska,2 min przed czasem,Stoicka 01,,2024-12-25 17:07:44.898018
Autobus,6212,497,184,Szczęśliwice,2 min przed czasem,Marynin 03,,2024-12-25 17:07:44.898018
Autobus,1525,5,141,Witolin,2 min przed czasem,Dolna 03,,2024-12-25 17:07:44.898018
Autobus,777,3,150,Dziekanów Leśny,2 min przed czasem,Łomianki-Szkoła 02,,2024-12-25 17:07:44.898018
Autobus,8528,8,143,Rembertów-Kolonia,3 min przed czasem,Saska 02,,2024-12-25 17:07:44.898018
Autobus,8889,2,136,Natolin Płn.,3 min przed czasem,Centrum Onkologii 01,,2024-12-25 17:07:44.898018
Autobus,9950,9,186,Szczęśliwice,3 min przed czasem,Rondo Zesłańców Syberyjskich 03,,2024-12-25 17:07:44.898018
Autobus,9801,1,167,Fort Radiowo,3 min przed czasem,Fort Blizne 02,,2024-12-25 17:07:44.898018
Autobus,6238,3,172,Sadyba,3 min przed czasem,Sadyba 06,,2024-12-25 17:07:44.898018
Autobus,8540,2,519,Powsin-Park Kultury,3 min przed czasem,Przekorna 01,,2024-12-25 17:07:44.898018
Autobus,7208,6,523,PKP Olszynka Grochowska,3 min przed czasem,Marszałkowska 01,,2024-12-25 17:07:44.898018
Autobus,6239,3,184,Szczęśliwice,3 min przed czasem,Szczęśliwicka 03,,2024-12-25 17:07:44.898018
Autobus,4429,8,122,Gwiaździsta,3 min przed czasem,Os. Górczewska 01,,2024-12-25 17:07:44.898018
Autobus,758,2,150,Metro Młociny,3 min przed czasem,Dziekanów Leśny 01,,2024-12-25 17:07:44.898018
Autobus,9503,5,103,Brylowska,3 min przed czasem,Metro Młociny 01,,2024-12-25 17:07:44.898018
Autobus,70007,694,L24,Konstancin-Jeziorna Wierzbnowska,3 min przed czasem,Piaseczno Urząd Miasta 03,,2024-12-25 17:07:44.898018
Autobus,15087,1,L11,Nowy Dwór Mazowiecki Urząd Miasta,3 min przed czasem,Nowy Dwór Mazowiecki Przemysłowa 02,,2024-12-25 17:07:44.898018
Autobus,8345,2,709,Metro Wilanowska,3 min przed czasem,Piaseczno Powstańców Warszawy 02,,2024-12-25 17:07:44.898018
Autobus,1540,4,141,Witolin,4 min przed czasem,Łukowska 04,,2024-12-25 17:07:44.898018
Autobus,9353,3,135,PKP Olszynka Grochowska,4 min przed czasem,Kompasowa 01,,2024-12-25 17:07:44.898018
Autobus,1209,422,727,Władysławów,4 min przed czasem,Gołków Zielona 03,,2024-12-25 17:07:44.898018
Tramwaj,4205,2,2,Winnica,4 min przed czasem,Metro Młociny 28,,2024-12-25 17:07:44.898018
Autobus,7750,5,523,PKP Olszynka Grochowska,5 min przed czasem,Osiedle Młodych 02,,2024-12-25 17:07:44.898018
Autobus,8312,3,136,Natolin Płn.,2 min przed czasem,Woronicza 01,,2024-12-25 17:07:44.898018
Autobus,5442,65,705,Rynia,2 min przed czasem,Rembelszczyzna 02,,2024-12-25 17:07:44.898018
Autobus,1525,5,141,Witolin,2 min przed czasem,Zakrzewska 01,,2024-12-25 17:07:44.898018
Autobus,9311,646,245,Ząbki Maczka,3 min przed czasem,Ząbki Szwoleżerów 01,,2024-12-25 17:07:44.898018
Autobus,4428,1,736,Żerań FSO,3 min przed czasem,Żerań FSO 12,,2024-12-25 17:07:44.898018
Autobus,8345,2,709,Metro Wilanowska,3 min przed czasem,Piaseczno Powstańców Warszawy 02,,2024-12-25 17:07:44.898018
Autobus,8528,8,143,Rembertów-Kolonia,3 min przed czasem,Saska 02,,2024-12-25 17:07:44.898018
Autobus,9801,1,167,Fort Radiowo,3 min przed czasem,Fort Blizne 02,,2024-12-25 17:07:44.898018
Autobus,7208,6,523,PKP Olszynka Grochowska,3 min przed czasem,Marszałkowska 01,,2024-12-25 17:07:44.898018
Autobus,4429,8,122,Gwiaździsta,3 min przed czasem,Os. Górczewska 01,,2024-12-25 17:07:44.898018
Autobus,70007,694,L24,Konstancin-Jeziorna Wierzbnowska,3 min przed czasem,Piaseczno Urząd Miasta 03,,2024-12-25 17:07:44.898018
Autobus,9503,5,103,Brylowska,3 min przed czasem,Metro Młociny 01,,2024-12-25 17:07:44.898018
Autobus,758,2,150,Metro Młociny,3 min przed czasem,Dziekanów Leśny 01,,2024-12-25 17:07:44.898018
Autobus,8540,2,519,Powsin-Park Kultury,3 min przed czasem,Przekorna 01,,2024-12-25 17:07:44.898018
Autobus,15087,1,L11,Nowy Dwór Mazowiecki Urząd Miasta,3 min przed czasem,Nowy Dwór Mazowiecki Przemysłowa 02,,2024-12-25 17:07:44.898018
Autobus,6239,3,184,Szczęśliwice,3 min przed czasem,Szczęśliwicka 03,,2024-12-25 17:07:44.898018
Autobus,8889,2,136,Natolin Płn.,3 min przed czasem,Malinowskiego 01,,2024-12-25 17:07:44.898018
Autobus,9353,3,135,PKP Olszynka Grochowska,4 min przed czasem,Kompasowa 01,,2024-12-25 17:07:44.898018
Autobus,1540,4,141,Witolin,4 min przed czasem,Łukowska 04,,2024-12-25 17:07:44.898018
Autobus,70007,694,L24,Konstancin-Jeziorna Wierzbnowska,3 min przed czasem,Piaseczno Urząd Miasta 03,,2024-12-25 17:07:44.898018
Autobus,9503,5,103,Brylowska,3 min przed czasem,Metro Młociny 01,,2024-12-25 17:07:44.898018
Autobus,758,2,150,Metro Młociny,3 min przed czasem,Dziekanów Leśny 01,,2024-12-25 17:07:44.898018
Autobus,8540,2,519,Powsin-Park Kultury,3 min przed czasem,Przekorna 01,,2024-12-25 17:07:44.898018
Autobus,15087,1,L11,Nowy Dwór Mazowiecki Urząd Miasta,3 min przed czasem,Nowy Dwór Mazowiecki Przemysłowa 02,,2024-12-25 17:07:44.898018
Autobus,6239,3,184,Szczęśliwice,3 min przed czasem,Szczęśliwicka 03,,2024-12-25 17:07:44.898018
Autobus,8889,2,136,Natolin Płn.,3 min przed czasem,Malinowskiego 01,,2024-12-25 17:07:44.898018
Autobus,9353,3,135,PKP Olszynka Grochowska,4 min przed czasem,Kompasowa 01,,2024-12-25 17:07:44.898018
Autobus,1540,4,141,Witolin,4 min przed czasem,Łukowska 04,,2024-12-25 17:07:44.898018
Tramwaj,4205,2,2,Winnica,4 min przed czasem,Metro Młociny 28,,2024-12-25 17:07:44.898018
Autobus,1209,422,727,Władysławów,4 min przed czasem,Głosków-Letnisko 01,,2024-12-25 17:07:44.898018
Autobus,7750,5,523,PKP Olszynka Grochowska,5 min przed czasem,Osiedle Młodych 02,,2024-12-25 17:07:44.898018
Autobus,9520,51,715,Ursynów Płn.,6 min przed czasem,Dunikowskiego 01,,2024-12-25 17:07:44.898018
Autobus,6232,M5,189,Sadyba,6 min przed czasem,Os. Górczewska 01,,2024-12-25 17:07:44.898018
Tramwaj,3127,26,17,PKP Służewiec,6 min przed czasem,Metro Marymont 03,,2024-12-25 17:07:44.898018
Autobus,1069,2,108,Łososiowa,7 min przed czasem,Pl. Trzech Krzyży 02,,2024-12-25 17:07:44.898018
Tramwaj,3136,12,33,Metro Młociny,9 min przed czasem,Kielecka 02,,2024-12-25 17:07:44.898018
Autobus,5904,403,175,Pl. Piłsudskiego,11 min przed czasem,Lotnisko Chopina-Przyloty 02,,2024-12-25 17:07:44.898018
Autobus,1219,633,218,Metro Wilanowska,11 min przed czasem,Królikarnia 08,,2024-12-25 17:07:44.898018
