Type,Vehicle No,Brigade,Route,Trip Headsign,Delay,Stop Name,Outside,Timestamp
Autobus,9844,4,185,Gwiaździsta,26 min,Miklaszewskiego 03,,2024-12-25 10:07:57.965778
Tramwaj,4226,7,16,Piaski,22 min,Sobieskiego 06,,2024-12-25 10:07:57.965778
Tramwaj,4265,12,16,Muranowska,20 min,Idzikowskiego 02,,2024-12-25 10:07:57.965778
Tramwaj,3251,5,17,PKP Służewiec,20 min,Metro Słodowiec 05,,2024-12-25 10:07:57.965778
Tramwaj,3262,543,1,Banacha,20 min,Cm. Żydowski 03,,2024-12-25 10:07:57.965778
Autobus,1816,7,138,Bokserska,19 min,Pl. Na Rozdrożu 06,,2024-12-25 10:07:57.965778
Autobus,9913,4,186,Nowodwory,16 min,Gen. Maczka 03,,2024-12-25 10:07:57.965778
Autobus,8522,4,143,Rembertów-Kolonia,16 min,GUS 05,,2024-12-25 10:07:57.965778
Autobus,7844,3,143,Rembertów-Kolonia,15 min,Wiatraczna 10,,2024-12-25 10:07:57.965778
Autobus,5951,612,507,Gocław,15 min,Centrum 15,,2024-12-25 10:07:57.965778
Autobus,9920,5,186,Nowodwory,15 min,Rondo Zesłańców Syberyjskich 04,,2024-12-25 10:07:57.965778
Autobus,7759,2,143,Rembertów-Kolonia,14 min,Żołnierska 02,,2024-12-25 10:07:57.965778
Autobus,8365,4,525,Międzylesie,14 min,Dw. Centralny 21,,2024-12-25 10:07:57.965778
Autobus,4202,3,177,Os. Górczewska,14 min,Ursus-Niedźwiadek 01,,2024-12-25 10:07:57.965778
Autobus,5955,611,507,Gocław,13 min,Bora-Komorowskiego 01,,2024-12-25 10:07:57.965778
Tramwaj,4228,13,16,Muranowska,13 min,Miasteczko Wilanów 05,,2024-12-25 10:07:57.965778
Autobus,8355,2,172,CH Blue City,10 min,Sadyba 06,,2024-12-25 10:07:57.965778
Autobus,5424,447,500,Bródno-Podgrodzie,7 min,Szpital Bródnowski 04,,2024-12-25 10:07:57.965778
Autobus,9329,M5,142,Wiatraczna,6 min,Wiatraczna 23,,2024-12-25 10:07:57.965778
Autobus,9920,5,186,Nowodwory,15 min,Rondo Zesłańców Syberyjskich 04,,2024-12-25 10:07:57.965778
Autobus,7759,2,143,Rembertów-Kolonia,14 min,Żołnierska 02,,2024-12-25 10:07:57.965778
Autobus,4202,3,177,Os. Górczewska,14 min,Ursus-Niedźwiadek 01,,2024-12-25 10:07:57.965778
Autobus,8365,4,525,Międzylesie,14 min,Dw. Centralny 21,,2024-12-25 10:07:57.965778
Autobus,5955,611,507,Gocław,13 min,Bora-Komorowskiego 01,,2024-12-25 10:07:57.965778
Tramwaj,4228,13,16,Muranowska,13 min,Miasteczko Wilanów 05,,2024-12-25 10:07:57.965778
Autobus,8355,2,172,CH Blue City,10 min,Sadyba 06,,2024-12-25 10:07:57.965778
Autobus,5424,447,500,Bródno-Podgrodzie,7 min,Szpital Bródnowski 04,,2024-12-25 10:07:57.965778
Autobus,9329,M5,142,Wiatraczna,6 min,Wiatraczna 23,,2024-12-25 10:07:57.965778
Tramwaj,3237,4,9,P+R Al. Krakowska,5 min,Centrum 10,,2024-12-25 10:07:57.965778
Autobus,1210,836,218,Metro Wierzbno,5 min,Domaniewska Office Park 02,,2024-12-25 10:07:57.965778
Tramwaj,4217,8,16,Piaski,4 min,Świątynia Opatrzności Bożej 04,,2024-12-25 10:07:57.965778
Autobus,5258,4,517,Ursus-Niedźwiadek,4 min,Ursus-Niedźwiadek 02,,2024-12-25 10:07:57.965778
Autobus,9511,2,178,Skorosze,4 min,Pl. Powstańców Warszawy 01,,2024-12-25 10:07:57.965778
Autobus,8519,3,148,Lotnisko Chopina,4 min,SGGW-Klinika 01,,2024-12-25 10:07:57.965778
Tramwaj,3828,3,6,Metro Młociny,4 min,Pl. Wilsona 10,,2024-12-25 10:07:57.965778
Autobus,1903,5,106,Mariensztat,3 min,Al. Jana Pawła II 01,,2024-12-25 10:07:57.965778
Autobus,8558,1,162,Pl. Hallera,3 min,Bartycka 02,,2024-12-25 10:07:57.965778
Autobus,4429,8,122,Gwiaździsta,3 min,Pl. Wilsona 09,,2024-12-25 10:07:57.965778
Tramwaj,3237,4,9,P+R Al. Krakowska,5 min,Centrum 10,,2024-12-25 10:07:57.965778
Autobus,1210,836,218,Metro Wierzbno,5 min,Domaniewska Office Park 02,,2024-12-25 10:07:57.965778
Tramwaj,4217,8,16,Piaski,4 min,Świątynia Opatrzności Bożej 04,,2024-12-25 10:07:57.965778
Autobus,5258,4,517,Ursus-Niedźwiadek,4 min,Ursus-Niedźwiadek 02,,2024-12-25 10:07:57.965778
Autobus,9511,2,178,Skorosze,4 min,Pl. Powstańców Warszawy 01,,2024-12-25 10:07:57.965778
Autobus,8519,3,148,Lotnisko Chopina,4 min,SGGW-Klinika 01,,2024-12-25 10:07:57.965778
Tramwaj,3828,3,6,Metro Młociny,4 min,Pl. Wilsona 10,,2024-12-25 10:07:57.965778
Autobus,1903,5,106,Mariensztat,3 min,Al. Jana Pawła II 01,,2024-12-25 10:07:57.965778
Autobus,8558,1,162,Pl. Hallera,3 min,Bartycka 02,,2024-12-25 10:07:57.965778
Autobus,4429,8,122,Gwiaździsta,3 min,Pl. Wilsona 09,,2024-12-25 10:07:57.965778
Autobus,5950,1,180,Wilanów,3 min,Stępińska 01,,2024-12-25 10:07:57.965778
Autobus,5434,1,723,Żerań FSO,3 min,Buków 01,,2024-12-25 10:07:57.965778
Autobus,9328,3,142,Wiatraczna,3 min,Borków 02,,2024-12-25 10:07:57.965778
Autobus,1529,4,119,Rakowiecka-Sanktuarium,3 min,Kierbedzia 02,,2024-12-25 10:07:57.965778
Autobus,8889,2,136,Ostroroga,3 min,Rondo Unii Europejskiej 06,,2024-12-25 10:07:57.965778
Autobus,6212,497,184,Metro Młociny,3 min,Parafialna 02,,2024-12-25 10:07:57.965778
Autobus,7249,6,122,Os. Górczewska,3 min,Pl. Wilsona 06,,2024-12-25 10:07:57.965778
Autobus,70001,1,L39,Mysiadło Dąbrówka,3 min,Piaseczno Kusocińskiego 01,,2024-12-25 10:07:57.965778
Autobus,9808,3,185,Gwiaździsta,3 min,Centrum Olimpijskie 02,,2024-12-25 10:07:57.965778
Autobus,70006,693,L52,Grochowa,3 min,Piaseczno Kościelna 01,,2024-12-25 10:07:57.965778
Tramwaj,3284,3,3,Annopol,3 min,Dw. Wileński 08,,2024-12-25 10:07:57.965778
Autobus,5980,3,518,Nowodwory,3 min,Muranowska 04,,2024-12-25 10:07:57.965778
Autobus,6212,497,184,Metro Młociny,3 min,Parafialna 02,,2024-12-25 10:07:57.965778
Tramwaj,3249,5,9,P+R Al. Krakowska,2 min,Wspólna Droga 03,,2024-12-25 10:07:57.965778
Autobus,8452,7,145,Żerań FSO,2 min,Szpital Bródnowski 03,,2024-12-25 10:07:57.965778
Autobus,8825,6,504,Os. Kabaty,2 min,Dw. Centralny 29,,2024-12-25 10:07:57.965778
Tramwaj,3028,4,28,Dw. Wschodni (Kijowska),2 min,Radiowa 06,,2024-12-25 10:07:57.965778
Autobus,1416,1,173,Dw. Wschodni (Lubelska),2 min,Stara Miłosna (Graniczna) 02,,2024-12-25 10:07:57.965778
Autobus,8328,8,148,Wiatraczna,2 min,Beethovena 02,,2024-12-25 10:07:57.965778
Autobus,772,4,750,Metro Młociny,2 min,Kiełpin-Cmentarz 01,,2024-12-25 10:07:57.965778
Autobus,9317,4,202,Metro Stadion Narodowy,2 min,Dwernickiego 02,,2024-12-25 10:07:57.965778
Autobus,1428,436,146,Dw. Wschodni (Lubelska),2 min,Rondo Waszyngtona 01,,2024-12-25 10:07:57.965778
Autobus,4239,4,220,Nowe Bemowo,2 min,Szobera 02,,2024-12-25 10:07:57.965778
Autobus,7204,6,189,Sadyba,2 min,Os. Górczewska 01,,2024-12-25 10:07:57.965778
Autobus,1208,635,218,Metro Wilanowska,2 min,Wielicka 01,,2024-12-25 10:07:57.965778
Autobus,8809,4,138,Utrata,2 min,Woronicza 02,,2024-12-25 10:07:57.965778
Autobus,3412,2,738,Metro Trocka,2 min,Cegielnia Wawrzyna 01,,2024-12-25 10:07:57.965778
Autobus,7249,6,122,Os. Górczewska,2 min,Suzina 02,,2024-12-25 10:07:57.965778
Autobus,8825,6,504,Os. Kabaty,2 min,Dw. Centralny 02,,2024-12-25 10:07:57.965778
Tramwaj,3249,5,9,P+R Al. Krakowska,2 min,Czapelska 01,,2024-12-25 10:07:57.965778
Autobus,4239,4,220,Nowe Bemowo,2 min,Szobera 02,,2024-12-25 10:07:57.965778
Autobus,2019,7,148,Wiatraczna,2 min,Łukowska 02,,2024-12-25 10:07:57.965778
Autobus,9317,4,202,Metro Stadion Narodowy,2 min,Dwernickiego 02,,2024-12-25 10:07:57.965778
Autobus,7249,6,122,Os. Górczewska,2 min,Suzina 02,,2024-12-25 10:07:57.965778
Autobus,1428,436,146,Dw. Wschodni (Lubelska),2 min,Rondo Waszyngtona 01,,2024-12-25 10:07:57.965778
Autobus,8809,4,138,Utrata,2 min,Woronicza 02,,2024-12-25 10:07:57.965778
Autobus,8452,7,145,Żerań FSO,2 min,Chodecka 01,,2024-12-25 10:07:57.965778
Autobus,8889,2,136,Ostroroga,2 min,Rondo Unii Europejskiej 06,,2024-12-25 10:07:57.965778
Autobus,9948,6,190,CH Marki,2 min,Młodzieńcza 04,,2024-12-25 10:07:57.965778
Autobus,1208,635,218,Metro Wilanowska,2 min,Wielicka 01,,2024-12-25 10:07:57.965778
Autobus,70046,1,L-1,PKP Piaseczno,2 min,Magdalenka Lipowa 02,,2024-12-25 10:07:57.965778
Autobus,4526,5,220,Nowe Bemowo,2 min,Starodęby 04,,2024-12-25 10:07:57.965778
Autobus,3412,2,738,Metro Trocka,2 min,Cegielnia Wawrzyna 01,,2024-12-25 10:07:57.965778
Autobus,5926,2,180,Wilanów,2 min,Centrum 15,,2024-12-25 10:07:57.965778
Autobus,8515,5,131,Sadyba,2 min,Sadyba 05,,2024-12-25 10:07:57.965778
Autobus,4232,672,712,Klaudyn,2 min,Blizne Łaszczyńskiego 04,,2024-12-25 10:07:57.965778
Tramwaj,3155,3,24,Gocławek,2 min,Czapelska 02,,2024-12-25 10:07:57.965778
Autobus,9948,6,190,CH Marki,2 min,Młodzieńcza 04,,2024-12-25 10:07:57.965778
Autobus,1208,635,218,Metro Wilanowska,2 min,Wielicka 01,,2024-12-25 10:07:57.965778
Autobus,70046,1,L-1,PKP Piaseczno,2 min,Magdalenka Lipowa 02,,2024-12-25 10:07:57.965778
Autobus,4526,5,220,Nowe Bemowo,2 min,Starodęby 04,,2024-12-25 10:07:57.965778
Autobus,3412,2,738,Metro Trocka,2 min,Cegielnia Wawrzyna 01,,2024-12-25 10:07:57.965778
Autobus,5926,2,180,Wilanów,2 min,Centrum 15,,2024-12-25 10:07:57.965778
Autobus,8515,5,131,Sadyba,2 min,Sadyba 05,,2024-12-25 10:07:57.965778
Autobus,4232,672,712,Klaudyn,2 min,Blizne Łaszczyńskiego 04,,2024-12-25 10:07:57.965778
Tramwaj,3155,3,24,Gocławek,2 min,Czapelska 02,,2024-12-25 10:07:57.965778
Autobus,9827,7,185,CH Ursynów,2 min,Teligi 01,,2024-12-25 10:07:57.965778
Autobus,7204,6,189,Sadyba,2 min,Szobera 01,,2024-12-25 10:07:57.965778
Autobus,9824,1,719,Metro Bemowo,2 min,Zaborów-Szkoła 02,,2024-12-25 10:07:57.965778
Autobus,9905,1,186,Szczęśliwice,2 min,Nowodwory 01,,2024-12-25 10:07:57.965778
Autobus,4216,2,154,P+R Al. Krakowska,2 min,Bitwy Warszawskiej 1920 r. 02,,2024-12-25 10:07:57.965778
Autobus,7240,4,172,Sadyba,2 min,Siemieńskiego 02,,2024-12-25 10:07:57.965778
Tramwaj,4282,1,17,Winnica,2 min,Kulskiego 04,,2024-12-25 10:07:57.965778
Autobus,4428,1,736,Legionowo Mickiewicza,2 min,Legionowo Os. Bukowiec 02,,2024-12-25 10:07:57.965778
Autobus,5915,5,116,Wilanów,2 min,Chomiczówka 02,,2024-12-25 10:07:57.965778
Autobus,5940,6,180,Chomiczówka,2 min,Kochanowskiego 02,,2024-12-25 10:07:57.965778
Autobus,1807,3,197,Cm. Wolski,1 min,Ogrody Działkowe Piaski 02,,2024-12-25 10:07:57.965778
Autobus,1810,343,166,Os. Kabaty,1 min,Solec 02,,2024-12-25 10:07:57.965778
Autobus,1429,4,115,PKP Mokry Ług,1 min,Tomaszowska 02,,2024-12-25 10:07:57.965778
Autobus,6216,2,523,Stare Bemowo,1 min,Dwernickiego 01,,2024-12-25 10:07:57.965778
Autobus,7808,1,143,Dw. Zachodni,1 min,Topograficzna 01,,2024-12-25 10:07:57.965778
Autobus,1063,1,164,Metro Wilanowska,1 min,Os. Arbuzowa 02,,2024-12-25 10:07:57.965778
Autobus,1066,3,164,Kępa Zawadowska,1 min,Podbipięty 01,,2024-12-25 10:07:57.965778
Autobus,1533,2,251,Konstancin-Jeziorna Pańska,1 min,Przekorna 03,,2024-12-25 10:07:57.965778
Tramwaj,3206,4,24,Gocławek,1 min,Dw. Centralny 07,,2024-12-25 10:07:57.965778
Autobus,9522,53,737,Ursynów Płn.,1 min,Kuleszówka 01,,2024-12-25 10:07:57.965778
Autobus,9508,5,159,CH Blue City,1 min,Bartycka 02,,2024-12-25 10:07:57.965778
Autobus,1424,450,147,Dw. Wschodni (Lubelska),1 min,Wojsławicka 02,,2024-12-25 10:07:57.965778
Autobus,5906,600,507,Dw. Centralny,1 min,Adampolska 02,,2024-12-25 10:07:57.965778
Autobus,778,1,250,Metro Młociny,1 min,Estrady 03,,2024-12-25 10:07:57.965778
Autobus,7716,5,509,Winnica,1 min,Umińskiego 01,,2024-12-25 10:07:57.965778
Autobus,5929,403,175,Pl. Piłsudskiego,1 min,Bennetta 02,,2024-12-25 10:07:57.965778
Autobus,4510,2,197,Cm. Wolski,1 min,Fort Wola 06,,2024-12-25 10:07:57.965778
Autobus,8818,7,136,Natolin Płn.,1 min,Płocka-Szpital 02,,2024-12-25 10:07:57.965778
Autobus,2249,10,189,Os. Górczewska,1 min,Bełdan 02,,2024-12-25 10:07:57.965778
Autobus,778,1,250,Metro Młociny,1 min,Estrady 03,,2024-12-25 10:07:57.965778
Autobus,7716,5,509,Winnica,1 min,Umińskiego 01,,2024-12-25 10:07:57.965778
Autobus,5929,403,175,Pl. Piłsudskiego,1 min,Bennetta 02,,2024-12-25 10:07:57.965778
Autobus,8556,7,143,Dw. Zachodni,1 min,Saska 01,,2024-12-25 10:07:57.965778
Autobus,9940,4,114,Bródno-Podgrodzie,1 min,Rembielińska 02,,2024-12-25 10:07:57.965778
Autobus,1063,1,164,Metro Wilanowska,1 min,Os. Arbuzowa 02,,2024-12-25 10:07:57.965778
Autobus,7716,5,509,Winnica,1 min,Umińskiego 01,,2024-12-25 10:07:57.965778
Tramwaj,3825,4,20,Żerań FSO,1 min,Okopowa 03,,2024-12-25 10:07:57.965778
Tramwaj,4109,548,4,Wyścigi,1 min,Królikarnia 03,,2024-12-25 10:07:57.965778
Tramwaj,3218,1,26,Metro Młociny,1 min,Wola-Ratusz 04,,2024-12-25 10:07:57.965778
Tramwaj,3190,8,26,Metro Młociny,1 min,Aspekt 04,,2024-12-25 10:07:57.965778
Tramwaj,4275,4,2,Metro Młociny,1 min,Tarchomin 05,,2024-12-25 10:07:57.965778
Autobus,3434,2,731,Żerań FSO,1 min,Legionowo Os. Piaski 01,,2024-12-25 10:07:57.965778
Autobus,6240,9,523,Stare Bemowo,1 min,Metro Młynów 02,,2024-12-25 10:07:57.965778
Autobus,7716,5,509,Winnica,1 min,Umińskiego 01,,2024-12-25 10:07:57.965778
Tramwaj,3825,4,20,Żerań FSO,1 min,Okopowa 03,,2024-12-25 10:07:57.965778
Tramwaj,4109,548,4,Wyścigi,1 min,Królikarnia 03,,2024-12-25 10:07:57.965778
Tramwaj,3218,1,26,Metro Młociny,1 min,Wola-Ratusz 04,,2024-12-25 10:07:57.965778
Tramwaj,3190,8,26,Metro Młociny,1 min,Aspekt 04,,2024-12-25 10:07:57.965778
Tramwaj,4275,4,2,Metro Młociny,1 min,Tarchomin 05,,2024-12-25 10:07:57.965778
Autobus,3434,2,731,Żerań FSO,1 min,Legionowo Os. Piaski 01,,2024-12-25 10:07:57.965778
Autobus,6240,9,523,Stare Bemowo,1 min,Metro Młynów 02,,2024-12-25 10:07:57.965778
Tramwaj,3131,1,22,Wiatraczna,1 min,Park Olszyna 03,,2024-12-25 10:07:57.965778
Tramwaj,3212,522,3,Annopol,1 min,Żółkiewskiego 03,,2024-12-25 10:07:57.965778
Autobus,1066,3,164,Kępa Zawadowska,1 min,Podbipięty 01,,2024-12-25 10:07:57.965778
Autobus,9818,4,502,Stara Miłosna (Graniczna),1 min,Zajezdnia Ostrobramska 02,,2024-12-25 10:07:57.965778
Tramwaj,3128,4,7,Kawęczyńska-Bazylika,1 min,PKP Rakowiec 03,,2024-12-25 10:07:57.965778
Tramwaj,4266,8,33,Kielecka,1 min,Pl. Grunwaldzki 07,,2024-12-25 10:07:57.965778
Autobus,1812,2,212,Pl. Hallera,1 min,Kołowa 01,,2024-12-25 10:07:57.965778
Autobus,9349,845,199,Bródno-Podgrodzie,1 min,Szpital Bródnowski 04,,2024-12-25 10:07:57.965778
Autobus,9501,654,149,Groty,1 min,Fort Blizne 02,,2024-12-25 10:07:57.965778
Autobus,9349,845,199,Bródno-Podgrodzie,1 min,Szpital Bródnowski 04,,2024-12-25 10:07:57.965778
Autobus,9501,654,149,Groty,1 min,Fort Blizne 02,,2024-12-25 10:07:57.965778
Autobus,7246,1,703,P+R Al. Krakowska,1 min,Janki 01,,2024-12-25 10:07:57.965778
Autobus,7744,1,704,PKP Halinów,1 min,Wiatraczna 14,,2024-12-25 10:07:57.965778
Autobus,9323,469,142,Aleksandrów,1 min,Wiesiołka 02,,2024-12-25 10:07:57.965778
Tramwaj,3286,4,33,Metro Młociny,1 min,Nowowiejska 04,,2024-12-25 10:07:57.965778
Autobus,1071,4,163,Metro Wilanowska,1 min,Polinezyjska 05,,2024-12-25 10:07:57.965778
Autobus,1424,450,147,Dw. Wschodni (Lubelska),1 min,Wojsławicka 02,,2024-12-25 10:07:57.965778
Autobus,4227,1,220,Opacz-Kolonia Rebusowa,1 min,Os. Górczewska 01,,2024-12-25 10:07:57.965778
Autobus,4307,2,134,Metro Marymont,1 min,Jarzębinowa 03,,2024-12-25 10:07:57.965778
Autobus,5974,438,180,Chomiczówka,1 min,Królewska 03,,2024-12-25 10:07:57.965778
Autobus,9508,5,159,CH Blue City,1 min,Bartycka 02,,2024-12-25 10:07:57.965778
Autobus,9811,8,185,CH Ursynów,1 min,Al. Witosa 01,,2024-12-25 10:07:57.965778
Autobus,9950,9,186,Szczęśliwice,1 min,Konwaliowa 01,,2024-12-25 10:07:57.965778
Autobus,2041,3,519,Powsin-Park Kultury,1 min,Wilanów 01,,2024-12-25 10:07:57.965778
Autobus,4415,2,122,Gwiaździsta,1 min,Czumy 02,,2024-12-25 10:07:57.965778
Autobus,7258,4,105,Rondo Daszyńskiego,1 min,Ciepłownia Wola 01,,2024-12-25 10:07:57.965778
Autobus,9339,592,179,Os. Kabaty,1 min,Instytut Hematologii 01,,2024-12-25 10:07:57.965778
Tramwaj,3176,1,3,Gocławek,1 min,Ząbkowska 03,,2024-12-25 10:07:57.965778
Tramwaj,3206,4,24,Gocławek,1 min,Dw. Centralny 07,,2024-12-25 10:07:57.965778
Autobus,4415,2,122,Gwiaździsta,1 min,Czumy 02,,2024-12-25 10:07:57.965778
Autobus,8556,7,143,Dw. Zachodni,1 min,Wał Miedzeszyński 01,,2024-12-25 10:07:57.965778
Autobus,9093,2,161,Olecka,1 min,Izbicka-Cmentarz 03,,2024-12-25 10:07:57.965778
Autobus,9322,1,153,Pastuszków,1 min,Mokry Ług-Leśniczówka 02,,2024-12-25 10:07:57.965778
Autobus,4411,3,181,Pl. Wilsona,1 min,UKSW 01,,2024-12-25 10:07:57.965778
Autobus,4417,3,169,Dw. Wschodni (Kijowska),1 min,Metro Bródno 06,,2024-12-25 10:07:57.965778
Tramwaj,4225,9,16,Miasteczko Wilanów,1 min,Spacerowa 01,,2024-12-25 10:07:57.965778
Autobus,8534,4,148,Lotnisko Chopina,1 min,Małe Siekierki 01,,2024-12-25 10:07:57.965778
Tramwaj,4109,548,4,Wyścigi,1 min,Królikarnia 03,,2024-12-25 10:07:57.965778
Autobus,5207,5,177,Ursus-Niedźwiadek,1 min,Metro Bemowo 03,,2024-12-25 10:07:57.965778
Tramwaj,3150,9,26,Metro Młociny,1 min,Pl. Kasztelański 04,,2024-12-25 10:07:57.965778
Tramwaj,3190,8,26,Metro Młociny,1 min,Cm. Wawrzyszewski 04,,2024-12-25 10:07:57.965778
Autobus,4218,5,197,Gwiaździsta,1 min,Hala Sportowa Bemowo 03,,2024-12-25 10:07:57.965778
Autobus,7868,2,704,Wiatraczna,1 min,Hipolitów Wierzbowa 01,,2024-12-25 10:07:57.965778
Autobus,8538,3,131,Dw. Centralny,1 min,Pl. Bernardyński 02,,2024-12-25 10:07:57.965778
Autobus,9330,2,153,Rembertów-Kolonia,1 min,PKP Rembertów 08,,2024-12-25 10:07:57.965778
Autobus,1424,450,147,Dw. Wschodni (Lubelska),1 min,Kadetów 02,,2024-12-25 10:07:57.965778
Autobus,1812,2,212,Pl. Hallera,1 min,Rogowska 01,,2024-12-25 10:07:57.965778
Autobus,8885,M9,189,Os. Górczewska,0 min,Łopuszańska 04,,2024-12-25 10:07:57.965778
Autobus,1540,4,141,Witolin,0 min,Saska 02,,2024-12-25 10:07:57.965778
Tramwaj,4234,2,11,Sielce,0 min,Sowińskiego 01,,2024-12-25 10:07:57.965778
Autobus,8890,5,504,Os. Kabaty,0 min,Gotarda 01,,2024-12-25 10:07:57.965778
Tramwaj,3271,2,15,Marymont-Potok,0 min,Nowowiejska 05,,2024-12-25 10:07:57.965778
Autobus,3403,2,120,Olesin,0 min,CH Targówek 04,,2024-12-25 10:07:57.965778
Autobus,3469,3,520,Marysin,0 min,Rozbrat 01,,2024-12-25 10:07:57.965778
Autobus,4414,5,169,Bródno-Podgrodzie,0 min,Rogowska 02,,2024-12-25 10:07:57.965778
Tramwaj,3502,1,24,Nowe Bemowo,0 min,Muzeum Narodowe 06,,2024-12-25 10:07:57.965778
Tramwaj,4285,10,16,Miasteczko Wilanów,0 min,Królewska 05,,2024-12-25 10:07:57.965778
Tramwaj,3293,6,22,Wiatraczna,0 min,Bliska 04,,2024-12-25 10:07:57.965778
Autobus,1011,4,213,Gocław,0 min,Kosaćcowa 02,,2024-12-25 10:07:57.965778
Autobus,1533,2,251,Konstancin-Jeziorna Pańska,0 min,Konstancin-Jeziorna Warszawska 01,,2024-12-25 10:07:57.965778
Autobus,4415,2,122,Gwiaździsta,0 min,Metro Bemowo 04,,2024-12-25 10:07:57.965778
Tramwaj,3219,541,1,Annopol,0 min,Ochota-Ratusz 01,,2024-12-25 10:07:57.965778
Tramwaj,3286,4,33,Metro Młociny,0 min,Nowowiejska 04,,2024-12-25 10:07:57.965778
Tramwaj,4211,3,2,Metro Młociny,0 min,Metro Młociny 28,Poza trasą,2024-12-25 10:07:57.965778
Tramwaj,3141,11,9,P+R Al. Krakowska,0 min,Muzeum Narodowe 06,,2024-12-25 10:07:57.965778
Tramwaj,4285,10,16,Miasteczko Wilanów,0 min,Królewska 05,,2024-12-25 10:07:57.965778
Tramwaj,3293,6,22,Wiatraczna,0 min,Bliska 04,,2024-12-25 10:07:57.965778
Autobus,1011,4,213,Gocław,0 min,Kosaćcowa 02,,2024-12-25 10:07:57.965778
Autobus,1533,2,251,Konstancin-Jeziorna Pańska,0 min,Konstancin-Jeziorna Warszawska 01,,2024-12-25 10:07:57.965778
Autobus,4415,2,122,Gwiaździsta,0 min,Metro Bemowo 04,,2024-12-25 10:07:57.965778
Tramwaj,3219,541,1,Annopol,0 min,Ochota-Ratusz 01,,2024-12-25 10:07:57.965778
Tramwaj,3286,4,33,Metro Młociny,0 min,Nowowiejska 04,,2024-12-25 10:07:57.965778
Tramwaj,4211,3,2,Metro Młociny,0 min,Metro Młociny 28,Poza trasą,2024-12-25 10:07:57.965778
Tramwaj,3141,11,9,P+R Al. Krakowska,0 min,Muzeum Narodowe 06,,2024-12-25 10:07:57.965778
Autobus,1223,5,251,Metro Wilanowska,0 min,Konstancin-Jeziorna Pl. Sportowy 02,,2024-12-25 10:07:57.965778
Autobus,5960,5,518,Bielańska,0 min,Os. Potok 04,,2024-12-25 10:07:57.965778
Autobus,1220,423,709,Piaseczno Szkolna,0 min,Poleczki 01,,2024-12-25 10:07:57.965778
Autobus,8353,1,217,Metro Wilanowska,0 min,Os. Arbuzowa 02,,2024-12-25 10:07:57.965778
Autobus,8807,1,504,Dw. Centralny,0 min,Banacha-Szpital 02,,2024-12-25 10:07:57.965778
Autobus,9085,1,161,Zbójna Góra,0 min,Liliowa 04,,2024-12-25 10:07:57.965778
Autobus,9252,472,203,Fort Wawrzyszew,0 min,Głowackiego 01,,2024-12-25 10:07:57.965778
Tramwaj,3130,5,24,Gocławek,0 min,Magistracka 03,,2024-12-25 10:07:57.965778
Autobus,3400,3,120,Olesin,0 min,Dw. Wschodni (Kijowska) 11,,2024-12-25 10:07:57.965778
Autobus,9516,1,707,P+R Al. Krakowska,0 min,Raszyn Młyn 01,,2024-12-25 10:07:57.965778
Autobus,8807,1,504,Dw. Centralny,0 min,Banacha-Szpital 02,,2024-12-25 10:07:57.965778
Autobus,9085,1,161,Zbójna Góra,0 min,Liliowa 04,,2024-12-25 10:07:57.965778
Autobus,9252,472,203,Fort Wawrzyszew,0 min,Głowackiego 01,,2024-12-25 10:07:57.965778
Tramwaj,3130,5,24,Gocławek,0 min,Magistracka 03,,2024-12-25 10:07:57.965778
Autobus,3400,3,120,Olesin,0 min,Dw. Wschodni (Kijowska) 11,,2024-12-25 10:07:57.965778
Autobus,9516,1,707,P+R Al. Krakowska,0 min,Raszyn Młyn 01,,2024-12-25 10:07:57.965778
Autobus,2216,1,517,Pl. Trzech Krzyży,0 min,Berestecka 01,,2024-12-25 10:07:57.965778
Autobus,7256,6,184,Szczęśliwice,0 min,PKP Wola (Kasprzaka) 05,,2024-12-25 10:07:57.965778
Autobus,7872,3,151,Pl. Konstytucji,0 min,Pl. Na Rozdrożu 06,,2024-12-25 10:07:57.965778
Autobus,9327,2,142,Aleksandrów,0 min,Wspólna Droga 02,,2024-12-25 10:07:57.965778
Autobus,9344,643,245,Bródno-Podgrodzie,0 min,Ząbki Warszawska 01,,2024-12-25 10:07:57.965778
Autobus,9835,7,167,Siekierki-Sanktuarium,0 min,Siekierkowska 01,,2024-12-25 10:07:57.965778
Tramwaj,3806,4,23,Czynszowa,0 min,Zajezdnia Wola 03,,2024-12-25 10:07:57.965778
Autobus,1413,6,141,Witolin,0 min,Instytut Lotnictwa 01,,2024-12-25 10:07:57.965778
Autobus,5906,600,507,Dw. Centralny,0 min,Rondo Waszyngtona 01,,2024-12-25 10:07:57.965778
Autobus,8885,M9,189,Os. Górczewska,0 min,Zajezdnia Kleszczowa 02,,2024-12-25 10:07:57.965778
Autobus,7816,7,520,Dw. Centralny,0 min,Okularowa 01,,2024-12-25 10:07:57.965778
Tramwaj,3142,524,1,Pl. Narutowicza,0 min,Pl. Narutowicza 13,,2024-12-25 10:07:57.965778
Autobus,3449,3,162,EC Siekierki,0 min,Jeziorko Czerniakowskie 01,,2024-12-25 10:07:57.965778
Autobus,9835,7,167,Siekierki-Sanktuarium,0 min,Siekierkowska 01,,2024-12-25 10:07:57.965778
Tramwaj,3806,4,23,Czynszowa,0 min,Zajezdnia Wola 03,,2024-12-25 10:07:57.965778
Autobus,1413,6,141,Witolin,0 min,Instytut Lotnictwa 01,,2024-12-25 10:07:57.965778
Autobus,5906,600,507,Dw. Centralny,0 min,Rondo Waszyngtona 01,,2024-12-25 10:07:57.965778
Autobus,8885,M9,189,Os. Górczewska,0 min,Zajezdnia Kleszczowa 02,,2024-12-25 10:07:57.965778
Autobus,7816,7,520,Dw. Centralny,0 min,Okularowa 01,,2024-12-25 10:07:57.965778
Tramwaj,3142,524,1,Pl. Narutowicza,0 min,Pl. Narutowicza 13,,2024-12-25 10:07:57.965778
Autobus,3449,3,162,EC Siekierki,0 min,Jeziorko Czerniakowskie 01,,2024-12-25 10:07:57.965778
Autobus,5926,2,180,Wilanów,0 min,Centrum 15,,2024-12-25 10:07:57.965778
Autobus,8529,1,166,Pl. Hallera,0 min,Dolna 56,,2024-12-25 10:07:57.965778
Autobus,9355,4,142,Wiatraczna,0 min,Złotej Jesieni 01,,2024-12-25 10:07:57.965778
Autobus,1539,441,146,Falenica,0 min,Algierska 01,,2024-12-25 10:07:57.965778
Autobus,5415,1,527,Grodzisk,0 min,Os. Derby 04,,2024-12-25 10:07:57.965778
Tramwaj,4257,9,17,Winnica,0 min,Rondo „Radosława” 06,,2024-12-25 10:07:57.965778
Autobus,9942,3,190,Znana,0 min,Kino Femina 02,,2024-12-25 10:07:57.965778
Autobus,1066,3,164,Kępa Zawadowska,0 min,Łukowa 01,,2024-12-25 10:07:57.965778
Autobus,35134,687,L-5,Piaseczno Zgoda,0 min,Kamionka Zaleśna 02,,2024-12-25 10:07:57.965778
Autobus,4201,3,717,Piastów Ogińskiego,0 min,PKP WKD Al. Jerozolimskie 02,,2024-12-25 10:07:57.965778
Autobus,9811,8,185,CH Ursynów,0 min,Gołkowska 01,,2024-12-25 10:07:57.965778
Autobus,1539,441,146,Falenica,0 min,Algierska 01,,2024-12-25 10:07:57.965778
Autobus,5415,1,527,Grodzisk,0 min,Os. Derby 04,,2024-12-25 10:07:57.965778
Tramwaj,4257,9,17,Winnica,0 min,Rondo „Radosława” 06,,2024-12-25 10:07:57.965778
Autobus,9942,3,190,Znana,0 min,Kino Femina 02,,2024-12-25 10:07:57.965778
Autobus,1066,3,164,Kępa Zawadowska,0 min,Łukowa 01,,2024-12-25 10:07:57.965778
Autobus,35134,687,L-5,Piaseczno Zgoda,0 min,Kamionka Zaleśna 02,,2024-12-25 10:07:57.965778
Autobus,4201,3,717,Piastów Ogińskiego,0 min,PKP WKD Al. Jerozolimskie 02,,2024-12-25 10:07:57.965778
Autobus,9811,8,185,CH Ursynów,0 min,Gołkowska 01,,2024-12-25 10:07:57.965778
Autobus,1540,4,141,Witolin,0 min,Międzynarodowa 02,,2024-12-25 10:07:57.965778
Autobus,4307,2,134,Metro Marymont,0 min,Pucciniego 01,,2024-12-25 10:07:57.965778
Autobus,9823,M5,710,Piaseczno Targowisko,0 min,Chylice 01,,2024-12-25 10:07:57.965778
Tramwaj,3218,1,26,Metro Młociny,0 min,Okopowa 04,,2024-12-25 10:07:57.965778
Autobus,5979,6,518,Bielańska,0 min,Nowodwory 03,,2024-12-25 10:07:57.965778
Autobus,9208,1,Z12,Klaudyn,0 min,Metro Młociny 01,,2024-12-25 10:07:57.965778
Autobus,15082,1,L34,Olszewnica Stara,0 min,Legionowo Parkowa 02,,2024-12-25 10:07:57.965778
Autobus,1118,5,166,Os. Kabaty,0 min,Bergamotki 01,,2024-12-25 10:07:57.965778
Autobus,5256,1,191,Regulska,0 min,Dzieci Warszawy 04,,2024-12-25 10:07:57.965778
Tramwaj,4274,1,33,Metro Młociny,0 min,Al. Reymonta 04,,2024-12-25 10:07:57.965778
Tramwaj,4275,4,2,Metro Młociny,0 min,Myśliborska 05,,2024-12-25 10:07:57.965778
Tramwaj,4232,1,16,Miasteczko Wilanów,0 min,Trasa Łazienkowska 01,,2024-12-25 10:07:57.965778
Autobus,35134,687,L-5,Piaseczno Zgoda,0 min,Kamionka Zaleśna 02,,2024-12-25 10:07:57.965778
Autobus,7800,2,145,Żerań FSO,0 min,Wspólna Droga 02,,2024-12-25 10:07:57.965778
Autobus,5994,9,503,Natolin Płn.,0 min,Natolin Płn. 22,,2024-12-25 10:07:57.965778
Autobus,9515,1,103,Brylowska,0 min,Piaski 07,,2024-12-25 10:07:57.965778
Autobus,9942,3,190,Znana,0 min,Wola-Ratusz 02,,2024-12-25 10:07:57.965778
Autobus,1220,423,709,Piaseczno Szkolna,0 min,Poleczki 01,,2024-12-25 10:07:57.965778
Autobus,8807,1,504,Dw. Centralny,0 min,Banacha-Szpital 02,,2024-12-25 10:07:57.965778
Autobus,9811,8,185,CH Ursynów,0 min,Limanowskiego 01,,2024-12-25 10:07:57.965778
Tramwaj,4237,3,11,Sielce,0 min,Cm. Wolski 05,,2024-12-25 10:07:57.965778
Tramwaj,4268,3,16,Miasteczko Wilanów,0 min,Piaski 06,,2024-12-25 10:07:57.965778
Tramwaj,4283,4,16,Miasteczko Wilanów,0 min,Piaski 06,,2024-12-25 10:07:57.965778
Autobus,1007,2,213,Błota,0 min,Gocław 04,,2024-12-25 10:07:57.965778
Autobus,1052,2,208,Bitwy Warszawskiej 1920 r.,0 min,Bitwy Warszawskiej 1920 r. 10,,2024-12-25 10:07:57.965778
Autobus,1064,2,164,Metro Wilanowska,0 min,Kępa Zawadowska 02,,2024-12-25 10:07:57.965778
Autobus,1068,3,130,Ananasowa,0 min,Metro Wilanowska 17,,2024-12-25 10:07:57.965778
Autobus,1211,3,166,Pl. Hallera,0 min,Os. Kabaty 03,,2024-12-25 10:07:57.965778
Autobus,1214,634,165,Wyczółki,0 min,Metro Wilanowska 16,,2024-12-25 10:07:57.965778
Autobus,1216,657,166,Os. Kabaty,0 min,Pl. Hallera 18,,2024-12-25 10:07:57.965778
Autobus,1217,427,739,Metro Wilanowska,0 min,Piaseczno Julianowska-Cmentarz 01,,2024-12-25 10:07:57.965778
Autobus,1218,631,218,Metro Wierzbno,0 min,Metro Wilanowska 16,,2024-12-25 10:07:57.965778
Autobus,1414,1,119,Rakowiecka-Sanktuarium,0 min,Wiśniowa Góra 03,,2024-12-25 10:07:57.965778
Autobus,15086,3,L-9,PKP Legionowo,0 min,Wieliszew-Plaża 01,,2024-12-25 10:07:57.965778
Autobus,15090,2,L11,Nowy Dwór Mazowiecki Urząd Miasta,0 min,PKP Legionowo 01,,2024-12-25 10:07:57.965778
Autobus,15092,1,L41,Nowy Dwór Mazowiecki Urząd Miasta,0 min,PKP Legionowo 01,,2024-12-25 10:07:57.965778
Autobus,1528,1,183,Zielona,0 min,Wiatraczna 15,,2024-12-25 10:07:57.965778
Autobus,1535,3,251,Konstancin-Jeziorna CH Stara Papiernia,0 min,Metro Wilanowska 15,,2024-12-25 10:07:57.965778
Autobus,1537,7,141,Witolin,0 min,P+R Al. Krakowska 07,,2024-12-25 10:07:57.965778
Autobus,1218,631,218,Metro Wierzbno,0 min,Metro Wilanowska 16,,2024-12-25 10:07:57.965778
Autobus,1414,1,119,Rakowiecka-Sanktuarium,0 min,Wiśniowa Góra 03,,2024-12-25 10:07:57.965778
Autobus,15086,3,L-9,PKP Legionowo,0 min,Wieliszew-Plaża 01,,2024-12-25 10:07:57.965778
Autobus,15090,2,L11,Nowy Dwór Mazowiecki Urząd Miasta,0 min,PKP Legionowo 01,,2024-12-25 10:07:57.965778
Autobus,15092,1,L41,Nowy Dwór Mazowiecki Urząd Miasta,0 min,PKP Legionowo 01,,2024-12-25 10:07:57.965778
Autobus,1528,1,183,Zielona,0 min,Wiatraczna 15,,2024-12-25 10:07:57.965778
Autobus,1535,3,251,Konstancin-Jeziorna CH Stara Papiernia,0 min,Metro Wilanowska 15,,2024-12-25 10:07:57.965778
Autobus,1537,7,141,Witolin,0 min,P+R Al. Krakowska 07,,2024-12-25 10:07:57.965778
Autobus,1542,4,173,Stara Miłosna (Graniczna),0 min,Dw. Wschodni (Lubelska) 06,,2024-12-25 10:07:57.965778
Autobus,1543,440,146,Dw. Wschodni (Lubelska),0 min,Falenica 04,,2024-12-25 10:07:57.965778
Autobus,1218,631,218,Metro Wierzbno,0 min,Metro Wilanowska 16,,2024-12-25 10:07:57.965778
Autobus,1414,1,119,Rakowiecka-Sanktuarium,0 min,Wiśniowa Góra 03,,2024-12-25 10:07:57.965778
Autobus,15086,3,L-9,PKP Legionowo,0 min,Wieliszew-Plaża 01,,2024-12-25 10:07:57.965778
Autobus,15088,2,L41,PKP Legionowo,0 min,Nowy Dwór Mazowiecki Urząd Miasta 01,,2024-12-25 10:07:57.965778
Autobus,15090,2,L11,Nowy Dwór Mazowiecki Urząd Miasta,0 min,PKP Legionowo 01,,2024-12-25 10:07:57.965778
Autobus,15092,1,L41,Nowy Dwór Mazowiecki Urząd Miasta,0 min,PKP Legionowo 01,,2024-12-25 10:07:57.965778
Autobus,1538,5,115,PKP Mokry Ług,0 min,Aleksandrów 01,,2024-12-25 10:07:57.965778
Autobus,1542,4,173,Stara Miłosna (Graniczna),0 min,Dw. Wschodni (Lubelska) 06,,2024-12-25 10:07:57.965778
Autobus,1543,440,146,Dw. Wschodni (Lubelska),0 min,Falenica 04,,2024-12-25 10:07:57.965778
Autobus,1546,449,146,Falenica,0 min,Dw. Wschodni (Lubelska) 01,,2024-12-25 10:07:57.965778
Autobus,1819,2,240,Metro Kondratowicza,0 min,Marki Pustelnik 03,,2024-12-25 10:07:57.965778
Autobus,1862,1,720,Rzakta,0 min,Wiatraczna 14,,2024-12-25 10:07:57.965778
Autobus,1904,1,106,Mariensztat,0 min,Ostroroga 05,,2024-12-25 10:07:57.965778
Autobus,1906,4,106,Ostroroga,0 min,Mariensztat 01,,2024-12-25 10:07:57.965778
Autobus,1907,2,106,Mariensztat,0 min,Ostroroga 05,,2024-12-25 10:07:57.965778
Autobus,2007,1,131,Sadyba,0 min,Dw. Centralny 25,,2024-12-25 10:07:57.965778
Autobus,2014,6,148,Lotnisko Chopina,0 min,Wiatraczna 17,,2024-12-25 10:07:57.965778
Autobus,2021,4,709,Metro Wilanowska,0 min,PKP Piaseczno 04,,2024-12-25 10:07:57.965778
Autobus,2040,3,709,Metro Wilanowska,0 min,PKP Piaseczno 04,,2024-12-25 10:07:57.965778
Autobus,2233,3,141,P+R Al. Krakowska,0 min,Witolin 01,,2024-12-25 10:07:57.965778
Autobus,2236,3,517,Pl. Trzech Krzyży,0 min,Ursus-Niedźwiadek 03,,2024-12-25 10:07:57.965778
Autobus,2248,3,105,Os. Górczewska,0 min,Rondo Daszyńskiego 02,,2024-12-25 10:07:57.965778
Autobus,25188,1,L20,Rzakta,0 min,Otwock Orla 01,,2024-12-25 10:07:57.965778
Autobus,3408,62,705,Rynia,0 min,Metro Marymont 15,,2024-12-25 10:07:57.965778
Autobus,3442,3,509,Gocław,0 min,Winnica 06,,2024-12-25 10:07:57.965778
Autobus,2233,3,141,P+R Al. Krakowska,0 min,Witolin 01,,2024-12-25 10:07:57.965778
Autobus,2236,3,517,Pl. Trzech Krzyży,0 min,Ursus-Niedźwiadek 03,,2024-12-25 10:07:57.965778
Autobus,2248,3,105,Os. Górczewska,0 min,Rondo Daszyńskiego 02,,2024-12-25 10:07:57.965778
Autobus,25188,1,L20,Rzakta,0 min,Otwock Orla 01,,2024-12-25 10:07:57.965778
Autobus,3408,62,705,Rynia,0 min,Metro Marymont 15,,2024-12-25 10:07:57.965778
Autobus,3442,3,509,Gocław,0 min,Winnica 06,,2024-12-25 10:07:57.965778
Autobus,3445,1,731,Legionowo Os. Młodych,0 min,Żerań FSO 10,,2024-12-25 10:07:57.965778
Autobus,3450,1,140,Marki Czarna Struga,0 min,Metro Trocka 09,,2024-12-25 10:07:57.965778
Autobus,3455,64,705,Metro Marymont,0 min,Rynia 01,,2024-12-25 10:07:57.965778
Autobus,3467,2,132,Metro Marymont,0 min,Os. Derby 02,,2024-12-25 10:07:57.965778
Autobus,35137,2,L49,Chotomów,0 min,Winnica 06,,2024-12-25 10:07:57.965778
Autobus,35141,689,L12,Piaseczno Zgoda,0 min,Złotokłos 02,,2024-12-25 10:07:57.965778
Autobus,35158,692,L19,Piaseczno Zgoda,0 min,Pieczyska 01,,2024-12-25 10:07:57.965778
Autobus,4204,2,713,Cm. Wolski,0 min,Koprki Agricoop 01,,2024-12-25 10:07:57.965778
Autobus,4212,2,717,Dw. Zachodni,0 min,Piastów Ogińskiego 02,,2024-12-25 10:07:57.965778
Autobus,4233,2,194,PKP Gołąbki,0 min,Cm. Wolski 08,,2024-12-25 10:07:57.965778
Autobus,4240,3,220,Opacz-Kolonia Rebusowa,0 min,Nowe Bemowo 12,,2024-12-25 10:07:57.965778
Autobus,4301,549,110,Metro Marymont,0 min,Cm. Północny-Brama Zach. 01,,2024-12-25 10:07:57.965778
Autobus,4302,3,134,Metro Marymont,0 min,Olesin 01,,2024-12-25 10:07:57.965778
Autobus,35141,689,L12,Piaseczno Zgoda,0 min,Złotokłos 02,,2024-12-25 10:07:57.965778
Autobus,35158,692,L19,Piaseczno Zgoda,0 min,Pieczyska 01,,2024-12-25 10:07:57.965778
Autobus,4204,2,713,Cm. Wolski,0 min,Koprki Agricoop 01,,2024-12-25 10:07:57.965778
Autobus,4212,2,717,Dw. Zachodni,0 min,Piastów Ogińskiego 02,,2024-12-25 10:07:57.965778
Autobus,4233,2,194,PKP Gołąbki,0 min,Cm. Wolski 08,,2024-12-25 10:07:57.965778
Autobus,4240,3,220,Opacz-Kolonia Rebusowa,0 min,Nowe Bemowo 12,,2024-12-25 10:07:57.965778
Autobus,4301,549,110,Metro Marymont,0 min,Cm. Północny-Brama Zach. 01,,2024-12-25 10:07:57.965778
Autobus,4302,3,134,Metro Marymont,0 min,Olesin 01,,2024-12-25 10:07:57.965778
Autobus,4308,550,110,Cm. Północny-Brama Zach.,0 min,Metro Marymont 12,,2024-12-25 10:07:57.965778
Autobus,4309,1,110,Cm. Północny-Brama Zach.,0 min,Metro Marymont 12,,2024-12-25 10:07:57.965778
Autobus,4316,1,134,Olesin,0 min,Metro Marymont 17,,2024-12-25 10:07:57.965778
Autobus,4327,1,152,Tarchomin,0 min,Os. Derby 02,,2024-12-25 10:07:57.965778
Autobus,4407,4,169,Dw. Wschodni (Kijowska),0 min,Bródno-Podgrodzie 06,,2024-12-25 10:07:57.965778
Autobus,4412,M3,170,PKP Zacisze-Wilno,0 min,Rondo Starzyńskiego 09,,2024-12-25 10:07:57.965778
Autobus,4418,3,212,Pl. Hallera,0 min,CH Targówek 05,,2024-12-25 10:07:57.965778
Autobus,4423,1,169,Bródno-Podgrodzie,0 min,Dw. Wschodni (Kijowska) 07,,2024-12-25 10:07:57.965778
Autobus,4434,2,181,Cm. Północny-Brama Gł.,0 min,Pl. Wilsona 18,,2024-12-25 10:07:57.965778
Autobus,4510,2,197,Gwiaździsta,0 min,Cm. Wolski 08,,2024-12-25 10:07:57.965778
Autobus,5205,3,716,Piastów Ogińskiego,0 min,Cm. Wolski 06,,2024-12-25 10:07:57.965778
Autobus,4409,1,157,Gwiaździsta,0 min,Szczęśliwice 02,,2024-12-25 10:07:57.965778
Autobus,4412,M3,170,PKP Zacisze-Wilno,0 min,Rondo Starzyńskiego 09,,2024-12-25 10:07:57.965778
Autobus,4418,3,212,Pl. Hallera,0 min,CH Targówek 05,,2024-12-25 10:07:57.965778
Autobus,4423,1,169,Bródno-Podgrodzie,0 min,Dw. Wschodni (Kijowska) 07,,2024-12-25 10:07:57.965778
Autobus,4434,2,181,Cm. Północny-Brama Gł.,0 min,Pl. Wilsona 18,,2024-12-25 10:07:57.965778
Autobus,4510,2,197,Gwiaździsta,0 min,Cm. Wolski 08,,2024-12-25 10:07:57.965778
Autobus,5205,3,716,Piastów Ogińskiego,0 min,Cm. Wolski 06,,2024-12-25 10:07:57.965778
Autobus,5258,4,517,Pl. Trzech Krzyży,0 min,Ursus-Niedźwiadek 03,,2024-12-25 10:07:57.965778
Autobus,5404,5,162,EC Siekierki,0 min,Pl. Hallera 09,,2024-12-25 10:07:57.965778
Autobus,5414,801,409,Bródno-Podgrodzie,0 min,Cm. Północny-Brama Zach. 03,,2024-12-25 10:07:57.965778
Autobus,5422,2,112,Nowe Bemowo,0 min,CH Marki 04,,2024-12-25 10:07:57.965778
Autobus,5424,447,409,Cm. Północny-Brama Zach.,0 min,Bródno-Podgrodzie 04,,2024-12-25 10:07:57.965778
Autobus,5437,6,145,Wiatraczna,0 min,Żerań FSO 11,,2024-12-25 10:07:57.965778
Autobus,5442,65,735,Metro Marymont,0 min,Zegrze Płd. 03,,2024-12-25 10:07:57.965778
Autobus,5446,11,116,Chomiczówka,0 min,Wilanów 07,,2024-12-25 10:07:57.965778
Autobus,5871,406,128,Pl. Piłsudskiego,0 min,Szczęśliwice 05,,2024-12-25 10:07:57.965778
Autobus,5872,401,128,Szczęśliwice,0 min,Pl. Piłsudskiego 04,,2024-12-25 10:07:57.965778
Autobus,5882,409,175,Lotnisko Chopina,0 min,Pl. Piłsudskiego 06,,2024-12-25 10:07:57.965778
Autobus,5884,6,127,Nowe Włochy,0 min,Browarna 02,,2024-12-25 10:07:57.965778
Autobus,6207,2,189,Os. Górczewska,0 min,Sadyba 03,,2024-12-25 10:07:57.965778
Autobus,6222,8,136,Natolin Płn.,0 min,Ostroroga 03,,2024-12-25 10:07:57.965778
Autobus,6227,2,184,Szczęśliwice,0 min,Metro Młociny 24,,2024-12-25 10:07:57.965778
Autobus,6231,507,124,P+R Al. Krakowska,0 min,Paluch 01,,2024-12-25 10:07:57.965778
Autobus,6243,512,706,Janki Pl. Szwedzki,0 min,P+R Al. Krakowska 16,,2024-12-25 10:07:57.965778
Autobus,70032,1,L-4,Piaseczno Mysiadło,0 min,Antoninów Cm. Południowy-Brama Płd. 01,,2024-12-25 10:07:57.965778
Autobus,7215,8,523,PKP Olszynka Grochowska,0 min,Stare Bemowo 07,,2024-12-25 10:07:57.965778
Autobus,7220,M3,191,Regulska,0 min,Pl. Narutowicza 15,,2024-12-25 10:07:57.965778
Autobus,7225,M6,172,Sadyba,0 min,CH Blue City 02,,2024-12-25 10:07:57.965778
Autobus,7229,6,191,Pl. Narutowicza,0 min,Regulska 01,,2024-12-25 10:07:57.965778
Autobus,7245,8,517,Ursus-Niedźwiadek,0 min,Pl. Trzech Krzyży 06,,2024-12-25 10:07:57.965778
Autobus,7248,1,177,Ursus-Niedźwiadek,0 min,Os. Górczewska 53,,2024-12-25 10:07:57.965778
Autobus,7259,5,184,Metro Młociny,0 min,Szczęśliwice 01,,2024-12-25 10:07:57.965778
Autobus,7711,6,509,Winnica,0 min,Gocław 03,,2024-12-25 10:07:57.965778
Autobus,7714,5,520,Marysin,0 min,Dw. Centralny 27,,2024-12-25 10:07:57.965778
Autobus,7732,1,151,Pl. Konstytucji,0 min,Rechniewskiego 02,,2024-12-25 10:07:57.965778
Autobus,7747,6,143,Rembertów-Kolonia,0 min,Dw. Zachodni 03,,2024-12-25 10:07:57.965778
Autobus,779,3,250,Łomianki Dąbrowa Zachodnia,0 min,Metro Młociny 22,,2024-12-25 10:07:57.965778
Autobus,7817,7,523,PKP Olszynka Grochowska,0 min,Stare Bemowo 07,,2024-12-25 10:07:57.965778
Autobus,7259,5,184,Metro Młociny,0 min,Szczęśliwice 01,,2024-12-25 10:07:57.965778
Autobus,7711,6,509,Winnica,0 min,Gocław 03,,2024-12-25 10:07:57.965778
Autobus,7714,5,520,Marysin,0 min,Dw. Centralny 27,,2024-12-25 10:07:57.965778
Autobus,7732,1,151,Pl. Konstytucji,0 min,Rechniewskiego 02,,2024-12-25 10:07:57.965778
Autobus,7747,6,143,Rembertów-Kolonia,0 min,Dw. Zachodni 03,,2024-12-25 10:07:57.965778
Autobus,779,3,250,Łomianki Dąbrowa Zachodnia,0 min,Metro Młociny 22,,2024-12-25 10:07:57.965778
Autobus,7817,7,523,PKP Olszynka Grochowska,0 min,Stare Bemowo 07,,2024-12-25 10:07:57.965778
Autobus,7849,3,523,Stare Bemowo,0 min,PKP Olszynka Grochowska 01,,2024-12-25 10:07:57.965778
Autobus,7869,1,520,Dw. Centralny,0 min,Marysin 03,,2024-12-25 10:07:57.965778
Autobus,7881,4,520,Marysin,0 min,Dw. Centralny 27,,2024-12-25 10:07:57.965778
Autobus,80111,1,L46,Marki Fabryczna,0 min,Zielonka 11 Listopada 01,,2024-12-25 10:07:57.965778
Autobus,80115,1,L44,PKP Wołomin,0 min,CH Marki 02,,2024-12-25 10:07:57.965778
Autobus,80122,1,L38,Leśniakowizna Majdan,0 min,Wołomin Szpital Powiatowy 02,,2024-12-25 10:07:57.965778
Autobus,8306,3,504,Dw. Centralny,0 min,Os. Kabaty 04,,2024-12-25 10:07:57.965778
Autobus,8308,4,136,Ostroroga,0 min,Natolin Płn. 08,,2024-12-25 10:07:57.965778
Autobus,8346,4,131,Dw. Centralny,0 min,Sadyba 05,,2024-12-25 10:07:57.965778
Autobus,8369,2,217,Metro Wilanowska,0 min,Natolin Płn. 04,,2024-12-25 10:07:57.965778
Autobus,8447,5,112,CH Marki,0 min,Nowe Bemowo 10,,2024-12-25 10:07:57.965778
Autobus,80115,1,L44,PKP Wołomin,0 min,CH Marki 02,,2024-12-25 10:07:57.965778
Autobus,80122,1,L38,Leśniakowizna Majdan,0 min,Wołomin Szpital Powiatowy 02,,2024-12-25 10:07:57.965778
Autobus,8306,3,504,Dw. Centralny,0 min,Os. Kabaty 04,,2024-12-25 10:07:57.965778
Autobus,8308,4,136,Ostroroga,0 min,Natolin Płn. 08,,2024-12-25 10:07:57.965778
Autobus,8346,4,131,Dw. Centralny,0 min,Sadyba 05,,2024-12-25 10:07:57.965778
Autobus,8369,2,217,Metro Wilanowska,0 min,Natolin Płn. 04,,2024-12-25 10:07:57.965778
Autobus,8447,5,112,CH Marki,0 min,Nowe Bemowo 10,,2024-12-25 10:07:57.965778
Autobus,8457,3,723,PKP Legionowo Przystanek,0 min,Żerań FSO 10,,2024-12-25 10:07:57.965778
Autobus,8459,1,210,Metro Młociny,0 min,Truskaw Skibińskiego 01,,2024-12-25 10:07:57.965778
Autobus,8502,3,731,Żerań FSO,0 min,Legionowo Os. Młodych 01,,2024-12-25 10:07:57.965778
Autobus,8515,5,131,Dw. Centralny,0 min,Sadyba 05,,2024-12-25 10:07:57.965778
Autobus,8552,2,162,Pl. Hallera,0 min,EC Siekierki 03,,2024-12-25 10:07:57.965778
Autobus,8559,1,519,Powsin-Park Kultury,0 min,Metro Wilanowska 15,,2024-12-25 10:07:57.965778
Autobus,8581,2,527,Metro Kondratowicza,0 min,Grodzisk 06,,2024-12-25 10:07:57.965778
Autobus,8586,1,120,Dw. Wschodni (Kijowska),0 min,Olesin 01,,2024-12-25 10:07:57.965778
Autobus,8591,2,509,Gocław,0 min,Winnica 06,,2024-12-25 10:07:57.965778
Autobus,8810,1,138,Bokserska,0 min,Utrata 01,,2024-12-25 10:07:57.965778
Autobus,8843,4,504,Dw. Centralny,0 min,Os. Kabaty 04,,2024-12-25 10:07:57.965778
Autobus,8860,3,511,Metro Młociny,0 min,Dąbrówka Wiślana 02,,2024-12-25 10:07:57.965778
Autobus,8591,2,509,Gocław,0 min,Winnica 06,,2024-12-25 10:07:57.965778
Autobus,8860,3,511,Metro Młociny,0 min,Dąbrówka Wiślana 02,,2024-12-25 10:07:57.965778
Autobus,9068,457,900,Chlubna,0 min,Dąbrówka Wiślana 02,,2024-12-25 10:07:57.965778
Autobus,9069,459,211,Żerań FSO,0 min,Kępa Tarchomińska 01,,2024-12-25 10:07:57.965778
Autobus,9087,72,204,Grodzisk,0 min,Metro Bródno 13,,2024-12-25 10:07:57.965778
Autobus,9094,M63,176,Choszczówka,0 min,Metro Bródno 15,,2024-12-25 10:07:57.965778
Autobus,9201,2,133,Choszczówka,0 min,Tarchomin 07,,2024-12-25 10:07:57.965778
Autobus,9204,471,203,Fort Wawrzyszew,0 min,Metro Młociny 17,,2024-12-25 10:07:57.965778
Autobus,9206,572,192,Krasnowola,0 min,Ursynów Płd. 06,,2024-12-25 10:07:57.965778
Autobus,9312,1,202,Metro Stadion Narodowy,0 min,PKP Gocławek 03,,2024-12-25 10:07:57.965778
Autobus,9316,3,202,PKP Gocławek,0 min,Metro Stadion Narodowy 07,,2024-12-25 10:07:57.965778
Autobus,9322,1,153,Rembertów-Kolonia,0 min,Pastuszków 01,,2024-12-25 10:07:57.965778
Autobus,9330,2,153,Pastuszków,0 min,Rembertów-Kolonia 02,,2024-12-25 10:07:57.965778
Autobus,9332,6,N03,Ursynów Płn.,0 min,Tarchomin 01,,2024-12-25 10:07:57.965778
Autobus,9333,4,179,Os. Kabaty,0 min,Ursynów Płn. 05,,2024-12-25 10:07:57.965778
Autobus,9334,5,179,Os. Kabaty,0 min,Ursynów Płn. 05,,2024-12-25 10:07:57.965778
Autobus,9340,1,198,PKP Wesoła,0 min,Stara Miłosna (Ułańska) 04,,2024-12-25 10:07:57.965778
Autobus,9348,8,179,Ursynów Płn.,0 min,Os. Kabaty 02,,2024-12-25 10:07:57.965778
Autobus,9352,2,135,PKP Olszynka Grochowska,0 min,Pl. Hallera 11,,2024-12-25 10:07:57.965778
Autobus,9316,3,202,PKP Gocławek,0 min,Metro Stadion Narodowy 07,,2024-12-25 10:07:57.965778
Autobus,9322,1,153,Rembertów-Kolonia,0 min,Pastuszków 01,,2024-12-25 10:07:57.965778
Autobus,9330,2,153,Pastuszków,0 min,Rembertów-Kolonia 02,,2024-12-25 10:07:57.965778
Autobus,9332,6,N03,Ursynów Płn.,0 min,Tarchomin 01,,2024-12-25 10:07:57.965778
Autobus,9201,2,133,Choszczówka,0 min,Tarchomin 07,,2024-12-25 10:07:57.965778
Autobus,9204,471,203,Fort Wawrzyszew,0 min,Metro Młociny 17,,2024-12-25 10:07:57.965778
Autobus,9206,572,192,Krasnowola,0 min,Ursynów Płd. 06,,2024-12-25 10:07:57.965778
Autobus,9212,573,209,Ursynów Płd.,0 min,Dawidy 03,,2024-12-25 10:07:57.965778
Autobus,9252,472,203,Metro Młociny,0 min,Fort Wawrzyszew 02,,2024-12-25 10:07:57.965778
Autobus,9312,1,202,Metro Stadion Narodowy,0 min,PKP Gocławek 03,,2024-12-25 10:07:57.965778
Autobus,9316,3,202,PKP Gocławek,0 min,Metro Stadion Narodowy 07,,2024-12-25 10:07:57.965778
Autobus,9322,1,153,Rembertów-Kolonia,0 min,Pastuszków 01,,2024-12-25 10:07:57.965778
Autobus,9330,2,153,Pastuszków,0 min,Rembertów-Kolonia 02,,2024-12-25 10:07:57.965778
Autobus,9332,6,N03,Ursynów Płn.,0 min,Tarchomin 01,,2024-12-25 10:07:57.965778
Autobus,9333,4,179,Os. Kabaty,0 min,Ursynów Płn. 05,,2024-12-25 10:07:57.965778
Autobus,9334,5,179,Os. Kabaty,0 min,Ursynów Płn. 05,,2024-12-25 10:07:57.965778
Autobus,9340,1,198,PKP Wesoła,0 min,Stara Miłosna (Ułańska) 04,,2024-12-25 10:07:57.965778
Autobus,9348,8,179,Ursynów Płn.,0 min,Os. Kabaty 02,,2024-12-25 10:07:57.965778
Autobus,9352,2,135,PKP Olszynka Grochowska,0 min,Pl. Hallera 11,,2024-12-25 10:07:57.965778
Tramwaj,4231,5,16,Piaski,0 min,Włościańska 04,,2024-12-25 10:07:57.965778
Autobus,1072,1,108,Pl. Trzech Krzyży,0 min,Budexpo 02,,2024-12-25 10:07:57.965778
Autobus,2007,1,131,Sadyba,0 min,Centrum 15,,2024-12-25 10:07:57.965778
Autobus,5409,2,511,Metro Młociny,0 min,Metro Młociny 18,,2024-12-25 10:07:57.965778
Autobus,8463,6,112,Nowe Bemowo,0 min,Andersena 03,,2024-12-25 10:07:57.965778
Autobus,8885,M9,189,Os. Górczewska,0 min,Ryżowa 02,,2024-12-25 10:07:57.965778
Autobus,2218,1,716,Cm. Wolski,0 min,Śmigielska 01,,2024-12-25 10:07:57.965778
Autobus,758,2,150,Metro Młociny,0 min,Zajezdnia Żoliborz 02,,2024-12-25 10:07:57.965778
Tramwaj,4272,23,17,PKP Służewiec,0 min,UKSW 03,,2024-12-25 10:07:57.965778
Autobus,1011,4,213,Gocław,0 min,PKP Falenica 02,,2024-12-25 10:07:57.965778
Autobus,15082,1,L34,Olszewnica Stara,0 min,PKP Legionowo Przystanek 01,,2024-12-25 10:07:57.965778
Autobus,3418,3,145,Wiatraczna,0 min,Wspólna Droga 01,,2024-12-25 10:07:57.965778
Autobus,4211,1,713,Cm. Wolski,0 min,Ciepłownia Wola 01,,2024-12-25 10:07:57.965778
Autobus,7748,1,525,Dw. Centralny,0 min,Bielszowicka 01,,2024-12-25 10:07:57.965778
Autobus,5896,8,503,Konwiktorska,0 min,Teligi 02,,2024-12-25 10:07:57.965778
Tramwaj,3128,4,7,Kawęczyńska-Bazylika,0 min,Bitwy Warszawskiej 1920 r. 03,,2024-12-25 10:07:57.965778
Autobus,35132,688,L-5,Antoninów Cm. Południowy-Brama Płd.,0 min,Bobrowiec 02,,2024-12-25 10:07:57.965778
Autobus,9504,862,714,Metro Bemowo,0 min,Blizne Łaszczyńskiego 01,,2024-12-25 10:07:57.965778
Autobus,3459,3,132,Os. Derby,0 min,PKP Toruńska 04,,2024-12-25 10:07:57.965778
Tramwaj,3286,4,33,Metro Młociny,0 min,Dw. Centralny 10,,2024-12-25 10:07:57.965778
Tramwaj,3801,4,6,Metro Młociny,0 min,Ratuszowa-Zoo 02,,2024-12-25 10:07:57.965778
Tramwaj,3802,2,23,Nowe Bemowo,0 min,Wola-Ratusz 04,,2024-12-25 10:07:57.965778
Tramwaj,3827,7,6,Gocławek,0 min,Rondo Starzyńskiego 04,,2024-12-25 10:07:57.965778
Autobus,35132,688,L-5,Antoninów Cm. Południowy-Brama Płd.,0 min,Bobrowiec 02,,2024-12-25 10:07:57.965778
Autobus,9504,862,714,Metro Bemowo,0 min,Blizne Łaszczyńskiego 01,,2024-12-25 10:07:57.965778
Tramwaj,3130,5,24,Gocławek,0 min,Pl. Pole Elekcyjne 03,,2024-12-25 10:07:57.965778
Tramwaj,3231,6,15,P+R Al. Krakowska,0 min,Metro Politechnika 04,,2024-12-25 10:07:57.965778
Tramwaj,3279,22,1,Annopol,0 min,Powązkowska 03,,2024-12-25 10:07:57.965778
Tramwaj,3293,6,22,Wiatraczna,0 min,Międzyborska 04,,2024-12-25 10:07:57.965778
Tramwaj,4010,5,22,Piaski,0 min,Międzyborska 03,,2024-12-25 10:07:57.965778
Tramwaj,4231,5,16,Piaski,0 min,Włościańska 04,,2024-12-25 10:07:57.965778
Autobus,3459,3,132,Os. Derby,0 min,PKP Toruńska 04,,2024-12-25 10:07:57.965778
Autobus,4218,5,197,Gwiaździsta,0 min,Obrońców Tobruku 03,,2024-12-25 10:07:57.965778
Autobus,5937,1,503,Natolin Płn.,0 min,Ursynów Płn. 01,,2024-12-25 10:07:57.965778
Autobus,9940,4,114,Bródno-Podgrodzie,0 min,Szpital Bródnowski 04,,2024-12-25 10:07:57.965778
Tramwaj,3215,3,7,Kawęczyńska-Bazylika,0 min,Most Poniatowskiego 03,,2024-12-25 10:07:57.965778
Autobus,1530,2,115,Aleksandrów,0 min,PKP Rembertów 02,,2024-12-25 10:07:57.965778
Tramwaj,3218,1,26,Metro Młociny,0 min,Zajezdnia Wola 04,,2024-12-25 10:07:57.965778
Tramwaj,3215,3,7,Kawęczyńska-Bazylika,0 min,Rondo Waszyngtona 07,,2024-12-25 10:07:57.965778
Tramwaj,4285,10,16,Miasteczko Wilanów,0 min,Centrum 07,,2024-12-25 10:07:57.965778
Autobus,5890,2,503,Natolin Płn.,0 min,Spacerowa 51,,2024-12-25 10:07:57.965778
Autobus,7872,3,151,Pl. Konstytucji,0 min,Pl. Konstytucji 09,,2024-12-25 10:07:57.965778
Tramwaj,3134,1,10,Os. Górczewska,0 min,P+R Połczyńska 04,,2024-12-25 10:07:57.965778
Autobus,9070,456,211,Żerań FSO,0 min,Ćmielowska 01,,2024-12-25 10:07:57.965778
Tramwaj,3218,1,26,Metro Młociny,0 min,Metro Płocka 04,,2024-12-25 10:07:57.965778
Tramwaj,4257,9,17,Winnica,0 min,Pl. Grunwaldzki 04,,2024-12-25 10:07:57.965778
Autobus,8540,2,519,Metro Wilanowska,0 min,Przekorna 02,,2024-12-25 10:07:57.965778
Autobus,4307,2,134,Metro Marymont,0 min,Augustówek 01,,2024-12-25 10:07:57.965778
Autobus,8885,M9,189,Os. Górczewska,0 min,PKP Włochy 02,,2024-12-25 10:07:57.965778
Autobus,9813,2,502,Metro Politechnika,0 min,Trakt Lubelski 01,,2024-12-25 10:07:57.965778
Autobus,9550,4,178,Konwiktorska,0 min,Kapitulna 02,,2024-12-25 10:07:57.965778
Autobus,8454,4,738,P+R Radzymin,0 min,Marki Szpitalna 02,,2024-12-25 10:07:57.965778
Autobus,8463,6,112,Nowe Bemowo,0 min,Al. Reymonta 05,,2024-12-25 10:07:57.965778
Tramwaj,4272,23,17,PKP Służewiec,0 min,Szpital Bielański 03,,2024-12-25 10:07:57.965778
Autobus,1005,1,213,Błota,0 min,Most Siekierkowski 01,,2024-12-25 10:07:57.965778
Autobus,8807,1,504,Dw. Centralny,0 min,Pl. Zawiszy 03,,2024-12-25 10:07:57.965778
Autobus,5420,803,409,Bródno-Podgrodzie,0 min,Galla Anonima 01,,2024-12-25 10:07:57.965778
Autobus,8885,M9,189,Os. Górczewska,0 min,PKP Włochy 02,,2024-12-25 10:07:57.965778
Autobus,9813,2,502,Metro Politechnika,0 min,Trakt Lubelski 01,,2024-12-25 10:07:57.965778
Autobus,9550,4,178,Konwiktorska,0 min,Kapitulna 02,,2024-12-25 10:07:57.965778
Autobus,8454,4,738,P+R Radzymin,0 min,Marki Szpitalna 02,,2024-12-25 10:07:57.965778
Autobus,8463,6,112,Nowe Bemowo,0 min,Al. Reymonta 05,,2024-12-25 10:07:57.965778
Tramwaj,4272,23,17,PKP Służewiec,0 min,Szpital Bielański 03,,2024-12-25 10:07:57.965778
Autobus,1005,1,213,Błota,0 min,Most Siekierkowski 01,,2024-12-25 10:07:57.965778
Autobus,8807,1,504,Dw. Centralny,0 min,Pl. Zawiszy 03,,2024-12-25 10:07:57.965778
Autobus,5420,803,409,Bródno-Podgrodzie,0 min,Galla Anonima 01,,2024-12-25 10:07:57.965778
Tramwaj,4007,3,15,Marymont-Potok,0 min,Hynka 03,,2024-12-25 10:07:57.965778
Autobus,4211,1,713,Cm. Wolski,0 min,P+R Połczyńska 01,,2024-12-25 10:07:57.965778
Autobus,9081,1,104,Brzeziny,0 min,Echa Leśne 01,,2024-12-25 10:07:57.965778
Tramwaj,3226,544,1,Banacha,0 min,Rondo Żaba 07,,2024-12-25 10:07:57.965778
Tramwaj,3247,10,9,P+R Al. Krakowska,0 min,Włochy-Ratusz 04,,2024-12-25 10:07:57.965778
Autobus,2218,1,716,Cm. Wolski,0 min,Śmigielska 01,,2024-12-25 10:07:57.965778
Autobus,8527,2,174,Rondo ONZ,0 min,Nowowiejska 02,,2024-12-25 10:07:57.965778
Autobus,9549,1,743,Wolica k. Płochocina,0 min,Święcice Łaźniewska 02,,2024-12-25 10:07:57.965778
Autobus,5894,400,128,Szczęśliwice,0 min,Pl. Starynkiewicza 02,,2024-12-25 10:07:57.965778
Autobus,70002,2,L39,Piaseczno Szpital,0 min,Piaseczno Tukanów 01,,2024-12-25 10:07:57.965778
Autobus,9081,1,104,Brzeziny,0 min,Echa Leśne 01,,2024-12-25 10:07:57.965778
Tramwaj,3226,544,1,Banacha,0 min,Rondo Żaba 07,,2024-12-25 10:07:57.965778
Tramwaj,3247,10,9,P+R Al. Krakowska,0 min,Włochy-Ratusz 04,,2024-12-25 10:07:57.965778
Autobus,2218,1,716,Cm. Wolski,0 min,Śmigielska 01,,2024-12-25 10:07:57.965778
Autobus,8527,2,174,Rondo ONZ,0 min,Nowowiejska 02,,2024-12-25 10:07:57.965778
Autobus,9549,1,743,Wolica k. Płochocina,0 min,Święcice Łaźniewska 02,,2024-12-25 10:07:57.965778
Autobus,5894,400,128,Szczęśliwice,0 min,Pl. Starynkiewicza 02,,2024-12-25 10:07:57.965778
Autobus,70002,2,L39,Piaseczno Szpital,0 min,Piaseczno Tukanów 01,,2024-12-25 10:07:57.965778
Autobus,9516,1,707,P+R Al. Krakowska,0 min,Szyszkowa 01,,2024-12-25 10:07:57.965778
Tramwaj,3267,6,4,Żerań Wschodni,0 min,Park Praski 02,,2024-12-25 10:07:57.965778
Autobus,3469,3,520,Marysin,0 min,Saska 02,,2024-12-25 10:07:57.965778
Autobus,4231,1,194,PKP Gołąbki,0 min,Keniga 04,,2024-12-25 10:07:57.965778
Autobus,4513,1,733,P+R Al. Krakowska,0 min,Młochów Platanowa 02,,2024-12-25 10:07:57.965778
Autobus,758,2,150,Metro Młociny,0 min,Metro Młociny 21,,2024-12-25 10:07:57.965778
Autobus,9950,9,186,Szczęśliwice,0 min,Os. Potok 04,,2024-12-25 10:07:57.965778
Autobus,5928,1,158,Witolin,0 min,Zamieniecka 04,,2024-12-25 10:07:57.965778
Autobus,5947,10,116,Chomiczówka,0 min,Tor Stegny 02,,2024-12-25 10:07:57.965778
Autobus,9208,1,Z12,Klaudyn,0 min,Bogusławskiego 02,,2024-12-25 10:07:57.965778
Autobus,9907,1,114,Młociny-UKSW,0 min,Bogusławskiego 06,,2024-12-25 10:07:57.965778
Tramwaj,3117,5,4,Żerań Wschodni,1 min przed czasem,Inowłodzka 04,,2024-12-25 10:07:57.965778
Autobus,11202,1,L45,PKP Dąbkowizna,1 min przed czasem,Sieraków K. Radzymina Podbipięty 02,,2024-12-25 10:07:57.965778
Autobus,5937,1,503,Natolin Płn.,1 min przed czasem,Ursynów Płn. 01,,2024-12-25 10:07:57.965778
Autobus,5971,2,116,Wilanów,1 min przed czasem,Kostrzewskiego 51,,2024-12-25 10:07:57.965778
Autobus,7251,7,517,Ursus-Niedźwiadek,1 min przed czasem,Pl. Zawiszy 04,,2024-12-25 10:07:57.965778
Tramwaj,3129,21,1,Annopol,1 min przed czasem,Rembielińska 04,,2024-12-25 10:07:57.965778
Tramwaj,3644,5,11,Cm. Wolski,1 min przed czasem,Goworka 02,,2024-12-25 10:07:57.965778
Autobus,5943,448,116,Chomiczówka,1 min przed czasem,Dw. Gdański 02,,2024-12-25 10:07:57.965778
Autobus,9907,1,114,Młociny-UKSW,1 min przed czasem,Bogusławskiego 06,,2024-12-25 10:07:57.965778
Tramwaj,3278,7,33,Kielecka,1 min przed czasem,Koszykowa 03,,2024-12-25 10:07:57.965778
Tramwaj,3279,22,1,Annopol,1 min przed czasem,Rondo „Radosława” 07,,2024-12-25 10:07:57.965778
Autobus,4411,3,181,Pl. Wilsona,1 min przed czasem,Podleśna-IMGW 06,,2024-12-25 10:07:57.965778
Autobus,8528,8,143,Dw. Zachodni,1 min przed czasem,Wspólna Droga 01,,2024-12-25 10:07:57.965778
Autobus,2041,3,519,Powsin-Park Kultury,1 min przed czasem,Czekoladowa 01,,2024-12-25 10:07:57.965778
Autobus,5917,603,111,Gocław,1 min przed czasem,Brazylijska 01,,2024-12-25 10:07:57.965778
Autobus,35134,687,L-5,Piaseczno Zgoda,1 min przed czasem,Piaseczno Gołków-Letnisko 02,,2024-12-25 10:07:57.965778
Autobus,5943,448,116,Chomiczówka,1 min przed czasem,Dw. Gdański 02,,2024-12-25 10:07:57.965778
Autobus,7872,3,151,Pl. Konstytucji,1 min przed czasem,Pl. Konstytucji 09,,2024-12-25 10:07:57.965778
Autobus,9346,644,245,Ząbki Maczka,1 min przed czasem,Ząbki Warszawska 02,,2024-12-25 10:07:57.965778
Autobus,1005,1,213,Błota,1 min przed czasem,Most Siekierkowski 01,,2024-12-25 10:07:57.965778
Autobus,5455,7,509,Gocław,1 min przed czasem,Wał Gocławski 01,,2024-12-25 10:07:57.965778
Autobus,9535,4,103,Metro Młociny,1 min przed czasem,AWF 06,,2024-12-25 10:07:57.965778
Tramwaj,3188,7,24,Nowe Bemowo,1 min przed czasem,PKP Koło 04,,2024-12-25 10:07:57.965778
Autobus,9910,6,114,Bródno-Podgrodzie,1 min przed czasem,Sokratesa 01,,2024-12-25 10:07:57.965778
Autobus,2041,3,519,Powsin-Park Kultury,1 min przed czasem,Czekoladowa 01,,2024-12-25 10:07:57.965778
Tramwaj,3250,25,17,Metro Marymont,1 min przed czasem,Wołoska 04,,2024-12-25 10:07:57.965778
Autobus,9323,469,142,Aleksandrów,1 min przed czasem,PKP Falenica 04,,2024-12-25 10:07:57.965778
Autobus,1427,1,115,Aleksandrów,1 min przed czasem,Lawinowa 01,,2024-12-25 10:07:57.965778
Autobus,7701,2,151,Rechniewskiego,1 min przed czasem,Bohaterewicza 02,,2024-12-25 10:07:57.965778
Tramwaj,3129,21,1,Annopol,1 min przed czasem,Poborzańska 02,,2024-12-25 10:07:57.965778
Autobus,4205,1,717,Dw. Zachodni,1 min przed czasem,Dw. Zachodni 06,,2024-12-25 10:07:57.965778
Autobus,2041,3,519,Powsin-Park Kultury,1 min przed czasem,Czekoladowa 01,,2024-12-25 10:07:57.965778
Tramwaj,3250,25,17,Metro Marymont,1 min przed czasem,Wołoska 04,,2024-12-25 10:07:57.965778
Autobus,9323,469,142,Aleksandrów,1 min przed czasem,PKP Falenica 04,,2024-12-25 10:07:57.965778
Autobus,1427,1,115,Aleksandrów,1 min przed czasem,Lawinowa 01,,2024-12-25 10:07:57.965778
Autobus,7701,2,151,Rechniewskiego,1 min przed czasem,Bohaterewicza 02,,2024-12-25 10:07:57.965778
Tramwaj,3129,21,1,Annopol,1 min przed czasem,Poborzańska 02,,2024-12-25 10:07:57.965778
Autobus,4205,1,717,Dw. Zachodni,1 min przed czasem,Dw. Zachodni 06,,2024-12-25 10:07:57.965778
Autobus,9208,1,Z12,Klaudyn,1 min przed czasem,Popiela 02,,2024-12-25 10:07:57.965778
Autobus,7730,319,525,Dw. Centralny,1 min przed czasem,Przyczółek Grochowski 03,,2024-12-25 10:07:57.965778
Autobus,8324,2,131,Dw. Centralny,1 min przed czasem,Dw. Centralny 02,,2024-12-25 10:07:57.965778
Tramwaj,3290,4,26,Wiatraczna,1 min przed czasem,Kijowska 03,,2024-12-25 10:07:57.965778
Tramwaj,4101,8,17,Winnica,1 min przed czasem,Śreniawitów 02,,2024-12-25 10:07:57.965778
Autobus,5956,3,180,Wilanów,1 min przed czasem,Pl. Teatralny 01,,2024-12-25 10:07:57.965778
Tramwaj,4231,5,16,Piaski,1 min przed czasem,Park Olszyna 04,,2024-12-25 10:07:57.965778
Autobus,5928,1,158,Witolin,1 min przed czasem,Zamieniecka 04,,2024-12-25 10:07:57.965778
Autobus,7251,7,517,Ursus-Niedźwiadek,1 min przed czasem,Pl. Narutowicza 02,,2024-12-25 10:07:57.965778
Autobus,8456,4,112,CH Marki,1 min przed czasem,Żerań FSO 04,,2024-12-25 10:07:57.965778
Autobus,8505,445,409,Bródno-Podgrodzie,1 min przed czasem,Szpital Bródnowski 04,,2024-12-25 10:07:57.965778
Autobus,9822,3,710,Os. Kabaty,1 min przed czasem,Bielawa Mirkowska 04,,2024-12-25 10:07:57.965778
Autobus,9930,8,190,CH Marki,1 min przed czasem,Okopowa 01,,2024-12-25 10:07:57.965778
Autobus,7748,1,525,Dw. Centralny,1 min przed czasem,Pożaryskiego 01,,2024-12-25 10:07:57.965778
Tramwaj,3225,1,9,Wiatraczna,1 min przed czasem,Muzeum Narodowe 05,,2024-12-25 10:07:57.965778
Tramwaj,3830,5,20,Żerań FSO,1 min przed czasem,Koło 01,,2024-12-25 10:07:57.965778
Tramwaj,3120,7,9,Gocławek,1 min przed czasem,Grenadierów 04,,2024-12-25 10:07:57.965778
Autobus,5928,1,158,Witolin,1 min przed czasem,Zamieniecka 04,,2024-12-25 10:07:57.965778
Autobus,7737,8,509,Gocław,1 min przed czasem,Dw. Wileński 01,,2024-12-25 10:07:57.965778
Autobus,9806,2,185,CH Ursynów,1 min przed czasem,Gwiaździsta 04,,2024-12-25 10:07:57.965778
Tramwaj,3193,3,10,Os. Górczewska,1 min przed czasem,Królikarnia 04,,2024-12-25 10:07:57.965778
Tramwaj,3648,4,11,Cm. Wolski,1 min przed czasem,PKP Wola (Kasprzaka) 04,,2024-12-25 10:07:57.965778
Tramwaj,4101,8,17,Winnica,1 min przed czasem,Śreniawitów 02,,2024-12-25 10:07:57.965778
Autobus,80120,1,L37,Wołomin Szpital Powiatowy,1 min przed czasem,PKP Kobyłka Ossów 03,,2024-12-25 10:07:57.965778
Autobus,9817,3,502,Metro Politechnika,1 min przed czasem,Stara Miłosna (Graniczna) 02,,2024-12-25 10:07:57.965778
Autobus,1011,4,213,Gocław,1 min przed czasem,PKP Falenica 04,,2024-12-25 10:07:57.965778
Tramwaj,3279,22,1,Annopol,1 min przed czasem,Rondo „Radosława” 07,,2024-12-25 10:07:57.965778
Tramwaj,3191,3,22,Piaski,1 min przed czasem,Sady Żoliborskie 04,,2024-12-25 10:07:57.965778
Tramwaj,3269,2,9,Wiatraczna,1 min przed czasem,Korotyńskiego 03,,2024-12-25 10:07:57.965778
Autobus,1905,3,106,Ostroroga,1 min przed czasem,Mennica 02,,2024-12-25 10:07:57.965778
Tramwaj,4101,8,17,Winnica,1 min przed czasem,Śreniawitów 02,,2024-12-25 10:07:57.965778
Autobus,80120,1,L37,Wołomin Szpital Powiatowy,1 min przed czasem,PKP Kobyłka Ossów 03,,2024-12-25 10:07:57.965778
Autobus,9817,3,502,Metro Politechnika,1 min przed czasem,Stara Miłosna (Graniczna) 02,,2024-12-25 10:07:57.965778
Autobus,1011,4,213,Gocław,1 min przed czasem,PKP Falenica 04,,2024-12-25 10:07:57.965778
Tramwaj,3279,22,1,Annopol,1 min przed czasem,Rondo „Radosława” 07,,2024-12-25 10:07:57.965778
Tramwaj,3191,3,22,Piaski,1 min przed czasem,Sady Żoliborskie 04,,2024-12-25 10:07:57.965778
Tramwaj,3269,2,9,Wiatraczna,1 min przed czasem,Korotyńskiego 03,,2024-12-25 10:07:57.965778
Autobus,1905,3,106,Ostroroga,1 min przed czasem,Mennica 02,,2024-12-25 10:07:57.965778
Autobus,2041,3,519,Powsin-Park Kultury,1 min przed czasem,Czekoladowa 01,,2024-12-25 10:07:57.965778
Autobus,6230,1,141,P+R Al. Krakowska,1 min przed czasem,Rakowiec 01,,2024-12-25 10:07:57.965778
Autobus,7730,319,525,Dw. Centralny,1 min przed czasem,Kanał Gocławski 01,,2024-12-25 10:07:57.965778
Autobus,9514,5,178,Konwiktorska,1 min przed czasem,Popularna 01,,2024-12-25 10:07:57.965778
Autobus,9535,4,103,Metro Młociny,1 min przed czasem,AWF 06,,2024-12-25 10:07:57.965778
Autobus,4411,3,181,Pl. Wilsona,1 min przed czasem,Podleśna-IMGW 06,,2024-12-25 10:07:57.965778
Autobus,7730,319,525,Dw. Centralny,1 min przed czasem,Kanał Gocławski 01,,2024-12-25 10:07:57.965778
Autobus,9514,5,178,Konwiktorska,1 min przed czasem,Popularna 01,,2024-12-25 10:07:57.965778
Autobus,9535,4,103,Metro Młociny,1 min przed czasem,AWF 06,,2024-12-25 10:07:57.965778
Autobus,4411,3,181,Pl. Wilsona,1 min przed czasem,Podleśna-IMGW 06,,2024-12-25 10:07:57.965778
Autobus,8345,2,709,Metro Wilanowska,1 min przed czasem,Mysiadło Dąbrówka 02,,2024-12-25 10:07:57.965778
Autobus,1905,3,106,Ostroroga,1 min przed czasem,Mennica 02,,2024-12-25 10:07:57.965778
Autobus,2041,3,519,Powsin-Park Kultury,1 min przed czasem,Czekoladowa 01,,2024-12-25 10:07:57.965778
Autobus,6230,1,141,P+R Al. Krakowska,1 min przed czasem,Rakowiec 01,,2024-12-25 10:07:57.965778
Autobus,7730,319,525,Dw. Centralny,1 min przed czasem,Kanał Gocławski 01,,2024-12-25 10:07:57.965778
Autobus,9514,5,178,Konwiktorska,1 min przed czasem,Popularna 01,,2024-12-25 10:07:57.965778
Autobus,9535,4,103,Metro Młociny,1 min przed czasem,AWF 06,,2024-12-25 10:07:57.965778
Autobus,4411,3,181,Pl. Wilsona,1 min przed czasem,Podleśna-IMGW 06,,2024-12-25 10:07:57.965778
Autobus,8345,2,709,Metro Wilanowska,1 min przed czasem,Mysiadło Dąbrówka 02,,2024-12-25 10:07:57.965778
Autobus,8456,4,112,CH Marki,1 min przed czasem,Żerań FSO 04,,2024-12-25 10:07:57.965778
Tramwaj,3129,21,1,Annopol,1 min przed czasem,Metro Bródno 02,,2024-12-25 10:07:57.965778
Autobus,4211,1,713,Cm. Wolski,1 min przed czasem,Fort Wola 06,,2024-12-25 10:07:57.965778
Autobus,1552,6,157,Gwiaździsta,1 min przed czasem,Norblin 06,,2024-12-25 10:07:57.965778
Autobus,5914,4,158,Witolin,1 min przed czasem,Krucza 01,,2024-12-25 10:07:57.965778
Tramwaj,4231,5,16,Piaski,1 min przed czasem,Romaszewskiego 04,,2024-12-25 10:07:57.965778
Autobus,8562,3,521,Falenica,1 min przed czasem,Falenica 03,,2024-12-25 10:07:57.965778
Autobus,8894,3,138,Utrata,1 min przed czasem,Al. Zieleniecka 02,,2024-12-25 10:07:57.965778
Tramwaj,3157,8,9,Gocławek,1 min przed czasem,Pl. Zawiszy 05,,2024-12-25 10:07:57.965778
Tramwaj,3207,24,1,Pl. Narutowicza,1 min przed czasem,Powązkowska 04,,2024-12-25 10:07:57.965778
Autobus,1555,3,240,Marki Pustelnik,1 min przed czasem,Marki Szkolna 02,,2024-12-25 10:07:57.965778
Tramwaj,3193,3,10,Os. Górczewska,2 min przed czasem,Malczewskiego 06,,2024-12-25 10:07:57.965778
Tramwaj,3806,4,23,Czynszowa,2 min przed czasem,Kino Femina 05,,2024-12-25 10:07:57.965778
Autobus,1207,426,739,Metro Wilanowska,2 min przed czasem,Sójki 02,,2024-12-25 10:07:57.965778
Autobus,5978,2,518,Nowodwory,2 min przed czasem,Tarchomin 08,,2024-12-25 10:07:57.965778
Autobus,8897,1,174,Bokserska,2 min przed czasem,Metro Racławicka 01,,2024-12-25 10:07:57.965778
Autobus,5220,2,141,P+R Al. Krakowska,2 min przed czasem,Bartycka 01,,2024-12-25 10:07:57.965778
Autobus,8523,5,709,PKP Piaseczno,2 min przed czasem,Piaseczno Mysiadło 01,,2024-12-25 10:07:57.965778
Autobus,6217,5,517,Ursus-Niedźwiadek,2 min przed czasem,Śmigielska 02,,2024-12-25 10:07:57.965778
Tramwaj,3819,1,28,Os. Górczewska,2 min przed czasem,Baseny Inflancka 04,,2024-12-25 10:07:57.965778
Autobus,4207,3,713,Koprki Agricoop,2 min przed czasem,Mory 02,,2024-12-25 10:07:57.965778
Autobus,9813,2,502,Metro Politechnika,2 min przed czasem,Płowiecka 03,,2024-12-25 10:07:57.965778
Autobus,3468,1,112,Nowe Bemowo,2 min przed czasem,Suwalska 01,,2024-12-25 10:07:57.965778
Autobus,9252,472,203,Metro Młociny,2 min przed czasem,Fort Wawrzyszew 02,,2024-12-25 10:07:57.965778
Autobus,5889,2,127,Browarna,2 min przed czasem,Grzymały-Sokołowskiego 01,,2024-12-25 10:07:57.965778
Autobus,3458,802,409,Cm. Północny-Brama Zach.,2 min przed czasem,Cm. Północny-Brama Gł. 02,,2024-12-25 10:07:57.965778
Autobus,9853,5,167,Stare Bemowo,2 min przed czasem,Parafialna 02,,2024-12-25 10:07:57.965778
Autobus,4421,5,138,Utrata,2 min przed czasem,Bokserska 05,,2024-12-25 10:07:57.965778
Tramwaj,4219,1,11,Sielce,2 min przed czasem,Goworka 03,,2024-12-25 10:07:57.965778
Autobus,1550,439,146,Dw. Wschodni (Lubelska),2 min przed czasem,Skalnicowa 02,,2024-12-25 10:07:57.965778
Autobus,3468,1,112,Nowe Bemowo,2 min przed czasem,Suwalska 01,,2024-12-25 10:07:57.965778
Autobus,9252,472,203,Metro Młociny,2 min przed czasem,Fort Wawrzyszew 02,,2024-12-25 10:07:57.965778
Autobus,5889,2,127,Browarna,2 min przed czasem,Grzymały-Sokołowskiego 01,,2024-12-25 10:07:57.965778
Autobus,8523,5,709,PKP Piaseczno,2 min przed czasem,Piaseczno Iwiczna 01,,2024-12-25 10:07:57.965778
Autobus,5930,3,158,Witolin,2 min przed czasem,Śmigłowca 01,,2024-12-25 10:07:57.965778
Autobus,5425,3,112,CH Marki,3 min przed czasem,CH Marki 04,Poza trasą,2024-12-25 10:07:57.965778
Autobus,9802,4,167,Fort Radiowo,3 min przed czasem,Fort Blizne 02,,2024-12-25 10:07:57.965778
Autobus,1206,428,739,Piaseczno Julianowska-Cmentarz,3 min przed czasem,Julianów Srebrnych Świerków 01,,2024-12-25 10:07:57.965778
Autobus,2217,6,136,Natolin Płn.,3 min przed czasem,Woronicza 01,,2024-12-25 10:07:57.965778
Autobus,1525,5,141,Witolin,3 min przed czasem,Zakrzewska 01,,2024-12-25 10:07:57.965778
Autobus,5240,2,105,Os. Górczewska,3 min przed czasem,Jana Kazimierza 02,,2024-12-25 10:07:57.965778
Autobus,5912,408,175,Lotnisko Chopina,3 min przed czasem,Metro Świętokrzyska 01,,2024-12-25 10:07:57.965778
Autobus,1023,3,163,Metro Wilanowska,3 min przed czasem,Dominikańska 02,,2024-12-25 10:07:57.965778
Autobus,7256,6,184,Szczęśliwice,3 min przed czasem,Szczęśliwicka 03,,2024-12-25 10:07:57.965778
Autobus,9351,1,135,PKP Olszynka Grochowska,3 min przed czasem,Poligonowa 03,,2024-12-25 10:07:57.965778
Autobus,5938,9,116,Chomiczówka,3 min przed czasem,Metro Świętokrzyska 02,,2024-12-25 10:07:57.965778
Autobus,6219,3,122,Gwiaździsta,3 min przed czasem,Os. Górczewska 01,,2024-12-25 10:07:57.965778
Autobus,9524,2,103,Brylowska,3 min przed czasem,Metro Młociny 01,,2024-12-25 10:07:57.965778
Autobus,5912,408,175,Lotnisko Chopina,3 min przed czasem,Metro Świętokrzyska 01,,2024-12-25 10:07:57.965778
Autobus,1023,3,163,Metro Wilanowska,3 min przed czasem,Dominikańska 02,,2024-12-25 10:07:57.965778
Autobus,7256,6,184,Szczęśliwice,3 min przed czasem,Szczęśliwicka 03,,2024-12-25 10:07:57.965778
Autobus,9351,1,135,PKP Olszynka Grochowska,3 min przed czasem,Poligonowa 03,,2024-12-25 10:07:57.965778
Autobus,5938,9,116,Chomiczówka,3 min przed czasem,Metro Świętokrzyska 02,,2024-12-25 10:07:57.965778
Autobus,6219,3,122,Gwiaździsta,3 min przed czasem,Os. Górczewska 01,,2024-12-25 10:07:57.965778
Autobus,9524,2,103,Brylowska,3 min przed czasem,Metro Młociny 01,,2024-12-25 10:07:57.965778
Autobus,9853,5,167,Stare Bemowo,3 min przed czasem,PKP Wola (Kasprzaka) 02,,2024-12-25 10:07:57.965778
Autobus,7253,2,191,Regulska,3 min przed czasem,Stawy 02,,2024-12-25 10:07:57.965778
Autobus,4424,2,166,Pl. Hallera,3 min przed czasem,Arbuzowa 02,,2024-12-25 10:07:57.965778
Autobus,8307,2,504,Dw. Centralny,3 min przed czasem,Postępu 02,,2024-12-25 10:07:57.965778
Autobus,6208,7,172,CH Blue City,3 min przed czasem,Grzymały-Sokołowskiego 05,,2024-12-25 10:07:57.965778
Autobus,5425,3,112,CH Marki,3 min przed czasem,CH Marki 04,Poza trasą,2024-12-25 10:07:57.965778
Autobus,9802,4,167,Fort Radiowo,3 min przed czasem,Fort Blizne 02,,2024-12-25 10:07:57.965778
Autobus,1206,428,739,Piaseczno Julianowska-Cmentarz,3 min przed czasem,Julianów Srebrnych Świerków 01,,2024-12-25 10:07:57.965778
Autobus,2217,6,136,Natolin Płn.,3 min przed czasem,Woronicza 01,,2024-12-25 10:07:57.965778
Autobus,1525,5,141,Witolin,3 min przed czasem,Zakrzewska 01,,2024-12-25 10:07:57.965778
Autobus,5240,2,105,Os. Górczewska,3 min przed czasem,Jana Kazimierza 02,,2024-12-25 10:07:57.965778
Autobus,8523,5,709,PKP Piaseczno,2 min przed czasem,Piaseczno Iwiczna 01,,2024-12-25 10:07:57.965778
Autobus,5930,3,158,Witolin,2 min przed czasem,Śmigłowca 01,,2024-12-25 10:07:57.965778
Autobus,5425,3,112,CH Marki,3 min przed czasem,CH Marki 04,Poza trasą,2024-12-25 10:07:57.965778
Autobus,9802,4,167,Fort Radiowo,3 min przed czasem,Fort Blizne 02,,2024-12-25 10:07:57.965778
Autobus,1206,428,739,Piaseczno Julianowska-Cmentarz,3 min przed czasem,Julianów Srebrnych Świerków 01,,2024-12-25 10:07:57.965778
Autobus,2217,6,136,Natolin Płn.,3 min przed czasem,Woronicza 01,,2024-12-25 10:07:57.965778
Autobus,1525,5,141,Witolin,3 min przed czasem,Zakrzewska 01,,2024-12-25 10:07:57.965778
Autobus,5240,2,105,Os. Górczewska,3 min przed czasem,Jana Kazimierza 02,,2024-12-25 10:07:57.965778
Autobus,5912,408,175,Lotnisko Chopina,3 min przed czasem,Metro Świętokrzyska 01,,2024-12-25 10:07:57.965778
Tramwaj,3819,1,28,Os. Górczewska,3 min przed czasem,Rondo „Radosława” 10,,2024-12-25 10:07:57.965778
Autobus,1023,3,163,Metro Wilanowska,3 min przed czasem,Dominikańska 02,,2024-12-25 10:07:57.965778
Autobus,7256,6,184,Szczęśliwice,3 min przed czasem,Szczęśliwicka 03,,2024-12-25 10:07:57.965778
Autobus,9351,1,135,PKP Olszynka Grochowska,3 min przed czasem,Poligonowa 03,,2024-12-25 10:07:57.965778
Autobus,5938,9,116,Chomiczówka,3 min przed czasem,Metro Świętokrzyska 02,,2024-12-25 10:07:57.965778
Autobus,6219,3,122,Gwiaździsta,3 min przed czasem,Os. Górczewska 01,,2024-12-25 10:07:57.965778
Autobus,9524,2,103,Brylowska,3 min przed czasem,Metro Młociny 01,,2024-12-25 10:07:57.965778
Autobus,9853,5,167,Stare Bemowo,3 min przed czasem,PKP Wola (Kasprzaka) 02,,2024-12-25 10:07:57.965778
Autobus,7253,2,191,Regulska,3 min przed czasem,Stawy 02,,2024-12-25 10:07:57.965778
Autobus,4424,2,166,Pl. Hallera,3 min przed czasem,Arbuzowa 02,,2024-12-25 10:07:57.965778
Autobus,1023,3,163,Metro Wilanowska,3 min przed czasem,Dominikańska 02,,2024-12-25 10:07:57.965778
Autobus,7256,6,184,Szczęśliwice,3 min przed czasem,Szczęśliwicka 03,,2024-12-25 10:07:57.965778
Autobus,9351,1,135,PKP Olszynka Grochowska,3 min przed czasem,Poligonowa 03,,2024-12-25 10:07:57.965778
Autobus,5938,9,116,Chomiczówka,3 min przed czasem,Metro Świętokrzyska 02,,2024-12-25 10:07:57.965778
Autobus,6219,3,122,Gwiaździsta,3 min przed czasem,Os. Górczewska 01,,2024-12-25 10:07:57.965778
Autobus,9524,2,103,Brylowska,3 min przed czasem,Metro Młociny 01,,2024-12-25 10:07:57.965778
Autobus,9853,5,167,Stare Bemowo,3 min przed czasem,PKP Wola (Kasprzaka) 02,,2024-12-25 10:07:57.965778
Autobus,7253,2,191,Regulska,3 min przed czasem,Stawy 02,,2024-12-25 10:07:57.965778
Autobus,4424,2,166,Pl. Hallera,3 min przed czasem,Arbuzowa 02,,2024-12-25 10:07:57.965778
Autobus,8307,2,504,Dw. Centralny,3 min przed czasem,Postępu 02,,2024-12-25 10:07:57.965778
Autobus,1069,2,108,Łososiowa,7 min przed czasem,Pl. Trzech Krzyży 02,,2024-12-25 10:07:57.965778
Autobus,4246,6,220,Nowe Bemowo,8 min przed czasem,Opacz-Kolonia Rebusowa 02,,2024-12-25 10:07:57.965778
Autobus,6225,4,157,Szczęśliwice,9 min przed czasem,Gwiaździsta 04,,2024-12-25 10:07:57.965778
Tramwaj,4278,6,33,Metro Młociny,9 min przed czasem,Kielecka 02,,2024-12-25 10:07:57.965778
Autobus,7217,6,105,Rondo Daszyńskiego,12 min przed czasem,Os. Górczewska 01,,2024-12-25 10:07:57.965778
Autobus,9847,4,710,Os. Kabaty,12 min przed czasem,Piaseczno Targowisko 02,,2024-12-25 10:07:57.965778
Autobus,1074,M2,130,Metro Wilanowska,12 min przed czasem,Ananasowa 51,,2024-12-25 10:07:57.965778
Autobus,8526,371,174,Rondo ONZ,14 min przed czasem,Bokserska 05,,2024-12-25 10:07:57.965778
Tramwaj,4211,3,2,Winnica,14 min przed czasem,Metro Młociny 28,,2024-12-25 10:07:57.965778
Autobus,1801,6,138,Utrata,21 min przed czasem,Bokserska 05,,2024-12-25 10:07:57.965778
Autobus,8898,8,189,Sadyba,21 min przed czasem,Os. Górczewska 01,,2024-12-25 10:07:57.965778
Autobus,4429,8,122,Os. Górczewska,22 min przed czasem,Gwiaździsta 01,,2024-12-25 10:07:57.965778
Autobus,4244,4,122,Gwiaździsta,23 min przed czasem,Os. Górczewska 01,,2024-12-25 10:07:57.965778
Autobus,9519,3,103,Brylowska,23 min przed czasem,Metro Młociny 01,,2024-12-25 10:07:57.965778
Autobus,1532,1,251,Metro Wilanowska,33 min przed czasem,Konstancin-Jeziorna CH Stara Papiernia 02,,2024-12-25 10:07:57.965778
