Type,Vehicle No,Brigade,Route,Trip Headsign,Delay,Stop Name,Outside,Timestamp
Autobus,7858,185,N22,Dw. Centralny,3 min,Pomiechowska 01,,2024-12-25 02:02:15.312010
Autobus,2015,2,N01,Nowodwory,3 min,Ciepłownia Wola 03,,2024-12-25 02:02:15.312010
Autobus,9302,6,N03,Ursynów Płn.,2 min,Dw. Wileński 01,,2024-12-25 02:02:15.312010
Autobus,7838,219,N21,Stara Miłosna (Ułańska),1 min,Staszica 02,,2024-12-25 02:02:15.312010
Autobus,5425,246,N63,Legionowo Mickiewicza,1 min,Rondo „Radosława” 02,,2024-12-25 02:02:15.312010
Autobus,1544,5,N02,Metro Młociny,1 min,Niwa 02,,2024-12-25 02:02:15.312010
Autobus,8538,156,N86,Dw. Centralny,1 min,Metro Racławicka 02,,2024-12-25 02:02:15.312010
Autobus,9094,5,N03,Ursynów Płn.,1 min,Beethovena 01,,2024-12-25 02:02:15.312010
Autobus,9314,2,N02,Marysin,1 min,Piotra Skargi 01,,2024-12-25 02:02:15.312010
Autobus,9521,3,N02,Marysin,1 min,Conrada 02,,2024-12-25 02:02:15.312010
Autobus,7217,138,N35,Centrum,1 min,Śmigielska 01,,2024-12-25 02:02:15.312010
Autobus,9902,1,N42,Dw. Centralny,1 min,Czumy 01,,2024-12-25 02:02:15.312010
Autobus,4424,131,N64,Dw. Centralny,1 min,Raciborska 01,,2024-12-25 02:02:15.312010
Autobus,9214,1,N50,Metro Wilanowska,1 min,Os. Arbuzowa 02,,2024-12-25 02:02:15.312010
Autobus,8578,184,N71,Wola Grzybowska,1 min,Dw. Wschodni (Kijowska) 06,,2024-12-25 02:02:15.312010
Autobus,9510,2,N03,Winnica,1 min,Kanał Żerański 02,,2024-12-25 02:02:15.312010
Autobus,1417,207,N44,Dw. Centralny,1 min,Metro Młociny 01,,2024-12-25 02:02:15.312010
Autobus,7879,189,N72,Karczew Stare Miasto,1 min,Mera-Pnefal 02,,2024-12-25 02:02:15.312010
Autobus,1527,3,N03,Winnica,1 min,Wiatraczna 01,,2024-12-25 02:02:15.312010
Autobus,1544,5,N02,Metro Młociny,1 min,Żuromińska 02,,2024-12-25 02:02:15.312010
Autobus,4424,131,N64,Dw. Centralny,1 min,Raciborska 01,,2024-12-25 02:02:15.312010
Autobus,9902,1,N42,Dw. Centralny,1 min,Czumy 01,,2024-12-25 02:02:15.312010
Autobus,7217,138,N35,Centrum,1 min,Śmigielska 01,,2024-12-25 02:02:15.312010
Autobus,8578,184,N71,Wola Grzybowska,1 min,Dw. Wschodni (Kijowska) 06,,2024-12-25 02:02:15.312010
Autobus,9510,2,N03,Winnica,1 min,Kanał Żerański 02,,2024-12-25 02:02:15.312010
Autobus,7879,189,N72,Karczew Stare Miasto,0 min,Mera-Pnefal 02,,2024-12-25 02:02:15.312010
Autobus,8574,4,N24,Dw. Centralny,0 min,Centrum 06,,2024-12-25 02:02:15.312010
Autobus,7876,1,N24,Dw. Centralny,0 min,PKP Rembertów 06,,2024-12-25 02:02:15.312010
Autobus,1555,222,N11,Dw. Centralny,0 min,Dw. Centralny 11,,2024-12-25 02:02:15.312010
Autobus,4202,295,N95,Dw. Centralny,0 min,Arkadyjska 01,,2024-12-25 02:02:15.312010
Autobus,9319,4,N03,Tarchomin,0 min,Ursynów Płn. 05,,2024-12-25 02:02:15.312010
Autobus,4333,6,N01,Ursynów Płn.,0 min,Cm. Wawrzyszewski 01,,2024-12-25 02:02:15.312010
Autobus,4426,121,N61,Dw. Centralny,0 min,Marki Wspólna 01,,2024-12-25 02:02:15.312010
Autobus,8545,258,N86,Os. Kabaty,0 min,Metro Imielin 04,,2024-12-25 02:02:15.312010
Autobus,4336,135,N14,Dw. Centralny,0 min,Staniewicka 01,,2024-12-25 02:02:15.312010
Autobus,5968,4,N43,Chomiczówka,0 min,PKP Wola (Wolska) 06,,2024-12-25 02:02:15.312010
Autobus,6232,237,N32,Lotnisko Chopina,0 min,Leżajska 01,,2024-12-25 02:02:15.312010
Autobus,8563,214,N72,Dw. Centralny,0 min,Otwock Hoża 02,,2024-12-25 02:02:15.312010
Autobus,9319,4,N03,Tarchomin,0 min,Ursynów Płn. 05,,2024-12-25 02:02:15.312010
Autobus,4333,6,N01,Ursynów Płn.,0 min,Cm. Wawrzyszewski 01,,2024-12-25 02:02:15.312010
Autobus,4426,121,N61,Dw. Centralny,0 min,Marki Wspólna 01,,2024-12-25 02:02:15.312010
Autobus,8545,258,N86,Os. Kabaty,0 min,Metro Imielin 04,,2024-12-25 02:02:15.312010
Autobus,4336,135,N14,Dw. Centralny,0 min,Staniewicka 01,,2024-12-25 02:02:15.312010
Autobus,5968,4,N43,Chomiczówka,0 min,PKP Wola (Wolska) 06,,2024-12-25 02:02:15.312010
Autobus,6232,237,N32,Lotnisko Chopina,0 min,Leżajska 01,,2024-12-25 02:02:15.312010
Autobus,8563,214,N72,Dw. Centralny,0 min,Otwock Hoża 02,,2024-12-25 02:02:15.312010
Autobus,4429,226,N62,Dw. Centralny,0 min,PKP Wołomin 01,,2024-12-25 02:02:15.312010
Autobus,4222,2,N44,Zajezdnia Żoliborz,0 min,Dw. Centralny 23,,2024-12-25 02:02:15.312010
Autobus,4231,1,N45,Lazurowa,0 min,Dw. Centralny 29,,2024-12-25 02:02:15.312010
Autobus,4244,4,N01,Nowodwory,0 min,Ursynów Płn. 06,,2024-12-25 02:02:15.312010
Autobus,4246,193,N25,Międzylesie,0 min,Dw. Centralny 25,,2024-12-25 02:02:15.312010
Autobus,4408,212,N16,Dw. Centralny,0 min,PKP Zacisze-Wilno 02,,2024-12-25 02:02:15.312010
Autobus,4412,182,N46,Dw. Centralny,0 min,Metro Młociny 23,,2024-12-25 02:02:15.312010
Autobus,5414,245,N63,Dw. Centralny,0 min,Chotomów 01,,2024-12-25 02:02:15.312010
Autobus,5419,3,N43,Dw. Centralny,0 min,Chomiczówka 05,,2024-12-25 02:02:15.312010
Autobus,5420,2,N13,Dw. Centralny,0 min,Nowodwory 08,,2024-12-25 02:02:15.312010
Autobus,5898,220,N43,Chomiczówka,0 min,Dw. Centralny 29,,2024-12-25 02:02:15.312010
Autobus,4222,2,N44,Zajezdnia Żoliborz,0 min,Dw. Centralny 23,,2024-12-25 02:02:15.312010
Autobus,4231,1,N45,Lazurowa,0 min,Dw. Centralny 29,,2024-12-25 02:02:15.312010
Autobus,4244,4,N01,Nowodwory,0 min,Ursynów Płn. 06,,2024-12-25 02:02:15.312010
Autobus,4246,193,N25,Międzylesie,0 min,Dw. Centralny 25,,2024-12-25 02:02:15.312010
Autobus,4408,212,N16,Dw. Centralny,0 min,PKP Zacisze-Wilno 02,,2024-12-25 02:02:15.312010
Autobus,4411,225,N12,Dw. Centralny,0 min,Metro Trocka 12,,2024-12-25 02:02:15.312010
Autobus,4412,182,N46,Dw. Centralny,0 min,Metro Młociny 23,,2024-12-25 02:02:15.312010
Autobus,5414,245,N63,Dw. Centralny,0 min,Chotomów 01,,2024-12-25 02:02:15.312010
Autobus,5419,3,N43,Dw. Centralny,0 min,Chomiczówka 05,,2024-12-25 02:02:15.312010
Autobus,5420,2,N13,Dw. Centralny,0 min,Nowodwory 08,,2024-12-25 02:02:15.312010
Autobus,5898,220,N43,Chomiczówka,0 min,Dw. Centralny 29,,2024-12-25 02:02:15.312010
Autobus,7205,102,N32,Centrum,0 min,Lotnisko Chopina-Przyloty 02,,2024-12-25 02:02:15.312010
Autobus,7815,190,N71,Dw. Centralny,0 min,Wola Grzybowska 03,,2024-12-25 02:02:15.312010
Autobus,7887,213,N21,Stara Miłosna (Ułańska),0 min,Dw. Centralny 25,,2024-12-25 02:02:15.312010
Autobus,8341,166,N37,Dw. Centralny,0 min,Grzegorzewskiej 02,,2024-12-25 02:02:15.312010
Autobus,8355,260,N86,Os. Kabaty,0 min,Dw. Centralny 27,,2024-12-25 02:02:15.312010
Autobus,8366,261,N34,Dw. Centralny,0 min,Os. Kabaty 03,,2024-12-25 02:02:15.312010
Autobus,8541,270,N81,Dw. Centralny,0 min,Sarmacka 02,,2024-12-25 02:02:15.312010
Autobus,8560,267,N37,Dw. Centralny,0 min,Os. Kabaty 04,,2024-12-25 02:02:15.312010
Autobus,7205,102,N32,Centrum,0 min,Lotnisko Chopina-Przyloty 02,,2024-12-25 02:02:15.312010
Autobus,7815,190,N71,Dw. Centralny,0 min,Wola Grzybowska 03,,2024-12-25 02:02:15.312010
Autobus,7887,213,N21,Stara Miłosna (Ułańska),0 min,Dw. Centralny 25,,2024-12-25 02:02:15.312010
Autobus,8341,166,N37,Dw. Centralny,0 min,Grzegorzewskiej 02,,2024-12-25 02:02:15.312010
Autobus,8355,260,N86,Os. Kabaty,0 min,Dw. Centralny 27,,2024-12-25 02:02:15.312010
Autobus,8366,261,N34,Dw. Centralny,0 min,Os. Kabaty 03,,2024-12-25 02:02:15.312010
Autobus,8541,270,N81,Dw. Centralny,0 min,Sarmacka 02,,2024-12-25 02:02:15.312010
Autobus,8560,267,N37,Dw. Centralny,0 min,Os. Kabaty 04,,2024-12-25 02:02:15.312010
Autobus,9226,472,N58,Truskaw Skibińskiego,0 min,Metro Młociny 19,,2024-12-25 02:02:15.312010
Autobus,9814,136,N85,Centrum,0 min,Pruszków Os. Staszica /pętla 01,,2024-12-25 02:02:15.312010
Autobus,9928,216,N42,Dw. Centralny,0 min,Os. Górczewska 53,,2024-12-25 02:02:15.312010
Autobus,7841,174,N83,PKP Piaseczno,0 min,Al. Witosa 01,,2024-12-25 02:02:15.312010
Autobus,1553,188,N46,Metro Młociny,0 min,Pl. Wilsona 04,,2024-12-25 02:02:15.312010
Autobus,8828,203,N21,Dw. Centralny,0 min,Płowiecka 01,,2024-12-25 02:02:15.312010
Autobus,9833,140,N85,Pruszków Os. Staszica /pętla,0 min,PKP WKD Al. Jerozolimskie 02,,2024-12-25 02:02:15.312010
Autobus,1553,188,N46,Metro Młociny,0 min,Pl. Wilsona 04,,2024-12-25 02:02:15.312010
Autobus,7879,189,N72,Karczew Stare Miasto,0 min,Falenica 02,,2024-12-25 02:02:15.312010
Autobus,8341,166,N37,Dw. Centralny,0 min,Grzegorzewskiej 02,,2024-12-25 02:02:15.312010
Autobus,8828,203,N21,Dw. Centralny,0 min,Płowiecka 01,,2024-12-25 02:02:15.312010
Autobus,5968,4,N43,Chomiczówka,0 min,Metro Młynów 02,,2024-12-25 02:02:15.312010
Autobus,5960,2,N43,Dw. Centralny,0 min,Radiowa 01,,2024-12-25 02:02:15.312010
Autobus,7841,174,N83,PKP Piaseczno,0 min,Al. Witosa 01,,2024-12-25 02:02:15.312010
Autobus,1426,191,N45,Lazurowa,0 min,Magistracka 02,,2024-12-25 02:02:15.312010
Autobus,1553,188,N46,Metro Młociny,0 min,Pl. Wilsona 04,,2024-12-25 02:02:15.312010
Autobus,4223,186,N41,Dw. Centralny,0 min,Metro Świętokrzyska 04,,2024-12-25 02:02:15.312010
Autobus,9833,140,N85,Pruszków Os. Staszica /pętla,0 min,PKP WKD Al. Jerozolimskie 02,,2024-12-25 02:02:15.312010
Autobus,9071,1,N03,Ursynów Płn.,1 min przed czasem,Winnica 01,,2024-12-25 02:02:15.312010
Autobus,4520,181,N41,Młociny-UKSW,1 min przed czasem,PKP Powązki 02,,2024-12-25 02:02:15.312010
Autobus,4207,1,N44,Zajezdnia Żoliborz,1 min przed czasem,Pl. Wilsona 02,,2024-12-25 02:02:15.312010
Autobus,8515,259,N36,Bokserska,1 min przed czasem,Racjonalizacji 01,,2024-12-25 02:02:15.312010
Autobus,9914,218,N42,Os. Górczewska,1 min przed czasem,Płocka-Szpital 02,,2024-12-25 02:02:15.312010
Autobus,8349,257,N34,Os. Kabaty,1 min przed czasem,Rondo Unii Europejskiej 05,,2024-12-25 02:02:15.312010
Autobus,8524,264,N31,Sadyba,1 min przed czasem,Zakrzewska 02,,2024-12-25 02:02:15.312010
Autobus,4220,194,N25,Międzylesie,1 min przed czasem,Poligonowa 02,,2024-12-25 02:02:15.312010
Autobus,4406,133,N64,Choszczówka,1 min przed czasem,Pl. Hallera 06,,2024-12-25 02:02:15.312010
Autobus,9303,1,N02,Marysin,2 min przed czasem,PKP Gocławek 02,,2024-12-25 02:02:15.312010
Autobus,1551,209,N16,Dw. Centralny,2 min przed czasem,Metro Świętokrzyska 04,,2024-12-25 02:02:15.312010
Autobus,8555,265,N37,Dw. Centralny,2 min przed czasem,Centrum 06,,2024-12-25 02:02:15.312010
Autobus,4421,123,N61,Radzymin Głowackiego,3 min przed czasem,Cegielnia Wawrzyna 02,,2024-12-25 02:02:15.312010
Autobus,1552,132,N14,Olesin,4 min przed czasem,Aroniowa 02,,2024-12-25 02:02:15.312010
Autobus,9303,1,N02,Marysin,2 min przed czasem,PKP Gocławek 02,,2024-12-25 02:02:15.312010
Autobus,1551,209,N16,Dw. Centralny,2 min przed czasem,Metro Świętokrzyska 04,,2024-12-25 02:02:15.312010
Autobus,8555,265,N37,Dw. Centralny,2 min przed czasem,Centrum 06,,2024-12-25 02:02:15.312010
Autobus,4421,123,N61,Radzymin Głowackiego,3 min przed czasem,Cegielnia Wawrzyna 02,,2024-12-25 02:02:15.312010
Autobus,1552,132,N14,Olesin,4 min przed czasem,Aroniowa 02,,2024-12-25 02:02:15.312010
Autobus,7220,101,N38,Centrum,2 min przed czasem,Metro Świętokrzyska 03,,2024-12-25 02:02:15.312010
Autobus,8555,265,N37,Dw. Centralny,2 min przed czasem,Centrum 06,,2024-12-25 02:02:15.312010
Autobus,4421,123,N61,Radzymin Głowackiego,3 min przed czasem,Cegielnia Wawrzyna 02,,2024-12-25 02:02:15.312010
Autobus,1552,132,N14,Olesin,4 min przed czasem,Aroniowa 02,,2024-12-25 02:02:15.312010
Autobus,7220,101,N38,Centrum,2 min przed czasem,Metro Świętokrzyska 03,,2024-12-25 02:02:15.312010
Autobus,8555,265,N37,Dw. Centralny,2 min przed czasem,Centrum 06,,2024-12-25 02:02:15.312010
Autobus,4421,123,N61,Radzymin Głowackiego,3 min przed czasem,Cegielnia Wawrzyna 02,,2024-12-25 02:02:15.312010
Autobus,1552,132,N14,Olesin,4 min przed czasem,Aroniowa 02,,2024-12-25 02:02:15.312010
Autobus,7220,101,N38,Centrum,2 min przed czasem,Metro Świętokrzyska 03,,2024-12-25 02:02:15.312010
Autobus,8555,265,N37,Dw. Centralny,2 min przed czasem,Centrum 06,,2024-12-25 02:02:15.312010
Autobus,4421,123,N61,Radzymin Głowackiego,3 min przed czasem,Cegielnia Wawrzyna 02,,2024-12-25 02:02:15.312010
Autobus,1552,132,N14,Olesin,4 min przed czasem,Aroniowa 02,,2024-12-25 02:02:15.312010
Autobus,7220,101,N38,Centrum,2 min przed czasem,Metro Świętokrzyska 03,,2024-12-25 02:02:15.312010
Autobus,8555,265,N37,Dw. Centralny,2 min przed czasem,Centrum 06,,2024-12-25 02:02:15.312010
Autobus,4421,123,N61,Radzymin Głowackiego,3 min przed czasem,Cegielnia Wawrzyna 02,,2024-12-25 02:02:15.312010
Autobus,1552,132,N14,Olesin,4 min przed czasem,Aroniowa 02,,2024-12-25 02:02:15.312010
Autobus,9210,2,N50,Waflowa,13 min,Królowej Marysieńki 01,,2024-12-25 02:02:15.312010
Autobus,8351,169,N31,Dw. Centralny,5 min,Pl. Unii Lubelskiej 02,,2024-12-25 02:02:15.312010
Autobus,7860,215,N72,Dw. Centralny,5 min,Centrum 06,,2024-12-25 02:02:15.312010
Autobus,8517,172,N83,Dw. Centralny,5 min,Rozbrat 06,,2024-12-25 02:02:15.312010
Autobus,8543,3,N01,Nowodwory,4 min,Domaniewska 02,,2024-12-25 02:02:15.312010
Autobus,4225,1,N01,Nowodwory,3 min,Świderska 02,,2024-12-25 02:02:15.312010
Autobus,1537,4,N02,Metro Młociny,3 min,Metro Młociny 23,,2024-12-25 02:02:15.312010
Autobus,2015,2,N01,Nowodwory,3 min,Ciepłownia Wola 03,,2024-12-25 02:02:15.312010
Autobus,7858,185,N22,Dw. Centralny,3 min,Lucerny 02,,2024-12-25 02:02:15.312010
Autobus,4332,5,N01,Ursynów Płn.,3 min,Popularna 01,,2024-12-25 02:02:15.312010
Autobus,9214,1,N50,Metro Wilanowska,2 min,Os. Arbuzowa 02,,2024-12-25 02:02:15.312010
Autobus,1417,207,N44,Dw. Centralny,2 min,Metro Młociny 01,,2024-12-25 02:02:15.312010
Autobus,7838,219,N21,Stara Miłosna (Ułańska),1 min,Hipodrom 02,,2024-12-25 02:02:15.312010
Autobus,9319,4,N03,Tarchomin,1 min,Ursynów Płn. 05,,2024-12-25 02:02:15.312010
Autobus,8545,258,N86,Os. Kabaty,1 min,Natolin Płn. 03,,2024-12-25 02:02:15.312010
Autobus,1540,6,N02,Metro Młociny,1 min,Bora-Komorowskiego 02,,2024-12-25 02:02:15.312010
Autobus,4332,5,N01,Ursynów Płn.,3 min,Popularna 01,,2024-12-25 02:02:15.312010
Autobus,9214,1,N50,Metro Wilanowska,2 min,Os. Arbuzowa 02,,2024-12-25 02:02:15.312010
Autobus,1417,207,N44,Dw. Centralny,2 min,Metro Młociny 01,,2024-12-25 02:02:15.312010
Autobus,7838,219,N21,Stara Miłosna (Ułańska),1 min,Hipodrom 02,,2024-12-25 02:02:15.312010
Autobus,9319,4,N03,Tarchomin,1 min,Ursynów Płn. 05,,2024-12-25 02:02:15.312010
Autobus,8545,258,N86,Os. Kabaty,1 min,Natolin Płn. 03,,2024-12-25 02:02:15.312010
Autobus,1540,6,N02,Metro Młociny,1 min,Abrahama 02,,2024-12-25 02:02:15.312010
Autobus,1540,6,N02,Metro Młociny,1 min,Abrahama 02,,2024-12-25 02:02:15.312010
Autobus,8538,156,N86,Dw. Centralny,1 min,Metro Pole Mokotowskie 02,,2024-12-25 02:02:15.312010
Autobus,8578,184,N71,Wola Grzybowska,1 min,Kijowska 01,,2024-12-25 02:02:15.312010
Autobus,4336,135,N14,Dw. Centralny,1 min,Rondo Żaba 05,,2024-12-25 02:02:15.312010
Autobus,4429,226,N62,Dw. Centralny,1 min,PKP Wołomin 01,,2024-12-25 02:02:15.312010
Autobus,8574,4,N24,Dw. Centralny,1 min,Dw. Centralny 25,,2024-12-25 02:02:15.312010
Autobus,9094,5,N03,Ursynów Płn.,1 min,Tor Stegny 51,,2024-12-25 02:02:15.312010
Autobus,9302,6,N03,Ursynów Płn.,1 min,Kijowska 08,,2024-12-25 02:02:15.312010
Autobus,5425,246,N63,Legionowo Mickiewicza,1 min,Ks. Popiełuszki 02,,2024-12-25 02:02:15.312010
Autobus,9314,2,N02,Marysin,1 min,Szwedzka 01,,2024-12-25 02:02:15.312010
Autobus,4426,121,N61,Dw. Centralny,1 min,Marki Słoneczna 01,,2024-12-25 02:02:15.312010
Autobus,8578,184,N71,Wola Grzybowska,1 min,Kijowska 01,,2024-12-25 02:02:15.312010
Autobus,4336,135,N14,Dw. Centralny,1 min,Rondo Żaba 05,,2024-12-25 02:02:15.312010
Autobus,4429,226,N62,Dw. Centralny,1 min,PKP Wołomin 01,,2024-12-25 02:02:15.312010
Autobus,8574,4,N24,Dw. Centralny,1 min,Dw. Centralny 25,,2024-12-25 02:02:15.312010
Autobus,9094,5,N03,Ursynów Płn.,1 min,Tor Stegny 51,,2024-12-25 02:02:15.312010
Autobus,9302,6,N03,Ursynów Płn.,1 min,Kijowska 08,,2024-12-25 02:02:15.312010
Autobus,5425,246,N63,Legionowo Mickiewicza,1 min,Ks. Popiełuszki 02,,2024-12-25 02:02:15.312010
Autobus,9314,2,N02,Marysin,1 min,Szwedzka 01,,2024-12-25 02:02:15.312010
Autobus,4426,121,N61,Dw. Centralny,1 min,Marki Słoneczna 01,,2024-12-25 02:02:15.312010
Autobus,9510,2,N03,Winnica,1 min,Konwaliowa 02,,2024-12-25 02:02:15.312010
Autobus,4202,295,N95,Dw. Centralny,1 min,Arkadyjska 01,,2024-12-25 02:02:15.312010
Autobus,4424,131,N64,Dw. Centralny,1 min,Brzezińska 01,,2024-12-25 02:02:15.312010
Autobus,8563,214,N72,Dw. Centralny,1 min,Otwock Orla 02,,2024-12-25 02:02:15.312010
Autobus,9521,3,N02,Marysin,1 min,Al. Reymonta 06,,2024-12-25 02:02:15.312010
Autobus,7217,138,N35,Centrum,1 min,Lalki 03,,2024-12-25 02:02:15.312010
Autobus,1527,3,N03,Winnica,1 min,Międzyborska 01,,2024-12-25 02:02:15.312010
Autobus,7876,1,N24,Dw. Centralny,0 min,Żołnierska 01,,2024-12-25 02:02:15.312010
Autobus,1863,1,N25,Dw. Centralny,0 min,IX Poprzeczna 02,,2024-12-25 02:02:15.312010
Autobus,5960,2,N43,Dw. Centralny,0 min,Dywizjonu 303 01,,2024-12-25 02:02:15.312010
Autobus,7876,1,N24,Dw. Centralny,0 min,Żołnierska 01,,2024-12-25 02:02:15.312010
Autobus,7217,138,N35,Centrum,0 min,Lalki 03,,2024-12-25 02:02:15.312010
Autobus,9521,3,N02,Marysin,0 min,Andersena 01,,2024-12-25 02:02:15.312010
Autobus,4426,121,N61,Dw. Centralny,0 min,Marki-Ratusz 01,,2024-12-25 02:02:15.312010
Autobus,9914,218,N42,Os. Górczewska,0 min,Płocka-Szpital 02,,2024-12-25 02:02:15.312010
Autobus,1863,1,N25,Dw. Centralny,0 min,IX Poprzeczna 02,,2024-12-25 02:02:15.312010
Autobus,5960,2,N43,Dw. Centralny,0 min,Dywizjonu 303 01,,2024-12-25 02:02:15.312010
Autobus,9902,1,N42,Dw. Centralny,0 min,Raginisa 02,,2024-12-25 02:02:15.312010
Autobus,1527,3,N03,Winnica,0 min,Praga-Płd.-Ratusz 01,,2024-12-25 02:02:15.312010
Autobus,1555,222,N11,Dw. Centralny,0 min,Dw. Centralny 21,,2024-12-25 02:02:15.312010
Autobus,7841,174,N83,PKP Piaseczno,0 min,Gołkowska 01,,2024-12-25 02:02:15.312010
Autobus,1119,187,N46,Metro Młociny,0 min,Dw. Centralny 23,,2024-12-25 02:02:15.312010
Autobus,4222,2,N44,Zajezdnia Żoliborz,0 min,Dw. Centralny 23,,2024-12-25 02:02:15.312010
Autobus,4231,1,N45,Lazurowa,0 min,Dw. Centralny 29,,2024-12-25 02:02:15.312010
Autobus,4244,4,N01,Nowodwory,0 min,Ursynów Płn. 06,,2024-12-25 02:02:15.312010
Autobus,4246,193,N25,Międzylesie,0 min,Dw. Centralny 25,,2024-12-25 02:02:15.312010
Autobus,4335,134,N14,Olesin,0 min,Dw. Centralny 21,,2024-12-25 02:02:15.312010
Autobus,4408,212,N16,Dw. Centralny,0 min,PKP Zacisze-Wilno 02,,2024-12-25 02:02:15.312010
Autobus,4411,225,N12,Dw. Centralny,0 min,Metro Trocka 12,,2024-12-25 02:02:15.312010
