Type,Vehicle No,Brigade,Route,Trip Headsign,Delay,Stop Name,Outside,Timestamp
Tramwaj,3828,3,6,Metro Młociny,66 min,Pl. Inwalidów 04,,2024-12-25 18:07:38.238076
Autobus,5938,9,116,Wilanów,63 min,Pl. Krasińskich 01,,2024-12-25 18:07:38.238076
Autobus,5927,6,503,Konwiktorska,63 min,Pl. Teatralny 04,,2024-12-25 18:07:38.238076
Autobus,9950,9,186,Szczęśliwice,62 min,Lasek na Kole 01,,2024-12-25 18:07:38.238076
Autobus,5947,10,116,Wilanów,61 min,Metro Marymont 01,,2024-12-25 18:07:38.238076
Autobus,5952,5,180,Wilanów,61 min,Stępińska 01,,2024-12-25 18:07:38.238076
Autobus,5961,1,518,Bielańska,56 min,Kapitulna 01,,2024-12-25 18:07:38.238076
Autobus,5915,5,116,Chomiczówka,52 min,Tor Stegny 02,,2024-12-25 18:07:38.238076
Autobus,5954,7,503,Konwiktorska,47 min,Pl. Teatralny 04,,2024-12-25 18:07:38.238076
Autobus,5958,9,180,Wilanów,46 min,Kochanowskiego 01,,2024-12-25 18:07:38.238076
Autobus,5994,9,503,Konwiktorska,46 min,Dolina Służewiecka 02,,2024-12-25 18:07:38.238076
Autobus,5892,5,503,Natolin Płn.,41 min,Pl. Krasińskich 01,,2024-12-25 18:07:38.238076
Autobus,5973,4,116,Chomiczówka,40 min,Pl. Teatralny 04,,2024-12-25 18:07:38.238076
Tramwaj,4217,8,16,Miasteczko Wilanów,38 min,Nałęczowska 05,,2024-12-25 18:07:38.238076
Autobus,5950,1,180,Chomiczówka,38 min,Kapitulna 02,,2024-12-25 18:07:38.238076
Autobus,5936,442,180,Chomiczówka,38 min,Powązkowska 02,,2024-12-25 18:07:38.238076
Autobus,5921,10,180,Wilanów,36 min,Chomiczówka 05,,2024-12-25 18:07:38.238076
Autobus,5896,8,503,Konwiktorska,35 min,Pl. Teatralny 04,,2024-12-25 18:07:38.238076
Autobus,7240,4,172,Sadyba,34 min,Czarnomorska 51,,2024-12-25 18:07:38.238076
Autobus,5892,5,503,Natolin Płn.,41 min,Pl. Krasińskich 01,,2024-12-25 18:07:38.238076
Autobus,5973,4,116,Chomiczówka,40 min,Pl. Teatralny 04,,2024-12-25 18:07:38.238076
Tramwaj,4217,8,16,Miasteczko Wilanów,38 min,Nałęczowska 05,,2024-12-25 18:07:38.238076
Autobus,5950,1,180,Chomiczówka,38 min,Kapitulna 02,,2024-12-25 18:07:38.238076
Autobus,5936,442,180,Chomiczówka,38 min,Powązkowska 02,,2024-12-25 18:07:38.238076
Autobus,5921,10,180,Wilanów,36 min,Chomiczówka 05,,2024-12-25 18:07:38.238076
Autobus,5896,8,503,Konwiktorska,35 min,Pl. Teatralny 04,,2024-12-25 18:07:38.238076
Autobus,7240,4,172,Sadyba,34 min,Czarnomorska 51,,2024-12-25 18:07:38.238076
Autobus,5926,2,180,Chomiczówka,29 min,Królewska 03,,2024-12-25 18:07:38.238076
Autobus,5941,607,111,Gocław,28 min,Umińskiego 03,,2024-12-25 18:07:38.238076
Autobus,5956,3,180,Chomiczówka,28 min,Łazienki Królewskie 02,,2024-12-25 18:07:38.238076
Autobus,9550,4,178,Konwiktorska,26 min,Pl. Teatralny 04,,2024-12-25 18:07:38.238076
Tramwaj,3241,7,26,Metro Młociny,23 min,Metro Ratusz Arsenał 10,,2024-12-25 18:07:38.238076
Tramwaj,4257,9,17,PKP Służewiec,21 min,Rondo Unii Europejskiej 04,,2024-12-25 18:07:38.238076
Tramwaj,3190,8,26,Metro Młociny,21 min,Wiatraczna 05,,2024-12-25 18:07:38.238076
Autobus,1801,6,138,Bokserska,21 min,Wołoska 01,,2024-12-25 18:07:38.238076
Autobus,5939,608,111,Gocław,21 min,Brazylijska 01,,2024-12-25 18:07:38.238076
Tramwaj,3801,4,6,Gocławek,20 min,Cm. Włoski 03,,2024-12-25 18:07:38.238076
Autobus,5951,612,111,Esperanto,20 min,Smocza 04,,2024-12-25 18:07:38.238076
Autobus,5941,607,111,Gocław,28 min,Umińskiego 03,,2024-12-25 18:07:38.238076
Autobus,5956,3,180,Chomiczówka,28 min,Łazienki Królewskie 02,,2024-12-25 18:07:38.238076
Autobus,9550,4,178,Konwiktorska,26 min,Pl. Teatralny 04,,2024-12-25 18:07:38.238076
Tramwaj,3241,7,26,Metro Młociny,23 min,Metro Ratusz Arsenał 10,,2024-12-25 18:07:38.238076
Tramwaj,4257,9,17,PKP Służewiec,21 min,Rondo Unii Europejskiej 04,,2024-12-25 18:07:38.238076
Tramwaj,3190,8,26,Metro Młociny,21 min,Wiatraczna 05,,2024-12-25 18:07:38.238076
Autobus,1801,6,138,Bokserska,21 min,Wołoska 01,,2024-12-25 18:07:38.238076
Autobus,5939,608,111,Gocław,21 min,Brazylijska 01,,2024-12-25 18:07:38.238076
Tramwaj,3801,4,6,Gocławek,20 min,Cm. Włoski 03,,2024-12-25 18:07:38.238076
Autobus,5951,612,111,Esperanto,20 min,Smocza 04,,2024-12-25 18:07:38.238076
Autobus,1816,7,138,Bokserska,19 min,Torwar 02,,2024-12-25 18:07:38.238076
Tramwaj,3224,2,17,PKP Służewiec,19 min,Park Kaskada 03,,2024-12-25 18:07:38.238076
Autobus,7331,2,525,Międzylesie,19 min,IX Poprzeczna 01,,2024-12-25 18:07:38.238076
Autobus,7743,3,525,Międzylesie,19 min,Saska 02,,2024-12-25 18:07:38.238076
Autobus,6238,3,172,CH Blue City,18 min,Pruszkowska 04,,2024-12-25 18:07:38.238076
Autobus,9905,1,186,Nowodwory,15 min,Rondo Zesłańców Syberyjskich 04,,2024-12-25 18:07:38.238076
Autobus,9560,3,178,Skorosze,15 min,Konwiktorska 03,,2024-12-25 18:07:38.238076
Autobus,5968,605,507,Gocław,15 min,Dw. Centralny 11,,2024-12-25 18:07:38.238076
Autobus,5894,400,128,Szczęśliwice,14 min,Szczęśliwice 05,,2024-12-25 18:07:38.238076
Autobus,7331,2,525,Międzylesie,19 min,IX Poprzeczna 01,,2024-12-25 18:07:38.238076
Autobus,7743,3,525,Międzylesie,19 min,Saska 02,,2024-12-25 18:07:38.238076
Autobus,6238,3,172,CH Blue City,18 min,Pruszkowska 04,,2024-12-25 18:07:38.238076
Autobus,9905,1,186,Nowodwory,15 min,Rondo Zesłańców Syberyjskich 04,,2024-12-25 18:07:38.238076
Autobus,9560,3,178,Skorosze,15 min,Konwiktorska 03,,2024-12-25 18:07:38.238076
Autobus,5968,605,507,Gocław,15 min,Dw. Centralny 11,,2024-12-25 18:07:38.238076
Autobus,5894,400,128,Szczęśliwice,14 min,Szczęśliwice 05,,2024-12-25 18:07:38.238076
Autobus,5917,603,507,Gocław,14 min,Afrykańska 01,,2024-12-25 18:07:38.238076
Autobus,7759,2,143,Rembertów-Kolonia,13 min,Żołnierska 02,,2024-12-25 18:07:38.238076
Autobus,5887,401,128,Szczęśliwice,13 min,Dw. Centralny 02,,2024-12-25 18:07:38.238076
Autobus,3469,3,520,Dw. Centralny,11 min,Saska 01,,2024-12-25 18:07:38.238076
Autobus,5919,610,111,Gocław,11 min,Zachęta 02,,2024-12-25 18:07:38.238076
Autobus,8365,4,525,Międzylesie,11 min,Centrum 01,,2024-12-25 18:07:38.238076
Autobus,5942,606,507,Dw. Centralny,11 min,Adampolska 02,,2024-12-25 18:07:38.238076
Autobus,5912,408,175,Lotnisko Chopina,10 min,Novotel 01,,2024-12-25 18:07:38.238076
Autobus,5955,611,111,Gocław,10 min,Esperanto 05,,2024-12-25 18:07:38.238076
Autobus,9912,496,186,Nowodwory,9 min,Szczęśliwice 04,,2024-12-25 18:07:38.238076
Autobus,5963,609,111,Gocław,9 min,Stacja Krwiodawstwa 03,,2024-12-25 18:07:38.238076
Autobus,1904,1,106,Ostroroga,9 min,Muzeum Powstania Warszawskiego 02,,2024-12-25 18:07:38.238076
Autobus,5942,606,507,Dw. Centralny,11 min,Adampolska 02,,2024-12-25 18:07:38.238076
Autobus,5912,408,175,Lotnisko Chopina,10 min,Novotel 01,,2024-12-25 18:07:38.238076
Autobus,9912,496,186,Nowodwory,10 min,Szczęśliwice 04,,2024-12-25 18:07:38.238076
Autobus,5963,609,111,Gocław,9 min,Stacja Krwiodawstwa 03,,2024-12-25 18:07:38.238076
Tramwaj,4225,9,16,Piaski,9 min,Świątynia Opatrzności Bożej 04,,2024-12-25 18:07:38.238076
Autobus,1904,1,106,Ostroroga,9 min,Muzeum Powstania Warszawskiego 02,,2024-12-25 18:07:38.238076
Autobus,5933,613,111,Esperanto,9 min,Metro Ratusz Arsenał 02,,2024-12-25 18:07:38.238076
Autobus,5882,409,175,Lotnisko Chopina,7 min,Centrum 06,,2024-12-25 18:07:38.238076
Autobus,4429,8,122,Gwiaździsta,7 min,Przasnyska 01,,2024-12-25 18:07:38.238076
Pociąg,2026,,WKD,,6 min,,,2024-12-25 18:07:38.238076
Autobus,9908,7,186,Nowodwory,6 min,Nowodwory 09,,2024-12-25 18:07:38.238076
Autobus,6222,8,136,Ostroroga,6 min,Płocka-Szpital 04,,2024-12-25 18:07:38.238076
Autobus,9948,6,190,CH Marki,5 min,Jórskiego 02,,2024-12-25 18:07:38.238076
Autobus,4209,1,154,P+R Al. Krakowska,5 min,Novotel 01,,2024-12-25 18:07:38.238076
Autobus,9853,5,167,Stare Bemowo,5 min,Pomnik Lotnika 04,,2024-12-25 18:07:38.238076
Tramwaj,3120,7,9,Gocławek,4 min,Muzeum Narodowe 05,,2024-12-25 18:07:38.238076
Autobus,7208,6,523,Stare Bemowo,4 min,Rozbrat 02,,2024-12-25 18:07:38.238076
Autobus,9827,7,185,CH Ursynów,4 min,Strzeleckiego 01,,2024-12-25 18:07:38.238076
Autobus,9908,7,186,Nowodwory,6 min,Nowodwory 09,,2024-12-25 18:07:38.238076
Autobus,6222,8,136,Ostroroga,6 min,Płocka-Szpital 04,,2024-12-25 18:07:38.238076
Autobus,9948,6,190,CH Marki,5 min,Jórskiego 02,,2024-12-25 18:07:38.238076
Autobus,4209,1,154,P+R Al. Krakowska,5 min,Novotel 01,,2024-12-25 18:07:38.238076
Autobus,9853,5,167,Stare Bemowo,5 min,Pomnik Lotnika 04,,2024-12-25 18:07:38.238076
Tramwaj,3120,7,9,Gocławek,4 min,Muzeum Narodowe 05,,2024-12-25 18:07:38.238076
Autobus,7208,6,523,Stare Bemowo,4 min,Rozbrat 02,,2024-12-25 18:07:38.238076
Autobus,9827,7,185,CH Ursynów,4 min,Strzeleckiego 01,,2024-12-25 18:07:38.238076
Autobus,9335,6,179,Ursynów Płn.,4 min,Metro Imielin 02,,2024-12-25 18:07:38.238076
Autobus,1906,4,106,Mariensztat,4 min,Wronia 01,,2024-12-25 18:07:38.238076
Autobus,5937,1,503,Konwiktorska,4 min,Pl. Teatralny 04,,2024-12-25 18:07:38.238076
Autobus,5434,1,723,Żerań FSO,4 min,Jabłonna Szkolna 01,,2024-12-25 18:07:38.238076
Tramwaj,3140,6,6,Metro Młociny,4 min,Pl. Inwalidów 04,,2024-12-25 18:07:38.238076
Autobus,9811,8,185,CH Ursynów,4 min,Sielce 01,,2024-12-25 18:07:38.238076
Autobus,1005,1,213,Błota,4 min,Powojowa 02,,2024-12-25 18:07:38.238076
Autobus,4316,1,134,Metro Marymont,4 min,Żerań FSO 03,,2024-12-25 18:07:38.238076
Tramwaj,3237,4,9,P+R Al. Krakowska,3 min,Centrum 10,,2024-12-25 18:07:38.238076
Tramwaj,4278,6,33,Kielecka,3 min,Koszykowa 03,,2024-12-25 18:07:38.238076
Autobus,5425,3,112,CH Marki,3 min,Klub Lira 02,,2024-12-25 18:07:38.238076
Autobus,7863,9,148,Lotnisko Chopina,2 min,SGGW-Biblioteka 01,,2024-12-25 18:07:38.238076
Autobus,9093,2,161,Zbójna Góra,2 min,Falenica 01,,2024-12-25 18:07:38.238076
Autobus,9825,2,719,Leszno,2 min,Koczargi Nowe Zielonki-Wieś 01,,2024-12-25 18:07:38.238076
Autobus,9553,6,103,Brylowska,2 min,Grenady 01,,2024-12-25 18:07:38.238076
Autobus,3418,3,145,Żerań FSO,2 min,Metro Kondratowicza 01,,2024-12-25 18:07:38.238076
Tramwaj,3205,2,22,Wiatraczna,2 min,Al. Zieleniecka 06,,2024-12-25 18:07:38.238076
Autobus,2013,1,189,Os. Górczewska,2 min,Hynka 06,,2024-12-25 18:07:38.238076
Tramwaj,4208,5,10,Wyścigi,2 min,Rakowiecka 05,,2024-12-25 18:07:38.238076
Autobus,9089,71,204,Metro Bródno,2 min,KS Polonez 03,,2024-12-25 18:07:38.238076
Autobus,7217,6,105,Rondo Daszyńskiego,2 min,Sternicza 01,,2024-12-25 18:07:38.238076
Autobus,2216,1,517,Ursus-Niedźwiadek,2 min,Dzieci Warszawy 04,,2024-12-25 18:07:38.238076
Tramwaj,4279,21,17,PKP Służewiec,2 min,Kielecka 01,,2024-12-25 18:07:38.238076
Tramwaj,3158,2,3,Annopol,2 min,Dw. Wileński 08,,2024-12-25 18:07:38.238076
Autobus,4239,4,220,Nowe Bemowo,2 min,Sternicza 02,,2024-12-25 18:07:38.238076
Autobus,9918,498,186,Szczęśliwice,2 min,Stefanika 01,,2024-12-25 18:07:38.238076
Pociąg,1058,,WKD,Warszawa Śródmieście WKD,2 min,Warszawa Salomea,,2024-12-25 18:07:38.238076
Autobus,9349,845,245,Bródno-Podgrodzie,2 min,Ząbki Cmentarz 02,,2024-12-25 18:07:38.238076
Autobus,2249,10,189,Os. Górczewska,2 min,Ciepłownia Wola 03,,2024-12-25 18:07:38.238076
Autobus,4216,2,154,P+R Al. Krakowska,2 min,Grzymały-Sokołowskiego 06,,2024-12-25 18:07:38.238076
Tramwaj,3158,2,3,Annopol,2 min,Dw. Wileński 08,,2024-12-25 18:07:38.238076
Autobus,4239,4,220,Nowe Bemowo,2 min,Sternicza 02,,2024-12-25 18:07:38.238076
Autobus,9918,498,186,Szczęśliwice,2 min,Stefanika 01,,2024-12-25 18:07:38.238076
Pociąg,1058,,WKD,Warszawa Śródmieście WKD,2 min,Warszawa Salomea,,2024-12-25 18:07:38.238076
Autobus,9349,845,245,Bródno-Podgrodzie,2 min,Ząbki Cmentarz 02,,2024-12-25 18:07:38.238076
Autobus,2249,10,189,Os. Górczewska,2 min,Ciepłownia Wola 03,,2024-12-25 18:07:38.238076
Autobus,4216,2,154,P+R Al. Krakowska,2 min,Grzymały-Sokołowskiego 06,,2024-12-25 18:07:38.238076
Autobus,7251,7,517,Pl. Trzech Krzyży,2 min,Lalki 03,,2024-12-25 18:07:38.238076
Autobus,9815,1,502,Metro Politechnika,2 min,Międzynarodowa 01,,2024-12-25 18:07:38.238076
Autobus,9079,M3,161,Olecka,2 min,Cygańska 01,,2024-12-25 18:07:38.238076
Autobus,9312,1,202,PKP Gocławek,2 min,Hetmańska 02,,2024-12-25 18:07:38.238076
Autobus,4239,4,220,Nowe Bemowo,2 min,Sternicza 02,,2024-12-25 18:07:38.238076
Autobus,9918,498,186,Szczęśliwice,2 min,Stefanika 01,,2024-12-25 18:07:38.238076
Tramwaj,4279,21,17,PKP Służewiec,2 min,Kielecka 01,,2024-12-25 18:07:38.238076
Tramwaj,4285,10,16,Miasteczko Wilanów,2 min,Mangalia 03,,2024-12-25 18:07:38.238076
Autobus,9349,845,245,Bródno-Podgrodzie,2 min,Ząbki Cmentarz 02,,2024-12-25 18:07:38.238076
Autobus,2249,10,189,Os. Górczewska,2 min,Ciepłownia Wola 03,,2024-12-25 18:07:38.238076
Autobus,4216,2,154,P+R Al. Krakowska,2 min,Grzymały-Sokołowskiego 06,,2024-12-25 18:07:38.238076
Autobus,7251,7,517,Pl. Trzech Krzyży,2 min,Lalki 03,,2024-12-25 18:07:38.238076
Autobus,9815,1,502,Metro Politechnika,2 min,Międzynarodowa 01,,2024-12-25 18:07:38.238076
Autobus,9079,M3,161,Olecka,2 min,Cygańska 01,,2024-12-25 18:07:38.238076
Autobus,9312,1,202,PKP Gocławek,2 min,Hetmańska 02,,2024-12-25 18:07:38.238076
Autobus,9317,4,202,Metro Stadion Narodowy,2 min,Dwernickiego 02,,2024-12-25 18:07:38.238076
Autobus,6203,511,721,Kosów,2 min,Wólka Kosowska Wygoda 03,,2024-12-25 18:07:38.238076
Tramwaj,3223,3,7,Kawęczyńska-Bazylika,2 min,Centrum 09,Poza trasą,2024-12-25 18:07:38.238076
Tramwaj,4210,6,2,Winnica,2 min,Śreniawitów 02,,2024-12-25 18:07:38.238076
Autobus,9320,3,179,Os. Kabaty,2 min,Zaolziańska 01,,2024-12-25 18:07:38.238076
Tramwaj,3155,3,24,Nowe Bemowo,2 min,Okopowa 04,,2024-12-25 18:07:38.238076
Autobus,3442,3,509,Gocław,2 min,Umińskiego 03,,2024-12-25 18:07:38.238076
Tramwaj,3205,2,22,Wiatraczna,2 min,Al. Zieleniecka 06,,2024-12-25 18:07:38.238076
Autobus,1414,1,119,Rakowiecka-Sanktuarium,2 min,Bursztynowa-Szpital 01,,2024-12-25 18:07:38.238076
Autobus,2014,6,148,Wiatraczna,2 min,Szpital Południowy 03,,2024-12-25 18:07:38.238076
Autobus,4301,549,110,Metro Marymont,2 min,Perzyńskiego 01,,2024-12-25 18:07:38.238076
Autobus,9312,1,202,PKP Gocławek,2 min,Podolska 02,,2024-12-25 18:07:38.238076
Autobus,6203,511,721,Kosów,2 min,Wólka Kosowska Wygoda 03,,2024-12-25 18:07:38.238076
Tramwaj,4274,1,33,Zjazd do zajezdni Żoliborz,2 min,Piaski 04,,2024-12-25 18:07:38.238076
Autobus,9317,4,202,Metro Stadion Narodowy,2 min,Przeworska 01,,2024-12-25 18:07:38.238076
Tramwaj,3155,3,24,Nowe Bemowo,2 min,Okopowa 04,,2024-12-25 18:07:38.238076
Tramwaj,4104,547,4,Wyścigi,2 min,Centrum 07,,2024-12-25 18:07:38.238076
Autobus,70046,1,L-1,PKP Piaseczno,2 min,Janczewice Tolak 02,,2024-12-25 18:07:38.238076
Autobus,1214,634,218,Metro Wilanowska,2 min,Metro Wilanowska 10,,2024-12-25 18:07:38.238076
Autobus,1810,343,166,Os. Kabaty,2 min,Al. Zieleniecka 01,,2024-12-25 18:07:38.238076
Autobus,9089,71,204,Metro Bródno,2 min,Suwalska 01,,2024-12-25 18:07:38.238076
Autobus,8809,4,138,Utrata,2 min,Domaniewska 02,,2024-12-25 18:07:38.238076
Tramwaj,3197,5,33,Zjazd do zajezdni Żoliborz,2 min,Biblioteka Narodowa 04,,2024-12-25 18:07:38.238076
Tramwaj,4275,4,2,Metro Młociny,2 min,Tarchomin 05,,2024-12-25 18:07:38.238076
Autobus,7246,1,703,P+R Al. Krakowska,2 min,Janki Małe 01,Poza trasą,2024-12-25 18:07:38.238076
Autobus,8456,4,112,CH Marki,2 min,Metro Słodowiec 03,,2024-12-25 18:07:38.238076
Autobus,9089,71,204,Metro Bródno,2 min,Suwalska 01,,2024-12-25 18:07:38.238076
Tramwaj,3809,7,28,Dw. Wschodni (Kijowska),2 min,Wrocławska 06,,2024-12-25 18:07:38.238076
Tramwaj,3222,7,4,Żerań Wschodni,2 min,Malczewskiego 06,,2024-12-25 18:07:38.238076
Tramwaj,3271,2,15,P+R Al. Krakowska,2 min,Hoża 03,,2024-12-25 18:07:38.238076
Tramwaj,3284,3,3,Annopol,2 min,Żółkiewskiego 03,,2024-12-25 18:07:38.238076
Tramwaj,3827,7,6,Metro Młociny,2 min,Kijowska 04,,2024-12-25 18:07:38.238076
Tramwaj,3260,7,17,Winnica,2 min,Rakowiecka-Sanktuarium 04,,2024-12-25 18:07:38.238076
Autobus,8456,4,112,CH Marki,2 min,Metro Słodowiec 03,,2024-12-25 18:07:38.238076
Autobus,9945,7,190,CH Marki,2 min,Stare Miasto 01,,2024-12-25 18:07:38.238076
Tramwaj,3197,5,33,Zjazd do zajezdni Żoliborz,2 min,Biblioteka Narodowa 04,,2024-12-25 18:07:38.238076
Autobus,9808,3,185,Gwiaździsta,2 min,Pl. Wilsona 04,,2024-12-25 18:07:38.238076
Autobus,9822,3,710,Os. Kabaty,2 min,Korbońskiego 04,,2024-12-25 18:07:38.238076
Autobus,9346,644,199,Bródno-Podgrodzie,1 min,Zawodowa 02,,2024-12-25 18:07:38.238076
Tramwaj,3249,5,9,P+R Al. Krakowska,1 min,Wspólna Droga 03,,2024-12-25 18:07:38.238076
Autobus,9349,845,245,Bródno-Podgrodzie,1 min,Ząbki Szwoleżerów 02,,2024-12-25 18:07:38.238076
Autobus,9501,654,149,Groty,1 min,Kocjana 04,,2024-12-25 18:07:38.238076
Autobus,5976,601,111,Esperanto,1 min,Rondo Waszyngtona 01,,2024-12-25 18:07:38.238076
Tramwaj,3137,7,22,Piaski,1 min,Centrum 10,,2024-12-25 18:07:38.238076
Tramwaj,3821,6,20,Żerań FSO,1 min,Batalionu Platerówek 02,,2024-12-25 18:07:38.238076
Autobus,9822,3,710,Os. Kabaty,2 min,Korbońskiego 04,,2024-12-25 18:07:38.238076
Autobus,9346,644,199,Bródno-Podgrodzie,1 min,Zawodowa 02,,2024-12-25 18:07:38.238076
Tramwaj,3249,5,9,P+R Al. Krakowska,1 min,Wspólna Droga 03,,2024-12-25 18:07:38.238076
Autobus,9349,845,245,Bródno-Podgrodzie,1 min,Ząbki Szwoleżerów 02,,2024-12-25 18:07:38.238076
Autobus,9501,654,149,Groty,1 min,Kocjana 04,,2024-12-25 18:07:38.238076
Autobus,5976,601,111,Esperanto,1 min,Rondo Waszyngtona 01,,2024-12-25 18:07:38.238076
Tramwaj,3137,7,22,Piaski,1 min,Centrum 10,,2024-12-25 18:07:38.238076
Tramwaj,3821,6,20,Żerań FSO,1 min,Batalionu Platerówek 02,,2024-12-25 18:07:38.238076
Autobus,3450,1,140,Marki Czarna Struga,1 min,Marki Hallera 02,,2024-12-25 18:07:38.238076
Autobus,4409,1,157,Szczęśliwice,1 min,Szczęśliwicka 03,,2024-12-25 18:07:38.238076
Autobus,80101,1,L35,Wołomin Szpital Powiatowy,1 min,Wołomin Miejski Dom Kultury 01,,2024-12-25 18:07:38.238076
Autobus,9252,472,203,Fort Wawrzyszew,1 min,Kwitnąca 03,,2024-12-25 18:07:38.238076
Autobus,4227,1,220,Opacz-Kolonia Rebusowa,1 min,Os. Górczewska 01,,2024-12-25 18:07:38.238076
Autobus,9525,52,715,P+R Al. Krakowska,1 min,Ursynów Płn. 07,,2024-12-25 18:07:38.238076
Autobus,9815,1,502,Metro Politechnika,1 min,Rozbrat 02,,2024-12-25 18:07:38.238076
Tramwaj,3174,7,10,Wyścigi,1 min,Klemensiewicza 03,,2024-12-25 18:07:38.238076
Tramwaj,4266,8,33,Kielecka,1 min,Rondo „Radosława” 09,,2024-12-25 18:07:38.238076
Autobus,4424,2,166,Pl. Hallera,1 min,Raabego 02,,2024-12-25 18:07:38.238076
Autobus,7248,1,177,Os. Górczewska,1 min,Lazurowa 04,,2024-12-25 18:07:38.238076
Autobus,8463,6,112,Nowe Bemowo,1 min,Metro Słodowiec 04,,2024-12-25 18:07:38.238076
Autobus,8312,3,136,Ostroroga,1 min,Miklaszewskiego 02,,2024-12-25 18:07:38.238076
Tramwaj,4006,5,28,Dw. Wschodni (Kijowska),1 min,Dw. Wschodni (Kijowska) 02,,2024-12-25 18:07:38.238076
Autobus,9932,8,190,CH Marki,1 min,Metro Młynów 05,,2024-12-25 18:07:38.238076
Tramwaj,3247,10,9,P+R Al. Krakowska,1 min,Dickensa 04,,2024-12-25 18:07:38.238076
Tramwaj,3648,4,11,Cm. Wolski,1 min,Spacerowa 06,,2024-12-25 18:07:38.238076
Tramwaj,3218,1,26,Wiatraczna,1 min,Park Praski 02,,2024-12-25 18:07:38.238076
Autobus,5403,3,140,Metro Trocka,1 min,Marki-Ratusz 01,,2024-12-25 18:07:38.238076
Autobus,9812,5,185,Gwiaździsta,1 min,Nowoursynowska 02,,2024-12-25 18:07:38.238076
Tramwaj,4268,3,16,Zjazd do zajezdni Żoliborz,0 min,Świątynia Opatrzności Bożej 04,,2024-12-25 18:07:38.238076
Autobus,4305,4,134,Olesin,0 min,Ostródzka 04,,2024-12-25 18:07:38.238076
Autobus,9824,1,719,Metro Bemowo,0 min,Wyględy 02,,2024-12-25 18:07:38.238076
Autobus,9355,4,142,Wiatraczna,0 min,Lebiodowa 02,,2024-12-25 18:07:38.238076
Autobus,9503,5,103,Metro Młociny,0 min,Metro Płocka 06,,2024-12-25 18:07:38.238076
Autobus,5906,600,111,Esperanto,0 min,Pl. Piłsudskiego 02,,2024-12-25 18:07:38.238076
Autobus,70001,1,L39,Mysiadło Dąbrówka,0 min,Piaseczno Chyliczkowska-Technikum 02,,2024-12-25 18:07:38.238076
Tramwaj,3251,5,17,Winnica,0 min,Świderska 04,,2024-12-25 18:07:38.238076
Autobus,1421,2,173,Dw. Wschodni (Lubelska),0 min,Marmurowa 02,,2024-12-25 18:07:38.238076
Autobus,7217,6,105,Rondo Daszyńskiego,0 min,Ciepłownia Wola 01,,2024-12-25 18:07:38.238076
Autobus,1063,1,164,Kępa Zawadowska,0 min,Łukowa 01,,2024-12-25 18:07:38.238076
Tramwaj,3827,7,6,Metro Młociny,0 min,Ząbkowska 04,,2024-12-25 18:07:38.238076
Tramwaj,3247,10,9,P+R Al. Krakowska,0 min,Dickensa 04,,2024-12-25 18:07:38.238076
Tramwaj,3292,6,24,Gocławek,0 min,Pl. Szembeka 04,,2024-12-25 18:07:38.238076
Autobus,7872,3,151,Pl. Konstytucji,0 min,Pl. Na Rozdrożu 06,,2024-12-25 18:07:38.238076
Autobus,8324,2,131,Sadyba,0 min,Torwar 03,,2024-12-25 18:07:38.238076
Autobus,9919,2,114,Bródno-Podgrodzie,0 min,Prozy 04,,2024-12-25 18:07:38.238076
Tramwaj,4232,1,16,Piaski,0 min,Rondo „Radosława” 06,,2024-12-25 18:07:38.238076
Autobus,4513,1,733,P+R Al. Krakowska,0 min,Parole 01,Poza trasą,2024-12-25 18:07:38.238076
Autobus,5403,3,140,Metro Trocka,0 min,Marki Fabryczna 01,,2024-12-25 18:07:38.238076
Tramwaj,4102,6,17,Winnica,0 min,Rondo „Radosława” 06,,2024-12-25 18:07:38.238076
Autobus,4215,4,154,Dw. Zachodni,0 min,Krakowiaków 05,,2024-12-25 18:07:38.238076
Autobus,9503,5,103,Metro Młociny,0 min,Metro Płocka 06,,2024-12-25 18:07:38.238076
Tramwaj,3251,5,17,Winnica,0 min,Świderska 04,,2024-12-25 18:07:38.238076
Autobus,4401,1,181,Pl. Wilsona,0 min,Przy Agorze 01,,2024-12-25 18:07:38.238076
Autobus,9819,5,502,Stara Miłosna (Graniczna),0 min,Pl. Konstytucji 01,,2024-12-25 18:07:38.238076
Autobus,9328,3,142,Aleksandrów,0 min,Wspólna Droga 02,,2024-12-25 18:07:38.238076
Tramwaj,3148,6,10,Wyścigi,0 min,Rondo Daszyńskiego 07,,2024-12-25 18:07:38.238076
Autobus,3418,3,145,Żerań FSO,0 min,Rembielińska 01,,2024-12-25 18:07:38.238076
Autobus,9503,5,103,Metro Młociny,0 min,Metro Płocka 06,,2024-12-25 18:07:38.238076
Tramwaj,3251,5,17,Winnica,0 min,Świderska 04,,2024-12-25 18:07:38.238076
Autobus,4401,1,181,Pl. Wilsona,0 min,Przy Agorze 01,,2024-12-25 18:07:38.238076
Autobus,9819,5,502,Stara Miłosna (Graniczna),0 min,Pl. Konstytucji 01,,2024-12-25 18:07:38.238076
Autobus,9328,3,142,Aleksandrów,0 min,Wspólna Droga 02,,2024-12-25 18:07:38.238076
Tramwaj,3148,6,10,Wyścigi,0 min,Rondo Daszyńskiego 07,,2024-12-25 18:07:38.238076
Autobus,3418,3,145,Żerań FSO,0 min,Rembielińska 01,,2024-12-25 18:07:38.238076
Autobus,3434,2,731,Żerań FSO,0 min,Legionowo Sielankowa 01,,2024-12-25 18:07:38.238076
Autobus,5415,1,527,Grodzisk,0 min,Os. Derby 04,,2024-12-25 18:07:38.238076
Autobus,5990,M7,127,Nowe Włochy,0 min,Wałowicka 01,,2024-12-25 18:07:38.238076
Autobus,7220,M3,191,Regulska,0 min,Dzieci Warszawy 04,,2024-12-25 18:07:38.238076
Autobus,9820,1,710,Piaseczno Targowisko,0 min,Chylice 01,,2024-12-25 18:07:38.238076
Autobus,8522,4,143,Rembertów-Kolonia,0 min,Marszałkowska 01,,2024-12-25 18:07:38.238076
Autobus,9069,459,211,Dąbrówka Wiślana,0 min,Tłuchowska 02,,2024-12-25 18:07:38.238076
Autobus,9807,M8,167,Siekierki-Sanktuarium,0 min,Al. Wielkopolski 01,,2024-12-25 18:07:38.238076
Tramwaj,3813,3,23,Czynszowa,0 min,Zajezdnia Wola 03,,2024-12-25 18:07:38.238076
Autobus,7242,508,728,Złotokłos,0 min,Raszyn Sportowa 02,,2024-12-25 18:07:38.238076
Autobus,80112,1,L33,Piaseczno Wilanowska,0 min,PKP Jeziorki 04,,2024-12-25 18:07:38.238076
Autobus,9354,4,135,Pl. Hallera,0 min,PKP Olszynka Grochowska 03,,2024-12-25 18:07:38.238076
Autobus,9820,1,710,Piaseczno Targowisko,0 min,Piaseczno Zielona 01,,2024-12-25 18:07:38.238076
Autobus,9073,458,211,Żerań FSO,0 min,Leśnej Polanki 01,,2024-12-25 18:07:38.238076
Autobus,2019,7,148,Wiatraczna,0 min,Lotnisko Chopina-Przyloty 02,,2024-12-25 18:07:38.238076
Autobus,9847,4,710,Os. Kabaty,0 min,Konstancin-Jeziorna Osiedle Mirków 02,,2024-12-25 18:07:38.238076
Autobus,9328,3,142,Aleksandrów,0 min,Wspólna Droga 02,,2024-12-25 18:07:38.238076
Tramwaj,3251,5,17,Winnica,0 min,Świderska 04,,2024-12-25 18:07:38.238076
Autobus,5402,443,500,Bródno-Podgrodzie,0 min,Rondo „Radosława” 04,,2024-12-25 18:07:38.238076
Autobus,5421,2,723,PKP Legionowo Przystanek,0 min,Legionowo Mickiewicza 05,,2024-12-25 18:07:38.238076
Autobus,4401,1,181,Pl. Wilsona,0 min,Przy Agorze 01,,2024-12-25 18:07:38.238076
Tramwaj,3131,1,22,Piaski,0 min,Wiatraczna 05,,2024-12-25 18:07:38.238076
Autobus,5403,3,140,Metro Trocka,0 min,Marki Fabryczna 01,,2024-12-25 18:07:38.238076
Autobus,70041,2,L33,PKP Jeziorki,0 min,Józefosław Agatowa 01,,2024-12-25 18:07:38.238076
Autobus,7220,M3,191,Regulska,0 min,Dzieci Warszawy 04,,2024-12-25 18:07:38.238076
Autobus,9069,459,211,Dąbrówka Wiślana,0 min,Osiedle 02,,2024-12-25 18:07:38.238076
Tramwaj,3225,1,9,Zjazd do zajezdni Mokotów,0 min,Biblioteka Narodowa 03,,2024-12-25 18:07:38.238076
Autobus,3434,2,731,Żerań FSO,0 min,Legionowo Sielankowa 01,,2024-12-25 18:07:38.238076
Autobus,5415,1,527,Grodzisk,0 min,Os. Derby 04,,2024-12-25 18:07:38.238076
Autobus,7716,5,509,Gocław,0 min,Milenijna 01,,2024-12-25 18:07:38.238076
Autobus,8522,4,143,Rembertów-Kolonia,0 min,Marszałkowska 01,,2024-12-25 18:07:38.238076
Autobus,1072,1,108,Pl. Trzech Krzyży,0 min,Figowa 02,,2024-12-25 18:07:38.238076
Autobus,4423,1,169,Dw. Wschodni (Kijowska),0 min,Dw. Wileński 01,,2024-12-25 18:07:38.238076
Autobus,8522,4,143,Rembertów-Kolonia,0 min,Marszałkowska 01,,2024-12-25 18:07:38.238076
Autobus,9069,459,211,Dąbrówka Wiślana,0 min,Osiedle 02,,2024-12-25 18:07:38.238076
Autobus,9073,458,211,Żerań FSO,0 min,Leśnej Polanki 01,,2024-12-25 18:07:38.238076
Tramwaj,3121,3,4,Wyścigi,0 min,Bródnowska 01,,2024-12-25 18:07:38.238076
Autobus,1809,4,166,Os. Kabaty,0 min,Lokajskiego 01,,2024-12-25 18:07:38.238076
Autobus,4215,4,154,Dw. Zachodni,0 min,Krakowiaków 05,,2024-12-25 18:07:38.238076
Autobus,7716,5,509,Gocław,0 min,Białołęka-Ratusz 01,,2024-12-25 18:07:38.238076
Autobus,9847,4,710,Os. Kabaty,0 min,Konstancin-Jeziorna Osiedle Mirków 02,,2024-12-25 18:07:38.238076
Autobus,4202,3,177,Ursus-Niedźwiadek,0 min,Keniga 01,,2024-12-25 18:07:38.238076
Autobus,5256,1,191,Pl. Narutowicza,0 min,Regulska 01,,2024-12-25 18:07:38.238076
Autobus,8813,1,511,Dąbrówka Wiślana,0 min,Metro Młociny 18,,2024-12-25 18:07:38.238076
Tramwaj,3127,26,17,Zjazd do zajezdni Mokotów,0 min,PKP Służewiec 12,,2024-12-25 18:07:38.238076
Tramwaj,3130,5,24,Nowe Bemowo,0 min,Gocławek 03,,2024-12-25 18:07:38.238076
Tramwaj,3136,12,33,Kielecka,0 min,Metro Młociny 15,,2024-12-25 18:07:38.238076
Tramwaj,3146,545,1,Banacha,0 min,Annopol 03,,2024-12-25 18:07:38.238076
Tramwaj,3149,542,1,Annopol,0 min,Banacha 04,,2024-12-25 18:07:38.238076
Tramwaj,3150,9,26,Wiatraczna,0 min,Metro Młociny 14,,2024-12-25 18:07:38.238076
Autobus,15086,3,L-9,PKP Legionowo,0 min,Wieliszew-Plaża 01,,2024-12-25 18:07:38.238076
Autobus,15088,2,L41,PKP Legionowo,0 min,Nowy Dwór Mazowiecki Urząd Miasta 01,,2024-12-25 18:07:38.238076
Autobus,15090,2,L11,Nowy Dwór Mazowiecki Urząd Miasta,0 min,PKP Legionowo 01,,2024-12-25 18:07:38.238076
Autobus,1807,3,197,Cm. Wolski,0 min,Gwiaździsta 04,,2024-12-25 18:07:38.238076
Autobus,1913,3,106,Ostroroga,0 min,Mariensztat 01,,2024-12-25 18:07:38.238076
Autobus,2002,4,162,EC Siekierki,0 min,Pl. Hallera 09,,2024-12-25 18:07:38.238076
Autobus,2006,3,217,Metro Wilanowska,0 min,Natolin Płn. 04,,2024-12-25 18:07:38.238076
Autobus,2007,1,131,Dw. Centralny,0 min,Sadyba 05,,2024-12-25 18:07:38.238076
Autobus,2218,1,716,Piastów Ogińskiego,0 min,Cm. Wolski 06,,2024-12-25 18:07:38.238076
Autobus,3401,5,120,Olesin,0 min,Dw. Wschodni (Kijowska) 05,,2024-12-25 18:07:38.238076
Autobus,3411,7,138,Utrata,0 min,Bokserska 05,,2024-12-25 18:07:38.238076
Autobus,3442,3,509,Winnica,0 min,Gocław 03,,2024-12-25 18:07:38.238076
Autobus,3447,63,735,Zegrze Płd.,0 min,Metro Marymont 15,,2024-12-25 18:07:38.238076
Autobus,3459,3,132,Metro Marymont,0 min,Os. Derby 02,,2024-12-25 18:07:38.238076
Autobus,35134,687,L12,Piaseczno Zgoda,0 min,Złotokłos 02,,2024-12-25 18:07:38.238076
Autobus,35137,2,L49,Chotomów,0 min,Winnica 06,,2024-12-25 18:07:38.238076
Autobus,35138,1,L49,Winnica,0 min,Chotomów 01,,2024-12-25 18:07:38.238076
Autobus,4201,3,717,Dw. Zachodni,0 min,Piastów Ogińskiego 02,,2024-12-25 18:07:38.238076
Autobus,4207,3,713,Cm. Wolski,0 min,Koprki Agricoop 01,,2024-12-25 18:07:38.238076
Autobus,3459,3,132,Metro Marymont,0 min,Os. Derby 02,,2024-12-25 18:07:38.238076
Autobus,35134,687,L12,Piaseczno Zgoda,0 min,Złotokłos 02,,2024-12-25 18:07:38.238076
Autobus,35137,2,L49,Chotomów,0 min,Winnica 06,,2024-12-25 18:07:38.238076
Autobus,35138,1,L49,Winnica,0 min,Chotomów 01,,2024-12-25 18:07:38.238076
Autobus,4201,3,717,Dw. Zachodni,0 min,Piastów Ogińskiego 02,,2024-12-25 18:07:38.238076
Autobus,4207,3,713,Cm. Wolski,0 min,Koprki Agricoop 01,,2024-12-25 18:07:38.238076
Autobus,4233,2,194,PKP Gołąbki,0 min,Cm. Wolski 08,,2024-12-25 18:07:38.238076
Autobus,4240,3,220,Opacz-Kolonia Rebusowa,0 min,Nowe Bemowo 12,,2024-12-25 18:07:38.238076
Autobus,4302,3,134,Metro Marymont,0 min,Olesin 01,,2024-12-25 18:07:38.238076
Autobus,4308,550,110,Cm. Północny-Brama Zach.,0 min,Metro Marymont 12,,2024-12-25 18:07:38.238076
Autobus,4309,1,110,Metro Marymont,0 min,Cm. Północny-Brama Zach. 01,,2024-12-25 18:07:38.238076
Autobus,4328,2,152,Tarchomin,0 min,Os. Derby 02,,2024-12-25 18:07:38.238076
Autobus,4402,2,170,Rondo Starzyńskiego,0 min,PKP Zacisze-Wilno 02,,2024-12-25 18:07:38.238076
Autobus,4409,1,157,Gwiaździsta,0 min,Szczęśliwice 02,,2024-12-25 18:07:38.238076
Autobus,4417,3,169,Dw. Wschodni (Kijowska),0 min,Bródno-Podgrodzie 06,,2024-12-25 18:07:38.238076
Autobus,4420,3,123,Dw. Wschodni (Kijowska),0 min,Dw. Wschodni (Lubelska) 04,,2024-12-25 18:07:38.238076
Autobus,5422,2,112,Nowe Bemowo,0 min,CH Marki 04,,2024-12-25 18:07:38.238076
Autobus,5424,447,500,Rondo „Radosława”,0 min,Bródno-Podgrodzie 04,,2024-12-25 18:07:38.238076
Autobus,5446,11,116,Chomiczówka,0 min,Wilanów 07,,2024-12-25 18:07:38.238076
Autobus,15090,2,L11,Nowy Dwór Mazowiecki Urząd Miasta,0 min,PKP Legionowo 01,,2024-12-25 18:07:38.238076
Autobus,1862,1,720,Rzakta,0 min,Wiatraczna 14,,2024-12-25 18:07:38.238076
Autobus,1913,3,106,Ostroroga,0 min,Mariensztat 01,,2024-12-25 18:07:38.238076
Autobus,2002,4,162,EC Siekierki,0 min,Pl. Hallera 09,,2024-12-25 18:07:38.238076
Autobus,2006,3,217,Metro Wilanowska,0 min,Natolin Płn. 04,,2024-12-25 18:07:38.238076
Autobus,2007,1,131,Dw. Centralny,0 min,Sadyba 05,,2024-12-25 18:07:38.238076
Autobus,2218,1,716,Piastów Ogińskiego,0 min,Cm. Wolski 06,,2024-12-25 18:07:38.238076
Autobus,3401,5,120,Olesin,0 min,Dw. Wschodni (Kijowska) 05,,2024-12-25 18:07:38.238076
Autobus,3403,2,120,Dw. Wschodni (Kijowska),0 min,Olesin 01,,2024-12-25 18:07:38.238076
Autobus,3411,7,138,Utrata,0 min,Bokserska 05,,2024-12-25 18:07:38.238076
Autobus,3442,3,509,Winnica,0 min,Gocław 03,,2024-12-25 18:07:38.238076
Autobus,3447,63,735,Zegrze Płd.,0 min,Metro Marymont 15,,2024-12-25 18:07:38.238076
Autobus,3459,3,132,Metro Marymont,0 min,Os. Derby 02,,2024-12-25 18:07:38.238076
Autobus,35134,687,L12,Piaseczno Zgoda,0 min,Złotokłos 02,,2024-12-25 18:07:38.238076
Autobus,35137,2,L49,Chotomów,0 min,Winnica 06,,2024-12-25 18:07:38.238076
Autobus,35138,1,L49,Winnica,0 min,Chotomów 01,,2024-12-25 18:07:38.238076
Autobus,4201,3,717,Dw. Zachodni,0 min,Piastów Ogińskiego 02,,2024-12-25 18:07:38.238076
Autobus,4207,3,713,Cm. Wolski,0 min,Koprki Agricoop 01,,2024-12-25 18:07:38.238076
Autobus,4233,2,194,PKP Gołąbki,0 min,Cm. Wolski 08,,2024-12-25 18:07:38.238076
Autobus,3447,63,735,Zegrze Płd.,0 min,Metro Marymont 15,,2024-12-25 18:07:38.238076
Autobus,3459,3,132,Metro Marymont,0 min,Os. Derby 02,,2024-12-25 18:07:38.238076
Autobus,35134,687,L12,Piaseczno Zgoda,0 min,Złotokłos 02,,2024-12-25 18:07:38.238076
Autobus,35137,2,L49,Chotomów,0 min,Winnica 06,,2024-12-25 18:07:38.238076
Autobus,35138,1,L49,Winnica,0 min,Chotomów 01,,2024-12-25 18:07:38.238076
Autobus,4201,3,717,Dw. Zachodni,0 min,Piastów Ogińskiego 02,,2024-12-25 18:07:38.238076
Autobus,4207,3,713,Cm. Wolski,0 min,Koprki Agricoop 01,,2024-12-25 18:07:38.238076
Autobus,4233,2,194,PKP Gołąbki,0 min,Cm. Wolski 08,,2024-12-25 18:07:38.238076
Autobus,4240,3,220,Opacz-Kolonia Rebusowa,0 min,Nowe Bemowo 12,,2024-12-25 18:07:38.238076
Autobus,4302,3,134,Metro Marymont,0 min,Olesin 01,,2024-12-25 18:07:38.238076
Autobus,4207,3,713,Cm. Wolski,0 min,Koprki Agricoop 01,,2024-12-25 18:07:38.238076
Autobus,4233,2,194,PKP Gołąbki,0 min,Cm. Wolski 08,,2024-12-25 18:07:38.238076
Autobus,4240,3,220,Opacz-Kolonia Rebusowa,0 min,Nowe Bemowo 12,,2024-12-25 18:07:38.238076
Autobus,4302,3,134,Metro Marymont,0 min,Olesin 01,,2024-12-25 18:07:38.238076
Autobus,4308,550,110,Cm. Północny-Brama Zach.,0 min,Metro Marymont 12,,2024-12-25 18:07:38.238076
Autobus,4309,1,110,Metro Marymont,0 min,Cm. Północny-Brama Zach. 01,,2024-12-25 18:07:38.238076
Autobus,4328,2,152,Tarchomin,0 min,Os. Derby 02,,2024-12-25 18:07:38.238076
Autobus,4402,2,170,Rondo Starzyńskiego,0 min,PKP Zacisze-Wilno 02,,2024-12-25 18:07:38.238076
Autobus,4409,1,157,Gwiaździsta,0 min,Szczęśliwice 02,,2024-12-25 18:07:38.238076
Autobus,4240,3,220,Opacz-Kolonia Rebusowa,0 min,Nowe Bemowo 12,,2024-12-25 18:07:38.238076
Autobus,4302,3,134,Metro Marymont,0 min,Olesin 01,,2024-12-25 18:07:38.238076
Autobus,4308,550,110,Cm. Północny-Brama Zach.,0 min,Metro Marymont 12,,2024-12-25 18:07:38.238076
Autobus,4309,1,110,Metro Marymont,0 min,Cm. Północny-Brama Zach. 01,,2024-12-25 18:07:38.238076
Autobus,4328,2,152,Tarchomin,0 min,Os. Derby 02,,2024-12-25 18:07:38.238076
Autobus,4402,2,170,Rondo Starzyńskiego,0 min,PKP Zacisze-Wilno 02,,2024-12-25 18:07:38.238076
Autobus,4409,1,157,Gwiaździsta,0 min,Szczęśliwice 02,,2024-12-25 18:07:38.238076
Autobus,4411,3,181,Cm. Północny-Brama Gł.,0 min,Pl. Wilsona 18,,2024-12-25 18:07:38.238076
Autobus,4417,3,169,Dw. Wschodni (Kijowska),0 min,Bródno-Podgrodzie 06,,2024-12-25 18:07:38.238076
Autobus,4420,3,123,Dw. Wschodni (Kijowska),0 min,Dw. Wschodni (Lubelska) 14,,2024-12-25 18:07:38.238076
Autobus,5205,3,716,Piastów Ogińskiego,0 min,Ursus-Sanktuarium 02,,2024-12-25 18:07:38.238076
Autobus,5422,2,112,Nowe Bemowo,0 min,CH Marki 04,,2024-12-25 18:07:38.238076
Autobus,5424,447,500,Rondo „Radosława”,0 min,Bródno-Podgrodzie 04,,2024-12-25 18:07:38.238076
Autobus,5446,11,116,Chomiczówka,0 min,Wilanów 07,,2024-12-25 18:07:38.238076
Autobus,5455,7,509,Gocław,0 min,Winnica 06,,2024-12-25 18:07:38.238076
Autobus,5459,2,140,Marki Czarna Struga,0 min,Metro Trocka 09,,2024-12-25 18:07:38.238076
Autobus,5884,6,127,Browarna,0 min,Nowe Włochy 01,,2024-12-25 18:07:38.238076
Autobus,5894,400,128,Pl. Piłsudskiego,0 min,Szczęśliwice 05,,2024-12-25 18:07:38.238076
Autobus,5943,448,116,Wilanów,0 min,Chomiczówka 03,,2024-12-25 18:07:38.238076
Autobus,9206,572,192,Krasnowola,0 min,Ursynów Płd. 06,,2024-12-25 18:07:38.238076
Autobus,9316,3,202,PKP Gocławek,0 min,Metro Stadion Narodowy 07,,2024-12-25 18:07:38.238076
Autobus,9322,1,153,Rembertów-Kolonia,0 min,Pastuszków 01,,2024-12-25 18:07:38.238076
Autobus,9328,3,142,Aleksandrów,0 min,Żółkiewskiego 02,,2024-12-25 18:07:38.238076
Autobus,9333,4,179,Os. Kabaty,0 min,Ursynów Płn. 05,,2024-12-25 18:07:38.238076
Autobus,9338,7,179,Os. Kabaty,0 min,Ursynów Płn. 05,,2024-12-25 18:07:38.238076
Autobus,9344,643,199,Rembertów-Strzelnica,0 min,Bródno-Podgrodzie 08,,2024-12-25 18:07:38.238076
Autobus,9348,8,179,Ursynów Płn.,0 min,Os. Kabaty 02,,2024-12-25 18:07:38.238076
Autobus,9352,2,135,PKP Olszynka Grochowska,0 min,Pl. Hallera 11,,2024-12-25 18:07:38.238076
Autobus,9506,2,159,Małe Siekierki,0 min,CH Blue City 01,,2024-12-25 18:07:38.238076
Autobus,9508,5,159,CH Blue City,0 min,Małe Siekierki 03,,2024-12-25 18:07:38.238076
Autobus,9511,2,178,Rondo Daszyńskiego,0 min,Skorosze 04,,2024-12-25 18:07:38.238076
Autobus,9518,671,729,Metro Bemowo,0 min,Mariew 01,,2024-12-25 18:07:38.238076
Autobus,9532,55,715,Ursynów Płn.,0 min,P+R Al. Krakowska 13,,2024-12-25 18:07:38.238076
Autobus,9549,1,743,Os. Górczewska,0 min,Wolica k. Płochocina 01,,2024-12-25 18:07:38.238076
Autobus,9804,3,167,Siekierki-Sanktuarium,0 min,Stare Bemowo 05,,2024-12-25 18:07:38.238076
Autobus,9810,6,185,Gwiaździsta,0 min,CH Ursynów 04,,2024-12-25 18:07:38.238076
Autobus,9817,3,502,Metro Politechnika,0 min,Stara Miłosna (Graniczna) 05,,2024-12-25 18:07:38.238076
Autobus,9829,6,502,Stara Miłosna (Graniczna),0 min,Metro Politechnika 12,,2024-12-25 18:07:38.238076
Autobus,9532,55,715,Ursynów Płn.,0 min,P+R Al. Krakowska 13,,2024-12-25 18:07:38.238076
Autobus,9549,1,743,Os. Górczewska,0 min,Wolica k. Płochocina 01,,2024-12-25 18:07:38.238076
Autobus,9804,3,167,Siekierki-Sanktuarium,0 min,Stare Bemowo 05,,2024-12-25 18:07:38.238076
Autobus,9810,6,185,Gwiaździsta,0 min,CH Ursynów 04,,2024-12-25 18:07:38.238076
Autobus,9817,3,502,Metro Politechnika,0 min,Stara Miłosna (Graniczna) 05,,2024-12-25 18:07:38.238076
Autobus,9829,6,502,Stara Miłosna (Graniczna),0 min,Metro Politechnika 12,,2024-12-25 18:07:38.238076
Autobus,9835,7,167,Fort Radiowo,0 min,Siekierki-Sanktuarium 03,,2024-12-25 18:07:38.238076
Autobus,9837,2,167,Siekierki-Sanktuarium,0 min,Stare Bemowo 05,,2024-12-25 18:07:38.238076
Autobus,9846,1,742,Góra Kalwaria Rynek,0 min,Os. Kabaty 06,,2024-12-25 18:07:38.238076
Autobus,9901,473,114,Bródno-Podgrodzie,0 min,Młociny-UKSW 01,,2024-12-25 18:07:38.238076
Autobus,9904,1,190,CH Marki,0 min,Znana 06,,2024-12-25 18:07:38.238076
Autobus,9908,7,186,Szczęśliwice,0 min,Nowodwory 09,,2024-12-25 18:07:38.238076
Autobus,9910,6,114,Młociny-UKSW,0 min,Bródno-Podgrodzie 05,,2024-12-25 18:07:38.238076
Autobus,9924,5,190,Znana,0 min,CH Marki 01,,2024-12-25 18:07:38.238076
Autobus,9910,6,114,Młociny-UKSW,0 min,Bródno-Podgrodzie 05,,2024-12-25 18:07:38.238076
Autobus,9924,5,190,Znana,0 min,CH Marki 01,,2024-12-25 18:07:38.238076
Autobus,9951,2,190,CH Marki,0 min,Znana 06,,2024-12-25 18:07:38.238076
Autobus,9953,2,210,Metro Młociny,0 min,Truskaw Skibińskiego 01,,2024-12-25 18:07:38.238076
Autobus,15090,2,L11,Nowy Dwór Mazowiecki Urząd Miasta,0 min,PKP Legionowo 01,,2024-12-25 18:07:38.238076
Autobus,9904,1,190,CH Marki,0 min,Znana 06,,2024-12-25 18:07:38.238076
Autobus,9908,7,186,Szczęśliwice,0 min,Nowodwory 09,,2024-12-25 18:07:38.238076
Autobus,9910,6,114,Młociny-UKSW,0 min,Bródno-Podgrodzie 05,,2024-12-25 18:07:38.238076
Autobus,9924,5,190,Znana,0 min,CH Marki 01,,2024-12-25 18:07:38.238076
Autobus,9951,2,190,CH Marki,0 min,Znana 06,,2024-12-25 18:07:38.238076
Autobus,9953,2,210,Metro Młociny,0 min,Truskaw Skibińskiego 01,,2024-12-25 18:07:38.238076
Autobus,15090,2,L11,Nowy Dwór Mazowiecki Urząd Miasta,0 min,PKP Legionowo 01,,2024-12-25 18:07:38.238076
Pociąg,1061,,WKD,Grodzisk Mazowiecki Radońska,0 min,Podkowa Leśna Zachodnia,,2024-12-25 18:07:38.238076
Pociąg,1063,,WKD,Grodzisk Mazowiecki Radońska,0 min,Warszawa Zachodnia WKD,,2024-12-25 18:07:38.238076
Pociąg,2028,,WKD,,0 min,,,2024-12-25 18:07:38.238076
Pociąg,1060,,WKD,Warszawa Śródmieście WKD,0 min,Komorów,,2024-12-25 18:07:38.238076
Tramwaj,3243,12,9,Zjazd do zajezdni Mokotów,0 min,Wiatraczna 11,,2024-12-25 18:07:38.238076
Autobus,2234,4,191,Regulska,0 min,Szczęśliwicka 52,,2024-12-25 18:07:38.238076
Autobus,4305,4,134,Olesin,0 min,Krzemienna 02,,2024-12-25 18:07:38.238076
Autobus,70007,694,L23,Konstancin-Jeziorna Jasna,0 min,Żabieniec Polna 01,,2024-12-25 18:07:38.238076
Autobus,9229,574,209,Dawidy,0 min,Pelikanów 01,,2024-12-25 18:07:38.238076
Tramwaj,3219,541,1,Annopol,0 min,Okopowa 08,,2024-12-25 18:07:38.238076
Autobus,7737,8,509,Winnica,0 min,Płochocińska 02,,2024-12-25 18:07:38.238076
Autobus,1552,6,157,Gwiaździsta,0 min,Pl. Starynkiewicza 06,,2024-12-25 18:07:38.238076
Tramwaj,3291,3,26,Wiatraczna,0 min,Wrocławska 05,,2024-12-25 18:07:38.238076
Tramwaj,3822,1,23,Nowe Bemowo,0 min,Kino Femina 06,,2024-12-25 18:07:38.238076
Autobus,1007,2,213,Błota,0 min,Meissnera 01,,2024-12-25 18:07:38.238076
Tramwaj,3225,1,9,Zjazd do zajezdni Mokotów,0 min,Metro Pole Mokotowskie 03,,2024-12-25 18:07:38.238076
Tramwaj,3271,2,15,P+R Al. Krakowska,0 min,Pl. Zbawiciela 03,,2024-12-25 18:07:38.238076
Tramwaj,4102,6,17,Winnica,0 min,Pl. Grunwaldzki 04,,2024-12-25 18:07:38.238076
Tramwaj,3278,7,33,Kielecka,0 min,Rondo ONZ 03,,2024-12-25 18:07:38.238076
Tramwaj,4266,8,33,Kielecka,0 min,Rondo „Radosława” 09,,2024-12-25 18:07:38.238076
Autobus,1552,6,157,Gwiaździsta,0 min,Pl. Starynkiewicza 06,,2024-12-25 18:07:38.238076
Autobus,1809,4,166,Os. Kabaty,0 min,Kiepury 01,,2024-12-25 18:07:38.238076
Autobus,4211,1,713,Koprki Agricoop,0 min,Karolin 02,,2024-12-25 18:07:38.238076
Autobus,7701,2,151,Rechniewskiego,0 min,Kompasowa 01,,2024-12-25 18:07:38.238076
Autobus,7816,7,520,Marysin,0 min,Saska 02,,2024-12-25 18:07:38.238076
Tramwaj,4015,4,22,Wiatraczna,0 min,Sady Żoliborskie 03,,2024-12-25 18:07:38.238076
Tramwaj,4007,3,15,P+R Al. Krakowska,0 min,Gen. Zajączka 03,,2024-12-25 18:07:38.238076
Autobus,80102,2,L45,CH Marki,0 min,Marki Karłowicza 02,,2024-12-25 18:07:38.238076
Autobus,9850,6,167,Stare Bemowo,0 min,Stępińska 02,,2024-12-25 18:07:38.238076
Tramwaj,3134,1,10,Os. Górczewska,0 min,Fort Wola 04,,2024-12-25 18:07:38.238076
Autobus,1071,4,163,Metro Wilanowska,0 min,Płaskowickiej 03,,2024-12-25 18:07:38.238076
Autobus,7701,2,151,Rechniewskiego,0 min,Kompasowa 01,,2024-12-25 18:07:38.238076
Autobus,7816,7,520,Marysin,0 min,Saska 02,,2024-12-25 18:07:38.238076
Tramwaj,4015,4,22,Wiatraczna,0 min,Sady Żoliborskie 03,,2024-12-25 18:07:38.238076
Tramwaj,4007,3,15,P+R Al. Krakowska,0 min,Gen. Zajączka 03,,2024-12-25 18:07:38.238076
Pociąg,2028,,WKD,,0 min,,,2024-12-25 18:07:38.238076
Pociąg,1060,,WKD,Warszawa Śródmieście WKD,0 min,Komorów,,2024-12-25 18:07:38.238076
Autobus,3414,444,500,Rondo „Radosława”,0 min,Łojewska 01,,2024-12-25 18:07:38.238076
Autobus,1063,1,164,Kępa Zawadowska,0 min,Karczocha 01,,2024-12-25 18:07:38.238076
Autobus,1207,426,739,Metro Wilanowska,0 min,Łagiewnicka 02,,2024-12-25 18:07:38.238076
Autobus,3456,1,132,Os. Derby,0 min,Żerań FSO 04,,2024-12-25 18:07:38.238076
Tramwaj,3291,3,26,Wiatraczna,0 min,Radiowa 05,,2024-12-25 18:07:38.238076
Autobus,1007,2,213,Błota,0 min,Meissnera 01,,2024-12-25 18:07:38.238076
Tramwaj,3271,2,15,P+R Al. Krakowska,0 min,Metro Politechnika 04,,2024-12-25 18:07:38.238076
Tramwaj,3278,7,33,Kielecka,0 min,Dw. Centralny 09,,2024-12-25 18:07:38.238076
Autobus,1552,6,157,Gwiaździsta,0 min,Pl. Starynkiewicza 06,,2024-12-25 18:07:38.238076
Autobus,1809,4,166,Os. Kabaty,0 min,Kiepury 01,,2024-12-25 18:07:38.238076
Autobus,4211,1,713,Koprki Agricoop,0 min,Karolin 02,,2024-12-25 18:07:38.238076
Autobus,7701,2,151,Rechniewskiego,0 min,Kompasowa 01,,2024-12-25 18:07:38.238076
Autobus,9507,4,159,CH Blue City,0 min,Legia-Stadion 02,,2024-12-25 18:07:38.238076
Tramwaj,4019,4,15,Marymont-Potok,0 min,Gen. Zajączka 04,,2024-12-25 18:07:38.238076
Autobus,1072,1,108,Pl. Trzech Krzyży,0 min,Budexpo 02,,2024-12-25 18:07:38.238076
Autobus,5457,2,132,Metro Marymont,0 min,PKP Toruńska 03,,2024-12-25 18:07:38.238076
Autobus,6213,6,517,Pl. Trzech Krzyży,0 min,Dw. Zachodni 01,,2024-12-25 18:07:38.238076
Autobus,7888,6,520,Marysin,0 min,Zajezdnia Ostrobramska 02,,2024-12-25 18:07:38.238076
Autobus,9955,4,114,Młociny-UKSW,0 min,Kwitnąca 02,,2024-12-25 18:07:38.238076
Tramwaj,4015,4,22,Wiatraczna,0 min,Pl. Grunwaldzki 07,,2024-12-25 18:07:38.238076
Tramwaj,3820,6,28,Dw. Wschodni (Kijowska),0 min,Baseny Inflancka 03,,2024-12-25 18:07:38.238076
Autobus,1060,1,139,Ogród Botaniczny,0 min,Konstancin-Jeziorna Warszawska 01,,2024-12-25 18:07:38.238076
Autobus,4202,3,177,Ursus-Niedźwiadek,0 min,PKP Ursus-Niedźwiadek 02,,2024-12-25 18:07:38.238076
Autobus,1118,5,166,Os. Kabaty,0 min,Nowoursynowska 03,,2024-12-25 18:07:38.238076
Autobus,5942,606,507,Gocław,0 min,Muzeum Narodowe 01,,2024-12-25 18:07:38.238076
Tramwaj,3291,3,26,Wiatraczna,1 min przed czasem,Radiowa 05,,2024-12-25 18:07:38.238076
Autobus,1903,5,106,Mariensztat,1 min przed czasem,Sołtyka 01,,2024-12-25 18:07:38.238076
Autobus,8346,4,131,Dw. Centralny,1 min przed czasem,Krucza 02,,2024-12-25 18:07:38.238076
Autobus,5911,5,158,CH Reduta,1 min przed czasem,Most Poniatowskiego 02,,2024-12-25 18:07:38.238076
Tramwaj,3198,546,1,Annopol,1 min przed czasem,Rondo Starzyńskiego 04,,2024-12-25 18:07:38.238076
Autobus,5942,606,507,Gocław,0 min,Muzeum Narodowe 01,,2024-12-25 18:07:38.238076
Tramwaj,3291,3,26,Wiatraczna,1 min przed czasem,Radiowa 05,,2024-12-25 18:07:38.238076
Autobus,1903,5,106,Mariensztat,1 min przed czasem,Sołtyka 01,,2024-12-25 18:07:38.238076
Autobus,8346,4,131,Dw. Centralny,1 min przed czasem,Krucza 02,,2024-12-25 18:07:38.238076
Autobus,5911,5,158,CH Reduta,1 min przed czasem,Most Poniatowskiego 02,,2024-12-25 18:07:38.238076
Tramwaj,3198,546,1,Annopol,1 min przed czasem,Rondo Starzyńskiego 04,,2024-12-25 18:07:38.238076
Autobus,1060,1,139,Ogród Botaniczny,1 min przed czasem,Konstancin-Jeziorna Os. Konstancja 01,,2024-12-25 18:07:38.238076
Autobus,5891,4,127,Browarna,1 min przed czasem,Czerniakowska 01,,2024-12-25 18:07:38.238076
Autobus,6200,2,517,Ursus-Niedźwiadek,1 min przed czasem,Popularna 02,,2024-12-25 18:07:38.238076
Autobus,9507,4,159,CH Blue City,1 min przed czasem,Rozbrat 06,,2024-12-25 18:07:38.238076
Autobus,9919,2,114,Bródno-Podgrodzie,1 min przed czasem,Metro Młociny 01,,2024-12-25 18:07:38.238076
Autobus,7872,3,151,Pl. Konstytucji,1 min przed czasem,Pl. Konstytucji 09,,2024-12-25 18:07:38.238076
Autobus,9913,4,186,Szczęśliwice,1 min przed czasem,PKP Wola (Kasprzaka) 05,,2024-12-25 18:07:38.238076
Autobus,1204,632,165,Metro Wilanowska,1 min przed czasem,Cybernetyki 02,,2024-12-25 18:07:38.238076
Autobus,9955,4,114,Młociny-UKSW,1 min przed czasem,Kwitnąca 02,,2024-12-25 18:07:38.238076
Autobus,4408,4,197,Gwiaździsta,1 min przed czasem,Obrońców Tobruku 03,,2024-12-25 18:07:38.238076
Autobus,9311,646,199,Rembertów-Strzelnica,1 min przed czasem,Łojewska 01,,2024-12-25 18:07:38.238076
Autobus,1223,5,251,Metro Wilanowska,1 min przed czasem,Wilanów 02,,2024-12-25 18:07:38.238076
Autobus,3433,4,509,Gocław,1 min przed czasem,Afrykańska 01,,2024-12-25 18:07:38.238076
Autobus,7872,3,151,Pl. Konstytucji,1 min przed czasem,Pl. Konstytucji 09,,2024-12-25 18:07:38.238076
Autobus,9913,4,186,Szczęśliwice,1 min przed czasem,PKP Wola (Kasprzaka) 05,,2024-12-25 18:07:38.238076
Autobus,1204,632,165,Metro Wilanowska,1 min przed czasem,Cybernetyki 02,,2024-12-25 18:07:38.238076
Autobus,9955,4,114,Młociny-UKSW,1 min przed czasem,Kwitnąca 02,,2024-12-25 18:07:38.238076
Autobus,4408,4,197,Gwiaździsta,1 min przed czasem,Obrońców Tobruku 03,,2024-12-25 18:07:38.238076
Autobus,9311,646,199,Rembertów-Strzelnica,1 min przed czasem,Łojewska 01,,2024-12-25 18:07:38.238076
Autobus,1223,5,251,Metro Wilanowska,1 min przed czasem,Wilanów 02,,2024-12-25 18:07:38.238076
Autobus,3433,4,509,Gocław,1 min przed czasem,Afrykańska 01,,2024-12-25 18:07:38.238076
Autobus,9913,4,186,Szczęśliwice,1 min przed czasem,PKP Wola (Kasprzaka) 05,,2024-12-25 18:07:38.238076
Autobus,4408,4,197,Gwiaździsta,1 min przed czasem,Obrońców Tobruku 03,,2024-12-25 18:07:38.238076
Autobus,9919,2,114,Bródno-Podgrodzie,1 min przed czasem,Metro Młociny 01,,2024-12-25 18:07:38.238076
Autobus,9343,642,245,Ząbki Maczka,1 min przed czasem,Klamrowa 02,,2024-12-25 18:07:38.238076
Autobus,9311,646,199,Rembertów-Strzelnica,1 min przed czasem,Łojewska 01,,2024-12-25 18:07:38.238076
Tramwaj,4219,1,11,Sielce,1 min przed czasem,PKP Wola (Kasprzaka) 03,,2024-12-25 18:07:38.238076
Autobus,1060,1,139,Ogród Botaniczny,1 min przed czasem,Konstancin-Jeziorna Os. Konstancja 01,,2024-12-25 18:07:38.238076
Tramwaj,3117,5,4,Żerań Wschodni,1 min przed czasem,Inowłodzka 04,,2024-12-25 18:07:38.238076
Autobus,3433,4,509,Gocław,1 min przed czasem,Afrykańska 01,,2024-12-25 18:07:38.238076
Autobus,5402,443,500,Bródno-Podgrodzie,1 min przed czasem,Baseny Inflancka 01,,2024-12-25 18:07:38.238076
Autobus,9520,51,737,Antoninów Cm. Południowy-Brama Płd.,1 min przed czasem,Lesznowola Szkolna 02,,2024-12-25 18:07:38.238076
Autobus,3433,4,509,Gocław,1 min przed czasem,Afrykańska 01,,2024-12-25 18:07:38.238076
Autobus,5402,443,500,Bródno-Podgrodzie,1 min przed czasem,Baseny Inflancka 01,,2024-12-25 18:07:38.238076
Autobus,9520,51,737,Antoninów Cm. Południowy-Brama Płd.,1 min przed czasem,Lesznowola Szkolna 02,,2024-12-25 18:07:38.238076
Autobus,9522,53,715,Ursynów Płn.,1 min przed czasem,Sójki 03,,2024-12-25 18:07:38.238076
Autobus,9507,4,159,CH Blue City,1 min przed czasem,Rozbrat 06,,2024-12-25 18:07:38.238076
Tramwaj,3283,5,26,Metro Młociny,1 min przed czasem,Metro Młociny 05,,2024-12-25 18:07:38.238076
Autobus,2234,4,191,Regulska,1 min przed czasem,Śmigłowca 02,,2024-12-25 18:07:38.238076
Autobus,9933,5,114,Młociny-UKSW,1 min przed czasem,Pl. Wilsona 06,,2024-12-25 18:07:38.238076
Autobus,1812,2,212,CH Targówek,1 min przed czasem,Rolanda 02,,2024-12-25 18:07:38.238076
Autobus,6208,7,172,Sadyba,1 min przed czasem,Czarnomorska 51,,2024-12-25 18:07:38.238076
Autobus,7810,1,521,Falenica,1 min przed czasem,Falenica 03,,2024-12-25 18:07:38.238076
Autobus,8454,4,738,P+R Radzymin,1 min przed czasem,Marki Szpitalna 02,,2024-12-25 18:07:38.238076
Autobus,7810,1,521,Falenica,1 min przed czasem,Falenica 03,,2024-12-25 18:07:38.238076
Autobus,8454,4,738,P+R Radzymin,1 min przed czasem,Marki Szpitalna 02,,2024-12-25 18:07:38.238076
Tramwaj,3283,5,26,Metro Młociny,1 min przed czasem,Metro Młociny 05,,2024-12-25 18:07:38.238076
Autobus,1204,632,165,Metro Wilanowska,1 min przed czasem,Cybernetyki 02,,2024-12-25 18:07:38.238076
Autobus,7744,1,704,PKP Halinów,1 min przed czasem,Gocławek 02,,2024-12-25 18:07:38.238076
Tramwaj,3142,524,1,Zjazd do zajezdni Praga,1 min przed czasem,Kijowska 06,,2024-12-25 18:07:38.238076
Autobus,6208,7,172,Sadyba,1 min przed czasem,Czarnomorska 51,,2024-12-25 18:07:38.238076
Autobus,7810,1,521,Falenica,1 min przed czasem,Falenica 03,,2024-12-25 18:07:38.238076
Autobus,8454,4,738,P+R Radzymin,1 min przed czasem,Marki Szpitalna 02,,2024-12-25 18:07:38.238076
Tramwaj,3283,5,26,Metro Młociny,1 min przed czasem,Metro Młociny 05,,2024-12-25 18:07:38.238076
Autobus,1204,632,165,Metro Wilanowska,1 min przed czasem,Cybernetyki 02,,2024-12-25 18:07:38.238076
Autobus,7744,1,704,PKP Halinów,1 min przed czasem,Gocławek 02,,2024-12-25 18:07:38.238076
Tramwaj,3142,524,1,Zjazd do zajezdni Praga,1 min przed czasem,Kijowska 06,,2024-12-25 18:07:38.238076
Tramwaj,3811,7,20,Żerań FSO,1 min przed czasem,Metro Ratusz Arsenał 09,,2024-12-25 18:07:38.238076
Autobus,1023,3,163,Metro Wilanowska,1 min przed czasem,Stegny 02,,2024-12-25 18:07:38.238076
Tramwaj,4237,3,11,Cm. Wolski,1 min przed czasem,Szpital Wolski 04,,2024-12-25 18:07:38.238076
Autobus,9503,5,103,Metro Młociny,1 min przed czasem,Grenady 02,,2024-12-25 18:07:38.238076
Tramwaj,3204,523,1,Zjazd do zajezdni Annopol,1 min przed czasem,Rembielińska 04,,2024-12-25 18:07:38.238076
Autobus,1219,633,165,Wyczółki,1 min przed czasem,Bokserska 01,,2024-12-25 18:07:38.238076
Autobus,8307,2,504,Dw. Centralny,1 min przed czasem,Gotarda 02,,2024-12-25 18:07:38.238076
Tramwaj,4102,6,17,Winnica,1 min przed czasem,Pl. Grunwaldzki 04,,2024-12-25 18:07:38.238076
Autobus,1030,1,163,Centrum Onkologii,1 min przed czasem,Centrum Onkologii 03,,2024-12-25 18:07:38.238076
Autobus,8818,7,136,Natolin Płn.,1 min przed czasem,PKP Wola (Wolska) 05,,2024-12-25 18:07:38.238076
Tramwaj,3813,3,23,Czynszowa,1 min przed czasem,Okopowa 03,,2024-12-25 18:07:38.238076
Autobus,4231,1,194,PKP Gołąbki,1 min przed czasem,Keniga 04,,2024-12-25 18:07:38.238076
Autobus,9503,5,103,Metro Młociny,1 min przed czasem,Grenady 02,,2024-12-25 18:07:38.238076
Autobus,4434,2,181,Cm. Północny-Brama Gł.,1 min przed czasem,Dzierżoniowska 04,,2024-12-25 18:07:38.238076
Tramwaj,3142,524,1,Zjazd do zajezdni Praga,1 min przed czasem,Kijowska 06,,2024-12-25 18:07:38.238076
Tramwaj,3191,3,22,Wiatraczna,1 min przed czasem,Dw. Centralny 07,,2024-12-25 18:07:38.238076
Autobus,1072,1,108,Pl. Trzech Krzyży,1 min przed czasem,Bartycka 02,,2024-12-25 18:07:38.238076
Autobus,9507,4,159,CH Blue City,1 min przed czasem,Rozbrat 06,,2024-12-25 18:07:38.238076
Autobus,2021,4,709,Metro Wilanowska,1 min przed czasem,Mysiadło Dąbrówka 02,,2024-12-25 18:07:38.238076
Autobus,5402,443,500,Bródno-Podgrodzie,1 min przed czasem,Baseny Inflancka 01,,2024-12-25 18:07:38.238076
Autobus,70007,694,L23,Konstancin-Jeziorna Jasna,1 min przed czasem,Żabieniec Kościół 02,,2024-12-25 18:07:38.238076
Autobus,1204,632,165,Metro Wilanowska,1 min przed czasem,Cybernetyki 02,,2024-12-25 18:07:38.238076
Autobus,1807,3,197,Cm. Wolski,1 min przed czasem,Gwiaździsta 04,,2024-12-25 18:07:38.238076
Autobus,9850,6,167,Stare Bemowo,1 min przed czasem,Spacerowa 04,,2024-12-25 18:07:38.238076
Autobus,9535,4,103,Metro Młociny,1 min przed czasem,AWF 06,,2024-12-25 18:07:38.238076
Autobus,9807,M8,167,Siekierki-Sanktuarium,1 min przed czasem,Wiśniowa 51,,2024-12-25 18:07:38.238076
Tramwaj,3820,6,28,Dw. Wschodni (Kijowska),1 min przed czasem,Dw. Gdański 07,,2024-12-25 18:07:38.238076
Autobus,7230,1,711,P+R Nadarzyn,1 min przed czasem,Nadarzyn Komorowska-Hotel 02,,2024-12-25 18:07:38.238076
Autobus,7730,319,525,Dw. Centralny,1 min przed czasem,Przyczółek Grochowski 03,,2024-12-25 18:07:38.238076
Autobus,8818,7,136,Natolin Płn.,1 min przed czasem,PKP Wola (Wolska) 05,,2024-12-25 18:07:38.238076
Autobus,9503,5,103,Metro Młociny,1 min przed czasem,Pl. Pole Elekcyjne 06,,2024-12-25 18:07:38.238076
Autobus,8895,2,138,Utrata,1 min przed czasem,Zabraniecka 02,,2024-12-25 18:07:38.238076
Autobus,9512,653,149,Metro Bemowo,1 min przed czasem,Metro Bemowo 01,,2024-12-25 18:07:38.238076
Autobus,9202,571,192,Ursynów Płd.,1 min przed czasem,Ursynów Płd. 06,,2024-12-25 18:07:38.238076
Autobus,9920,5,186,Szczęśliwice,1 min przed czasem,Park Kaskada 06,,2024-12-25 18:07:38.238076
Tramwaj,3028,4,28,Os. Górczewska,1 min przed czasem,Dw. Gdański 08,,2024-12-25 18:07:38.238076
Tramwaj,3157,8,9,Gocławek,1 min przed czasem,Pl. Zawiszy 05,,2024-12-25 18:07:38.238076
Tramwaj,3117,5,4,Żerań Wschodni,1 min przed czasem,Inowłodzka 04,,2024-12-25 18:07:38.238076
Autobus,9850,6,167,Stare Bemowo,1 min przed czasem,Spacerowa 04,,2024-12-25 18:07:38.238076
Tramwaj,3191,3,22,Wiatraczna,1 min przed czasem,Dw. Centralny 07,,2024-12-25 18:07:38.238076
Autobus,9202,571,192,Ursynów Płd.,1 min przed czasem,Ursynów Płd. 06,,2024-12-25 18:07:38.238076
Autobus,9812,5,185,Gwiaździsta,1 min przed czasem,Bergamotki 02,,2024-12-25 18:07:38.238076
Autobus,1060,1,139,Ogród Botaniczny,1 min przed czasem,Konstancin-Jeziorna Borowa 01,,2024-12-25 18:07:38.238076
Autobus,7730,319,525,Dw. Centralny,1 min przed czasem,Przyczółek Grochowski 03,,2024-12-25 18:07:38.238076
Autobus,8306,3,504,Dw. Centralny,1 min przed czasem,Metro Kabaty 04,,2024-12-25 18:07:38.238076
Tramwaj,3820,6,28,Dw. Wschodni (Kijowska),1 min przed czasem,Dw. Gdański 07,,2024-12-25 18:07:38.238076
Autobus,1525,5,141,P+R Al. Krakowska,1 min przed czasem,Szwoleżerów 01,,2024-12-25 18:07:38.238076
Autobus,9311,646,199,Rembertów-Strzelnica,1 min przed czasem,Szpital Bródnowski 02,,2024-12-25 18:07:38.238076
Tramwaj,3204,523,1,Zjazd do zajezdni Annopol,1 min przed czasem,Poborzańska 02,,2024-12-25 18:07:38.238076
Autobus,1060,1,139,Ogród Botaniczny,1 min przed czasem,Konstancin-Jeziorna Borowa 01,,2024-12-25 18:07:38.238076
Autobus,7730,319,525,Dw. Centralny,1 min przed czasem,Przyczółek Grochowski 03,,2024-12-25 18:07:38.238076
Autobus,8306,3,504,Dw. Centralny,1 min przed czasem,Metro Kabaty 04,,2024-12-25 18:07:38.238076
Tramwaj,3820,6,28,Dw. Wschodni (Kijowska),1 min przed czasem,Dw. Gdański 07,,2024-12-25 18:07:38.238076
Autobus,1525,5,141,P+R Al. Krakowska,1 min przed czasem,Szwoleżerów 01,,2024-12-25 18:07:38.238076
Autobus,9311,646,199,Rembertów-Strzelnica,1 min przed czasem,Szpital Bródnowski 02,,2024-12-25 18:07:38.238076
Tramwaj,3204,523,1,Zjazd do zajezdni Annopol,1 min przed czasem,Poborzańska 02,,2024-12-25 18:07:38.238076
Autobus,1219,633,165,Wyczółki,1 min przed czasem,Taborowa 01,,2024-12-25 18:07:38.238076
Autobus,6232,M5,189,Sadyba,1 min przed czasem,Klarysewska 01,,2024-12-25 18:07:38.238076
Autobus,9503,5,103,Metro Młociny,1 min przed czasem,Pl. Pole Elekcyjne 06,,2024-12-25 18:07:38.238076
Tramwaj,3293,6,22,Piaski,1 min przed czasem,Sady Żoliborskie 04,,2024-12-25 18:07:38.238076
Autobus,9801,1,167,Siekierki-Sanktuarium,1 min przed czasem,Ordona-WSA 01,,2024-12-25 18:07:38.238076
Autobus,8307,2,504,Dw. Centralny,1 min przed czasem,Gotarda 02,,2024-12-25 18:07:38.238076
Tramwaj,4226,7,16,Zjazd do zajezdni Mokotów,1 min przed czasem,Woronicza 10,,2024-12-25 18:07:38.238076
Autobus,4434,2,181,Cm. Północny-Brama Gł.,1 min przed czasem,Tułowicka 02,,2024-12-25 18:07:38.238076
Autobus,8825,6,504,Os. Kabaty,1 min przed czasem,Pomnik Lotnika 01,,2024-12-25 18:07:38.238076
Autobus,9512,653,149,Metro Bemowo,1 min przed czasem,Metro Bemowo 01,,2024-12-25 18:07:38.238076
Autobus,9802,4,167,Fort Radiowo,1 min przed czasem,Os. Górczewska 02,,2024-12-25 18:07:38.238076
Tramwaj,3813,3,23,Czynszowa,1 min przed czasem,Wola-Ratusz 03,,2024-12-25 18:07:38.238076
Tramwaj,3198,546,1,Annopol,1 min przed czasem,Rondo Starzyńskiego 08,,2024-12-25 18:07:38.238076
Autobus,1538,5,115,PKP Mokry Ług,1 min przed czasem,PKP Międzylesie 06,,2024-12-25 18:07:38.238076
Autobus,1424,450,147,Stara Miłosna (Ułańska),1 min przed czasem,Rogatkowa 02,,2024-12-25 18:07:38.238076
Autobus,9507,4,159,CH Blue City,1 min przed czasem,Wiejska 02,,2024-12-25 18:07:38.238076
Autobus,1546,449,147,Dw. Wschodni (Lubelska),1 min przed czasem,Torfowa 03,,2024-12-25 18:07:38.238076
Autobus,1807,3,197,Cm. Wolski,1 min przed czasem,Gwiaździsta 04,,2024-12-25 18:07:38.238076
Autobus,5911,5,158,CH Reduta,1 min przed czasem,Centrum 06,,2024-12-25 18:07:38.238076
Autobus,9503,5,103,Metro Młociny,1 min przed czasem,Pl. Pole Elekcyjne 06,,2024-12-25 18:07:38.238076
Tramwaj,3121,3,4,Wyścigi,1 min przed czasem,Dw. Wileński 03,,2024-12-25 18:07:38.238076
Autobus,8454,4,738,P+R Radzymin,1 min przed czasem,Marki Szkolna 02,,2024-12-25 18:07:38.238076
Autobus,1524,3,119,Wiśniowa Góra,1 min przed czasem,Narodowa 01,,2024-12-25 18:07:38.238076
Autobus,8307,2,504,Dw. Centralny,1 min przed czasem,Gotarda 02,,2024-12-25 18:07:38.238076
Autobus,5405,9,509,Gocław,1 min przed czasem,Dw. Wileński 01,,2024-12-25 18:07:38.238076
Tramwaj,3191,3,22,Wiatraczna,1 min przed czasem,Dw. Centralny 07,,2024-12-25 18:07:38.238076
Autobus,8818,7,136,Natolin Płn.,1 min przed czasem,PKP Wola (Wolska) 05,,2024-12-25 18:07:38.238076
Autobus,4212,2,717,Dw. Zachodni,1 min przed czasem,Dw. Zachodni 06,,2024-12-25 18:07:38.238076
Autobus,4407,4,169,Bródno-Podgrodzie,1 min przed czasem,Żuromińska 02,,2024-12-25 18:07:38.238076
Autobus,6232,M5,189,Sadyba,1 min przed czasem,Klarysewska 01,,2024-12-25 18:07:38.238076
Autobus,8895,2,138,Utrata,1 min przed czasem,Zabraniecka 02,,2024-12-25 18:07:38.238076
Autobus,8307,2,504,Dw. Centralny,1 min przed czasem,Gotarda 02,,2024-12-25 18:07:38.238076
Autobus,5405,9,509,Gocław,1 min przed czasem,Dw. Wileński 01,,2024-12-25 18:07:38.238076
Tramwaj,3191,3,22,Wiatraczna,1 min przed czasem,Dw. Centralny 07,,2024-12-25 18:07:38.238076
Autobus,8818,7,136,Natolin Płn.,1 min przed czasem,PKP Wola (Wolska) 05,,2024-12-25 18:07:38.238076
Autobus,4212,2,717,Dw. Zachodni,1 min przed czasem,Dw. Zachodni 06,,2024-12-25 18:07:38.238076
Autobus,4407,4,169,Bródno-Podgrodzie,1 min przed czasem,Żuromińska 02,,2024-12-25 18:07:38.238076
Autobus,6232,M5,189,Sadyba,1 min przed czasem,Klarysewska 01,,2024-12-25 18:07:38.238076
Autobus,8895,2,138,Utrata,1 min przed czasem,Zabraniecka 02,,2024-12-25 18:07:38.238076
Autobus,1060,1,139,Ogród Botaniczny,1 min przed czasem,Konstancin-Jeziorna Borowa 01,,2024-12-25 18:07:38.238076
Autobus,4223,3,154,Dw. Zachodni,1 min przed czasem,Dw. Zachodni 02,Poza trasą,2024-12-25 18:07:38.238076
Autobus,8538,3,131,Sadyba,1 min przed czasem,Centrum 15,,2024-12-25 18:07:38.238076
Autobus,5911,5,158,CH Reduta,1 min przed czasem,Centrum 06,,2024-12-25 18:07:38.238076
Autobus,8818,7,136,Natolin Płn.,1 min przed czasem,PKP Wola (Wolska) 05,,2024-12-25 18:07:38.238076
Autobus,8825,6,504,Os. Kabaty,1 min przed czasem,Pomnik Lotnika 01,,2024-12-25 18:07:38.238076
Tramwaj,4226,7,16,Zjazd do zajezdni Mokotów,1 min przed czasem,Woronicza 10,,2024-12-25 18:07:38.238076
Autobus,5959,5,127,Browarna,1 min przed czasem,Dw. Zachodni 01,,2024-12-25 18:07:38.238076
Autobus,9507,4,159,CH Blue City,1 min przed czasem,Wiejska 02,,2024-12-25 18:07:38.238076
Tramwaj,3820,6,28,Dw. Wschodni (Kijowska),1 min przed czasem,Dw. Gdański 07,,2024-12-25 18:07:38.238076
Autobus,8538,3,131,Sadyba,1 min przed czasem,Centrum 15,,2024-12-25 18:07:38.238076
Autobus,5911,5,158,CH Reduta,1 min przed czasem,Centrum 06,,2024-12-25 18:07:38.238076
Autobus,8818,7,136,Natolin Płn.,1 min przed czasem,PKP Wola (Wolska) 05,,2024-12-25 18:07:38.238076
Autobus,8825,6,504,Os. Kabaty,1 min przed czasem,Pomnik Lotnika 01,,2024-12-25 18:07:38.238076
Tramwaj,4226,7,16,Zjazd do zajezdni Mokotów,1 min przed czasem,Woronicza 10,,2024-12-25 18:07:38.238076
Autobus,5959,5,127,Browarna,1 min przed czasem,Dw. Zachodni 01,,2024-12-25 18:07:38.238076
Autobus,9507,4,159,CH Blue City,1 min przed czasem,Wiejska 02,,2024-12-25 18:07:38.238076
Tramwaj,3820,6,28,Dw. Wschodni (Kijowska),1 min przed czasem,Dw. Gdański 07,,2024-12-25 18:07:38.238076
Tramwaj,3129,21,1,Zjazd do zajezdni Praga,1 min przed czasem,Rondo „Radosława” 07,,2024-12-25 18:07:38.238076
Tramwaj,3191,3,22,Wiatraczna,1 min przed czasem,Dw. Centralny 07,,2024-12-25 18:07:38.238076
Tramwaj,4206,1,2,Winnica,1 min przed czasem,Metro Młociny 28,,2024-12-25 18:07:38.238076
Autobus,7230,1,711,P+R Nadarzyn,1 min przed czasem,Nadarzyn Komorowska-Hotel 02,,2024-12-25 18:07:38.238076
Autobus,7888,6,520,Marysin,1 min przed czasem,Płowiecka 04,,2024-12-25 18:07:38.238076
Autobus,8454,4,738,P+R Radzymin,1 min przed czasem,Marki Szkolna 02,,2024-12-25 18:07:38.238076
Tramwaj,3117,5,4,Żerań Wschodni,1 min przed czasem,Inowłodzka 04,,2024-12-25 18:07:38.238076
Tramwaj,3293,6,22,Piaski,1 min przed czasem,Sady Żoliborskie 04,,2024-12-25 18:07:38.238076
Autobus,5407,4,731,Legionowo Os. Młodych,1 min przed czasem,Dębowa 02,,2024-12-25 18:07:38.238076
Autobus,8559,1,519,Powsin-Park Kultury,1 min przed czasem,Czekoladowa 01,,2024-12-25 18:07:38.238076
Autobus,9802,4,167,Fort Radiowo,1 min przed czasem,Os. Górczewska 02,,2024-12-25 18:07:38.238076
Autobus,8528,8,143,Dw. Zachodni,2 min przed czasem,Wiatraczna 09,,2024-12-25 18:07:38.238076
Tramwaj,3242,5,15,Marymont-Potok,2 min przed czasem,Pl. Konstytucji 06,,2024-12-25 18:07:38.238076
Autobus,4422,1,240,Marki Pustelnik,2 min przed czasem,Marki Szkolna 02,,2024-12-25 18:07:38.238076
Tramwaj,4201,2,16,Piaski,2 min przed czasem,Centrum 08,,2024-12-25 18:07:38.238076
Autobus,9206,572,192,Krasnowola,2 min przed czasem,Metro Stokłosy 02,,2024-12-25 18:07:38.238076
Autobus,9946,3,186,Nowodwory,2 min przed czasem,Skorochód-Majewskiego 01,,2024-12-25 18:07:38.238076
Autobus,4421,5,138,Utrata,2 min przed czasem,Bokserska 05,,2024-12-25 18:07:38.238076
Autobus,8590,3,738,P+R Radzymin,2 min przed czasem,Radzymin Korczaka 02,,2024-12-25 18:07:38.238076
Autobus,9311,646,199,Rembertów-Strzelnica,2 min przed czasem,Szpital Bródnowski 02,,2024-12-25 18:07:38.238076
Autobus,2040,3,709,Metro Wilanowska,2 min przed czasem,Metro Wilanowska 12,,2024-12-25 18:07:38.238076
Autobus,3412,2,738,Metro Trocka,2 min przed czasem,Marki Hallera 01,,2024-12-25 18:07:38.238076
Autobus,1211,3,166,Pl. Hallera,2 min przed czasem,Metro Kabaty 03,,2024-12-25 18:07:38.238076
Tramwaj,3813,3,23,Czynszowa,2 min przed czasem,Kino Femina 05,,2024-12-25 18:07:38.238076
Autobus,6238,3,172,CH Blue City,2 min przed czasem,Szczęśliwicka 52,,2024-12-25 18:07:38.238076
Autobus,9522,53,715,Ursynów Płn.,2 min przed czasem,Makolągwy 01,,2024-12-25 18:07:38.238076
Autobus,6230,1,141,Witolin,2 min przed czasem,Dolna 03,,2024-12-25 18:07:38.238076
Autobus,1835,2,702,Wiatraczna,2 min przed czasem,Przewodowa 02,,2024-12-25 18:07:38.238076
Autobus,5914,4,158,Witolin,3 min przed czasem,Muzeum Narodowe 01,,2024-12-25 18:07:38.238076
Autobus,4247,7,122,Os. Górczewska,3 min przed czasem,Gwiaździsta 01,,2024-12-25 18:07:38.238076
Autobus,1211,3,166,Pl. Hallera,2 min przed czasem,Metro Kabaty 03,,2024-12-25 18:07:38.238076
Tramwaj,3813,3,23,Czynszowa,2 min przed czasem,Kino Femina 05,,2024-12-25 18:07:38.238076
Autobus,6238,3,172,CH Blue City,2 min przed czasem,Szczęśliwicka 52,,2024-12-25 18:07:38.238076
Autobus,1211,3,166,Pl. Hallera,2 min przed czasem,Metro Kabaty 03,,2024-12-25 18:07:38.238076
Autobus,9311,646,199,Rembertów-Strzelnica,2 min przed czasem,Szpital Bródnowski 02,,2024-12-25 18:07:38.238076
Autobus,3412,2,738,Metro Trocka,2 min przed czasem,Marki Hallera 01,,2024-12-25 18:07:38.238076
Tramwaj,3242,5,15,Marymont-Potok,2 min przed czasem,Hoża 04,,2024-12-25 18:07:38.238076
Autobus,8590,3,738,P+R Radzymin,2 min przed czasem,Radzymin Słowackiego 02,,2024-12-25 18:07:38.238076
Autobus,9206,572,192,Krasnowola,2 min przed czasem,Metro Stokłosy 02,,2024-12-25 18:07:38.238076
Autobus,1835,2,702,Wiatraczna,2 min przed czasem,Przewodowa 02,,2024-12-25 18:07:38.238076
Autobus,6230,1,141,Witolin,2 min przed czasem,Dolna 03,,2024-12-25 18:07:38.238076
Autobus,6238,3,172,CH Blue City,2 min przed czasem,Szczęśliwicka 52,,2024-12-25 18:07:38.238076
Autobus,9522,53,715,Ursynów Płn.,2 min przed czasem,Makolągwy 01,,2024-12-25 18:07:38.238076
Autobus,5914,4,158,Witolin,2 min przed czasem,Muzeum Narodowe 01,,2024-12-25 18:07:38.238076
Autobus,4247,7,122,Os. Górczewska,2 min przed czasem,Gwiaździsta 01,,2024-12-25 18:07:38.238076
Autobus,9504,862,714,Koczargi Stare,2 min przed czasem,Metro Bemowo 02,,2024-12-25 18:07:38.238076
Tramwaj,4260,5,2,Metro Młociny,3 min przed czasem,Winnica 03,,2024-12-25 18:07:38.238076
Autobus,7246,1,703,P+R Al. Krakowska,3 min przed czasem,Szyszkowa 01,,2024-12-25 18:07:38.238076
Autobus,8527,2,174,Rondo ONZ,3 min przed czasem,Dw. Centralny 04,,2024-12-25 18:07:38.238076
Autobus,6238,3,172,CH Blue City,2 min przed czasem,Szczęśliwicka 52,,2024-12-25 18:07:38.238076
Autobus,9522,53,715,Ursynów Płn.,2 min przed czasem,Makolągwy 01,,2024-12-25 18:07:38.238076
Autobus,5914,4,158,Witolin,2 min przed czasem,Muzeum Narodowe 01,,2024-12-25 18:07:38.238076
Autobus,4247,7,122,Os. Górczewska,2 min przed czasem,Gwiaździsta 01,,2024-12-25 18:07:38.238076
Autobus,9504,862,714,Koczargi Stare,2 min przed czasem,Metro Bemowo 02,,2024-12-25 18:07:38.238076
Tramwaj,4260,5,2,Metro Młociny,3 min przed czasem,Winnica 03,,2024-12-25 18:07:38.238076
Autobus,7246,1,703,P+R Al. Krakowska,3 min przed czasem,Szyszkowa 01,,2024-12-25 18:07:38.238076
Autobus,8527,2,174,Rondo ONZ,3 min przed czasem,Dw. Centralny 04,,2024-12-25 18:07:38.238076
Autobus,5980,3,518,Nowodwory,3 min przed czasem,Park Kaskada 05,,2024-12-25 18:07:38.238076
Autobus,5930,3,158,Witolin,3 min przed czasem,Śmigłowca 01,,2024-12-25 18:07:38.238076
Autobus,1206,428,739,Piaseczno Julianowska-Cmentarz,3 min przed czasem,Julianów Srebrnych Świerków 01,,2024-12-25 18:07:38.238076
Autobus,776,1,150,Metro Młociny,3 min przed czasem,Dziekanów Leśny 01,,2024-12-25 18:07:38.238076
Autobus,35158,692,L19,Pieczyska,3 min przed czasem,Nowe Wągrodno 01,,2024-12-25 18:07:38.238076
Autobus,9524,2,103,Brylowska,3 min przed czasem,Metro Młociny 01,,2024-12-25 18:07:38.238076
Autobus,6219,3,122,Gwiaździsta,4 min przed czasem,Os. Górczewska 01,,2024-12-25 18:07:38.238076
Autobus,1203,424,727,Antoninów Cm. Południowy-Brama Płd.,4 min przed czasem,Gołków Zielona 03,,2024-12-25 18:07:38.238076
Autobus,5204,5,136,Natolin Płn.,4 min przed czasem,Centrum Onkologii 01,,2024-12-25 18:07:38.238076
Autobus,1540,4,141,P+R Al. Krakowska,4 min przed czasem,Novotel 01,,2024-12-25 18:07:38.238076
Autobus,9351,1,135,PKP Olszynka Grochowska,4 min przed czasem,Kompasowa 01,,2024-12-25 18:07:38.238076
Autobus,2217,6,136,Natolin Płn.,4 min przed czasem,Konstruktorska 01,,2024-12-25 18:07:38.238076
Autobus,6240,9,523,PKP Olszynka Grochowska,6 min przed czasem,Osiedle Młodych 02,,2024-12-25 18:07:38.238076
Autobus,8885,M9,189,Sadyba,7 min przed czasem,Os. Górczewska 01,,2024-12-25 18:07:38.238076
Autobus,9509,1,178,Rondo Daszyńskiego,7 min przed czasem,Rondo Zesłańców Syberyjskich 06,,2024-12-25 18:07:38.238076
Autobus,1069,2,108,Łososiowa,8 min przed czasem,Pl. Trzech Krzyży 02,,2024-12-25 18:07:38.238076
Autobus,4246,6,220,Nowe Bemowo,8 min przed czasem,Opacz-Kolonia Rebusowa 02,,2024-12-25 18:07:38.238076
Autobus,9512,653,149,Groty,8 min przed czasem,Metro Bemowo 02,,2024-12-25 18:07:38.238076
Autobus,6225,4,157,Szczęśliwice,9 min przed czasem,Gwiaździsta 04,,2024-12-25 18:07:38.238076
Autobus,5912,408,175,Pl. Piłsudskiego,11 min przed czasem,Lotnisko Chopina-Przyloty 02,,2024-12-25 18:07:38.238076
Autobus,8526,371,174,Rondo ONZ,14 min przed czasem,Bokserska 05,,2024-12-25 18:07:38.238076
Autobus,5240,2,105,Rondo Daszyńskiego,14 min przed czasem,Os. Górczewska 01,,2024-12-25 18:07:38.238076
Autobus,8328,8,148,Wiatraczna,15 min przed czasem,Lotnisko Chopina-Przyloty 02,,2024-12-25 18:07:38.238076
Tramwaj,4211,3,2,Winnica,20 min przed czasem,Metro Młociny 28,,2024-12-25 18:07:38.238076
Autobus,4244,4,122,Gwiaździsta,23 min przed czasem,Os. Górczewska 01,,2024-12-25 18:07:38.238076
Autobus,9519,3,103,Brylowska,23 min przed czasem,Metro Młociny 01,,2024-12-25 18:07:38.238076
Autobus,2217,6,136,Natolin Płn.,4 min przed czasem,Konstruktorska 01,,2024-12-25 18:07:38.238076
Autobus,6240,9,523,PKP Olszynka Grochowska,6 min przed czasem,Osiedle Młodych 02,,2024-12-25 18:07:38.238076
Autobus,8885,M9,189,Sadyba,7 min przed czasem,Os. Górczewska 01,,2024-12-25 18:07:38.238076
Autobus,9509,1,178,Rondo Daszyńskiego,7 min przed czasem,Rondo Zesłańców Syberyjskich 06,,2024-12-25 18:07:38.238076
Autobus,1069,2,108,Łososiowa,8 min przed czasem,Pl. Trzech Krzyży 02,,2024-12-25 18:07:38.238076
Autobus,4246,6,220,Nowe Bemowo,8 min przed czasem,Opacz-Kolonia Rebusowa 02,,2024-12-25 18:07:38.238076
Autobus,9512,653,149,Groty,8 min przed czasem,Metro Bemowo 02,,2024-12-25 18:07:38.238076
Autobus,6225,4,157,Szczęśliwice,9 min przed czasem,Gwiaździsta 04,,2024-12-25 18:07:38.238076
Autobus,5912,408,175,Pl. Piłsudskiego,11 min przed czasem,Lotnisko Chopina-Przyloty 02,,2024-12-25 18:07:38.238076
Autobus,1540,4,141,P+R Al. Krakowska,4 min przed czasem,Novotel 01,,2024-12-25 18:07:38.238076
Autobus,2217,6,136,Natolin Płn.,4 min przed czasem,Domaniewska 01,,2024-12-25 18:07:38.238076
Tramwaj,4278,6,33,Metro Młociny,5 min przed czasem,Kielecka 02,,2024-12-25 18:07:38.238076
Autobus,6240,9,523,PKP Olszynka Grochowska,6 min przed czasem,Chłopickiego 02,,2024-12-25 18:07:38.238076
Autobus,8885,M9,189,Sadyba,6 min przed czasem,Os. Górczewska 01,,2024-12-25 18:07:38.238076
Tramwaj,4278,6,33,Metro Młociny,5 min przed czasem,Kielecka 02,,2024-12-25 18:07:38.238076
Autobus,6240,9,523,PKP Olszynka Grochowska,6 min przed czasem,Chłopickiego 02,,2024-12-25 18:07:38.238076
Autobus,8885,M9,189,Sadyba,6 min przed czasem,Os. Górczewska 01,,2024-12-25 18:07:38.238076
Autobus,9509,1,178,Rondo Daszyńskiego,6 min przed czasem,Rondo Zesłańców Syberyjskich 06,,2024-12-25 18:07:38.238076
Autobus,1069,2,108,Łososiowa,7 min przed czasem,Pl. Trzech Krzyży 02,,2024-12-25 18:07:38.238076
Autobus,9512,653,149,Groty,8 min przed czasem,Metro Bemowo 02,,2024-12-25 18:07:38.238076
Autobus,4246,6,220,Nowe Bemowo,8 min przed czasem,Opacz-Kolonia Rebusowa 02,,2024-12-25 18:07:38.238076
Autobus,6225,4,157,Szczęśliwice,9 min przed czasem,Gwiaździsta 04,,2024-12-25 18:07:38.238076
Autobus,5912,408,175,Pl. Piłsudskiego,11 min przed czasem,Lotnisko Chopina-Przyloty 02,,2024-12-25 18:07:38.238076
Autobus,8526,371,174,Rondo ONZ,14 min przed czasem,Bokserska 05,,2024-12-25 18:07:38.238076
Autobus,5240,2,105,Rondo Daszyńskiego,14 min przed czasem,Os. Górczewska 01,,2024-12-25 18:07:38.238076
Autobus,8328,8,148,Wiatraczna,15 min przed czasem,Lotnisko Chopina-Przyloty 02,,2024-12-25 18:07:38.238076
Tramwaj,4211,3,2,Winnica,20 min przed czasem,Metro Młociny 28,,2024-12-25 18:07:38.238076
Autobus,9519,3,103,Brylowska,23 min przed czasem,Metro Młociny 01,,2024-12-25 18:07:38.238076
Autobus,4244,4,122,Gwiaździsta,23 min przed czasem,Os. Górczewska 01,,2024-12-25 18:07:38.238076
