Type,Vehicle No,Brigade,Route,Trip Headsign,Delay,Stop Name,Outside,Timestamp
Autobus,9340,1,198,Stara Miłosna (Ułańska),19 min,Stara Miłosna (Ułańska) 04,,2024-12-25 07:07:58.001038
Autobus,7748,1,525,Międzylesie,16 min,Dw. Centralny 21,,2024-12-25 07:07:58.001038
Autobus,3460,4,112,Nowe Bemowo,14 min,CH Marki 04,,2024-12-25 07:07:58.001038
Autobus,5973,4,116,Wilanów,13 min,Chomiczówka 02,,2024-12-25 07:07:58.001038
Autobus,7735,4,185,Gwiaździsta,7 min,Szpital Południowy 03,Poza trasą,2024-12-25 07:07:58.001038
Autobus,7872,3,151,Pl. Konstytucji,7 min,Poligonowa 04,,2024-12-25 07:07:58.001038
Autobus,9522,53,715,P+R Al. Krakowska,7 min,Stoicka 01,,2024-12-25 07:07:58.001038
Autobus,4307,2,134,Olesin,5 min,Turmoncka 02,,2024-12-25 07:07:58.001038
Autobus,15088,2,L41,PKP Legionowo,5 min,Jabłonna Szarych Szeregów 02,,2024-12-25 07:07:58.001038
Autobus,5236,5,122,Os. Górczewska,4 min,Pl. Wilsona 03,,2024-12-25 07:07:58.001038
Autobus,4503,2,220,Nowe Bemowo,4 min,Starodęby 04,,2024-12-25 07:07:58.001038
Autobus,3445,1,731,Żerań FSO,4 min,Jabłonna Leśna 01,,2024-12-25 07:07:58.001038
Autobus,8456,4,112,Nowe Bemowo,4 min,CH Targówek 01,,2024-12-25 07:07:58.001038
Autobus,5950,1,180,Wilanów,4 min,Pl. Piłsudskiego 01,,2024-12-25 07:07:58.001038
Autobus,1904,1,106,Mariensztat,4 min,Al. Jana Pawła II 01,,2024-12-25 07:07:58.001038
Autobus,2002,4,162,EC Siekierki,4 min,Al. Witosa 01,,2024-12-25 07:07:58.001038
Tramwaj,3157,8,9,P+R Al. Krakowska,3 min,Włochy-Ratusz 04,,2024-12-25 07:07:58.001038
Autobus,9912,496,186,Nowodwory,3 min,Szczęśliwicka 52,,2024-12-25 07:07:58.001038
Autobus,8532,4,189,Os. Górczewska,3 min,Hynka 06,,2024-12-25 07:07:58.001038
Autobus,3445,1,731,Żerań FSO,4 min,Jabłonna Leśna 01,,2024-12-25 07:07:58.001038
Autobus,1904,1,106,Mariensztat,4 min,Al. Jana Pawła II 01,,2024-12-25 07:07:58.001038
Autobus,5950,1,180,Wilanów,4 min,Pl. Piłsudskiego 01,,2024-12-25 07:07:58.001038
Autobus,8456,4,112,Nowe Bemowo,4 min,CH Targówek 01,,2024-12-25 07:07:58.001038
Autobus,2002,4,162,EC Siekierki,4 min,Gołkowska 03,,2024-12-25 07:07:58.001038
Tramwaj,3157,8,9,P+R Al. Krakowska,3 min,Włochy-Ratusz 04,,2024-12-25 07:07:58.001038
Autobus,3412,2,738,P+R Radzymin,3 min,Młodzieńcza 04,,2024-12-25 07:07:58.001038
Autobus,8532,4,189,Os. Górczewska,3 min,Hynka 06,,2024-12-25 07:07:58.001038
Autobus,772,4,750,Palmiry,3 min,Łomianki ICDS 02,,2024-12-25 07:07:58.001038
Autobus,8552,2,162,Pl. Hallera,3 min,Szwoleżerów 04,,2024-12-25 07:07:58.001038
Autobus,7204,6,189,Os. Górczewska,3 min,Wróbla 02,,2024-12-25 07:07:58.001038
Tramwaj,3232,2,24,Gocławek,3 min,Pl. Zawiszy 05,,2024-12-25 07:07:58.001038
Tramwaj,3260,7,17,PKP Służewiec,3 min,Winnica 05,,2024-12-25 07:07:58.001038
Autobus,1552,6,157,Szczęśliwice,3 min,Klaudyny 03,,2024-12-25 07:07:58.001038
Autobus,1200,425,709,Metro Wilanowska,3 min,Metro Wilanowska 11,,2024-12-25 07:07:58.001038
Autobus,1554,1,122,Gwiaździsta,3 min,Hala Wola 02,,2024-12-25 07:07:58.001038
Autobus,3458,802,500,Rondo „Radosława”,3 min,Rondo Starzyńskiego 01,,2024-12-25 07:07:58.001038
Autobus,7747,6,143,Dw. Zachodni,3 min,Czerwonych Beretów 01,,2024-12-25 07:07:58.001038
Tramwaj,3212,522,3,Annopol,3 min,Dw. Wileński 08,,2024-12-25 07:07:58.001038
Tramwaj,3232,2,24,Gocławek,3 min,Pl. Zawiszy 05,,2024-12-25 07:07:58.001038
Tramwaj,3260,7,17,PKP Służewiec,3 min,Winnica 05,,2024-12-25 07:07:58.001038
Autobus,1552,6,157,Szczęśliwice,3 min,Klaudyny 03,,2024-12-25 07:07:58.001038
Autobus,1200,425,709,Metro Wilanowska,3 min,Metro Wilanowska 11,,2024-12-25 07:07:58.001038
Autobus,1554,1,122,Gwiaździsta,3 min,Hala Wola 02,,2024-12-25 07:07:58.001038
Autobus,3458,802,500,Rondo „Radosława”,3 min,Rondo Starzyńskiego 01,,2024-12-25 07:07:58.001038
Autobus,7747,6,143,Dw. Zachodni,3 min,Czerwonych Beretów 01,,2024-12-25 07:07:58.001038
Tramwaj,3212,522,3,Annopol,3 min,Dw. Wileński 08,,2024-12-25 07:07:58.001038
Autobus,9810,6,185,CH Ursynów,3 min,Miklaszewskiego 04,,2024-12-25 07:07:58.001038
Tramwaj,3146,545,1,Banacha,3 min,Bitwy Warszawskiej 1920 r. 07,,2024-12-25 07:07:58.001038
Autobus,1807,3,197,Cm. Wolski,3 min,Fort Wola 06,,2024-12-25 07:07:58.001038
Autobus,70033,1,L25,Piaseczno Zgoda,3 min,Góra Kalwaria Kalwaryjska 02,,2024-12-25 07:07:58.001038
Tramwaj,3818,2,28,Dw. Wschodni (Kijowska),2 min,Radiowa 06,,2024-12-25 07:07:58.001038
Autobus,5437,6,145,Żerań FSO,2 min,Gontarska 02,,2024-12-25 07:07:58.001038
Tramwaj,3810,3,20,Żerań FSO,2 min,WAT 03,,2024-12-25 07:07:58.001038
Autobus,1550,439,147,Stara Miłosna (Ułańska),2 min,Wodniaków 02,,2024-12-25 07:07:58.001038
Autobus,4201,3,717,Piastów Ogińskiego,2 min,Rondo Zesłańców Syberyjskich 02,,2024-12-25 07:07:58.001038
Autobus,9312,1,202,PKP Gocławek,2 min,Tor Kolarski 02,,2024-12-25 07:07:58.001038
Tramwaj,3156,1,6,Metro Młociny,2 min,Pl. Wilsona 12,,2024-12-25 07:07:58.001038
Tramwaj,3212,522,3,Annopol,3 min,Dw. Wileński 08,,2024-12-25 07:07:58.001038
Autobus,9810,6,185,CH Ursynów,3 min,Miklaszewskiego 04,,2024-12-25 07:07:58.001038
Autobus,7747,6,143,Dw. Zachodni,3 min,Czerwonych Beretów 01,,2024-12-25 07:07:58.001038
Autobus,1552,6,157,Szczęśliwice,3 min,Sobocka 01,,2024-12-25 07:07:58.001038
Autobus,4201,3,717,Piastów Ogińskiego,3 min,Rondo Zesłańców Syberyjskich 02,,2024-12-25 07:07:58.001038
Autobus,5437,6,145,Żerań FSO,3 min,Gontarska 02,,2024-12-25 07:07:58.001038
Autobus,8894,3,138,Utrata,3 min,Woronicza 02,,2024-12-25 07:07:58.001038
Tramwaj,3156,1,6,Metro Młociny,3 min,Pl. Wilsona 12,,2024-12-25 07:07:58.001038
Autobus,1200,425,709,Metro Wilanowska,3 min,Metro Wilanowska 11,,2024-12-25 07:07:58.001038
Autobus,4238,1,154,P+R Al. Krakowska,2 min,Bitwy Warszawskiej 1920 r. 02,,2024-12-25 07:07:58.001038
Tramwaj,3818,2,28,Dw. Wschodni (Kijowska),2 min,Radiowa 06,,2024-12-25 07:07:58.001038
Autobus,9312,1,202,PKP Gocławek,2 min,Tor Kolarski 02,,2024-12-25 07:07:58.001038
Autobus,1550,439,147,Stara Miłosna (Ułańska),2 min,Wodniaków 02,,2024-12-25 07:07:58.001038
Autobus,1221,632,218,Metro Wilanowska,2 min,Królikarnia 08,,2024-12-25 07:07:58.001038
Tramwaj,3810,3,20,Żerań FSO,2 min,WAT 03,,2024-12-25 07:07:58.001038
Autobus,5909,405,175,Pl. Piłsudskiego,2 min,Lotnisko Chopina-Przyloty 02,,2024-12-25 07:07:58.001038
Autobus,6207,2,189,Sadyba,2 min,Os. Górczewska 01,,2024-12-25 07:07:58.001038
Autobus,9910,6,114,Młociny-UKSW,2 min,Al. Reymonta 05,,2024-12-25 07:07:58.001038
Autobus,1425,5,173,Dw. Wschodni (Lubelska),2 min,Stara Miłosna (Graniczna) 02,,2024-12-25 07:07:58.001038
Autobus,1425,5,173,Dw. Wschodni (Lubelska),3 min,Stara Miłosna (Graniczna) 02,,2024-12-25 07:07:58.001038
Tramwaj,3810,3,20,Żerań FSO,2 min,WAT 03,,2024-12-25 07:07:58.001038
Tramwaj,3818,2,28,Dw. Wschodni (Kijowska),2 min,Radiowa 06,,2024-12-25 07:07:58.001038
Autobus,1554,1,122,Gwiaździsta,2 min,Hala Wola 02,,2024-12-25 07:07:58.001038
Autobus,9312,1,202,PKP Gocławek,2 min,Tor Kolarski 02,,2024-12-25 07:07:58.001038
Autobus,1550,439,147,Stara Miłosna (Ułańska),2 min,Wodniaków 02,,2024-12-25 07:07:58.001038
Autobus,4238,1,154,P+R Al. Krakowska,2 min,Bitwy Warszawskiej 1920 r. 02,,2024-12-25 07:07:58.001038
Autobus,9910,6,114,Młociny-UKSW,2 min,Conrada 04,,2024-12-25 07:07:58.001038
Tramwaj,4265,12,16,Piaski,2 min,Św. Bonifacego 06,,2024-12-25 07:07:58.001038
Autobus,9808,3,185,Gwiaździsta,2 min,Sielce 02,,2024-12-25 07:07:58.001038
Autobus,1200,425,709,Metro Wilanowska,2 min,Metro Wilanowska 11,,2024-12-25 07:07:58.001038
Autobus,15087,1,L11,PKP Legionowo,2 min,Janówek Pierwszy Kwiatowa 01,,2024-12-25 07:07:58.001038
Tramwaj,3805,2,6,Metro Młociny,2 min,Kijowska 04,,2024-12-25 07:07:58.001038
Autobus,4408,4,197,Cm. Wolski,2 min,Ogrody Działkowe Piaski 02,,2024-12-25 07:07:58.001038
Autobus,2019,7,148,Wiatraczna,2 min,Beethovena 02,,2024-12-25 07:07:58.001038
Autobus,80115,1,L44,PKP Wołomin,2 min,Marki Struga-Kościół 02,,2024-12-25 07:07:58.001038
Autobus,8889,2,136,Ostroroga,2 min,Metro Ursynów 02,,2024-12-25 07:07:58.001038
Autobus,1812,2,212,Pl. Hallera,2 min,Kołowa 01,,2024-12-25 07:07:58.001038
Tramwaj,3252,3,9,P+R Al. Krakowska,2 min,Wspólna Droga 03,,2024-12-25 07:07:58.001038
Autobus,1200,425,709,Metro Wilanowska,2 min,Metro Wilanowska 11,,2024-12-25 07:07:58.001038
Autobus,15087,1,L11,PKP Legionowo,2 min,Janówek Pierwszy Kwiatowa 01,,2024-12-25 07:07:58.001038
Tramwaj,3805,2,6,Metro Młociny,2 min,Kijowska 04,,2024-12-25 07:07:58.001038
Autobus,4408,4,197,Cm. Wolski,2 min,Ogrody Działkowe Piaski 02,,2024-12-25 07:07:58.001038
Autobus,2019,7,148,Wiatraczna,2 min,Beethovena 02,,2024-12-25 07:07:58.001038
Autobus,80115,1,L44,PKP Wołomin,2 min,Marki Struga-Kościół 02,,2024-12-25 07:07:58.001038
Autobus,8889,2,136,Ostroroga,2 min,Metro Ursynów 02,,2024-12-25 07:07:58.001038
Autobus,1812,2,212,Pl. Hallera,2 min,Kołowa 01,,2024-12-25 07:07:58.001038
Tramwaj,3252,3,9,P+R Al. Krakowska,2 min,Wspólna Droga 03,,2024-12-25 07:07:58.001038
Autobus,5256,1,191,Pl. Narutowicza,2 min,Pl. Narutowicza 16,,2024-12-25 07:07:58.001038
Autobus,8353,1,217,Metro Wilanowska,2 min,Oś Królewska 52,,2024-12-25 07:07:58.001038
Autobus,9819,5,502,Metro Politechnika,2 min,Objazdowa 01,,2024-12-25 07:07:58.001038
Autobus,1529,4,119,Rakowiecka-Sanktuarium,2 min,Bursztynowa-Szpital 01,,2024-12-25 07:07:58.001038
Autobus,6222,8,136,Ostroroga,2 min,Rondo Zesłańców Syberyjskich 06,,2024-12-25 07:07:58.001038
Autobus,5976,601,507,Dw. Centralny,2 min,Adampolska 02,,2024-12-25 07:07:58.001038
Autobus,9330,2,153,Rembertów-Kolonia,2 min,Katiuszy 01,,2024-12-25 07:07:58.001038
Autobus,9802,4,167,Stare Bemowo,2 min,Pl. Unii Lubelskiej 55,,2024-12-25 07:07:58.001038
Autobus,8328,8,148,Wiatraczna,2 min,Miklaszewskiego 03,,2024-12-25 07:07:58.001038
Autobus,9530,651,149,Groty,2 min,Iskry 02,,2024-12-25 07:07:58.001038
Autobus,1549,3,183,Zielona,1 min,Niedziałkowskiego 02,,2024-12-25 07:07:58.001038
Autobus,1063,1,164,Metro Wilanowska,1 min,Os. Arbuzowa 02,,2024-12-25 07:07:58.001038
Autobus,1422,3,115,PKP Mokry Ług,1 min,Tomaszowska 02,,2024-12-25 07:07:58.001038
Autobus,5956,3,180,Wilanów,1 min,Nalewki-Muzeum 01,,2024-12-25 07:07:58.001038
Tramwaj,4210,6,2,Winnica,1 min,Mehoffera 06,,2024-12-25 07:07:58.001038
Autobus,8890,5,504,Dw. Centralny,1 min,Poleczki 02,,2024-12-25 07:07:58.001038
Tramwaj,3140,6,6,Gocławek,1 min,Zajezdnia Żoliborz 05,,2024-12-25 07:07:58.001038
Autobus,9206,572,209,Dawidy,1 min,Łagiewnicka 01,,2024-12-25 07:07:58.001038
Autobus,4211,1,713,Cm. Wolski,1 min,Lazurowa 01,,2024-12-25 07:07:58.001038
Autobus,5415,1,527,Grodzisk,1 min,Park Magiczny 02,,2024-12-25 07:07:58.001038
Autobus,70002,2,L39,Mysiadło Dąbrówka,1 min,Piaseczno Kościelna 02,,2024-12-25 07:07:58.001038
Autobus,5883,1,127,Nowe Włochy,1 min,Płużańska 02,,2024-12-25 07:07:58.001038
Autobus,7744,1,704,Wiatraczna,1 min,PKP Halinów 01,,2024-12-25 07:07:58.001038
Autobus,1063,1,164,Metro Wilanowska,1 min,Os. Arbuzowa 02,,2024-12-25 07:07:58.001038
Autobus,5980,3,518,Bielańska,1 min,Nowodwory 08,,2024-12-25 07:07:58.001038
Autobus,7230,1,711,P+R Al. Krakowska,1 min,Janki 01,,2024-12-25 07:07:58.001038
Autobus,7868,2,704,PKP Halinów,1 min,Wiatraczna 14,,2024-12-25 07:07:58.001038
Autobus,8890,5,504,Dw. Centralny,1 min,Poleczki 02,,2024-12-25 07:07:58.001038
Autobus,9206,572,209,Dawidy,1 min,Łagiewnicka 01,,2024-12-25 07:07:58.001038
Tramwaj,3140,6,6,Gocławek,1 min,Zajezdnia Żoliborz 05,,2024-12-25 07:07:58.001038
Autobus,2217,6,136,Natolin Płn.,1 min,Płocka-Szpital 02,,2024-12-25 07:07:58.001038
Tramwaj,3218,1,26,Metro Młociny,1 min,Wola-Ratusz 04,,2024-12-25 07:07:58.001038
Tramwaj,3286,4,33,Kielecka,1 min,Bogusławskiego 03,,2024-12-25 07:07:58.001038
Autobus,7209,5,172,CH Blue City,1 min,Kostrzewskiego 52,,2024-12-25 07:07:58.001038
Tramwaj,3028,4,28,Os. Górczewska,1 min,Metro Bemowo 06,,2024-12-25 07:07:58.001038
Tramwaj,3148,6,10,Wyścigi,1 min,Klemensiewicza 03,,2024-12-25 07:07:58.001038
Tramwaj,3216,24,17,Winnica,1 min,Kulskiego 04,,2024-12-25 07:07:58.001038
Tramwaj,3140,6,6,Gocławek,1 min,Zajezdnia Żoliborz 05,,2024-12-25 07:07:58.001038
Autobus,2217,6,136,Natolin Płn.,1 min,Płocka-Szpital 02,,2024-12-25 07:07:58.001038
Tramwaj,3218,1,26,Metro Młociny,1 min,Wola-Ratusz 04,,2024-12-25 07:07:58.001038
Tramwaj,3286,4,33,Kielecka,1 min,Bogusławskiego 03,,2024-12-25 07:07:58.001038
Autobus,7209,5,172,CH Blue City,1 min,Kostrzewskiego 52,,2024-12-25 07:07:58.001038
Tramwaj,3028,4,28,Os. Górczewska,1 min,Metro Bemowo 06,,2024-12-25 07:07:58.001038
Tramwaj,3148,6,10,Wyścigi,1 min,Klemensiewicza 03,,2024-12-25 07:07:58.001038
Tramwaj,3216,24,17,Winnica,1 min,Kulskiego 04,,2024-12-25 07:07:58.001038
Tramwaj,3293,6,22,Wiatraczna,1 min,Park Olszyna 03,,2024-12-25 07:07:58.001038
Autobus,778,1,250,Metro Młociny,1 min,Cm. Północny-Brama Gł. 04,,2024-12-25 07:07:58.001038
Pociąg,1014,,WKD,Warszawa Śródmieście WKD,1 min,Warszawa Salomea,,2024-12-25 07:07:58.001038
Autobus,4411,3,181,Pl. Wilsona,1 min,UKSW 01,,2024-12-25 07:07:58.001038
Tramwaj,4210,6,2,Winnica,1 min,Stefanika 06,,2024-12-25 07:07:58.001038
Tramwaj,3249,5,9,Gocławek,1 min,Berezyńska 02,,2024-12-25 07:07:58.001038
Autobus,1052,2,208,Bitwy Warszawskiej 1920 r.,1 min,Bitwy Warszawskiej 1920 r. 10,,2024-12-25 07:07:58.001038
Autobus,9806,2,185,Gwiaździsta,1 min,Bohomolca 02,,2024-12-25 07:07:58.001038
Autobus,9085,1,161,Olecka,1 min,Izbicka-Cmentarz 03,,2024-12-25 07:07:58.001038
Tramwaj,3231,6,15,Marymont-Potok,1 min,Muranowska 08,,2024-12-25 07:07:58.001038
Tramwaj,3253,8,10,Os. Górczewska,1 min,Reduta Wolska 04,,2024-12-25 07:07:58.001038
Autobus,4411,3,181,Pl. Wilsona,1 min,UKSW 01,,2024-12-25 07:07:58.001038
Tramwaj,4210,6,2,Winnica,1 min,Stefanika 06,,2024-12-25 07:07:58.001038
Autobus,1052,2,208,Bitwy Warszawskiej 1920 r.,1 min,Bitwy Warszawskiej 1920 r. 10,,2024-12-25 07:07:58.001038
Autobus,9806,2,185,Gwiaździsta,1 min,Bohomolca 02,,2024-12-25 07:07:58.001038
Autobus,9085,1,161,Olecka,1 min,Izbicka-Cmentarz 03,,2024-12-25 07:07:58.001038
Tramwaj,4210,6,2,Winnica,1 min,Stefanika 06,,2024-12-25 07:07:58.001038
Tramwaj,3155,3,24,Gocławek,1 min,Deotymy 05,,2024-12-25 07:07:58.001038
Tramwaj,3253,8,10,Os. Górczewska,1 min,Reduta Wolska 04,,2024-12-25 07:07:58.001038
Tramwaj,3259,521,3,Annopol,1 min,Pl. Szembeka 03,,2024-12-25 07:07:58.001038
Autobus,80111,1,L46,Marki Fabryczna,1 min,Zielonka Mazurska 03,,2024-12-25 07:07:58.001038
Tramwaj,3216,24,17,Winnica,1 min,Rakowiecka-Sanktuarium 04,,2024-12-25 07:07:58.001038
Autobus,5896,8,503,Natolin Płn.,1 min,Krucza 01,,2024-12-25 07:07:58.001038
Autobus,5979,6,518,Nowodwory,1 min,Pl. Wilsona 08,,2024-12-25 07:07:58.001038
Autobus,9525,52,737,Ursynów Płn.,1 min,Władysławów 01,,2024-12-25 07:07:58.001038
Tramwaj,3290,4,26,Wiatraczna,1 min,Park Praski 02,,2024-12-25 07:07:58.001038
Autobus,6217,5,517,Pl. Trzech Krzyży,1 min,Krucza 01,,2024-12-25 07:07:58.001038
Autobus,1209,422,739,Piaseczno Julianowska-Cmentarz,1 min,Józefosław Osiedlowa 01,,2024-12-25 07:07:58.001038
Autobus,1843,61,730,Brzeziny,1 min,Zakręt Szosa Lubelska 04,,2024-12-25 07:07:58.001038
Autobus,7808,1,143,Rembertów-Kolonia,1 min,Przyczółek Grochowski 02,,2024-12-25 07:07:58.001038
Autobus,9525,52,737,Ursynów Płn.,1 min,Władysławów 01,,2024-12-25 07:07:58.001038
Tramwaj,3290,4,26,Wiatraczna,1 min,Park Praski 02,,2024-12-25 07:07:58.001038
Autobus,6217,5,517,Pl. Trzech Krzyży,1 min,Krucza 01,,2024-12-25 07:07:58.001038
Autobus,1209,422,739,Piaseczno Julianowska-Cmentarz,1 min,Józefosław Osiedlowa 01,,2024-12-25 07:07:58.001038
Autobus,1843,61,730,Brzeziny,1 min,Zakręt Szosa Lubelska 04,,2024-12-25 07:07:58.001038
Autobus,7808,1,143,Rembertów-Kolonia,1 min,Przyczółek Grochowski 02,,2024-12-25 07:07:58.001038
Autobus,8457,3,723,Żerań FSO,1 min,Arena Legionowo 01,,2024-12-25 07:07:58.001038
Autobus,4419,2,157,Gwiaździsta,1 min,Pl. Wilsona 04,,2024-12-25 07:07:58.001038
Tramwaj,3824,5,23,Czynszowa,1 min,Młynarska 03,,2024-12-25 07:07:58.001038
Autobus,5910,2,158,CH Reduta,1 min,Rondo Waszyngtona 01,,2024-12-25 07:07:58.001038
Autobus,9813,2,502,Stara Miłosna (Graniczna),1 min,Pl. Konstytucji 01,,2024-12-25 07:07:58.001038
Tramwaj,3219,541,1,Banacha,1 min,Poborzańska 01,,2024-12-25 07:07:58.001038
Autobus,7253,2,191,Pl. Narutowicza,1 min,Mikołajska 03,,2024-12-25 07:07:58.001038
Autobus,2216,1,517,Ursus-Niedźwiadek,1 min,Lalki 02,,2024-12-25 07:07:58.001038
Autobus,5955,611,111,Esperanto,1 min,Umińskiego 04,,2024-12-25 07:07:58.001038
Autobus,9341,2,198,Stara Miłosna (Ułańska),1 min,Słowackiego 02,,2024-12-25 07:07:58.001038
Autobus,5977,4,503,Konwiktorska,1 min,Dolna 56,,2024-12-25 07:07:58.001038
Autobus,5951,612,507,Gocław,1 min,Gocław 01,,2024-12-25 07:07:58.001038
Tramwaj,3158,2,3,Gocławek,1 min,Ząbkowska 03,,2024-12-25 07:07:58.001038
Tramwaj,3219,541,1,Banacha,1 min,Poborzańska 01,,2024-12-25 07:07:58.001038
Autobus,7253,2,191,Pl. Narutowicza,1 min,Mikołajska 03,,2024-12-25 07:07:58.001038
Autobus,2216,1,517,Ursus-Niedźwiadek,1 min,Lalki 02,,2024-12-25 07:07:58.001038
Autobus,5955,611,111,Esperanto,1 min,Umińskiego 04,,2024-12-25 07:07:58.001038
Autobus,9341,2,198,Stara Miłosna (Ułańska),1 min,Słowackiego 02,,2024-12-25 07:07:58.001038
Autobus,5977,4,503,Konwiktorska,1 min,Dolna 56,,2024-12-25 07:07:58.001038
Autobus,5951,612,507,Gocław,1 min,Gocław 01,,2024-12-25 07:07:58.001038
Tramwaj,3158,2,3,Gocławek,1 min,Ząbkowska 03,,2024-12-25 07:07:58.001038
Autobus,1539,441,146,Dw. Wschodni (Lubelska),1 min,Kijowska 01,,2024-12-25 07:07:58.001038
Autobus,6244,509,728,Złotokłos,1 min,Raszyn Szkolna 02,,2024-12-25 07:07:58.001038
Autobus,15081,M5,L10,Komornica-Szkoła,1 min,Wieliszew Magnolii 02,,2024-12-25 07:07:58.001038
Tramwaj,4268,3,16,Miasteczko Wilanów,1 min,Piaski 03,,2024-12-25 07:07:58.001038
Autobus,1427,1,115,Aleksandrów,1 min,Eskulapów 01,,2024-12-25 07:07:58.001038
Autobus,7711,6,509,Gocław,1 min,Milenijna 01,,2024-12-25 07:07:58.001038
Autobus,8521,1,709,Metro Wilanowska,1 min,Wyścigi 02,,2024-12-25 07:07:58.001038
Tramwaj,3293,6,22,Wiatraczna,1 min,Włościańska 03,,2024-12-25 07:07:58.001038
Autobus,1524,3,119,Rakowiecka-Sanktuarium,1 min,Dolna 04,,2024-12-25 07:07:58.001038
Autobus,5870,402,128,Szczęśliwice,0 min,Centrum 06,,2024-12-25 07:07:58.001038
Autobus,5978,2,518,Bielańska,0 min,Os. Potok 04,,2024-12-25 07:07:58.001038
Tramwaj,3644,5,11,Cm. Wolski,0 min,Rondo Daszyńskiego 08,,2024-12-25 07:07:58.001038
Autobus,9512,653,714,Metro Bemowo,0 min,Blizne Łaszczyńskiego 01,,2024-12-25 07:07:58.001038
Autobus,9527,54,737,Antoninów Cm. Południowy-Brama Płd.,0 min,Lesznowola Szkolna 02,,2024-12-25 07:07:58.001038
Tramwaj,4006,5,28,Os. Górczewska,0 min,Piaski 04,,2024-12-25 07:07:58.001038
Autobus,1524,3,119,Rakowiecka-Sanktuarium,0 min,Dolna 04,,2024-12-25 07:07:58.001038
Autobus,2019,7,148,Wiatraczna,0 min,Ogrody Działkowe Czerniaków 02,,2024-12-25 07:07:58.001038
Autobus,8586,1,120,Olesin,0 min,Jesiennych Liści 02,,2024-12-25 07:07:58.001038
Autobus,1843,61,730,Brzeziny,0 min,Zakręt Szosa Lubelska 04,,2024-12-25 07:07:58.001038
Autobus,8501,1,738,P+R Radzymin,0 min,Radzymin Ks. Czartoryskiej 02,,2024-12-25 07:07:58.001038
Autobus,6200,2,517,Ursus-Niedźwiadek,0 min,Łopuszańska 04,,2024-12-25 07:07:58.001038
Autobus,70047,2,L33,Piaseczno Wilanowska,0 min,PKP Jeziorki 04,,2024-12-25 07:07:58.001038
Autobus,8502,3,731,Legionowo Os. Młodych,0 min,Legionowo Urząd Miasta 01,,2024-12-25 07:07:58.001038
Autobus,9820,1,710,Os. Kabaty,0 min,Korbońskiego 04,,2024-12-25 07:07:58.001038
Autobus,9847,4,710,Piaseczno Targowisko,0 min,Konstancin-Jeziorna Południowa 01,,2024-12-25 07:07:58.001038
Autobus,1522,2,123,Dw. Wschodni (Lubelska),0 min,Meissnera 04,,2024-12-25 07:07:58.001038
Autobus,5911,5,158,Witolin,0 min,Pl. Starynkiewicza 01,,2024-12-25 07:07:58.001038
Tramwaj,3292,6,24,Nowe Bemowo,0 min,Muzeum Narodowe 06,,2024-12-25 07:07:58.001038
Autobus,8324,2,131,Dw. Centralny,0 min,Centrum 06,,2024-12-25 07:07:58.001038
Tramwaj,3275,7,15,Marymont-Potok,0 min,Nowowiejska 05,,2024-12-25 07:07:58.001038
Autobus,9820,1,710,Os. Kabaty,0 min,Korbońskiego 04,,2024-12-25 07:07:58.001038
Autobus,9847,4,710,Piaseczno Targowisko,0 min,Konstancin-Jeziorna Południowa 01,,2024-12-25 07:07:58.001038
Autobus,1522,2,123,Dw. Wschodni (Lubelska),0 min,Meissnera 04,,2024-12-25 07:07:58.001038
Autobus,5911,5,158,Witolin,0 min,Pl. Starynkiewicza 01,,2024-12-25 07:07:58.001038
Tramwaj,3292,6,24,Nowe Bemowo,0 min,Muzeum Narodowe 06,,2024-12-25 07:07:58.001038
Autobus,70002,2,L39,Mysiadło Dąbrówka,0 min,Piaseczno Chyliczkowska-Technikum 02,,2024-12-25 07:07:58.001038
Tramwaj,3120,7,9,Gocławek,0 min,P+R Al. Krakowska 01,,2024-12-25 07:07:58.001038
Tramwaj,3121,3,4,Wyścigi,0 min,Żerań Wschodni 01,,2024-12-25 07:07:58.001038
Tramwaj,3149,542,1,Banacha,0 min,Annopol 03,,2024-12-25 07:07:58.001038
Tramwaj,3174,7,10,Wyścigi,0 min,Os. Górczewska 12,,2024-12-25 07:07:58.001038
Tramwaj,3176,1,3,Annopol,0 min,Gocławek 04,,2024-12-25 07:07:58.001038
Tramwaj,3182,7,22,Wiatraczna,0 min,Piaski 05,,2024-12-25 07:07:58.001038
Tramwaj,3188,7,24,Nowe Bemowo,0 min,Gocławek 03,,2024-12-25 07:07:58.001038
Tramwaj,3191,3,22,Piaski,0 min,Wiatraczna 12,,2024-12-25 07:07:58.001038
Tramwaj,3193,3,10,Os. Górczewska,0 min,Wyścigi 07,,2024-12-25 07:07:58.001038
Tramwaj,3206,4,24,Gocławek,0 min,Nowe Bemowo 07,,2024-12-25 07:07:58.001038
Tramwaj,3210,2,7,Kawęczyńska-Bazylika,0 min,P+R Al. Krakowska 03,,2024-12-25 07:07:58.001038
Tramwaj,3174,7,10,Wyścigi,0 min,Os. Górczewska 12,,2024-12-25 07:07:58.001038
Tramwaj,3176,1,3,Annopol,0 min,Gocławek 04,,2024-12-25 07:07:58.001038
Tramwaj,3182,7,22,Wiatraczna,0 min,Piaski 05,,2024-12-25 07:07:58.001038
Tramwaj,3188,7,24,Nowe Bemowo,0 min,Gocławek 03,,2024-12-25 07:07:58.001038
Tramwaj,3191,3,22,Piaski,0 min,Wiatraczna 12,,2024-12-25 07:07:58.001038
Tramwaj,3193,3,10,Os. Górczewska,0 min,Wyścigi 07,,2024-12-25 07:07:58.001038
Tramwaj,3206,4,24,Gocławek,0 min,Nowe Bemowo 07,,2024-12-25 07:07:58.001038
Tramwaj,3210,2,7,Kawęczyńska-Bazylika,0 min,P+R Al. Krakowska 03,,2024-12-25 07:07:58.001038
Tramwaj,3222,7,4,Żerań Wschodni,0 min,Wyścigi 06,,2024-12-25 07:07:58.001038
Tramwaj,3223,3,7,Kawęczyńska-Bazylika,0 min,P+R Al. Krakowska 03,,2024-12-25 07:07:58.001038
Tramwaj,3224,2,17,Winnica,0 min,PKP Służewiec 13,,2024-12-25 07:07:58.001038
Tramwaj,3237,4,9,P+R Al. Krakowska,0 min,Gocławek 05,,2024-12-25 07:07:58.001038
Tramwaj,3241,7,26,Wiatraczna,0 min,Metro Młociny 14,,2024-12-25 07:07:58.001038
Tramwaj,3248,5,7,P+R Al. Krakowska,0 min,Kawęczyńska-Bazylika 02,,2024-12-25 07:07:58.001038
Tramwaj,3271,2,15,Marymont-Potok,0 min,P+R Al. Krakowska 02,,2024-12-25 07:07:58.001038
Tramwaj,3284,3,3,Gocławek,0 min,Annopol 02,,2024-12-25 07:07:58.001038
Tramwaj,3291,3,26,Metro Młociny,0 min,Wiatraczna 13,,2024-12-25 07:07:58.001038
Tramwaj,3648,4,11,Sielce,0 min,Cm. Wolski 05,,2024-12-25 07:07:58.001038
Tramwaj,3809,7,28,Os. Górczewska,0 min,Dw. Wschodni (Kijowska) 15,,2024-12-25 07:07:58.001038
Tramwaj,3237,4,9,P+R Al. Krakowska,0 min,Gocławek 05,,2024-12-25 07:07:58.001038
Tramwaj,3241,7,26,Wiatraczna,0 min,Metro Młociny 14,,2024-12-25 07:07:58.001038
Tramwaj,3248,5,7,P+R Al. Krakowska,0 min,Kawęczyńska-Bazylika 02,,2024-12-25 07:07:58.001038
Tramwaj,3271,2,15,Marymont-Potok,0 min,P+R Al. Krakowska 02,,2024-12-25 07:07:58.001038
Tramwaj,3284,3,3,Gocławek,0 min,Annopol 02,,2024-12-25 07:07:58.001038
Tramwaj,3291,3,26,Metro Młociny,0 min,Wiatraczna 13,,2024-12-25 07:07:58.001038
Tramwaj,3222,7,4,Żerań Wschodni,0 min,Wyścigi 06,,2024-12-25 07:07:58.001038
Tramwaj,3223,3,7,Kawęczyńska-Bazylika,0 min,P+R Al. Krakowska 03,,2024-12-25 07:07:58.001038
Tramwaj,3224,2,17,Winnica,0 min,PKP Służewiec 13,,2024-12-25 07:07:58.001038
Tramwaj,3237,4,9,P+R Al. Krakowska,0 min,Gocławek 05,,2024-12-25 07:07:58.001038
Tramwaj,3241,7,26,Wiatraczna,0 min,Metro Młociny 14,,2024-12-25 07:07:58.001038
Tramwaj,3271,2,15,Marymont-Potok,0 min,P+R Al. Krakowska 02,,2024-12-25 07:07:58.001038
Tramwaj,3284,3,3,Gocławek,0 min,Annopol 02,,2024-12-25 07:07:58.001038
Tramwaj,3291,3,26,Metro Młociny,0 min,Wiatraczna 13,,2024-12-25 07:07:58.001038
Tramwaj,3648,4,11,Sielce,0 min,Cm. Wolski 05,,2024-12-25 07:07:58.001038
Tramwaj,3809,7,28,Os. Górczewska,0 min,Dw. Wschodni (Kijowska) 15,,2024-12-25 07:07:58.001038
Tramwaj,3811,7,20,Boernerowo,0 min,Żerań FSO 05,,2024-12-25 07:07:58.001038
Tramwaj,3822,1,23,Czynszowa,0 min,Nowe Bemowo 08,,2024-12-25 07:07:58.001038
Tramwaj,3825,4,20,Żerań FSO,0 min,Boernerowo 01,,2024-12-25 07:07:58.001038
Tramwaj,3271,2,15,Marymont-Potok,0 min,P+R Al. Krakowska 02,,2024-12-25 07:07:58.001038
Tramwaj,3284,3,3,Gocławek,0 min,Annopol 02,,2024-12-25 07:07:58.001038
Tramwaj,3291,3,26,Metro Młociny,0 min,Wiatraczna 13,,2024-12-25 07:07:58.001038
Tramwaj,3648,4,11,Sielce,0 min,Cm. Wolski 05,,2024-12-25 07:07:58.001038
Tramwaj,3809,7,28,Os. Górczewska,0 min,Dw. Wschodni (Kijowska) 15,,2024-12-25 07:07:58.001038
Tramwaj,3811,7,20,Boernerowo,0 min,Żerań FSO 05,,2024-12-25 07:07:58.001038
Tramwaj,3822,1,23,Czynszowa,0 min,Nowe Bemowo 08,,2024-12-25 07:07:58.001038
Tramwaj,3825,4,20,Żerań FSO,0 min,Boernerowo 01,,2024-12-25 07:07:58.001038
Tramwaj,3827,7,6,Gocławek,0 min,Metro Młociny 12,,2024-12-25 07:07:58.001038
Tramwaj,4013,3,28,Dw. Wschodni (Kijowska),0 min,Os. Górczewska 13,,2024-12-25 07:07:58.001038
Tramwaj,4117,3,17,Winnica,0 min,PKP Służewiec 13,,2024-12-25 07:07:58.001038
Tramwaj,4221,14,16,Piaski,0 min,Miasteczko Wilanów 05,,2024-12-25 07:07:58.001038
Tramwaj,4228,13,16,Piaski,0 min,Miasteczko Wilanów 05,,2024-12-25 07:07:58.001038
Tramwaj,4278,6,33,Kielecka,0 min,Metro Młociny 15,,2024-12-25 07:07:58.001038
Tramwaj,4283,4,16,Miasteczko Wilanów,0 min,Piaski 06,,2024-12-25 07:07:58.001038
Autobus,1023,3,163,Metro Wilanowska,0 min,Centrum Onkologii 03,,2024-12-25 07:07:58.001038
Autobus,1058,591,208,Bitwy Warszawskiej 1920 r.,0 min,Bitwy Warszawskiej 1920 r. 10,,2024-12-25 07:07:58.001038
Autobus,1064,2,164,Metro Wilanowska,0 min,Kępa Zawadowska 01,,2024-12-25 07:07:58.001038
Autobus,1068,3,130,Ananasowa,0 min,Metro Wilanowska 17,,2024-12-25 07:07:58.001038
Autobus,4227,1,220,Opacz-Kolonia Rebusowa,0 min,Nowe Bemowo 12,,2024-12-25 07:07:58.001038
Autobus,4229,4,177,Os. Górczewska,0 min,Ursus-Niedźwiadek 01,,2024-12-25 07:07:58.001038
Autobus,4231,1,194,PKP Gołąbki,0 min,Cm. Wolski 08,,2024-12-25 07:07:58.001038
Autobus,4233,2,194,PKP Gołąbki,0 min,Cm. Wolski 08,,2024-12-25 07:07:58.001038
Autobus,4301,549,110,Metro Marymont,0 min,Cm. Północny-Brama Zach. 01,,2024-12-25 07:07:58.001038
Autobus,4302,3,134,Olesin,0 min,Metro Marymont 17,,2024-12-25 07:07:58.001038
Autobus,4309,1,110,Cm. Północny-Brama Zach.,0 min,Metro Marymont 12,,2024-12-25 07:07:58.001038
Autobus,4316,1,134,Metro Marymont,0 min,Olesin 01,,2024-12-25 07:07:58.001038
Autobus,4322,3,152,Tarchomin,0 min,Os. Derby 02,,2024-12-25 07:07:58.001038
Autobus,4316,1,134,Metro Marymont,0 min,Olesin 01,,2024-12-25 07:07:58.001038
Autobus,4322,3,152,Tarchomin,0 min,Os. Derby 02,,2024-12-25 07:07:58.001038
Autobus,4402,2,170,Rondo Starzyńskiego,0 min,PKP Zacisze-Wilno 02,,2024-12-25 07:07:58.001038
Autobus,4414,5,169,Dw. Wschodni (Kijowska),0 min,Bródno-Podgrodzie 06,,2024-12-25 07:07:58.001038
Autobus,4418,3,212,Pl. Hallera,0 min,CH Targówek 05,,2024-12-25 07:07:58.001038
Autobus,4424,2,166,Pl. Hallera,0 min,Os. Kabaty 03,,2024-12-25 07:07:58.001038
Autobus,4426,8,138,Bokserska,0 min,Utrata 01,,2024-12-25 07:07:58.001038
Autobus,4434,2,181,Cm. Północny-Brama Gł.,0 min,Pl. Wilsona 18,,2024-12-25 07:07:58.001038
Autobus,4513,1,733,Młochów,0 min,P+R Al. Krakowska 15,,2024-12-25 07:07:58.001038
Autobus,4526,5,220,Opacz-Kolonia Rebusowa,0 min,Nowe Bemowo 12,,2024-12-25 07:07:58.001038
Autobus,4414,5,169,Dw. Wschodni (Kijowska),0 min,Bródno-Podgrodzie 06,,2024-12-25 07:07:58.001038
Autobus,4418,3,212,Pl. Hallera,0 min,CH Targówek 05,,2024-12-25 07:07:58.001038
Autobus,4424,2,166,Pl. Hallera,0 min,Os. Kabaty 03,,2024-12-25 07:07:58.001038
Autobus,4426,8,138,Bokserska,0 min,Utrata 01,,2024-12-25 07:07:58.001038
Autobus,4434,2,181,Cm. Północny-Brama Gł.,0 min,Pl. Wilsona 18,,2024-12-25 07:07:58.001038
Autobus,4513,1,733,Młochów,0 min,P+R Al. Krakowska 15,,2024-12-25 07:07:58.001038
Autobus,4526,5,220,Opacz-Kolonia Rebusowa,0 min,Nowe Bemowo 12,,2024-12-25 07:07:58.001038
Autobus,5205,3,716,Piastów Ogińskiego,0 min,Cm. Wolski 06,,2024-12-25 07:07:58.001038
Autobus,5207,5,177,Os. Górczewska,0 min,Ursus-Niedźwiadek 01,,2024-12-25 07:07:58.001038
Autobus,4526,5,220,Opacz-Kolonia Rebusowa,0 min,Nowe Bemowo 12,,2024-12-25 07:07:58.001038
Autobus,5205,3,716,Piastów Ogińskiego,0 min,Cm. Wolski 06,,2024-12-25 07:07:58.001038
Autobus,5207,5,177,Os. Górczewska,0 min,Ursus-Niedźwiadek 01,,2024-12-25 07:07:58.001038
Autobus,5256,1,191,Regulska,0 min,Pl. Narutowicza 15,,2024-12-25 07:07:58.001038
Autobus,5258,4,517,Ursus-Niedźwiadek,0 min,Pl. Trzech Krzyży 06,,2024-12-25 07:07:58.001038
Autobus,5407,4,731,Legionowo Os. Młodych,0 min,Żerań FSO 10,,2024-12-25 07:07:58.001038
Autobus,5421,2,723,PKP Legionowo Przystanek,0 min,Żerań FSO 10,,2024-12-25 07:07:58.001038
Autobus,5422,2,112,CH Marki,0 min,Nowe Bemowo 10,,2024-12-25 07:07:58.001038
Autobus,5435,61,735,Zegrze Płd.,0 min,Metro Marymont 15,,2024-12-25 07:07:58.001038
Autobus,5455,7,509,Gocław,0 min,Winnica 06,,2024-12-25 07:07:58.001038
Autobus,5256,1,191,Regulska,0 min,Pl. Narutowicza 15,,2024-12-25 07:07:58.001038
Autobus,5258,4,517,Ursus-Niedźwiadek,0 min,Pl. Trzech Krzyży 06,,2024-12-25 07:07:58.001038
Autobus,5407,4,731,Legionowo Os. Młodych,0 min,Żerań FSO 10,,2024-12-25 07:07:58.001038
Autobus,5421,2,723,PKP Legionowo Przystanek,0 min,Żerań FSO 10,,2024-12-25 07:07:58.001038
Autobus,5422,2,112,CH Marki,0 min,Nowe Bemowo 10,,2024-12-25 07:07:58.001038
Autobus,5435,61,735,Zegrze Płd.,0 min,Metro Marymont 15,,2024-12-25 07:07:58.001038
Autobus,5455,7,509,Gocław,0 min,Winnica 06,,2024-12-25 07:07:58.001038
Autobus,5871,406,175,Lotnisko Chopina,0 min,Pl. Piłsudskiego 06,,2024-12-25 07:07:58.001038
Autobus,5872,401,128,Pl. Piłsudskiego,0 min,Szczęśliwice 05,,2024-12-25 07:07:58.001038
Autobus,5884,6,127,Browarna,0 min,Nowe Włochy 01,,2024-12-25 07:07:58.001038
Autobus,5890,2,503,Natolin Płn.,0 min,Konwiktorska 01,,2024-12-25 07:07:58.001038
Autobus,5894,400,128,Pl. Piłsudskiego,0 min,Szczęśliwice 05,,2024-12-25 07:07:58.001038
Autobus,5899,410,175,Lotnisko Chopina,0 min,Pl. Piłsudskiego 06,,2024-12-25 07:07:58.001038
Autobus,5906,600,507,Gocław,0 min,Dw. Centralny 16,,2024-12-25 07:07:58.001038
Autobus,5927,6,503,Konwiktorska,0 min,Natolin Płn. 22,,2024-12-25 07:07:58.001038
Autobus,5929,403,128,Szczęśliwice,0 min,Pl. Piłsudskiego 04,,2024-12-25 07:07:58.001038
Autobus,5930,3,158,CH Reduta,0 min,Witolin 02,,2024-12-25 07:07:58.001038
Autobus,5934,602,507,Dw. Centralny,0 min,Gocław 02,,2024-12-25 07:07:58.001038
Autobus,5937,1,503,Natolin Płn.,0 min,Konwiktorska 01,,2024-12-25 07:07:58.001038
Autobus,5890,2,503,Natolin Płn.,0 min,Konwiktorska 01,,2024-12-25 07:07:58.001038
Autobus,5894,400,128,Pl. Piłsudskiego,0 min,Szczęśliwice 05,,2024-12-25 07:07:58.001038
Autobus,5899,410,175,Lotnisko Chopina,0 min,Pl. Piłsudskiego 06,,2024-12-25 07:07:58.001038
Autobus,5906,600,507,Gocław,0 min,Dw. Centralny 16,,2024-12-25 07:07:58.001038
Autobus,5927,6,503,Konwiktorska,0 min,Natolin Płn. 22,,2024-12-25 07:07:58.001038
Autobus,5929,403,128,Szczęśliwice,0 min,Pl. Piłsudskiego 04,,2024-12-25 07:07:58.001038
Autobus,5930,3,158,CH Reduta,0 min,Witolin 02,,2024-12-25 07:07:58.001038
Autobus,5934,602,507,Dw. Centralny,0 min,Gocław 02,,2024-12-25 07:07:58.001038
Autobus,5937,1,503,Natolin Płn.,0 min,Konwiktorska 01,,2024-12-25 07:07:58.001038
Autobus,5941,607,111,Gocław,0 min,Esperanto 05,,2024-12-25 07:07:58.001038
Autobus,5947,10,116,Chomiczówka,0 min,Wilanów 07,,2024-12-25 07:07:58.001038
Autobus,5949,5,116,Wilanów,0 min,Chomiczówka 03,,2024-12-25 07:07:58.001038
Autobus,5951,612,111,Esperanto,0 min,Gocław 01,,2024-12-25 07:07:58.001038
Autobus,5952,5,180,Wilanów,0 min,Chomiczówka 05,,2024-12-25 07:07:58.001038
Autobus,5961,1,518,Nowodwory,0 min,Bielańska 01,,2024-12-25 07:07:58.001038
Autobus,5966,3,127,Nowe Włochy,0 min,Browarna 02,,2024-12-25 07:07:58.001038
Autobus,5981,4,518,Bielańska,0 min,Nowodwory 08,,2024-12-25 07:07:58.001038
Autobus,5985,7,180,Wilanów,0 min,Chomiczówka 05,,2024-12-25 07:07:58.001038
Autobus,5986,11,180,Chomiczówka,0 min,Wilanów 04,,2024-12-25 07:07:58.001038
Autobus,7217,6,105,Rondo Daszyńskiego,0 min,Os. Górczewska 01,,2024-12-25 07:07:58.001038
Autobus,7242,508,728,P+R Al. Krakowska,0 min,Wólka Kosowska Wygoda 01,,2024-12-25 07:07:58.001038
Autobus,7245,8,517,Pl. Trzech Krzyży,0 min,Ursus-Niedźwiadek 03,,2024-12-25 07:07:58.001038
Autobus,7259,5,184,Szczęśliwice,0 min,Metro Młociny 24,,2024-12-25 07:07:58.001038
Autobus,7732,1,151,Pl. Konstytucji,0 min,Rechniewskiego 02,,2024-12-25 07:07:58.001038
Autobus,7737,8,509,Gocław,0 min,Winnica 06,,2024-12-25 07:07:58.001038
Autobus,775,2,250,Metro Młociny,0 min,Łomianki Dąbrowa Zachodnia 01,,2024-12-25 07:07:58.001038
Autobus,7802,4,145,Wiatraczna,0 min,Żerań FSO 11,,2024-12-25 07:07:58.001038
Autobus,7810,1,521,Falenica,0 min,Wiatraczna 22,,2024-12-25 07:07:58.001038
Autobus,7816,7,520,Marysin,0 min,Dw. Centralny 27,,2024-12-25 07:07:58.001038
Autobus,7819,5,525,Dw. Centralny,0 min,Międzylesie 01,,2024-12-25 07:07:58.001038
Autobus,7844,3,143,Rembertów-Kolonia,0 min,Dw. Zachodni 03,,2024-12-25 07:07:58.001038
Autobus,7849,3,523,PKP Olszynka Grochowska,0 min,Stare Bemowo 07,,2024-12-25 07:07:58.001038
Autobus,7888,6,520,Marysin,0 min,Dw. Centralny 27,,2024-12-25 07:07:58.001038
Autobus,80102,2,L45,PKP Dąbkowizna,0 min,CH Marki 02,,2024-12-25 07:07:58.001038
Autobus,80120,1,L37,Kobyłka Kościół,0 min,Wołomin Szpital Powiatowy 02,,2024-12-25 07:07:58.001038
Autobus,80122,1,L38,Leśniakowizna Majdan,0 min,Wołomin Szpital Powiatowy 02,,2024-12-25 07:07:58.001038
Autobus,8312,3,136,Ostroroga,0 min,Natolin Płn. 08,,2024-12-25 07:07:58.001038
Autobus,9091,2,104,Metro Bródno,0 min,Brzeziny 01,,2024-12-25 07:07:58.001038
Autobus,9201,2,133,Choszczówka,0 min,Tarchomin 07,,2024-12-25 07:07:58.001038
Autobus,9202,571,209,Ursynów Płd.,0 min,Dawidy 03,,2024-12-25 07:07:58.001038
Autobus,9204,471,203,Metro Młociny,0 min,Fort Wawrzyszew 02,,2024-12-25 07:07:58.001038
Autobus,9205,1,239,Kępa Okrzewska-Cmentarz,0 min,Os. Kabaty 01,,2024-12-25 07:07:58.001038
Autobus,9208,1,Z12,Klaudyn,0 min,Metro Młociny 23,,2024-12-25 07:07:58.001038
Autobus,9229,574,192,Ursynów Płd.,0 min,Krasnowola 51,,2024-12-25 07:07:58.001038
Autobus,9252,472,203,Fort Wawrzyszew,0 min,Metro Młociny 17,,2024-12-25 07:07:58.001038
Autobus,9317,4,N03,Ursynów Płn.,0 min,Wiatraczna 22,,2024-12-25 07:07:58.001038
Autobus,9322,1,153,Rembertów-Kolonia,0 min,Pastuszków 01,,2024-12-25 07:07:58.001038
Autobus,9333,4,179,Ursynów Płn.,0 min,Os. Kabaty 02,,2024-12-25 07:07:58.001038
Autobus,9334,5,179,Ursynów Płn.,0 min,Os. Kabaty 02,,2024-12-25 07:07:58.001038
Autobus,9340,1,198,PKP Wesoła,0 min,Stara Miłosna (Ułańska) 04,,2024-12-25 07:07:58.001038
Autobus,9348,8,179,Os. Kabaty,0 min,Ursynów Płn. 05,,2024-12-25 07:07:58.001038
Autobus,9354,4,135,PKP Olszynka Grochowska,0 min,Pl. Hallera 11,,2024-12-25 07:07:58.001038
Autobus,9507,4,159,Małe Siekierki,0 min,CH Blue City 01,,2024-12-25 07:07:58.001038
Autobus,9522,53,715,Ursynów Płn.,0 min,P+R Al. Krakowska 13,,2024-12-25 07:07:58.001038
Autobus,9530,651,149,Metro Bemowo,0 min,Groty 01,,2024-12-25 07:07:58.001038
Autobus,9535,4,103,Metro Młociny,0 min,Brylowska 01,,2024-12-25 07:07:58.001038
Autobus,9953,2,210,Metro Młociny,0 min,Truskaw Skibińskiego 01,,2024-12-25 07:07:58.001038
Pociąg,1017,,WKD,Grodzisk Mazowiecki Radońska,0 min,Kazimierówka,,2024-12-25 07:07:58.001038
Pociąg,1019,,WKD,Grodzisk Mazowiecki Radońska,0 min,Warszawa Zachodnia WKD,,2024-12-25 07:07:58.001038
Pociąg,2005,,WKD,Milanówek Grudów,0 min,Komorów,,2024-12-25 07:07:58.001038
Pociąg,1016,,WKD,Warszawa Śródmieście WKD,0 min,Komorów,,2024-12-25 07:07:58.001038
Pociąg,2006,,WKD,Komorów,0 min,Milanówek Grudów,,2024-12-25 07:07:58.001038
Autobus,15092,1,L41,PKP Legionowo,0 min,Nowy Dwór Mazowiecki Urząd Miasta 01,,2024-12-25 07:07:58.001038
Autobus,1066,3,164,Kępa Zawadowska,0 min,Karczocha 01,,2024-12-25 07:07:58.001038
Autobus,1907,2,106,Mariensztat,0 min,Ostroroga 01,,2024-12-25 07:07:58.001038
Autobus,5933,613,507,Gocław,0 min,Rondo Waszyngtona 02,,2024-12-25 07:07:58.001038
Autobus,9506,2,159,Małe Siekierki,0 min,Batalionu AK „Bałtyk” 01,,2024-12-25 07:07:58.001038
Autobus,5901,4,180,Wilanów,0 min,PKP Powązki 01,,2024-12-25 07:07:58.001038
Autobus,6219,3,122,Os. Górczewska,0 min,Dywizjonu 303 01,,2024-12-25 07:07:58.001038
Autobus,6226,5,105,Rondo Daszyńskiego,0 min,Os. Górczewska 01,,2024-12-25 07:07:58.001038
Autobus,7242,508,728,P+R Al. Krakowska,0 min,Marysin 01,,2024-12-25 07:07:58.001038
Autobus,7809,2,521,Wiatraczna,0 min,PKP Falenica 05,,2024-12-25 07:07:58.001038
Autobus,9341,2,198,Stara Miłosna (Ułańska),0 min,1. Praskiego Pułku 04,,2024-12-25 07:07:58.001038
Tramwaj,3117,5,4,Żerań Wschodni,0 min,Stare Miasto 01,,2024-12-25 07:07:58.001038
Tramwaj,3826,5,6,Gocławek,0 min,Wybrzeże Helskie 04,,2024-12-25 07:07:58.001038
Autobus,5901,4,180,Wilanów,0 min,PKP Powązki 01,,2024-12-25 07:07:58.001038
Autobus,6219,3,122,Os. Górczewska,0 min,Dywizjonu 303 01,,2024-12-25 07:07:58.001038
Autobus,6226,5,105,Rondo Daszyńskiego,0 min,Os. Górczewska 01,,2024-12-25 07:07:58.001038
Autobus,7242,508,728,P+R Al. Krakowska,0 min,Marysin 01,,2024-12-25 07:07:58.001038
Autobus,7809,2,521,Wiatraczna,0 min,PKP Falenica 05,,2024-12-25 07:07:58.001038
Autobus,9341,2,198,Stara Miłosna (Ułańska),0 min,1. Praskiego Pułku 04,,2024-12-25 07:07:58.001038
Pociąg,1016,,WKD,Warszawa Śródmieście WKD,0 min,Komorów,,2024-12-25 07:07:58.001038
Pociąg,2006,,WKD,Komorów,0 min,Milanówek Grudów,,2024-12-25 07:07:58.001038
Autobus,9322,1,153,Rembertów-Kolonia,0 min,Pastuszków 01,,2024-12-25 07:07:58.001038
Autobus,7242,508,728,P+R Al. Krakowska,0 min,Marysin 01,,2024-12-25 07:07:58.001038
Autobus,5403,3,140,Marki Czarna Struga,0 min,Marki Struga 04,,2024-12-25 07:07:58.001038
Autobus,9341,2,198,Stara Miłosna (Ułańska),0 min,1. Praskiego Pułku 04,,2024-12-25 07:07:58.001038
Tramwaj,3826,5,6,Gocławek,0 min,Rondo Starzyńskiego 04,,2024-12-25 07:07:58.001038
Autobus,70046,1,L-1,Janki Pl. Szwedzki,0 min,Łazy Lokalna 01,,2024-12-25 07:07:58.001038
Autobus,9206,572,209,Dawidy,0 min,PKP Dawidy 02,,2024-12-25 07:07:58.001038
Autobus,1066,3,164,Kępa Zawadowska,0 min,Patkowskiego 01,,2024-12-25 07:07:58.001038
Tramwaj,3158,2,3,Gocławek,0 min,Al. Zieleniecka 06,,2024-12-25 07:07:58.001038
Tramwaj,3244,6,7,Kawęczyńska-Bazylika,0 min,Most Poniatowskiego 03,,2024-12-25 07:07:58.001038
Autobus,9351,1,135,Pl. Hallera,0 min,Metro Szwedzka 02,,2024-12-25 07:07:58.001038
Tramwaj,3244,6,7,Kawęczyńska-Bazylika,0 min,Most Poniatowskiego 03,,2024-12-25 07:07:58.001038
Autobus,9351,1,135,Pl. Hallera,0 min,Metro Szwedzka 02,,2024-12-25 07:07:58.001038
Autobus,2013,1,189,Sadyba,0 min,WKD Raków 01,,2024-12-25 07:07:58.001038
Autobus,3403,2,120,Olesin,0 min,Ząbkowska 02,,2024-12-25 07:07:58.001038
Autobus,5415,1,527,Grodzisk,0 min,Kąty Grodziskie 01,,2024-12-25 07:07:58.001038
Autobus,1843,61,730,Brzeziny,0 min,Zakręt Długa 02,,2024-12-25 07:07:58.001038
Autobus,8345,2,709,Metro Wilanowska,0 min,Mysiadło Dąbrówka 02,,2024-12-25 07:07:58.001038
Tramwaj,4275,4,2,Metro Młociny,0 min,Zajezdnia Żoliborz 06,,2024-12-25 07:07:58.001038
Autobus,7209,5,172,CH Blue City,0 min,Park Dreszera 01,,2024-12-25 07:07:58.001038
Autobus,9525,52,737,Ursynów Płn.,0 min,Wilcza Góra 01,,2024-12-25 07:07:58.001038
Autobus,1814,1,123,Dw. Wschodni (Lubelska),0 min,Dw. Wschodni (Lubelska) 04,,2024-12-25 07:07:58.001038
Autobus,1906,4,106,Ostroroga,0 min,Al. Jana Pawła II 02,,2024-12-25 07:07:58.001038
Autobus,9339,592,179,Ursynów Płn.,0 min,Makolągwy 01,,2024-12-25 07:07:58.001038
Autobus,9521,3,159,Małe Siekierki,0 min,Noakowskiego 01,,2024-12-25 07:07:58.001038
Autobus,1056,3,194,Cm. Wolski,0 min,PKP Ursus 01,,2024-12-25 07:07:58.001038
Autobus,3456,1,132,Metro Marymont,0 min,PKP Toruńska 03,,2024-12-25 07:07:58.001038
Autobus,5956,3,180,Wilanów,0 min,Kapitulna 01,,2024-12-25 07:07:58.001038
Autobus,9511,2,178,Rondo Daszyńskiego,0 min,Zapustna 01,,2024-12-25 07:07:58.001038
Tramwaj,3239,6,26,Wiatraczna,0 min,Radiowa 05,,2024-12-25 07:07:58.001038
Autobus,9351,1,135,Pl. Hallera,0 min,Metro Szwedzka 02,,2024-12-25 07:07:58.001038
Autobus,2013,1,189,Sadyba,0 min,WKD Raków 01,,2024-12-25 07:07:58.001038
Autobus,3403,2,120,Olesin,0 min,Ząbkowska 02,,2024-12-25 07:07:58.001038
Autobus,5415,1,527,Grodzisk,0 min,Kąty Grodziskie 01,,2024-12-25 07:07:58.001038
Autobus,1843,61,730,Brzeziny,0 min,Zakręt Długa 02,,2024-12-25 07:07:58.001038
Autobus,8345,2,709,Metro Wilanowska,0 min,Mysiadło Dąbrówka 02,,2024-12-25 07:07:58.001038
Autobus,7209,5,172,CH Blue City,0 min,Park Dreszera 01,,2024-12-25 07:07:58.001038
Autobus,9525,52,737,Ursynów Płn.,0 min,Wilcza Góra 01,,2024-12-25 07:07:58.001038
Autobus,1814,1,123,Dw. Wschodni (Lubelska),0 min,Dw. Wschodni (Lubelska) 04,,2024-12-25 07:07:58.001038
Autobus,1906,4,106,Ostroroga,0 min,Al. Jana Pawła II 02,,2024-12-25 07:07:58.001038
Autobus,9339,592,179,Ursynów Płn.,0 min,Makolągwy 01,,2024-12-25 07:07:58.001038
Autobus,9521,3,159,Małe Siekierki,0 min,Noakowskiego 01,,2024-12-25 07:07:58.001038
Autobus,1056,3,194,Cm. Wolski,0 min,PKP Ursus 01,,2024-12-25 07:07:58.001038
Autobus,3456,1,132,Metro Marymont,0 min,PKP Toruńska 03,,2024-12-25 07:07:58.001038
Autobus,5956,3,180,Wilanów,0 min,Kapitulna 01,,2024-12-25 07:07:58.001038
Autobus,9511,2,178,Rondo Daszyńskiego,0 min,Zapustna 01,,2024-12-25 07:07:58.001038
Autobus,9081,1,104,Brzeziny,0 min,Porzeczkowa 02,,2024-12-25 07:07:58.001038
Autobus,7233,1,184,Metro Młociny,0 min,Park Moczydło 02,,2024-12-25 07:07:58.001038
Tramwaj,4257,9,17,Winnica,0 min,Rondo „Radosława” 10,,2024-12-25 07:07:58.001038
Autobus,9339,592,179,Ursynów Płn.,0 min,Makolągwy 01,,2024-12-25 07:07:58.001038
Autobus,9521,3,159,Małe Siekierki,0 min,Noakowskiego 01,,2024-12-25 07:07:58.001038
Autobus,3459,3,132,Os. Derby,0 min,PKP Toruńska 04,,2024-12-25 07:07:58.001038
Autobus,5956,3,180,Wilanów,0 min,Kapitulna 01,,2024-12-25 07:07:58.001038
Autobus,9806,2,185,Gwiaździsta,0 min,Sobocka 02,,2024-12-25 07:07:58.001038
Tramwaj,3218,1,26,Metro Młociny,0 min,Zajezdnia Wola 04,,2024-12-25 07:07:58.001038
Autobus,9081,1,104,Brzeziny,0 min,Porzeczkowa 02,,2024-12-25 07:07:58.001038
Autobus,1427,1,115,Aleksandrów,0 min,PKP Rembertów 02,,2024-12-25 07:07:58.001038
Tramwaj,3813,3,23,Nowe Bemowo,0 min,Wola-Ratusz 04,,2024-12-25 07:07:58.001038
Autobus,5919,610,111,Esperanto,0 min,Krucza 02,,2024-12-25 07:07:58.001038
Autobus,7701,2,151,Rechniewskiego,0 min,Kakowskiego 02,,2024-12-25 07:07:58.001038
Autobus,9336,641,245,Bródno-Podgrodzie,0 min,Młodzieńcza 02,,2024-12-25 07:07:58.001038
Autobus,9920,5,186,Szczęśliwice,0 min,PKP Wola (Kasprzaka) 05,,2024-12-25 07:07:58.001038
Autobus,1072,1,108,Pl. Trzech Krzyży,0 min,Budexpo 02,,2024-12-25 07:07:58.001038
Autobus,4216,2,154,Dw. Zachodni,0 min,Grzymały-Sokołowskiego 05,,2024-12-25 07:07:58.001038
Autobus,6219,3,122,Os. Górczewska,0 min,Kazubów 01,,2024-12-25 07:07:58.001038
Autobus,9505,1,159,CH Blue City,0 min,Rozbrat 06,,2024-12-25 07:07:58.001038
Autobus,35141,689,L-5,Piaseczno Zgoda,0 min,Piaseczno Gołków-Letnisko 02,,2024-12-25 07:07:58.001038
Autobus,8895,2,138,Utrata,1 min przed czasem,Al. Zieleniecka 02,,2024-12-25 07:07:58.001038
Autobus,9220,1,133,Tarchomin,1 min przed czasem,Henryków 03,,2024-12-25 07:07:58.001038
Autobus,9824,1,719,Leszno,1 min przed czasem,Borzęcin Duży-Wieś 01,,2024-12-25 07:07:58.001038
Autobus,5220,2,141,Witolin,1 min przed czasem,Wspólna Droga 02,,2024-12-25 07:07:58.001038
Autobus,2216,1,517,Ursus-Niedźwiadek,1 min przed czasem,Keniga 01,,2024-12-25 07:07:58.001038
Autobus,5446,11,116,Wilanów,1 min przed czasem,Wilanów 07,,2024-12-25 07:07:58.001038
Autobus,1542,4,173,Dw. Wschodni (Lubelska),1 min przed czasem,Okularowa 01,,2024-12-25 07:07:58.001038
Autobus,3403,2,120,Olesin,1 min przed czasem,Ząbkowska 02,,2024-12-25 07:07:58.001038
Autobus,5921,10,180,Chomiczówka,1 min przed czasem,Pl. Bernardyński 02,,2024-12-25 07:07:58.001038
Autobus,5958,9,180,Chomiczówka,1 min przed czasem,Pl. Trzech Krzyży 02,,2024-12-25 07:07:58.001038
Autobus,8505,445,500,Bródno-Podgrodzie,1 min przed czasem,Dw. Gdański 03,,2024-12-25 07:07:58.001038
Autobus,2013,1,189,Sadyba,1 min przed czasem,Przedpole 01,,2024-12-25 07:07:58.001038
Tramwaj,3242,5,15,P+R Al. Krakowska,1 min przed czasem,Dw. Gdański 05,,2024-12-25 07:07:58.001038
Autobus,7251,7,517,Pl. Trzech Krzyży,1 min przed czasem,Dzieci Warszawy 01,,2024-12-25 07:07:58.001038
Autobus,8505,445,500,Bródno-Podgrodzie,1 min przed czasem,Dw. Gdański 03,,2024-12-25 07:07:58.001038
Autobus,5238,2,716,Piastów Ogińskiego,1 min przed czasem,Piastów Kino Baśń 02,,2024-12-25 07:07:58.001038
Autobus,721,2,750,Metro Młociny,1 min przed czasem,Łomianki-Szkoła 01,,2024-12-25 07:07:58.001038
Tramwaj,4237,3,11,Sielce,1 min przed czasem,PKP Wola (Kasprzaka) 03,,2024-12-25 07:07:58.001038
Autobus,5404,5,162,EC Siekierki,1 min przed czasem,Książęca 01,,2024-12-25 07:07:58.001038
Autobus,7251,7,517,Pl. Trzech Krzyży,1 min przed czasem,Dzieci Warszawy 01,,2024-12-25 07:07:58.001038
Autobus,8505,445,500,Bródno-Podgrodzie,1 min przed czasem,Dw. Gdański 03,,2024-12-25 07:07:58.001038
Autobus,5238,2,716,Piastów Ogińskiego,1 min przed czasem,Piastów Kino Baśń 02,,2024-12-25 07:07:58.001038
Autobus,721,2,750,Metro Młociny,1 min przed czasem,Łomianki-Szkoła 01,,2024-12-25 07:07:58.001038
Tramwaj,4237,3,11,Sielce,1 min przed czasem,PKP Wola (Kasprzaka) 03,,2024-12-25 07:07:58.001038
Autobus,8359,7,189,Os. Górczewska,1 min przed czasem,Św. Bonifacego 55,,2024-12-25 07:07:58.001038
Autobus,9801,1,167,Siekierki-Sanktuarium,1 min przed czasem,Konarskiego 01,,2024-12-25 07:07:58.001038
Autobus,9818,4,502,Metro Politechnika,1 min przed czasem,Marszałkowska 02,,2024-12-25 07:07:58.001038
Tramwaj,3242,5,15,P+R Al. Krakowska,1 min przed czasem,Dw. Gdański 05,,2024-12-25 07:07:58.001038
Autobus,4327,1,152,Os. Derby,1 min przed czasem,Ogrody Przyjaciół 02,,2024-12-25 07:07:58.001038
Autobus,7209,5,172,CH Blue City,1 min przed czasem,Park Dreszera 01,,2024-12-25 07:07:58.001038
Autobus,9339,592,179,Ursynów Płn.,1 min przed czasem,Centrum Onkologii 01,,2024-12-25 07:07:58.001038
Autobus,9905,1,186,Nowodwory,1 min przed czasem,Kanał Żerański 02,,2024-12-25 07:07:58.001038
Tramwaj,4232,1,16,Miasteczko Wilanów,1 min przed czasem,Dolna 01,,2024-12-25 07:07:58.001038
Autobus,6212,497,184,Szczęśliwice,1 min przed czasem,Widawska 02,,2024-12-25 07:07:58.001038
Tramwaj,4006,5,28,Os. Górczewska,1 min przed czasem,Conrada 05,,2024-12-25 07:07:58.001038
Autobus,9821,2,710,Os. Kabaty,1 min przed czasem,Konstancin-Jeziorna Mirków-Szkoła 02,,2024-12-25 07:07:58.001038
Tramwaj,4257,9,17,Winnica,1 min przed czasem,Pl. Grunwaldzki 04,,2024-12-25 07:07:58.001038
Autobus,5956,3,180,Wilanów,1 min przed czasem,Pl. Teatralny 01,,2024-12-25 07:07:58.001038
Autobus,8529,1,166,Pl. Hallera,1 min przed czasem,Ciszewskiego 06,,2024-12-25 07:07:58.001038
Autobus,7806,2,148,Lotnisko Chopina,1 min przed czasem,Poleczki 04,,2024-12-25 07:07:58.001038
Autobus,9206,572,209,Dawidy,1 min przed czasem,Dawidy 02,,2024-12-25 07:07:58.001038
Tramwaj,4237,3,11,Sielce,1 min przed czasem,PKP Wola (Kasprzaka) 03,,2024-12-25 07:07:58.001038
Tramwaj,4006,5,28,Os. Górczewska,1 min przed czasem,Conrada 05,,2024-12-25 07:07:58.001038
Autobus,8505,445,500,Bródno-Podgrodzie,1 min przed czasem,Dw. Gdański 03,,2024-12-25 07:07:58.001038
Autobus,9818,4,502,Metro Politechnika,1 min przed czasem,Marszałkowska 02,,2024-12-25 07:07:58.001038
Autobus,9940,4,114,Bródno-Podgrodzie,1 min przed czasem,Metro Młociny 01,,2024-12-25 07:07:58.001038
Autobus,5404,5,162,EC Siekierki,1 min przed czasem,Książęca 01,,2024-12-25 07:07:58.001038
Autobus,6212,497,184,Szczęśliwice,1 min przed czasem,Widawska 02,,2024-12-25 07:07:58.001038
Autobus,7251,7,517,Pl. Trzech Krzyży,1 min przed czasem,Dzieci Warszawy 01,,2024-12-25 07:07:58.001038
Autobus,9824,1,719,Leszno,1 min przed czasem,Borzęcin Duży-Wieś 01,,2024-12-25 07:07:58.001038
Autobus,9918,498,186,Szczęśliwice,1 min przed czasem,Park Olszyna 06,,2024-12-25 07:07:58.001038
Autobus,4327,1,152,Os. Derby,1 min przed czasem,Ogrody Przyjaciół 02,,2024-12-25 07:07:58.001038
Autobus,5911,5,158,Witolin,1 min przed czasem,Centrum 15,,2024-12-25 07:07:58.001038
Autobus,5955,611,111,Esperanto,1 min przed czasem,Afrykańska 02,,2024-12-25 07:07:58.001038
Autobus,721,2,750,Metro Młociny,1 min przed czasem,Łomianki-Szkoła 01,,2024-12-25 07:07:58.001038
Autobus,7233,1,184,Metro Młociny,1 min przed czasem,Metro Księcia Janusza 06,,2024-12-25 07:07:58.001038
Autobus,7251,7,517,Pl. Trzech Krzyży,1 min przed czasem,Dzieci Warszawy 01,,2024-12-25 07:07:58.001038
Autobus,9824,1,719,Leszno,1 min przed czasem,Borzęcin Duży-Wieś 01,,2024-12-25 07:07:58.001038
Autobus,9918,498,186,Szczęśliwice,1 min przed czasem,Park Olszyna 06,,2024-12-25 07:07:58.001038
Autobus,4327,1,152,Os. Derby,1 min przed czasem,Ogrody Przyjaciół 02,,2024-12-25 07:07:58.001038
Autobus,5911,5,158,Witolin,1 min przed czasem,Centrum 15,,2024-12-25 07:07:58.001038
Autobus,5955,611,111,Esperanto,1 min przed czasem,Afrykańska 02,,2024-12-25 07:07:58.001038
Autobus,721,2,750,Metro Młociny,1 min przed czasem,Łomianki-Szkoła 01,,2024-12-25 07:07:58.001038
Autobus,7233,1,184,Metro Młociny,1 min przed czasem,Metro Księcia Janusza 06,,2024-12-25 07:07:58.001038
Tramwaj,3644,5,11,Cm. Wolski,1 min przed czasem,PKP Wola (Kasprzaka) 04,,2024-12-25 07:07:58.001038
Autobus,4205,1,717,Dw. Zachodni,1 min przed czasem,Dw. Zachodni 06,,2024-12-25 07:07:58.001038
Autobus,7735,4,185,Gwiaździsta,1 min przed czasem,Dolina Służewiecka 02,,2024-12-25 07:07:58.001038
Autobus,9505,1,159,CH Blue City,1 min przed czasem,Wiejska 02,,2024-12-25 07:07:58.001038
Autobus,8359,7,189,Os. Górczewska,1 min przed czasem,Św. Bonifacego 55,,2024-12-25 07:07:58.001038
Autobus,1072,1,108,Pl. Trzech Krzyży,1 min przed czasem,Bartycka 02,,2024-12-25 07:07:58.001038
Autobus,5933,613,507,Gocław,1 min przed czasem,Adampolska 01,,2024-12-25 07:07:58.001038
Autobus,5901,4,180,Wilanów,1 min przed czasem,Powązki-IV Brama 01,,2024-12-25 07:07:58.001038
Autobus,7209,5,172,CH Blue City,1 min przed czasem,Park Dreszera 01,,2024-12-25 07:07:58.001038
Autobus,9339,592,179,Ursynów Płn.,1 min przed czasem,Centrum Onkologii 01,,2024-12-25 07:07:58.001038
Autobus,8592,1,509,Winnica,1 min przed czasem,Myśliborska 02,,2024-12-25 07:07:58.001038
Tramwaj,4232,1,16,Miasteczko Wilanów,1 min przed czasem,Dolna 01,,2024-12-25 07:07:58.001038
Autobus,1060,1,139,Ogród Botaniczny,1 min przed czasem,Konstancin-Jeziorna Wczasowa 01,,2024-12-25 07:07:58.001038
Autobus,1011,4,213,Błota,1 min przed czasem,Bartoszycka 01,,2024-12-25 07:07:58.001038
Autobus,3408,62,735,Metro Marymont,1 min przed czasem,Szamocin 01,,2024-12-25 07:07:58.001038
Autobus,5955,611,111,Esperanto,1 min przed czasem,Saska 04,,2024-12-25 07:07:58.001038
Autobus,5958,9,180,Chomiczówka,1 min przed czasem,Pl. Trzech Krzyży 02,,2024-12-25 07:07:58.001038
Autobus,8359,7,189,Os. Górczewska,1 min przed czasem,Św. Bonifacego 55,,2024-12-25 07:07:58.001038
Autobus,8505,445,500,Bródno-Podgrodzie,1 min przed czasem,Dw. Gdański 03,,2024-12-25 07:07:58.001038
Autobus,5442,65,705,Rynia,1 min przed czasem,Rembelszczyzna Gazownia 02,,2024-12-25 07:07:58.001038
Tramwaj,4257,9,17,Winnica,1 min przed czasem,Pl. Grunwaldzki 04,,2024-12-25 07:07:58.001038
Tramwaj,3130,5,24,Nowe Bemowo,1 min przed czasem,PKP Koło 04,,2024-12-25 07:07:58.001038
Autobus,5994,9,503,Natolin Płn.,1 min przed czasem,Zachęta 02,,2024-12-25 07:07:58.001038
Autobus,721,2,750,Metro Młociny,1 min przed czasem,Łomianki-Szkoła 01,,2024-12-25 07:07:58.001038
Autobus,8592,1,509,Winnica,1 min przed czasem,Tarchomin 02,,2024-12-25 07:07:58.001038
Autobus,5911,5,158,Witolin,1 min przed czasem,Centrum 15,,2024-12-25 07:07:58.001038
Tramwaj,3826,5,6,Gocławek,1 min przed czasem,Pl. Hallera 03,,2024-12-25 07:07:58.001038
Tramwaj,3215,3,7,P+R Al. Krakowska,1 min przed czasem,Korotyńskiego 04,,2024-12-25 07:07:58.001038
Tramwaj,3286,4,33,Kielecka,1 min przed czasem,Piaski 03,,2024-12-25 07:07:58.001038
Tramwaj,3819,1,28,Dw. Wschodni (Kijowska),1 min przed czasem,Park Traugutta 05,,2024-12-25 07:07:58.001038
Autobus,9803,1,185,CH Ursynów,1 min przed czasem,Gwiaździsta 04,,2024-12-25 07:07:58.001038
Autobus,9829,6,502,Metro Politechnika,1 min przed czasem,Stara Miłosna (Graniczna) 02,,2024-12-25 07:07:58.001038
Tramwaj,3644,5,11,Cm. Wolski,1 min przed czasem,PKP Wola (Kasprzaka) 04,,2024-12-25 07:07:58.001038
Autobus,5402,443,409,Cm. Północny-Brama Zach.,1 min przed czasem,Baseny Inflancka 02,,2024-12-25 07:07:58.001038
Tramwaj,4205,2,2,Winnica,1 min przed czasem,Metro Młociny 28,,2024-12-25 07:07:58.001038
Autobus,1523,1,702,Otwock Orla,1 min przed czasem,Otwock Hoża 02,,2024-12-25 07:07:58.001038
Tramwaj,3134,1,10,Os. Górczewska,1 min przed czasem,Dw. Centralny 10,,2024-12-25 07:07:58.001038
Tramwaj,3198,546,1,Banacha,1 min przed czasem,Okopowa 07,,2024-12-25 07:07:58.001038
Autobus,1543,440,147,Stara Miłosna (Ułańska),1 min przed czasem,Wybrzeże Szczecińskie 01,,2024-12-25 07:07:58.001038
Tramwaj,4109,548,4,Wyścigi,2 min przed czasem,Trasa Łazienkowska 01,,2024-12-25 07:07:58.001038
Autobus,9212,573,192,Ursynów Płd.,2 min przed czasem,Ursynów Płd. 06,,2024-12-25 07:07:58.001038
Autobus,7735,4,185,Gwiaździsta,2 min przed czasem,Warneńska 54,,2024-12-25 07:07:58.001038
Autobus,4401,1,181,Cm. Północny-Brama Gł.,2 min przed czasem,Cm. Północny-Brama Gł. 02,,2024-12-25 07:07:58.001038
Autobus,4207,3,713,Koprki Agricoop,2 min przed czasem,Mory 02,,2024-12-25 07:07:58.001038
Autobus,70002,2,L39,Mysiadło Dąbrówka,2 min przed czasem,Piaseczno Urbanistów 02,,2024-12-25 07:07:58.001038
Tramwaj,3801,4,6,Gocławek,2 min przed czasem,Pl. Szembeka 04,,2024-12-25 07:07:58.001038
Autobus,5943,448,116,Chomiczówka,2 min przed czasem,Pl. Trzech Krzyży 04,,2024-12-25 07:07:58.001038
Autobus,9335,6,179,Os. Kabaty,2 min przed czasem,Mandarynki 01,,2024-12-25 07:07:58.001038
Autobus,9073,458,211,Dąbrówka Wiślana,2 min przed czasem,Porajów 02,,2024-12-25 07:07:58.001038
Autobus,7735,4,185,Gwiaździsta,2 min przed czasem,Warneńska 54,,2024-12-25 07:07:58.001038
Autobus,4401,1,181,Cm. Północny-Brama Gł.,2 min przed czasem,Cm. Północny-Brama Gł. 02,,2024-12-25 07:07:58.001038
Autobus,4207,3,713,Koprki Agricoop,2 min przed czasem,Mory 02,,2024-12-25 07:07:58.001038
Autobus,70002,2,L39,Mysiadło Dąbrówka,2 min przed czasem,Piaseczno Urbanistów 02,,2024-12-25 07:07:58.001038
Tramwaj,3801,4,6,Gocławek,2 min przed czasem,Pl. Szembeka 04,,2024-12-25 07:07:58.001038
Autobus,5943,448,116,Chomiczówka,2 min przed czasem,Pl. Trzech Krzyży 04,,2024-12-25 07:07:58.001038
Autobus,9335,6,179,Os. Kabaty,2 min przed czasem,Mandarynki 01,,2024-12-25 07:07:58.001038
Autobus,9073,458,211,Dąbrówka Wiślana,2 min przed czasem,Porajów 02,,2024-12-25 07:07:58.001038
Tramwaj,3128,4,7,P+R Al. Krakowska,2 min przed czasem,Krucza 06,,2024-12-25 07:07:58.001038
Autobus,4203,536,194,PKP Gołąbki,2 min przed czasem,Ursus-Sanktuarium 02,,2024-12-25 07:07:58.001038
Autobus,4305,4,134,Metro Marymont,2 min przed czasem,Zdziarska-Kanał 01,,2024-12-25 07:07:58.001038
Autobus,5923,7,116,Chomiczówka,2 min przed czasem,Muranowska 04,,2024-12-25 07:07:58.001038
Autobus,8364,1,172,Sadyba,2 min przed czasem,Sadyba 06,,2024-12-25 07:07:58.001038
Autobus,5956,3,180,Wilanów,2 min przed czasem,Pl. Teatralny 01,,2024-12-25 07:07:58.001038
Autobus,7256,6,184,Metro Młociny,2 min przed czasem,Sokratesa 04,,2024-12-25 07:07:58.001038
Autobus,9935,7,114,Młociny-UKSW,2 min przed czasem,Pl. Wilsona 06,,2024-12-25 07:07:58.001038
Autobus,4223,3,154,Dw. Zachodni,2 min przed czasem,Komitetu Obrony Robotników 02,,2024-12-25 07:07:58.001038
Autobus,1216,657,166,Pl. Hallera,2 min przed czasem,Pl. Hallera 07,,2024-12-25 07:07:58.001038
Autobus,1809,4,166,Os. Kabaty,2 min przed czasem,Strzeleckiego 01,,2024-12-25 07:07:58.001038
Autobus,8897,1,174,Rondo ONZ,2 min przed czasem,Dw. Centralny 04,,2024-12-25 07:07:58.001038
Autobus,4207,3,713,Koprki Agricoop,2 min przed czasem,Mory 02,,2024-12-25 07:07:58.001038
Autobus,7256,6,184,Metro Młociny,2 min przed czasem,Sokratesa 04,,2024-12-25 07:07:58.001038
Autobus,9935,7,114,Młociny-UKSW,2 min przed czasem,Pl. Wilsona 06,,2024-12-25 07:07:58.001038
Autobus,4223,3,154,Dw. Zachodni,2 min przed czasem,Komitetu Obrony Robotników 02,,2024-12-25 07:07:58.001038
Autobus,1216,657,166,Pl. Hallera,2 min przed czasem,Pl. Hallera 07,,2024-12-25 07:07:58.001038
Autobus,8526,371,174,Bokserska,2 min przed czasem,Odyńca 01,,2024-12-25 07:07:58.001038
Autobus,5956,3,180,Wilanów,2 min przed czasem,Pl. Teatralny 01,,2024-12-25 07:07:58.001038
Tramwaj,3820,6,28,Os. Górczewska,2 min przed czasem,Baseny Inflancka 04,,2024-12-25 07:07:58.001038
Autobus,3447,63,705,Metro Marymont,2 min przed czasem,Rynia Siwek 01,,2024-12-25 07:07:58.001038
Autobus,8307,2,504,Os. Kabaty,2 min przed czasem,Centrum Onkologii 01,,2024-12-25 07:07:58.001038
Tramwaj,3824,5,23,Czynszowa,2 min przed czasem,Wola-Ratusz 03,,2024-12-25 07:07:58.001038
Autobus,1816,7,138,Bokserska,2 min przed czasem,Kijowska 01,,2024-12-25 07:07:58.001038
Autobus,5444,447,500,Bródno-Podgrodzie,2 min przed czasem,Szpital Bródnowski 04,,2024-12-25 07:07:58.001038
Autobus,5892,5,503,Konwiktorska,2 min przed czasem,Ursynów Płn. 02,,2024-12-25 07:07:58.001038
Autobus,5971,2,116,Wilanów,2 min przed czasem,Centrum 15,,2024-12-25 07:07:58.001038
Autobus,9204,471,203,Metro Młociny,2 min przed czasem,Fort Wawrzyszew 02,,2024-12-25 07:07:58.001038
Autobus,5882,409,175,Lotnisko Chopina,2 min przed czasem,Sasanki 01,,2024-12-25 07:07:58.001038
Autobus,7256,6,184,Metro Młociny,2 min przed czasem,Sokratesa 04,,2024-12-25 07:07:58.001038
Tramwaj,3820,6,28,Os. Górczewska,2 min przed czasem,Baseny Inflancka 04,,2024-12-25 07:07:58.001038
Autobus,9905,1,186,Nowodwory,2 min przed czasem,Konwaliowa 02,,2024-12-25 07:07:58.001038
Autobus,8364,1,172,Sadyba,2 min przed czasem,Sadyba 06,,2024-12-25 07:07:58.001038
Autobus,8898,8,189,Sadyba,2 min przed czasem,Sadyba 03,,2024-12-25 07:07:58.001038
Autobus,1809,4,166,Os. Kabaty,2 min przed czasem,Strzeleckiego 01,,2024-12-25 07:07:58.001038
Autobus,9935,7,114,Młociny-UKSW,2 min przed czasem,Pl. Wilsona 06,,2024-12-25 07:07:58.001038
Autobus,5956,3,180,Wilanów,2 min przed czasem,Pl. Teatralny 01,,2024-12-25 07:07:58.001038
Autobus,8355,2,172,Sadyba,2 min przed czasem,Wołoska 05,,2024-12-25 07:07:58.001038
Autobus,4223,3,154,Dw. Zachodni,2 min przed czasem,Komitetu Obrony Robotników 02,,2024-12-25 07:07:58.001038
Autobus,5971,2,116,Wilanów,2 min przed czasem,Centrum 15,,2024-12-25 07:07:58.001038
Autobus,1216,657,166,Pl. Hallera,2 min przed czasem,Pl. Hallera 07,,2024-12-25 07:07:58.001038
Autobus,5943,448,116,Chomiczówka,2 min przed czasem,Pl. Trzech Krzyży 04,,2024-12-25 07:07:58.001038
Autobus,7869,1,520,Dw. Centralny,2 min przed czasem,Centrum 06,,2024-12-25 07:07:58.001038
Autobus,9204,471,203,Metro Młociny,2 min przed czasem,Fort Wawrzyszew 02,,2024-12-25 07:07:58.001038
Autobus,5892,5,503,Konwiktorska,2 min przed czasem,Ursynów Płn. 02,,2024-12-25 07:07:58.001038
Autobus,9212,573,192,Krasnowola,2 min przed czasem,Metro Stokłosy 02,,2024-12-25 07:07:58.001038
Autobus,9327,2,142,Wiatraczna,2 min przed czasem,Trakt Lubelski 01,,2024-12-25 07:07:58.001038
Autobus,5444,447,500,Bródno-Podgrodzie,2 min przed czasem,Szpital Bródnowski 04,,2024-12-25 07:07:58.001038
Autobus,5971,2,116,Wilanów,2 min przed czasem,Centrum 15,,2024-12-25 07:07:58.001038
Autobus,1216,657,166,Pl. Hallera,2 min przed czasem,Pl. Hallera 07,,2024-12-25 07:07:58.001038
Autobus,5943,448,116,Chomiczówka,2 min przed czasem,Pl. Trzech Krzyży 04,,2024-12-25 07:07:58.001038
Autobus,7869,1,520,Dw. Centralny,2 min przed czasem,Centrum 06,,2024-12-25 07:07:58.001038
Autobus,9204,471,203,Metro Młociny,2 min przed czasem,Fort Wawrzyszew 02,,2024-12-25 07:07:58.001038
Autobus,5892,5,503,Konwiktorska,2 min przed czasem,Ursynów Płn. 02,,2024-12-25 07:07:58.001038
Autobus,9212,573,192,Krasnowola,2 min przed czasem,Metro Stokłosy 02,,2024-12-25 07:07:58.001038
Autobus,9327,2,142,Wiatraczna,2 min przed czasem,Trakt Lubelski 01,,2024-12-25 07:07:58.001038
Autobus,5444,447,500,Bródno-Podgrodzie,2 min przed czasem,Szpital Bródnowski 04,,2024-12-25 07:07:58.001038
Autobus,8809,4,138,Utrata,2 min przed czasem,Bokserska 05,,2024-12-25 07:07:58.001038
Autobus,4207,3,713,Koprki Agricoop,2 min przed czasem,Jawczyce 02,,2024-12-25 07:07:58.001038
Autobus,3447,63,705,Metro Marymont,2 min przed czasem,Białobrzegi AMW Rewita 01,,2024-12-25 07:07:58.001038
Autobus,1816,7,138,Bokserska,2 min przed czasem,Kijowska 01,,2024-12-25 07:07:58.001038
Autobus,2040,3,709,Metro Wilanowska,2 min przed czasem,Piaseczno Dworcowa 01,,2024-12-25 07:07:58.001038
Tramwaj,3824,5,23,Czynszowa,2 min przed czasem,Kino Femina 05,,2024-12-25 07:07:58.001038
Autobus,1413,6,141,P+R Al. Krakowska,2 min przed czasem,Novotel 01,,2024-12-25 07:07:58.001038
Autobus,2233,3,141,Witolin,2 min przed czasem,Chełmska 03,,2024-12-25 07:07:58.001038
Autobus,5882,409,175,Lotnisko Chopina,3 min przed czasem,Sasanki 01,,2024-12-25 07:07:58.001038
Autobus,4421,5,138,Utrata,22 min przed czasem,Bokserska 05,,2024-12-25 07:07:58.001038
Autobus,9553,6,103,Brylowska,24 min przed czasem,Metro Młociny 01,,2024-12-25 07:07:58.001038
Autobus,4421,5,138,Utrata,22 min przed czasem,Bokserska 05,,2024-12-25 07:07:58.001038
Autobus,9553,6,103,Brylowska,24 min przed czasem,Metro Młociny 01,,2024-12-25 07:07:58.001038
Autobus,8523,5,709,PKP Piaseczno,6 min przed czasem,Piaseczno Szkolna 01,,2024-12-25 07:07:58.001038
Autobus,6237,3,189,Sadyba,7 min przed czasem,Os. Górczewska 01,,2024-12-25 07:07:58.001038
Autobus,4409,1,157,Szczęśliwice,9 min przed czasem,Gwiaździsta 04,,2024-12-25 07:07:58.001038
Autobus,1219,633,218,Metro Wilanowska,11 min przed czasem,Królikarnia 08,,2024-12-25 07:07:58.001038
Autobus,5912,408,175,Pl. Piłsudskiego,11 min przed czasem,Lotnisko Chopina-Przyloty 02,,2024-12-25 07:07:58.001038
Autobus,9518,671,149,Groty,11 min przed czasem,Metro Bemowo 02,,2024-12-25 07:07:58.001038
Autobus,1074,M2,130,Metro Wilanowska,12 min przed czasem,Ananasowa 51,,2024-12-25 07:07:58.001038
Autobus,8516,3,174,Rondo ONZ,15 min przed czasem,Bokserska 05,,2024-12-25 07:07:58.001038
Autobus,9806,2,185,CH Ursynów,20 min przed czasem,Gwiaździsta 04,,2024-12-25 07:07:58.001038
Autobus,4421,5,138,Utrata,21 min przed czasem,Bokserska 05,,2024-12-25 07:07:58.001038
Autobus,9553,6,103,Brylowska,23 min przed czasem,Metro Młociny 01,,2024-12-25 07:07:58.001038
Autobus,8523,5,709,PKP Piaseczno,6 min przed czasem,Piaseczno Szkolna 01,,2024-12-25 07:07:58.001038
Autobus,6237,3,189,Sadyba,7 min przed czasem,Os. Górczewska 01,,2024-12-25 07:07:58.001038
Autobus,4409,1,157,Szczęśliwice,9 min przed czasem,Gwiaździsta 04,,2024-12-25 07:07:58.001038
Autobus,1219,633,218,Metro Wilanowska,11 min przed czasem,Królikarnia 08,,2024-12-25 07:07:58.001038
Autobus,5912,408,175,Pl. Piłsudskiego,11 min przed czasem,Lotnisko Chopina-Przyloty 02,,2024-12-25 07:07:58.001038
Autobus,9518,671,149,Groty,11 min przed czasem,Metro Bemowo 02,,2024-12-25 07:07:58.001038
Autobus,1074,M2,130,Metro Wilanowska,12 min przed czasem,Ananasowa 51,,2024-12-25 07:07:58.001038
Autobus,8516,3,174,Rondo ONZ,15 min przed czasem,Bokserska 05,,2024-12-25 07:07:58.001038
Autobus,9806,2,185,CH Ursynów,20 min przed czasem,Gwiaździsta 04,,2024-12-25 07:07:58.001038
Autobus,4421,5,138,Utrata,21 min przed czasem,Bokserska 05,,2024-12-25 07:07:58.001038
Autobus,9553,6,103,Brylowska,23 min przed czasem,Metro Młociny 01,,2024-12-25 07:07:58.001038
Autobus,8523,5,709,PKP Piaseczno,6 min przed czasem,Piaseczno Szkolna 01,,2024-12-25 07:07:58.001038
Autobus,4409,1,157,Szczęśliwice,9 min przed czasem,Gwiaździsta 04,,2024-12-25 07:07:58.001038
Autobus,1219,633,218,Metro Wilanowska,11 min przed czasem,Królikarnia 08,,2024-12-25 07:07:58.001038
Autobus,9518,671,149,Groty,11 min przed czasem,Metro Bemowo 02,,2024-12-25 07:07:58.001038
Autobus,5912,408,175,Pl. Piłsudskiego,11 min przed czasem,Lotnisko Chopina-Przyloty 02,,2024-12-25 07:07:58.001038
Autobus,8516,3,174,Rondo ONZ,14 min przed czasem,Bokserska 05,,2024-12-25 07:07:58.001038
Autobus,9806,2,185,CH Ursynów,20 min przed czasem,Gwiaździsta 04,,2024-12-25 07:07:58.001038
Autobus,4421,5,138,Utrata,21 min przed czasem,Bokserska 05,,2024-12-25 07:07:58.001038
Autobus,9553,6,103,Brylowska,23 min przed czasem,Metro Młociny 01,,2024-12-25 07:07:58.001038
Autobus,8523,5,709,PKP Piaseczno,6 min przed czasem,Piaseczno Szkolna 01,,2024-12-25 07:07:58.001038
Autobus,4409,1,157,Szczęśliwice,9 min przed czasem,Gwiaździsta 04,,2024-12-25 07:07:58.001038
Autobus,1219,633,218,Metro Wilanowska,11 min przed czasem,Królikarnia 08,,2024-12-25 07:07:58.001038
Autobus,9518,671,149,Groty,11 min przed czasem,Metro Bemowo 02,,2024-12-25 07:07:58.001038
Autobus,5912,408,175,Pl. Piłsudskiego,11 min przed czasem,Lotnisko Chopina-Przyloty 02,,2024-12-25 07:07:58.001038
Autobus,8516,3,174,Rondo ONZ,14 min przed czasem,Bokserska 05,,2024-12-25 07:07:58.001038
Autobus,9806,2,185,CH Ursynów,20 min przed czasem,Gwiaździsta 04,,2024-12-25 07:07:58.001038
Autobus,4421,5,138,Utrata,21 min przed czasem,Bokserska 05,,2024-12-25 07:07:58.001038
Autobus,9553,6,103,Brylowska,23 min przed czasem,Metro Młociny 01,,2024-12-25 07:07:58.001038
Autobus,8523,5,709,PKP Piaseczno,6 min przed czasem,Piaseczno Szkolna 01,,2024-12-25 07:07:58.001038
Autobus,4409,1,157,Szczęśliwice,9 min przed czasem,Gwiaździsta 04,,2024-12-25 07:07:58.001038
Autobus,4409,1,157,Szczęśliwice,9 min przed czasem,Gwiaździsta 04,,2024-12-25 07:07:58.001038
Autobus,5912,408,175,Pl. Piłsudskiego,11 min przed czasem,Lotnisko Chopina-Przyloty 02,,2024-12-25 07:07:58.001038
Autobus,9518,671,149,Groty,11 min przed czasem,Metro Bemowo 02,,2024-12-25 07:07:58.001038
Autobus,8516,3,174,Rondo ONZ,14 min przed czasem,Bokserska 05,,2024-12-25 07:07:58.001038
Autobus,9806,2,185,CH Ursynów,20 min przed czasem,Gwiaździsta 04,,2024-12-25 07:07:58.001038
Tramwaj,4275,4,2,Winnica,20 min przed czasem,Metro Młociny 28,,2024-12-25 07:07:58.001038
Autobus,9553,6,103,Brylowska,23 min przed czasem,Metro Młociny 01,,2024-12-25 07:07:58.001038
Autobus,1069,2,108,Łososiowa,7 min przed czasem,Pl. Trzech Krzyży 02,,2024-12-25 07:07:58.001038
Autobus,4216,2,154,P+R Al. Krakowska,7 min przed czasem,Dw. Zachodni 01,,2024-12-25 07:07:58.001038
Autobus,4409,1,157,Szczęśliwice,9 min przed czasem,Gwiaździsta 04,,2024-12-25 07:07:58.001038
Autobus,5912,408,175,Pl. Piłsudskiego,11 min przed czasem,Lotnisko Chopina-Przyloty 02,,2024-12-25 07:07:58.001038
Autobus,9518,671,149,Groty,11 min przed czasem,Metro Bemowo 02,,2024-12-25 07:07:58.001038
Autobus,8516,3,174,Rondo ONZ,14 min przed czasem,Bokserska 05,,2024-12-25 07:07:58.001038
Autobus,9806,2,185,CH Ursynów,20 min przed czasem,Gwiaździsta 04,,2024-12-25 07:07:58.001038
Tramwaj,4275,4,2,Winnica,20 min przed czasem,Metro Młociny 28,,2024-12-25 07:07:58.001038
Autobus,9553,6,103,Brylowska,23 min przed czasem,Metro Młociny 01,,2024-12-25 07:07:58.001038
Autobus,1069,2,108,Łososiowa,7 min przed czasem,Pl. Trzech Krzyży 02,,2024-12-25 07:07:58.001038
Autobus,4216,2,154,P+R Al. Krakowska,7 min przed czasem,Dw. Zachodni 01,,2024-12-25 07:07:58.001038
Autobus,4409,1,157,Szczęśliwice,9 min przed czasem,Gwiaździsta 04,,2024-12-25 07:07:58.001038
Autobus,5912,408,175,Pl. Piłsudskiego,11 min przed czasem,Lotnisko Chopina-Przyloty 02,,2024-12-25 07:07:58.001038
Autobus,9518,671,149,Groty,11 min przed czasem,Metro Bemowo 02,,2024-12-25 07:07:58.001038
Autobus,8516,3,174,Rondo ONZ,14 min przed czasem,Bokserska 05,,2024-12-25 07:07:58.001038
Autobus,9806,2,185,CH Ursynów,20 min przed czasem,Gwiaździsta 04,,2024-12-25 07:07:58.001038
Tramwaj,4275,4,2,Winnica,20 min przed czasem,Metro Młociny 28,,2024-12-25 07:07:58.001038
Autobus,9553,6,103,Brylowska,23 min przed czasem,Metro Młociny 01,,2024-12-25 07:07:58.001038
Autobus,1069,2,108,Łososiowa,7 min przed czasem,Pl. Trzech Krzyży 02,,2024-12-25 07:07:58.001038
Autobus,4216,2,154,P+R Al. Krakowska,7 min przed czasem,Dw. Zachodni 01,,2024-12-25 07:07:58.001038
Autobus,4409,1,157,Szczęśliwice,9 min przed czasem,Gwiaździsta 04,,2024-12-25 07:07:58.001038
Autobus,5912,408,175,Pl. Piłsudskiego,11 min przed czasem,Lotnisko Chopina-Przyloty 02,,2024-12-25 07:07:58.001038
Autobus,6237,3,189,Sadyba,6 min przed czasem,Os. Górczewska 01,,2024-12-25 07:07:58.001038
Autobus,8523,5,709,PKP Piaseczno,6 min przed czasem,Piaseczno Szkolna 01,,2024-12-25 07:07:58.001038
Autobus,1069,2,108,Łososiowa,7 min przed czasem,Pl. Trzech Krzyży 02,,2024-12-25 07:07:58.001038
Autobus,4216,2,154,P+R Al. Krakowska,7 min przed czasem,Dw. Zachodni 01,,2024-12-25 07:07:58.001038
Autobus,4409,1,157,Szczęśliwice,9 min przed czasem,Gwiaździsta 04,,2024-12-25 07:07:58.001038
Autobus,9520,51,715,Ursynów Płn.,5 min przed czasem,Metro Stokłosy 04,,2024-12-25 07:07:58.001038
Autobus,7821,1,523,PKP Olszynka Grochowska,5 min przed czasem,Saska 02,,2024-12-25 07:07:58.001038
Autobus,1803,1,212,CH Targówek,5 min przed czasem,Metro Kondratowicza 02,,2024-12-25 07:07:58.001038
Autobus,8308,4,136,Natolin Płn.,5 min przed czasem,Natolin Płn. 08,,2024-12-25 07:07:58.001038
Autobus,6237,3,189,Sadyba,6 min przed czasem,Os. Górczewska 01,,2024-12-25 07:07:58.001038
Autobus,8523,5,709,PKP Piaseczno,6 min przed czasem,Piaseczno Szkolna 01,,2024-12-25 07:07:58.001038
Autobus,1069,2,108,Łososiowa,7 min przed czasem,Pl. Trzech Krzyży 02,,2024-12-25 07:07:58.001038
Autobus,4216,2,154,P+R Al. Krakowska,7 min przed czasem,Dw. Zachodni 01,,2024-12-25 07:07:58.001038
Autobus,4409,1,157,Szczęśliwice,9 min przed czasem,Gwiaździsta 04,,2024-12-25 07:07:58.001038
Autobus,5912,408,175,Pl. Piłsudskiego,11 min przed czasem,Lotnisko Chopina-Przyloty 02,,2024-12-25 07:07:58.001038
Autobus,9518,671,149,Groty,11 min przed czasem,Metro Bemowo 02,,2024-12-25 07:07:58.001038
Autobus,1074,M2,130,Metro Wilanowska,12 min przed czasem,Ananasowa 51,,2024-12-25 07:07:58.001038
Autobus,8516,3,174,Rondo ONZ,14 min przed czasem,Bokserska 05,,2024-12-25 07:07:58.001038
Tramwaj,4275,4,2,Winnica,20 min przed czasem,Metro Młociny 28,,2024-12-25 07:07:58.001038
Autobus,9806,2,185,CH Ursynów,20 min przed czasem,Gwiaździsta 04,,2024-12-25 07:07:58.001038
Autobus,9553,6,103,Brylowska,23 min przed czasem,Metro Młociny 01,,2024-12-25 07:07:58.001038
