Type,Vehicle No,Brigade,Route,Trip Headsign,Delay,Stop Name,Outside,Timestamp
Tramwaj,4103,4,17,PKP Służewiec,21 min,Rondo ONZ 03,,2024-12-25 22:05:54.901644
Autobus,1807,3,197,Gwiaździsta,21 min,Cm. Wolski 08,,2024-12-25 22:05:54.901644
Autobus,5427,7,180,Chomiczówka,20 min,Świętojerska 02,,2024-12-25 22:05:54.901644
Tramwaj,3119,8,4,Wyścigi,11 min,Żerań Wschodni 01,,2024-12-25 22:05:54.901644
Autobus,7253,2,191,Regulska,8 min,Piastowska 01,,2024-12-25 22:05:54.901644
Autobus,5964,1,116,Chomiczówka,7 min,Muranowska 04,,2024-12-25 22:05:54.901644
Autobus,3445,1,731,Legionowo Os. Młodych,7 min,Legionowo Cmentarz 02,Poza trasą,2024-12-25 22:05:54.901644
Autobus,4212,2,717,Piastów Ogińskiego,6 min,Piastów Al. Piłsudskiego 02,,2024-12-25 22:05:54.901644
Pociąg,2034,,WKD,,6 min,,,2024-12-25 22:05:54.901644
Autobus,5955,611,111,Esperanto,6 min,Abrahama 02,,2024-12-25 22:05:54.901644
Autobus,7838,213,173,Stara Miłosna (Graniczna),6 min,Jagiellońska 02,,2024-12-25 22:05:54.901644
Autobus,8452,7,145,Wiatraczna,6 min,Żerań FSO 11,,2024-12-25 22:05:54.901644
Autobus,1907,2,106,Mariensztat,5 min,Topiel 01,,2024-12-25 22:05:54.901644
Autobus,9808,3,185,CH Ursynów,5 min,Teligi 01,,2024-12-25 22:05:54.901644
Autobus,5909,405,175,Pl. Piłsudskiego,4 min,Królewska 03,,2024-12-25 22:05:54.901644
Tramwaj,4285,10,16,Zjazd do zajezdni Żoliborz,4 min,Pl. Zbawiciela 04,,2024-12-25 22:05:54.901644
Autobus,15092,1,L41,PKP Legionowo,4 min,Legionowo Sobieskiego 04,,2024-12-25 22:05:54.901644
Autobus,5434,1,723,Żerań FSO,4 min,Jabłonna Buchnik 01,,2024-12-25 22:05:54.901644
Autobus,4244,4,122,Os. Górczewska,4 min,Pl. Wilsona 03,,2024-12-25 22:05:54.901644
Autobus,8452,7,145,Wiatraczna,6 min,Żerań FSO 11,,2024-12-25 22:05:54.901644
Autobus,1907,2,106,Mariensztat,5 min,Topiel 01,,2024-12-25 22:05:54.901644
Autobus,9808,3,185,CH Ursynów,5 min,Teligi 01,,2024-12-25 22:05:54.901644
Tramwaj,4285,10,16,Zjazd do zajezdni Żoliborz,4 min,Pl. Zbawiciela 04,,2024-12-25 22:05:54.901644
Autobus,15092,1,L41,PKP Legionowo,4 min,Legionowo Sobieskiego 04,,2024-12-25 22:05:54.901644
Autobus,5434,1,723,Żerań FSO,4 min,Jabłonna Buchnik 01,,2024-12-25 22:05:54.901644
Autobus,4244,4,122,Os. Górczewska,4 min,Pl. Wilsona 03,,2024-12-25 22:05:54.901644
Autobus,5926,2,180,Wilanów,3 min,Chełmska 01,,2024-12-25 22:05:54.901644
Autobus,9825,2,719,Leszno,3 min,Koczargi Nowe Zielonki-Wieś 01,,2024-12-25 22:05:54.901644
Autobus,9519,3,103,Brylowska,3 min,Elbląska 01,,2024-12-25 22:05:54.901644
Tramwaj,4211,3,2,Metro Młociny,3 min,Myśliborska 05,,2024-12-25 22:05:54.901644
Autobus,4215,4,154,P+R Al. Krakowska,3 min,Sasanki 01,,2024-12-25 22:05:54.901644
Tramwaj,4278,6,33,Kielecka,3 min,Metro Pole Mokotowskie 03,,2024-12-25 22:05:54.901644
Autobus,5425,3,112,CH Marki,3 min,Metro Kondratowicza 02,,2024-12-25 22:05:54.901644
Autobus,9252,472,203,Metro Młociny,3 min,Metro Młociny 04,,2024-12-25 22:05:54.901644
Autobus,4316,1,134,Metro Marymont,3 min,Park Kaskada 06,,2024-12-25 22:05:54.901644
Autobus,7217,6,105,Rondo Daszyńskiego,3 min,Siemiatycka 01,,2024-12-25 22:05:54.901644
Autobus,9549,1,743,Wolica k. Płochocina,3 min,Rozłogi 02,,2024-12-25 22:05:54.901644
Autobus,8328,8,148,Wiatraczna,3 min,Gocław 06,,2024-12-25 22:05:54.901644
Tramwaj,4211,3,2,Metro Młociny,3 min,Myśliborska 05,,2024-12-25 22:05:54.901644
Autobus,4215,4,154,P+R Al. Krakowska,3 min,Sasanki 01,,2024-12-25 22:05:54.901644
Tramwaj,4278,6,33,Kielecka,3 min,Metro Pole Mokotowskie 03,,2024-12-25 22:05:54.901644
Autobus,5425,3,112,CH Marki,3 min,Metro Kondratowicza 02,,2024-12-25 22:05:54.901644
Autobus,9252,472,203,Metro Młociny,3 min,Metro Młociny 04,,2024-12-25 22:05:54.901644
Autobus,4316,1,134,Metro Marymont,3 min,Park Kaskada 06,,2024-12-25 22:05:54.901644
Autobus,7217,6,105,Rondo Daszyńskiego,3 min,Siemiatycka 01,,2024-12-25 22:05:54.901644
Autobus,9549,1,743,Wolica k. Płochocina,3 min,Rozłogi 02,,2024-12-25 22:05:54.901644
Autobus,8328,8,148,Wiatraczna,3 min,Gocław 06,,2024-12-25 22:05:54.901644
Autobus,8815,267,504,Os. Kabaty,3 min,Pomnik Lotnika 01,,2024-12-25 22:05:54.901644
Tramwaj,4109,548,4,Żerań Wschodni,3 min,Budowlana 04,,2024-12-25 22:05:54.901644
Tramwaj,3221,3,33,Zjazd do zajezdni Żoliborz,2 min,GUS 04,,2024-12-25 22:05:54.901644
Autobus,9945,7,190,CH Marki,2 min,CH Marki 01,,2024-12-25 22:05:54.901644
Tramwaj,3190,8,26,Zjazd do zajezdni Żoliborz,2 min,Al. Reymonta 08,,2024-12-25 22:05:54.901644
Autobus,5884,6,127,Nowe Włochy,2 min,Mikołajska 02,,2024-12-25 22:05:54.901644
Autobus,8519,3,148,Lotnisko Chopina,2 min,Polinezyjska 04,,2024-12-25 22:05:54.901644
Tramwaj,3221,3,33,Zjazd do zajezdni Żoliborz,2 min,GUS 04,,2024-12-25 22:05:54.901644
Autobus,2031,265,131,Sadyba,2 min,Goraszewska 01,,2024-12-25 22:05:54.901644
Autobus,4415,2,122,Os. Górczewska,2 min,Pl. Kasztelański 01,,2024-12-25 22:05:54.901644
Tramwaj,4109,548,4,Żerań Wschodni,3 min,Budowlana 04,,2024-12-25 22:05:54.901644
Autobus,5884,6,127,Nowe Włochy,2 min,Mikołajska 02,,2024-12-25 22:05:54.901644
Autobus,9549,1,743,Wolica k. Płochocina,2 min,Człuchowska 01,,2024-12-25 22:05:54.901644
Autobus,8519,3,148,Lotnisko Chopina,2 min,Polinezyjska 04,,2024-12-25 22:05:54.901644
Tramwaj,3221,3,33,Zjazd do zajezdni Żoliborz,2 min,GUS 04,,2024-12-25 22:05:54.901644
Autobus,2031,265,131,Sadyba,2 min,Goraszewska 01,,2024-12-25 22:05:54.901644
Autobus,4415,2,122,Os. Górczewska,2 min,Pl. Kasztelański 01,,2024-12-25 22:05:54.901644
Autobus,8815,267,504,Os. Kabaty,2 min,Banacha-Szpital 01,,2024-12-25 22:05:54.901644
Tramwaj,3270,10,33,Zjazd do zajezdni Mokotów,2 min,Metro Młociny 08,,2024-12-25 22:05:54.901644
Autobus,5912,408,175,Pl. Piłsudskiego,2 min,Lotnisko Chopina-Przyloty 02,,2024-12-25 22:05:54.901644
Autobus,1428,436,146,Falenica,2 min,Rzymska 01,,2024-12-25 22:05:54.901644
Autobus,9252,472,203,Metro Młociny,2 min,Metro Młociny 17,,2024-12-25 22:05:54.901644
Tramwaj,4019,4,15,Zjazd do zajezdni Żoliborz,2 min,Raszyńska 03,,2024-12-25 22:05:54.901644
Autobus,5236,5,122,Gwiaździsta,2 min,Sady Żoliborskie 05,,2024-12-25 22:05:54.901644
Autobus,9938,5,114,Bródno-Podgrodzie,2 min,Bartnicza 04,,2024-12-25 22:05:54.901644
Autobus,2216,1,517,Ursus-Niedźwiadek,2 min,Sosnkowskiego 02,,2024-12-25 22:05:54.901644
Autobus,7241,4,523,Stare Bemowo,2 min,Wawelska 06,,2024-12-25 22:05:54.901644
Autobus,7841,203,173,Wola Grzybowska,2 min,Podskarbińska 04,,2024-12-25 22:05:54.901644
Tramwaj,4019,4,15,Zjazd do zajezdni Żoliborz,2 min,Raszyńska 03,,2024-12-25 22:05:54.901644
Tramwaj,3270,10,33,Zjazd do zajezdni Mokotów,2 min,Metro Młociny 06,,2024-12-25 22:05:54.901644
Autobus,5236,5,122,Gwiaździsta,2 min,Sady Żoliborskie 05,,2024-12-25 22:05:54.901644
Autobus,9938,5,114,Bródno-Podgrodzie,2 min,Bartnicza 04,,2024-12-25 22:05:54.901644
Autobus,2216,1,517,Ursus-Niedźwiadek,2 min,Sosnkowskiego 02,,2024-12-25 22:05:54.901644
Autobus,7241,4,523,Stare Bemowo,2 min,Wawelska 06,,2024-12-25 22:05:54.901644
Autobus,7841,203,173,Wola Grzybowska,2 min,Podskarbińska 04,,2024-12-25 22:05:54.901644
Autobus,9208,1,Z12,Klaudyn,2 min,Chabrowa 02,,2024-12-25 22:05:54.901644
Autobus,3469,3,520,Dw. Centralny,2 min,Centrum 06,,2024-12-25 22:05:54.901644
Autobus,7204,6,189,Sadyba,2 min,Wałowicka 01,,2024-12-25 22:05:54.901644
Autobus,9945,7,190,CH Marki,2 min,CH Marki 01,,2024-12-25 22:05:54.901644
Autobus,9941,218,105,Rondo Daszyńskiego,2 min,Szpital Wolski 01,,2024-12-25 22:05:54.901644
Autobus,1541,297,123,Dw. Wschodni (Kijowska),2 min,Siennicka 02,,2024-12-25 22:05:54.901644
Autobus,7863,9,148,Wiatraczna,2 min,Metro Imielin 01,,2024-12-25 22:05:54.901644
Autobus,8463,6,112,Nowe Bemowo,2 min,Metro Słodowiec 04,,2024-12-25 22:05:54.901644
Autobus,4239,4,220,Nowe Bemowo,2 min,Szobera 02,,2024-12-25 22:05:54.901644
Tramwaj,4237,3,11,Sielce,1 min,Nowowiejska 03,,2024-12-25 22:05:54.901644
Tramwaj,3156,1,6,Zjazd do zajezdni Praga,1 min,KS Polonia 01,,2024-12-25 22:05:54.901644
Tramwaj,3218,1,26,Zjazd do zajezdni Żoliborz,1 min,Kino Femina 06,,2024-12-25 22:05:54.901644
Autobus,9941,218,105,Rondo Daszyńskiego,2 min,Szpital Wolski 01,,2024-12-25 22:05:54.901644
Autobus,1541,297,123,Dw. Wschodni (Kijowska),2 min,Siennicka 02,,2024-12-25 22:05:54.901644
Autobus,7863,9,148,Wiatraczna,2 min,Metro Imielin 01,,2024-12-25 22:05:54.901644
Autobus,8463,6,112,Nowe Bemowo,2 min,Metro Słodowiec 04,,2024-12-25 22:05:54.901644
Autobus,4239,4,220,Nowe Bemowo,2 min,Szobera 02,,2024-12-25 22:05:54.901644
Tramwaj,4237,3,11,Sielce,1 min,Nowowiejska 03,,2024-12-25 22:05:54.901644
Tramwaj,3156,1,6,Zjazd do zajezdni Praga,1 min,KS Polonia 01,,2024-12-25 22:05:54.901644
Tramwaj,3218,1,26,Zjazd do zajezdni Żoliborz,1 min,Kino Femina 06,,2024-12-25 22:05:54.901644
Tramwaj,4013,3,28,Dw. Wschodni (Kijowska),1 min,Kijowska 06,,2024-12-25 22:05:54.901644
Tramwaj,4221,14,16,Miasteczko Wilanów,1 min,Pl. Unii Lubelskiej 05,,2024-12-25 22:05:54.901644
Autobus,9068,457,211,Żerań FSO,1 min,Pomorska 01,,2024-12-25 22:05:54.901644
Autobus,3418,3,145,Żerań FSO,1 min,Szymańskiego 02,,2024-12-25 22:05:54.901644
Tramwaj,3802,2,23,Nowe Bemowo,1 min,Marynin 02,,2024-12-25 22:05:54.901644
Autobus,5405,9,509,Rondo Starzyńskiego,1 min,Myśliborska 01,,2024-12-25 22:05:54.901644
Autobus,1549,3,183,Zielona,1 min,Pocisk 02,,2024-12-25 22:05:54.901644
Autobus,1204,632,218,Metro Wilanowska,1 min,Królikarnia 08,,2024-12-25 22:05:54.901644
Autobus,5939,608,507,Gocław,1 min,Bora-Komorowskiego 01,,2024-12-25 22:05:54.901644
Autobus,7233,1,184,Szczęśliwice,1 min,Ogrody Działkowe Bemowo 02,,2024-12-25 22:05:54.901644
Autobus,7759,2,143,Dw. Zachodni,1 min,Rembertów-Kolonia 01,,2024-12-25 22:05:54.901644
Autobus,2013,1,189,Os. Górczewska,1 min,Al. Lotników 06,,2024-12-25 22:05:54.901644
Tramwaj,3166,6,9,Gocławek,1 min,Bitwy Warszawskiej 1920 r. 03,,2024-12-25 22:05:54.901644
Tramwaj,3648,4,11,Zjazd do zajezdni Wola,1 min,Cm. Wolski 05,,2024-12-25 22:05:54.901644
Tramwaj,4234,2,11,Zjazd do zajezdni Mokotów,1 min,Sielecka 02,,2024-12-25 22:05:54.901644
Autobus,8566,190,N22,Dw. Centralny,1 min,PKP Anin 03,,2024-12-25 22:05:54.901644
Autobus,6237,3,189,Sadyba,1 min,Warneńska 54,,2024-12-25 22:05:54.901644
Autobus,9351,1,135,PKP Olszynka Grochowska,1 min,Praga-Płd.-Ratusz 02,,2024-12-25 22:05:54.901644
Tramwaj,3121,3,4,Zjazd do zajezdni Mokotów,1 min,Metro Wierzbno 04,,2024-12-25 22:05:54.901644
Tramwaj,4237,3,11,Sielce,1 min,Pl. Politechniki 01,,2024-12-25 22:05:54.901644
Tramwaj,3179,4,10,Zjazd do zajezdni Wola,1 min,Klemensiewicza 03,,2024-12-25 22:05:54.901644
Tramwaj,3276,1,15,Zjazd do zajezdni Mokotów,1 min,Marymont-Potok 03,,2024-12-25 22:05:54.901644
Autobus,7830,2,520,Marysin,1 min,Pl. Na Rozdrożu 05,,2024-12-25 22:05:54.901644
Autobus,1545,62,720,Rzakta,1 min,Kwatery Głównej 02,,2024-12-25 22:05:54.901644
Autobus,9355,4,142,Wiatraczna,1 min,Trakt Lubelski-Las 02,,2024-12-25 22:05:54.901644
Autobus,4421,5,138,Utrata,1 min,Naczelnikowska 02,,2024-12-25 22:05:54.901644
Autobus,8898,8,189,Os. Górczewska,1 min,Rozłogi 02,,2024-12-25 22:05:54.901644
Autobus,9801,1,167,Stare Bemowo,1 min,Biblioteka Narodowa 02,,2024-12-25 22:05:54.901644
Autobus,1427,1,115,Aleksandrów,1 min,Eskulapów 01,,2024-12-25 22:05:54.901644
Autobus,9336,641,199,Bródno-Podgrodzie,1 min,Łojewska 02,,2024-12-25 22:05:54.901644
Autobus,9206,572,192,Ursynów Płd.,1 min,Pięciolinii 01,,2024-12-25 22:05:54.901644
Autobus,9355,4,142,Wiatraczna,1 min,Trakt Lubelski-Las 02,,2024-12-25 22:05:54.901644
Tramwaj,4234,2,11,Zjazd do zajezdni Mokotów,1 min,Spacerowa 06,,2024-12-25 22:05:54.901644
Tramwaj,4221,14,16,Miasteczko Wilanów,1 min,Goworka 03,,2024-12-25 22:05:54.901644
Autobus,1427,1,115,Aleksandrów,1 min,Eskulapów 01,,2024-12-25 22:05:54.901644
Autobus,4421,5,138,Utrata,1 min,Naczelnikowska 02,,2024-12-25 22:05:54.901644
Autobus,8898,8,189,Os. Górczewska,1 min,Rozłogi 02,,2024-12-25 22:05:54.901644
Autobus,5932,6,116,Wilanów,1 min,Spacerowa 51,,2024-12-25 22:05:54.901644
Tramwaj,3290,4,26,Wiatraczna,1 min,Park Praski 02,,2024-12-25 22:05:54.901644
Tramwaj,3158,2,3,Gocławek,1 min,Ząbkowska 03,,2024-12-25 22:05:54.901644
Autobus,1425,5,173,Dw. Wschodni (Lubelska),1 min,Rumiankowa 02,,2024-12-25 22:05:54.901644
Autobus,1545,62,720,Rzakta,1 min,Gocławek 02,,2024-12-25 22:05:54.901644
Autobus,5986,11,180,Chomiczówka,1 min,Łowcza 02,,2024-12-25 22:05:54.901644
Autobus,6210,506,703,P+R Al. Krakowska,1 min,Raszyn Młyn 01,,2024-12-25 22:05:54.901644
Tramwaj,3128,4,7,Zjazd do zajezdni Mokotów,1 min,PKP Rakowiec 03,,2024-12-25 22:05:54.901644
Autobus,2013,1,189,Os. Górczewska,1 min,Bełdan 02,,2024-12-25 22:05:54.901644
Autobus,4328,2,152,Białołęka Dworska,1 min,Tarchomin 01,,2024-12-25 22:05:54.901644
Autobus,5403,3,140,Marki Czarna Struga,1 min,Marki Wspólna 02,,2024-12-25 22:05:54.901644
Autobus,5968,605,111,Esperanto,1 min,Pl. Bankowy 02,,2024-12-25 22:05:54.901644
Tramwaj,3158,2,3,Gocławek,1 min,Ząbkowska 03,,2024-12-25 22:05:54.901644
Autobus,1425,5,173,Dw. Wschodni (Lubelska),1 min,Rumiankowa 02,,2024-12-25 22:05:54.901644
Autobus,1545,62,720,Rzakta,1 min,Gocławek 02,,2024-12-25 22:05:54.901644
Autobus,5986,11,180,Chomiczówka,1 min,Łowcza 02,,2024-12-25 22:05:54.901644
Autobus,6210,506,703,P+R Al. Krakowska,1 min,Raszyn Młyn 01,,2024-12-25 22:05:54.901644
Tramwaj,3128,4,7,Zjazd do zajezdni Mokotów,1 min,PKP Rakowiec 03,,2024-12-25 22:05:54.901644
Autobus,2013,1,189,Os. Górczewska,1 min,Bełdan 02,,2024-12-25 22:05:54.901644
Autobus,4328,2,152,Białołęka Dworska,1 min,Tarchomin 01,,2024-12-25 22:05:54.901644
Autobus,5403,3,140,Marki Czarna Struga,1 min,Marki Wspólna 02,,2024-12-25 22:05:54.901644
Autobus,5968,605,111,Esperanto,1 min,Pl. Bankowy 02,,2024-12-25 22:05:54.901644
Autobus,70046,1,L-1,Janki Pl. Szwedzki,1 min,Janczewice Al. Jedności 01,,2024-12-25 22:05:54.901644
Autobus,1555,3,240,Metro Kondratowicza,1 min,Oknicka 01,,2024-12-25 22:05:54.901644
Autobus,3412,2,738,Metro Trocka,1 min,Słupno 01,,2024-12-25 22:05:54.901644
Autobus,1819,2,240,Marki Pustelnik,1 min,Marki Szkolna 02,,2024-12-25 22:05:54.901644
Autobus,8552,2,162,Pl. Hallera,0 min,Sierakowskiego 02,,2024-12-25 22:05:54.901644
Autobus,1011,4,213,Gocław,0 min,Bysławska 04,,2024-12-25 22:05:54.901644
Autobus,1002,5,213,Błota,0 min,Zagórzańska 01,,2024-12-25 22:05:54.901644
Autobus,1552,6,157,Gwiaździsta,0 min,Sienna 02,,2024-12-25 22:05:54.901644
Tramwaj,4237,3,11,Sielce,1 min,Pl. Politechniki 01,,2024-12-25 22:05:54.901644
Tramwaj,3158,2,3,Gocławek,0 min,Ząbkowska 03,,2024-12-25 22:05:54.901644
Autobus,8552,2,162,Pl. Hallera,0 min,Sierakowskiego 02,,2024-12-25 22:05:54.901644
Autobus,1011,4,213,Gocław,0 min,Bysławska 04,,2024-12-25 22:05:54.901644
Autobus,1002,5,213,Błota,0 min,Zagórzańska 01,,2024-12-25 22:05:54.901644
Autobus,1552,6,157,Gwiaździsta,0 min,Sienna 02,,2024-12-25 22:05:54.901644
Autobus,9330,2,153,Rembertów-Kolonia,0 min,PKP Rembertów 08,,2024-12-25 22:05:54.901644
Autobus,9348,8,179,Ursynów Płn.,0 min,Miklaszewskiego 04,,2024-12-25 22:05:54.901644
Tramwaj,3224,2,17,Zjazd do zajezdni Mokotów,0 min,Domaniewska 04,,2024-12-25 22:05:54.901644
Autobus,5901,4,180,Wilanów,0 min,Nalewki-Muzeum 01,,2024-12-25 22:05:54.901644
Autobus,7233,1,184,Szczęśliwice,0 min,Piastów Śląskich 02,,2024-12-25 22:05:54.901644
Autobus,9206,572,192,Ursynów Płd.,0 min,Pięciolinii 01,,2024-12-25 22:05:54.901644
Tramwaj,3648,4,11,Zjazd do zajezdni Wola,0 min,Sowińskiego 01,,2024-12-25 22:05:54.901644
Autobus,4223,3,154,Dw. Zachodni,0 min,Novotel 04,,2024-12-25 22:05:54.901644
Tramwaj,4234,2,11,Zjazd do zajezdni Mokotów,0 min,Spacerowa 06,,2024-12-25 22:05:54.901644
Autobus,1058,591,208,PKP WKD Al. Jerozolimskie,0 min,Dickensa 02,,2024-12-25 22:05:54.901644
Autobus,3408,62,705,Metro Marymont,0 min,Załubice-Poczta 01,,2024-12-25 22:05:54.901644
Autobus,8518,264,131,Dw. Centralny,0 min,Krucza 02,,2024-12-25 22:05:54.901644
Autobus,6244,509,721,P+R Al. Krakowska,0 min,Wólka Kosowska Wygoda 01,,2024-12-25 22:05:54.901644
Tramwaj,3166,6,9,Gocławek,0 min,Bitwy Warszawskiej 1920 r. 03,,2024-12-25 22:05:54.901644
Autobus,1011,4,213,Gocław,0 min,Kosaćcowa 02,,2024-12-25 22:05:54.901644
Tramwaj,3821,6,20,Zjazd do zajezdni Wola,0 min,Dywizjonu 303 05,,2024-12-25 22:05:54.901644
Tramwaj,4221,14,16,Miasteczko Wilanów,0 min,Goworka 03,,2024-12-25 22:05:54.901644
Autobus,1058,591,208,PKP WKD Al. Jerozolimskie,0 min,Dickensa 02,,2024-12-25 22:05:54.901644
Autobus,7844,3,143,Rembertów-Kolonia,0 min,Przyczółek Grochowski 02,,2024-12-25 22:05:54.901644
Autobus,8552,2,162,Pl. Hallera,0 min,Sierakowskiego 02,,2024-12-25 22:05:54.901644
Tramwaj,3232,2,24,Zjazd do zajezdni Żoliborz,0 min,Muzeum Narodowe 06,,2024-12-25 22:05:54.901644
Tramwaj,4010,5,22,Zjazd do zajezdni Żoliborz,0 min,Centrum 10,,2024-12-25 22:05:54.901644
Autobus,9935,7,114,Bródno-Podgrodzie,0 min,Kwitnąca 01,,2024-12-25 22:05:54.901644
Autobus,9351,1,135,PKP Olszynka Grochowska,0 min,Międzyborska 08,,2024-12-25 22:05:54.901644
Autobus,9323,469,142,Wiatraczna,0 min,Złotej Jesieni 01,,2024-12-25 22:05:54.901644
Autobus,9348,8,179,Ursynów Płn.,0 min,Szpital Południowy 04,,2024-12-25 22:05:54.901644
Tramwaj,3806,4,23,Czynszowa,0 min,Konopacka 02,,2024-12-25 22:05:54.901644
Autobus,4223,3,154,Dw. Zachodni,0 min,Novotel 04,,2024-12-25 22:05:54.901644
Tramwaj,4234,2,11,Zjazd do zajezdni Mokotów,0 min,Spacerowa 06,,2024-12-25 22:05:54.901644
Autobus,2218,1,716,PKP Ursus,0 min,Orląt Lwowskich 01,,2024-12-25 22:05:54.901644
Autobus,2234,4,191,Regulska,0 min,PKP WKD Al. Jerozolimskie 02,,2024-12-25 22:05:54.901644
Autobus,7233,1,184,Szczęśliwice,0 min,Nowe Bemowo 02,,2024-12-25 22:05:54.901644
Tramwaj,3155,3,24,Zjazd do zajezdni Wola,0 min,Gocławek 03,,2024-12-25 22:05:54.901644
Tramwaj,3176,1,3,Zjazd do zajezdni Praga,0 min,Gocławek 04,,2024-12-25 22:05:54.901644
Tramwaj,3188,7,24,Zjazd do zajezdni Wola,0 min,Nowe Bemowo 07,,2024-12-25 22:05:54.901644
Tramwaj,3191,3,22,Zjazd do zajezdni Wola,0 min,Piaski 05,,2024-12-25 22:05:54.901644
Tramwaj,3222,7,4,Zjazd do zajezdni Mokotów,0 min,Wyścigi 06,,2024-12-25 22:05:54.901644
Tramwaj,3237,4,9,Zjazd do zajezdni Mokotów,0 min,Gocławek 05,,2024-12-25 22:05:54.901644
Tramwaj,3245,5,9,Zjazd do zajezdni Mokotów,0 min,Gocławek 05,,2024-12-25 22:05:54.901644
Tramwaj,3248,5,7,Zjazd do zajezdni Mokotów,0 min,P+R Al. Krakowska 03,,2024-12-25 22:05:54.901644
Tramwaj,3260,7,17,Zjazd do zajezdni Mokotów,0 min,Winnica 05,,2024-12-25 22:05:54.901644
Tramwaj,3272,4,4,Zjazd do zajezdni Mokotów,0 min,Wyścigi 06,,2024-12-25 22:05:54.901644
Tramwaj,4117,3,17,Zjazd do zajezdni Żoliborz,0 min,PKP Służewiec 13,,2024-12-25 22:05:54.901644
Tramwaj,4206,1,2,Zjazd do zajezdni Żoliborz,0 min,Metro Młociny 28,,2024-12-25 22:05:54.901644
Autobus,1030,1,163,Metro Wilanowska,0 min,Centrum Onkologii 03,,2024-12-25 22:05:54.901644
Autobus,1052,2,208,Bitwy Warszawskiej 1920 r.,0 min,Bitwy Warszawskiej 1920 r. 10,,2024-12-25 22:05:54.901644
Autobus,1064,2,164,Metro Wilanowska,0 min,Kępa Zawadowska 02,,2024-12-25 22:05:54.901644
Autobus,1072,1,108,Pl. Trzech Krzyży,0 min,Łososiowa 53,,2024-12-25 22:05:54.901644
Autobus,1202,261,N34,Dw. Centralny,0 min,Os. Kabaty 03,,2024-12-25 22:05:54.901644
Autobus,1206,428,727,Władysławów,0 min,Metro Wilanowska 18,,2024-12-25 22:05:54.901644
Autobus,1219,633,218,Metro Wierzbno,0 min,Metro Wilanowska 16,,2024-12-25 22:05:54.901644
Tramwaj,4206,1,2,Zjazd do zajezdni Żoliborz,0 min,Metro Młociny 28,,2024-12-25 22:05:54.901644
Autobus,1030,1,163,Metro Wilanowska,0 min,Centrum Onkologii 03,,2024-12-25 22:05:54.901644
Autobus,1052,2,208,Bitwy Warszawskiej 1920 r.,0 min,Bitwy Warszawskiej 1920 r. 10,,2024-12-25 22:05:54.901644
Autobus,1064,2,164,Metro Wilanowska,0 min,Kępa Zawadowska 02,,2024-12-25 22:05:54.901644
Autobus,1072,1,108,Pl. Trzech Krzyży,0 min,Łososiowa 53,,2024-12-25 22:05:54.901644
Autobus,1202,261,N34,Dw. Centralny,0 min,Os. Kabaty 03,,2024-12-25 22:05:54.901644
Autobus,1206,428,727,Władysławów,0 min,Metro Wilanowska 18,,2024-12-25 22:05:54.901644
Autobus,1219,633,218,Metro Wierzbno,0 min,Metro Wilanowska 16,,2024-12-25 22:05:54.901644
Autobus,1220,423,739,Piaseczno Julianowska-Cmentarz,0 min,Metro Wilanowska 17,,2024-12-25 22:05:54.901644
Autobus,1429,4,115,Kajki,0 min,Aleksandrów 01,,2024-12-25 22:05:54.901644
Autobus,1520,435,146,Dw. Wschodni (Lubelska),0 min,Falenica 04,,2024-12-25 22:05:54.901644
Autobus,1528,1,183,Zielona,0 min,Wiatraczna 15,,2024-12-25 22:05:54.901644
Autobus,1550,439,146,Falenica,0 min,Dw. Wschodni (Lubelska) 01,,2024-12-25 22:05:54.901644
Autobus,1810,343,N37,Dw. Centralny,0 min,Os. Kabaty 04,,2024-12-25 22:05:54.901644
Autobus,1906,4,106,Mariensztat,0 min,Ostroroga 05,,2024-12-25 22:05:54.901644
Autobus,2007,1,131,Sadyba,0 min,Dw. Centralny 25,,2024-12-25 22:05:54.901644
Autobus,2025,259,N36,Bokserska,0 min,Dw. Centralny 27,,2024-12-25 22:05:54.901644
Autobus,2031,265,131,Dw. Centralny,0 min,Sadyba 05,,2024-12-25 22:05:54.901644
Autobus,3401,5,120,Metro Trocka,0 min,Olesin 01,,2024-12-25 22:05:54.901644
Autobus,1219,633,218,Metro Wierzbno,0 min,Metro Wilanowska 16,,2024-12-25 22:05:54.901644
Autobus,1220,423,739,Piaseczno Julianowska-Cmentarz,0 min,Metro Wilanowska 17,,2024-12-25 22:05:54.901644
Autobus,1429,4,115,Kajki,0 min,Aleksandrów 01,,2024-12-25 22:05:54.901644
Autobus,1520,435,146,Dw. Wschodni (Lubelska),0 min,Falenica 04,,2024-12-25 22:05:54.901644
Autobus,1528,1,183,Zielona,0 min,Wiatraczna 15,,2024-12-25 22:05:54.901644
Autobus,1550,439,146,Falenica,0 min,Dw. Wschodni (Lubelska) 01,,2024-12-25 22:05:54.901644
Autobus,1810,343,N37,Dw. Centralny,0 min,Os. Kabaty 04,,2024-12-25 22:05:54.901644
Autobus,1906,4,106,Mariensztat,0 min,Ostroroga 05,,2024-12-25 22:05:54.901644
Autobus,2007,1,131,Sadyba,0 min,Dw. Centralny 25,,2024-12-25 22:05:54.901644
Autobus,2025,259,N36,Bokserska,0 min,Dw. Centralny 27,,2024-12-25 22:05:54.901644
Autobus,2031,265,131,Dw. Centralny,0 min,Sadyba 05,,2024-12-25 22:05:54.901644
Autobus,3401,5,120,Metro Trocka,0 min,Olesin 01,,2024-12-25 22:05:54.901644
Autobus,3449,3,162,Pl. Hallera,0 min,EC Siekierki 03,,2024-12-25 22:05:54.901644
Autobus,35137,2,L49,Chotomów,0 min,Winnica 06,,2024-12-25 22:05:54.901644
Autobus,4229,4,177,Ursus-Niedźwiadek,0 min,Os. Górczewska 53,,2024-12-25 22:05:54.901644
Autobus,4236,2,N44,Dw. Centralny,0 min,Zajezdnia Żoliborz 02,,2024-12-25 22:05:54.901644
Autobus,4237,194,N25,Międzylesie,0 min,Dw. Centralny 25,,2024-12-25 22:05:54.901644
Autobus,4240,3,220,Starodęby,0 min,Nowe Bemowo 12,,2024-12-25 22:05:54.901644
Autobus,4316,1,134,Olesin,0 min,Metro Marymont 17,,2024-12-25 22:05:54.901644
Autobus,3401,5,120,Metro Trocka,0 min,Olesin 01,,2024-12-25 22:05:54.901644
Autobus,3449,3,162,Pl. Hallera,0 min,EC Siekierki 03,,2024-12-25 22:05:54.901644
Autobus,35137,2,L49,Chotomów,0 min,Winnica 06,,2024-12-25 22:05:54.901644
Autobus,4229,4,177,Ursus-Niedźwiadek,0 min,Os. Górczewska 53,,2024-12-25 22:05:54.901644
Autobus,4236,2,N44,Dw. Centralny,0 min,Zajezdnia Żoliborz 02,,2024-12-25 22:05:54.901644
Autobus,4237,194,N25,Międzylesie,0 min,Dw. Centralny 25,,2024-12-25 22:05:54.901644
Autobus,4240,3,220,Starodęby,0 min,Nowe Bemowo 12,,2024-12-25 22:05:54.901644
Autobus,4316,1,134,Olesin,0 min,Metro Marymont 17,,2024-12-25 22:05:54.901644
Autobus,4404,133,N64,Dw. Centralny,0 min,Kupiecka 01,,2024-12-25 22:05:54.901644
Autobus,4408,4,197,Gwiaździsta,0 min,Cm. Wolski 08,,2024-12-25 22:05:54.901644
Autobus,4229,4,177,Ursus-Niedźwiadek,0 min,Os. Górczewska 53,,2024-12-25 22:05:54.901644
Autobus,4236,2,N44,Dw. Centralny,0 min,Zajezdnia Żoliborz 02,,2024-12-25 22:05:54.901644
Autobus,4237,194,N25,Międzylesie,0 min,Dw. Centralny 25,,2024-12-25 22:05:54.901644
Autobus,4240,3,220,Starodęby,0 min,Nowe Bemowo 12,,2024-12-25 22:05:54.901644
Autobus,4316,1,134,Olesin,0 min,Metro Marymont 17,,2024-12-25 22:05:54.901644
Autobus,4404,133,N64,Dw. Centralny,0 min,Kupiecka 01,,2024-12-25 22:05:54.901644
Autobus,4408,4,197,Gwiaździsta,0 min,Cm. Wolski 08,,2024-12-25 22:05:54.901644
Autobus,4409,212,170,Rondo Starzyńskiego,0 min,PKP Zacisze-Wilno 02,,2024-12-25 22:05:54.901644
Autobus,4410,182,N46,Metro Młociny,0 min,Dw. Centralny 23,,2024-12-25 22:05:54.901644
Autobus,4236,2,N44,Dw. Centralny,0 min,Zajezdnia Żoliborz 02,,2024-12-25 22:05:54.901644
Autobus,4237,194,N25,Międzylesie,0 min,Dw. Centralny 25,,2024-12-25 22:05:54.901644
Autobus,4240,3,220,Starodęby,0 min,Nowe Bemowo 12,,2024-12-25 22:05:54.901644
Autobus,4316,1,134,Olesin,0 min,Metro Marymont 17,,2024-12-25 22:05:54.901644
Autobus,4404,133,N64,Dw. Centralny,0 min,Kupiecka 01,,2024-12-25 22:05:54.901644
Autobus,4408,4,197,Gwiaździsta,0 min,Cm. Wolski 08,,2024-12-25 22:05:54.901644
Autobus,4409,212,170,Rondo Starzyńskiego,0 min,PKP Zacisze-Wilno 02,,2024-12-25 22:05:54.901644
Autobus,4410,182,N46,Metro Młociny,0 min,Dw. Centralny 23,,2024-12-25 22:05:54.901644
Autobus,4412,183,N91,Cm. Północny-Brama Zach.,0 min,Dw. Centralny 23,,2024-12-25 22:05:54.901644
Autobus,4420,128,N12,Metro Trocka,0 min,Dw. Centralny 21,,2024-12-25 22:05:54.901644
Autobus,4422,123,N11,Os. Derby,0 min,Dw. Centralny 21,,2024-12-25 22:05:54.901644
Autobus,4423,131,N14,Olesin,0 min,Dw. Centralny 21,,2024-12-25 22:05:54.901644
Autobus,4425,225,N12,Dw. Centralny,0 min,Metro Trocka 12,,2024-12-25 22:05:54.901644
Autobus,5232,1,136,Ostroroga,0 min,Natolin Płn. 08,,2024-12-25 22:05:54.901644
Autobus,5258,4,517,Ursus-Niedźwiadek,0 min,Pl. Trzech Krzyży 06,,2024-12-25 22:05:54.901644
Autobus,5421,2,723,Żerań FSO,0 min,Legionowo Mickiewicza 01,,2024-12-25 22:05:54.901644
Autobus,5457,2,132,Metro Marymont,0 min,Os. Derby 02,,2024-12-25 22:05:54.901644
Autobus,5882,409,175,Centrum,0 min,Lotnisko Chopina-Przyloty 02,,2024-12-25 22:05:54.901644
Autobus,5896,8,503,Natolin Płn.,0 min,Konwiktorska 01,,2024-12-25 22:05:54.901644
Autobus,9229,574,192,Krasnowola,0 min,Ursynów Płd. 06,,2024-12-25 22:05:54.901644
Autobus,9252,472,203,Fort Wawrzyszew,0 min,Metro Młociny 17,,2024-12-25 22:05:54.901644
Autobus,9320,3,179,Ursynów Płn.,0 min,Os. Kabaty 02,,2024-12-25 22:05:54.901644
Autobus,9328,3,142,Aleksandrów,0 min,Wiatraczna 14,,2024-12-25 22:05:54.901644
Autobus,9340,1,198,PKP Wesoła,0 min,Stara Miłosna (Ułańska) 04,,2024-12-25 22:05:54.901644
Autobus,9501,654,729,Metro Bemowo,0 min,Mariew 01,,2024-12-25 22:05:54.901644
Autobus,9508,5,159,Berestecka,0 min,Małe Siekierki 03,,2024-12-25 22:05:54.901644
Autobus,9516,1,707,Piaseczno Targowisko,0 min,P+R Al. Krakowska 13,,2024-12-25 22:05:54.901644
Autobus,9521,3,159,Małe Siekierki,0 min,CH Blue City 01,,2024-12-25 22:05:54.901644
Autobus,9522,53,715,Ursynów Płn.,0 min,P+R Al. Krakowska 13,,2024-12-25 22:05:54.901644
Autobus,9530,651,149,Metro Bemowo,0 min,Groty 01,,2024-12-25 22:05:54.901644
Autobus,9531,2,N03,Winnica,0 min,Wiatraczna 01,,2024-12-25 22:05:54.901644
Autobus,9532,55,715,P+R Al. Krakowska,0 min,Metro Ursynów 01,,2024-12-25 22:05:54.901644
Autobus,9550,4,178,Rondo Daszyńskiego,0 min,Skorosze 04,,2024-12-25 22:05:54.901644
Autobus,9804,3,167,Stare Bemowo,0 min,Siekierki-Sanktuarium 03,,2024-12-25 22:05:54.901644
Autobus,9814,136,N32,Centrum,0 min,Lotnisko Chopina-Przyloty 02,,2024-12-25 22:05:54.901644
Autobus,9843,2,N42,Os. Górczewska,0 min,Dw. Centralny 29,,2024-12-25 22:05:54.901644
Autobus,9846,1,742,Góra Kalwaria Rynek,0 min,Os. Kabaty 06,,2024-12-25 22:05:54.901644
Autobus,9907,1,114,Bródno-Podgrodzie,0 min,Młociny-UKSW 01,,2024-12-25 22:05:54.901644
Autobus,9531,2,N03,Winnica,0 min,Wiatraczna 01,,2024-12-25 22:05:54.901644
Autobus,9532,55,715,P+R Al. Krakowska,0 min,Metro Ursynów 01,,2024-12-25 22:05:54.901644
Autobus,9550,4,178,Rondo Daszyńskiego,0 min,Skorosze 04,,2024-12-25 22:05:54.901644
Autobus,9804,3,167,Stare Bemowo,0 min,Siekierki-Sanktuarium 03,,2024-12-25 22:05:54.901644
Autobus,9814,136,N32,Centrum,0 min,Lotnisko Chopina-Przyloty 02,,2024-12-25 22:05:54.901644
Autobus,9843,2,N42,Os. Górczewska,0 min,Dw. Centralny 29,,2024-12-25 22:05:54.901644
Autobus,9846,1,742,Góra Kalwaria Rynek,0 min,Os. Kabaty 06,,2024-12-25 22:05:54.901644
Autobus,9907,1,114,Bródno-Podgrodzie,0 min,Młociny-UKSW 01,,2024-12-25 22:05:54.901644
Autobus,9946,3,186,Szczęśliwice,0 min,Nowodwory 09,,2024-12-25 22:05:54.901644
Pociąg,1077,,WKD,Grodzisk Mazowiecki Radońska,0 min,Podkowa Leśna Zachodnia,,2024-12-25 22:05:54.901644
Pociąg,1079,,WKD,Grodzisk Mazowiecki Radońska,0 min,Warszawa Ochota WKD,,2024-12-25 22:05:54.901644
Pociąg,1074,,WKD,Warszawa Śródmieście WKD,0 min,Warszawa Aleje Jerozolimskie,,2024-12-25 22:05:54.901644
Pociąg,2036,,WKD,,0 min,,,2024-12-25 22:05:54.901644
Pociąg,1077,,WKD,Grodzisk Mazowiecki Radońska,0 min,Podkowa Leśna Zachodnia,,2024-12-25 22:05:54.901644
Pociąg,1079,,WKD,Grodzisk Mazowiecki Radońska,0 min,Warszawa Ochota WKD,,2024-12-25 22:05:54.901644
Pociąg,1074,,WKD,Warszawa Śródmieście WKD,0 min,Warszawa Aleje Jerozolimskie,,2024-12-25 22:05:54.901644
Pociąg,2036,,WKD,,0 min,,,2024-12-25 22:05:54.901644
Tramwaj,3157,8,9,P+R Al. Krakowska,0 min,P+R Al. Krakowska 01,,2024-12-25 22:05:54.901644
Autobus,9846,1,742,Góra Kalwaria Rynek,0 min,Os. Kabaty 06,,2024-12-25 22:05:54.901644
Autobus,9907,1,114,Bródno-Podgrodzie,0 min,Młociny-UKSW 01,,2024-12-25 22:05:54.901644
Autobus,9946,3,186,Szczęśliwice,0 min,Nowodwory 09,,2024-12-25 22:05:54.901644
Pociąg,1077,,WKD,Grodzisk Mazowiecki Radońska,0 min,Podkowa Leśna Zachodnia,,2024-12-25 22:05:54.901644
Pociąg,1079,,WKD,Grodzisk Mazowiecki Radońska,0 min,Warszawa Ochota WKD,,2024-12-25 22:05:54.901644
Pociąg,1074,,WKD,Warszawa Śródmieście WKD,0 min,Warszawa Aleje Jerozolimskie,,2024-12-25 22:05:54.901644
Pociąg,2036,,WKD,,0 min,,,2024-12-25 22:05:54.901644
Tramwaj,3157,8,9,P+R Al. Krakowska,0 min,P+R Al. Krakowska 01,,2024-12-25 22:05:54.901644
Autobus,9560,3,178,Rondo Daszyńskiego,0 min,Prystora 03,,2024-12-25 22:05:54.901644
Autobus,9850,6,167,Siekierki-Sanktuarium,0 min,Klemensiewicza 01,,2024-12-25 22:05:54.901644
Tramwaj,4237,3,11,Sielce,0 min,Trasa Łazienkowska 01,,2024-12-25 22:05:54.901644
Autobus,1539,441,147,Dw. Wschodni (Lubelska),0 min,Rumiankowa 01,,2024-12-25 22:05:54.901644
Autobus,2014,6,148,Lotnisko Chopina,0 min,Most Siekierkowski 03,,2024-12-25 22:05:54.901644
Tramwaj,3166,6,9,Gocławek,0 min,Wawelska 03,,2024-12-25 22:05:54.901644
Autobus,5459,2,140,Metro Trocka,0 min,Marki Szkolna 01,,2024-12-25 22:05:54.901644
Autobus,9333,4,179,Os. Kabaty,0 min,Teligi 03,,2024-12-25 22:05:54.901644
Autobus,1819,2,240,Marki Pustelnik,0 min,Marki-Ratusz 02,,2024-12-25 22:05:54.901644
Autobus,6210,506,703,P+R Al. Krakowska,0 min,Stoicka 01,,2024-12-25 22:05:54.901644
Autobus,9333,4,179,Os. Kabaty,0 min,Grzegorzewskiej 01,,2024-12-25 22:05:54.901644
Autobus,9354,4,135,Dw. Wileński,0 min,Pl. Szembeka 05,,2024-12-25 22:05:54.901644
Autobus,9935,7,114,Bródno-Podgrodzie,0 min,Conrada-Szkoła 01,,2024-12-25 22:05:54.901644
Autobus,3403,2,120,Olesin,0 min,Ząbkowska 02,,2024-12-25 22:05:54.901644
Autobus,8552,2,162,Pl. Hallera,0 min,Ząbkowska 06,,2024-12-25 22:05:54.901644
Autobus,9829,6,502,Stara Miłosna (Graniczna),0 min,Pl. Konstytucji 01,,2024-12-25 22:05:54.901644
Autobus,1819,2,240,Marki Pustelnik,0 min,Marki-Ratusz 02,,2024-12-25 22:05:54.901644
Autobus,6210,506,703,P+R Al. Krakowska,0 min,Stoicka 01,,2024-12-25 22:05:54.901644
Autobus,1542,4,173,Dw. Wschodni (Lubelska),0 min,Okularowa 01,,2024-12-25 22:05:54.901644
Tramwaj,4104,547,4,Zjazd do zajezdni Annopol,0 min,Stare Miasto 01,,2024-12-25 22:05:54.901644
Autobus,8809,4,138,Bokserska,0 min,Ząbkowska 01,,2024-12-25 22:05:54.901644
Tramwaj,3293,6,22,Zjazd do zajezdni Wola,0 min,Wiatraczna 05,,2024-12-25 22:05:54.901644
Autobus,4218,5,197,Cm. Wolski,0 min,Podleśna-IMGW 05,,2024-12-25 22:05:54.901644
Autobus,1013,3,213,Gocław,0 min,Kadetów-Kościół 01,,2024-12-25 22:05:54.901644
Autobus,1555,3,240,Metro Kondratowicza,0 min,Grodzisk 01,,2024-12-25 22:05:54.901644
Autobus,2234,4,191,Regulska,0 min,Popularna 04,,2024-12-25 22:05:54.901644
Autobus,5449,446,500,Bródno-Podgrodzie,0 min,Żuromińska 02,,2024-12-25 22:05:54.901644
Tramwaj,3137,7,22,Wiatraczna,0 min,Praga-Płd.-Ratusz 04,,2024-12-25 22:05:54.901644
Tramwaj,4265,12,16,Zjazd do zajezdni Mokotów,0 min,Oś Królewska 06,,2024-12-25 22:05:54.901644
Tramwaj,3293,6,22,Zjazd do zajezdni Wola,0 min,Wiatraczna 05,,2024-12-25 22:05:54.901644
Autobus,4218,5,197,Cm. Wolski,0 min,Podleśna-IMGW 05,,2024-12-25 22:05:54.901644
Autobus,1013,3,213,Gocław,0 min,Kadetów-Kościół 01,,2024-12-25 22:05:54.901644
Autobus,9354,4,135,Dw. Wileński,0 min,Pl. Szembeka 05,,2024-12-25 22:05:54.901644
Autobus,9935,7,114,Bródno-Podgrodzie,0 min,Conrada-Szkoła 01,,2024-12-25 22:05:54.901644
Autobus,3403,2,120,Olesin,0 min,Ząbkowska 02,,2024-12-25 22:05:54.901644
Autobus,8552,2,162,Pl. Hallera,0 min,Ząbkowska 06,,2024-12-25 22:05:54.901644
Autobus,9829,6,502,Stara Miłosna (Graniczna),0 min,Pl. Konstytucji 01,,2024-12-25 22:05:54.901644
Autobus,1819,2,240,Marki Pustelnik,0 min,Marki-Ratusz 02,,2024-12-25 22:05:54.901644
Autobus,6210,506,703,P+R Al. Krakowska,0 min,Stoicka 01,,2024-12-25 22:05:54.901644
Autobus,1542,4,173,Dw. Wschodni (Lubelska),0 min,Okularowa 01,,2024-12-25 22:05:54.901644
Autobus,8809,4,138,Bokserska,0 min,Ząbkowska 01,,2024-12-25 22:05:54.901644
Autobus,4218,5,197,Cm. Wolski,0 min,Podleśna-IMGW 05,,2024-12-25 22:05:54.901644
Tramwaj,4282,1,17,Winnica,0 min,Rakowiecka-Sanktuarium 04,,2024-12-25 22:05:54.901644
Autobus,1013,3,213,Gocław,0 min,Kadetów-Kościół 01,,2024-12-25 22:05:54.901644
Autobus,1555,3,240,Metro Kondratowicza,0 min,Grodzisk 01,,2024-12-25 22:05:54.901644
Autobus,2234,4,191,Regulska,0 min,Popularna 04,,2024-12-25 22:05:54.901644
Autobus,5449,446,500,Bródno-Podgrodzie,0 min,Żuromińska 02,,2024-12-25 22:05:54.901644
Tramwaj,4104,547,4,Zjazd do zajezdni Annopol,0 min,Stare Miasto 01,,2024-12-25 22:05:54.901644
Tramwaj,4282,1,17,Winnica,0 min,Rakowiecka-Sanktuarium 04,,2024-12-25 22:05:54.901644
Autobus,1013,3,213,Gocław,0 min,Kadetów-Kościół 01,,2024-12-25 22:05:54.901644
Autobus,1555,3,240,Metro Kondratowicza,0 min,Grodzisk 01,,2024-12-25 22:05:54.901644
Autobus,2234,4,191,Regulska,0 min,Popularna 04,,2024-12-25 22:05:54.901644
Autobus,5449,446,500,Bródno-Podgrodzie,0 min,Żuromińska 02,,2024-12-25 22:05:54.901644
Tramwaj,4104,547,4,Zjazd do zajezdni Annopol,0 min,Stare Miasto 01,,2024-12-25 22:05:54.901644
Autobus,7233,1,184,Szczęśliwice,0 min,Wrocławska 04,,2024-12-25 22:05:54.901644
Autobus,8307,2,504,Rondo Unii Europejskiej,0 min,Miklaszewskiego 02,,2024-12-25 22:05:54.901644
Tramwaj,3158,2,3,Gocławek,0 min,Al. Zieleniecka 06,,2024-12-25 22:05:54.901644
Tramwaj,3810,3,20,Zjazd do zajezdni Wola,0 min,Park Praski 01,,2024-12-25 22:05:54.901644
Autobus,5960,5,518,Metro Marymont,0 min,Białołęka-Ratusz 01,,2024-12-25 22:05:54.901644
Autobus,9813,2,502,Metro Politechnika,0 min,Poligonowa 01,,2024-12-25 22:05:54.901644
Autobus,7238,239,517,Ursus-Niedźwiadek,0 min,Pl. Zawiszy 04,,2024-12-25 22:05:54.901644
Autobus,8342,3,519,Powsin-Park Kultury,0 min,Wilanów 01,,2024-12-25 22:05:54.901644
Autobus,8505,445,500,Rondo „Radosława”,0 min,Bródno-Podgrodzie 01,,2024-12-25 22:05:54.901644
Autobus,80102,2,L45,CH Marki,0 min,Marki Pustelnik 04,,2024-12-25 22:05:54.901644
Autobus,9527,54,737,Władysławów,0 min,Kolonia Lesznowola Postępu 03,,2024-12-25 22:05:54.901644
Tramwaj,3137,7,22,Wiatraczna,0 min,Praga-Płd.-Ratusz 04,,2024-12-25 22:05:54.901644
Autobus,4207,3,713,Koprki Agricoop,0 min,Karolin 02,,2024-12-25 22:05:54.901644
Tramwaj,3818,2,28,Zjazd do zajezdni Wola,1 min przed czasem,Most Gdański 04,,2024-12-25 22:05:54.901644
Autobus,9341,2,198,Stara Miłosna (Ułańska),1 min przed czasem,1. Praskiego Pułku 04,,2024-12-25 22:05:54.901644
Autobus,9343,642,245,Ząbki Maczka,1 min przed czasem,Potulicka 02,,2024-12-25 22:05:54.901644
Tramwaj,4102,6,17,Zjazd do zajezdni Żoliborz,1 min przed czasem,Mehoffera 05,,2024-12-25 22:05:54.901644
Autobus,1209,422,727,Metro Wilanowska,1 min przed czasem,Piaseczno Zalesinek 02,,2024-12-25 22:05:54.901644
Autobus,1859,4,123,Dw. Wschodni (Lubelska),1 min przed czasem,Terespolska 03,,2024-12-25 22:05:54.901644
Autobus,7229,6,191,Pl. Narutowicza,1 min przed czasem,Bitwy Warszawskiej 1920 r. 01,,2024-12-25 22:05:54.901644
Autobus,9813,2,502,Metro Politechnika,1 min przed czasem,Przyczółek Grochowski 03,,2024-12-25 22:05:54.901644
Autobus,9351,1,135,PKP Olszynka Grochowska,1 min przed czasem,Szpital Grochowski 02,,2024-12-25 22:05:54.901644
Autobus,1424,450,147,Stara Miłosna (Ułańska),1 min przed czasem,Metro Stadion Narodowy 01,,2024-12-25 22:05:54.901644
Autobus,5238,2,716,Piastów Ogińskiego,1 min przed czasem,Piastów Kino Baśń 02,,2024-12-25 22:05:54.901644
Autobus,8894,3,138,Bokserska,1 min przed czasem,Woronicza 01,,2024-12-25 22:05:54.901644
Autobus,8535,171,N33,Dw. Centralny,1 min przed czasem,Al. Lotników 05,,2024-12-25 22:05:54.901644
Autobus,1543,440,147,Dw. Wschodni (Lubelska),1 min przed czasem,Meissnera 02,,2024-12-25 22:05:54.901644
Autobus,6200,2,517,Ursus-Niedźwiadek,1 min przed czasem,Zajezdnia Kleszczowa 02,,2024-12-25 22:05:54.901644
Autobus,8341,262,166,Os. Kabaty,1 min przed czasem,Warneńska 01,,2024-12-25 22:05:54.901644
Autobus,1812,2,212,Pl. Hallera,1 min przed czasem,Bródnowska 01,,2024-12-25 22:05:54.901644
Autobus,4302,3,134,Żerań FSO,1 min przed czasem,Pucciniego 01,,2024-12-25 22:05:54.901644
Autobus,9950,9,186,Szczęśliwice,1 min przed czasem,Lasek na Kole 01,,2024-12-25 22:05:54.901644
Autobus,8894,3,138,Bokserska,1 min przed czasem,Woronicza 01,,2024-12-25 22:05:54.901644
Autobus,8535,171,N33,Dw. Centralny,1 min przed czasem,Al. Lotników 05,,2024-12-25 22:05:54.901644
Autobus,1543,440,147,Dw. Wschodni (Lubelska),1 min przed czasem,Meissnera 02,,2024-12-25 22:05:54.901644
Autobus,6200,2,517,Ursus-Niedźwiadek,1 min przed czasem,Zajezdnia Kleszczowa 02,,2024-12-25 22:05:54.901644
Autobus,5958,9,180,Chomiczówka,1 min przed czasem,Kapitulna 02,,2024-12-25 22:05:54.901644
Tramwaj,3253,8,10,Zjazd do zajezdni Wola,1 min przed czasem,Bukowińska 04,,2024-12-25 22:05:54.901644
Autobus,778,1,250,Metro Młociny,1 min przed czasem,Tytułowa 01,,2024-12-25 22:05:54.901644
Autobus,1430,2,183,Wiatraczna,1 min przed czasem,Marsa-Las 01,,2024-12-25 22:05:54.901644
Autobus,4302,3,134,Żerań FSO,1 min przed czasem,Pucciniego 01,,2024-12-25 22:05:54.901644
Autobus,9206,572,192,Ursynów Płd.,1 min przed czasem,Metro Stokłosy 03,,2024-12-25 22:05:54.901644
Autobus,9331,1,179,Ursynów Płn.,1 min przed czasem,Małcużyńskiego 01,,2024-12-25 22:05:54.901644
Autobus,9950,9,186,Szczęśliwice,1 min przed czasem,Lasek na Kole 01,,2024-12-25 22:05:54.901644
Tramwaj,3825,4,20,Żerań FSO,1 min przed czasem,Żerań FSO 05,,2024-12-25 22:05:54.901644
Autobus,5961,1,518,Nowodwory,1 min przed czasem,Picassa 02,,2024-12-25 22:05:54.901644
Autobus,7229,6,191,Pl. Narutowicza,1 min przed czasem,Bitwy Warszawskiej 1920 r. 01,,2024-12-25 22:05:54.901644
Autobus,1426,207,525,Dw. Centralny,1 min przed czasem,Centrum 06,,2024-12-25 22:05:54.901644
Autobus,1530,2,115,PKP Mokry Ług,1 min przed czasem,Buchalteryjna 02,,2024-12-25 22:05:54.901644
Autobus,9331,1,179,Ursynów Płn.,1 min przed czasem,Małcużyńskiego 01,,2024-12-25 22:05:54.901644
Autobus,9950,9,186,Szczęśliwice,1 min przed czasem,Lasek na Kole 01,,2024-12-25 22:05:54.901644
Tramwaj,3825,4,20,Żerań FSO,1 min przed czasem,Żerań FSO 05,,2024-12-25 22:05:54.901644
Autobus,5961,1,518,Nowodwory,1 min przed czasem,Picassa 02,,2024-12-25 22:05:54.901644
Autobus,7229,6,191,Pl. Narutowicza,1 min przed czasem,Bitwy Warszawskiej 1920 r. 01,,2024-12-25 22:05:54.901644
Autobus,1426,207,525,Dw. Centralny,1 min przed czasem,Centrum 06,,2024-12-25 22:05:54.901644
Autobus,1530,2,115,PKP Mokry Ług,1 min przed czasem,Buchalteryjna 02,,2024-12-25 22:05:54.901644
Autobus,5238,2,716,Piastów Ogińskiego,1 min przed czasem,Piastów Kino Baśń 02,,2024-12-25 22:05:54.901644
Autobus,4405,227,120,Metro Trocka,1 min przed czasem,Metro Kondratowicza 02,,2024-12-25 22:05:54.901644
Autobus,6208,7,172,Sadyba,1 min przed czasem,Park Dreszera 02,,2024-12-25 22:05:54.901644
Autobus,9803,1,185,Gwiaździsta,1 min przed czasem,Dolina Służewiecka 02,,2024-12-25 22:05:54.901644
Autobus,4407,4,169,Dw. Wschodni (Kijowska),1 min przed czasem,Ząbkowska 01,,2024-12-25 22:05:54.901644
Autobus,5958,9,180,Chomiczówka,1 min przed czasem,Kapitulna 02,,2024-12-25 22:05:54.901644
Autobus,9206,572,192,Ursynów Płd.,1 min przed czasem,Metro Stokłosy 03,,2024-12-25 22:05:54.901644
Autobus,5906,600,111,Gocław,1 min przed czasem,Stacja Krwiodawstwa 03,,2024-12-25 22:05:54.901644
Autobus,1072,1,108,Pl. Trzech Krzyży,1 min przed czasem,Budexpo 02,,2024-12-25 22:05:54.901644
Autobus,8447,5,112,CH Marki,1 min przed czasem,Żerań FSO 04,,2024-12-25 22:05:54.901644
Tramwaj,3267,6,4,Wyścigi,1 min przed czasem,Pl. Konstytucji 05,,2024-12-25 22:05:54.901644
Tramwaj,3253,8,10,Zjazd do zajezdni Wola,1 min przed czasem,Bukowińska 04,,2024-12-25 22:05:54.901644
Autobus,4233,2,194,PKP Gołąbki,1 min przed czasem,PKP Włochy 04,,2024-12-25 22:05:54.901644
Autobus,5958,9,180,Chomiczówka,1 min przed czasem,Kapitulna 02,,2024-12-25 22:05:54.901644
Autobus,9206,572,192,Ursynów Płd.,1 min przed czasem,Metro Stokłosy 03,,2024-12-25 22:05:54.901644
Autobus,5906,600,111,Gocław,1 min przed czasem,Stacja Krwiodawstwa 03,,2024-12-25 22:05:54.901644
Autobus,1072,1,108,Pl. Trzech Krzyży,1 min przed czasem,Budexpo 02,,2024-12-25 22:05:54.901644
Autobus,8447,5,112,CH Marki,1 min przed czasem,Żerań FSO 04,,2024-12-25 22:05:54.901644
Tramwaj,3267,6,4,Wyścigi,1 min przed czasem,Pl. Konstytucji 05,,2024-12-25 22:05:54.901644
Tramwaj,4007,3,15,Zjazd do zajezdni Żoliborz,1 min przed czasem,Pl. Inwalidów 04,,2024-12-25 22:05:54.901644
Autobus,9073,458,211,Dąbrówka Wiślana,1 min przed czasem,Osiedle 02,,2024-12-25 22:05:54.901644
Autobus,1538,5,115,Aleksandrów,1 min przed czasem,Lawinowa 01,,2024-12-25 22:05:54.901644
Autobus,4405,227,120,Metro Trocka,1 min przed czasem,Metro Kondratowicza 02,,2024-12-25 22:05:54.901644
Autobus,7858,219,702,Otwock Orla,1 min przed czasem,Lucerny 01,,2024-12-25 22:05:54.901644
Tramwaj,3827,7,6,Gocławek,1 min przed czasem,Czapelska 02,,2024-12-25 22:05:54.901644
Autobus,7251,7,517,Pl. Trzech Krzyży,1 min przed czasem,Adamieckiego 01,,2024-12-25 22:05:54.901644
Tramwaj,4101,8,17,Winnica,1 min przed czasem,Świderska 04,,2024-12-25 22:05:54.901644
Autobus,9506,2,159,Małe Siekierki,1 min przed czasem,Legia-Stadion 01,,2024-12-25 22:05:54.901644
Autobus,8586,1,120,Olesin,1 min przed czasem,Okrągła 02,,2024-12-25 22:05:54.901644
Tramwaj,4225,9,16,Piaski,1 min przed czasem,Włościańska 04,,2024-12-25 22:05:54.901644
Autobus,8447,5,112,CH Marki,1 min przed czasem,Żerań FSO 04,,2024-12-25 22:05:54.901644
Autobus,9220,1,133,Tarchomin,1 min przed czasem,Henryków 03,,2024-12-25 22:05:54.901644
Autobus,9820,1,710,Piaseczno Targowisko,1 min przed czasem,Konstancin-Jeziorna Tabita 01,,2024-12-25 22:05:54.901644
Autobus,7819,5,525,Międzylesie,1 min przed czasem,CH Promenada 02,,2024-12-25 22:05:54.901644
Autobus,1538,5,115,Aleksandrów,1 min przed czasem,Lawinowa 01,,2024-12-25 22:05:54.901644
Autobus,5906,600,111,Gocław,1 min przed czasem,Zwycięzców 01,,2024-12-25 22:05:54.901644
Autobus,1530,2,115,PKP Mokry Ług,1 min przed czasem,Buchalteryjna 02,,2024-12-25 22:05:54.901644
Tramwaj,3166,6,9,Gocławek,1 min przed czasem,Pl. Narutowicza 07,,2024-12-25 22:05:54.901644
Tramwaj,4007,3,15,Zjazd do zajezdni Żoliborz,1 min przed czasem,Pl. Wilsona 10,,2024-12-25 22:05:54.901644
Tramwaj,4277,11,16,Zjazd do zajezdni Żoliborz,1 min przed czasem,Kostrzewskiego 02,,2024-12-25 22:05:54.901644
Tramwaj,3292,6,24,Zjazd do zajezdni Wola,1 min przed czasem,Długosza 01,,2024-12-25 22:05:54.901644
Autobus,8586,1,120,Olesin,1 min przed czasem,Okrągła 02,,2024-12-25 22:05:54.901644
Autobus,9920,5,186,Nowodwory,1 min przed czasem,Płochocińska 02,,2024-12-25 22:05:54.901644
Tramwaj,3198,546,1,Annopol,1 min przed czasem,Rondo Żaba 04,,2024-12-25 22:05:54.901644
Autobus,1070,2,163,Metro Imielin,1 min przed czasem,Betoniarnia 02,,2024-12-25 22:05:54.901644
Autobus,9803,1,185,Gwiaździsta,1 min przed czasem,Dolina Służewiecka 02,,2024-12-25 22:05:54.901644
Autobus,4405,227,120,Metro Trocka,1 min przed czasem,Metro Kondratowicza 02,,2024-12-25 22:05:54.901644
Autobus,5937,1,503,Konwiktorska,1 min przed czasem,Spacerowa 52,,2024-12-25 22:05:54.901644
Autobus,1072,1,108,Pl. Trzech Krzyży,1 min przed czasem,Bartycka 02,,2024-12-25 22:05:54.901644
Autobus,1212,260,165,Wyczółki,2 min przed czasem,Wyczółki 01,,2024-12-25 22:05:54.901644
Autobus,5207,5,177,Os. Górczewska,2 min przed czasem,Raginisa 01,,2024-12-25 22:05:54.901644
Autobus,70027,51,L15,Gassy-Pętla,2 min przed czasem,Czernidła 01,,2024-12-25 22:05:54.901644
Autobus,1414,1,119,Wiśniowa Góra,2 min przed czasem,Wojsławicka 01,,2024-12-25 22:05:54.901644
Autobus,7714,5,520,Metro Politechnika,2 min przed czasem,Marszałkowska 02,,2024-12-25 22:05:54.901644
Autobus,1553,2,169,Bródno-Podgrodzie,2 min przed czasem,Metro Bródno 10,,2024-12-25 22:05:54.901644
Autobus,5914,4,158,Witolin,2 min przed czasem,Centrum 15,,2024-12-25 22:05:54.901644
Autobus,9535,4,103,Brylowska,2 min przed czasem,Metro Młociny 01,,2024-12-25 22:05:54.901644
Autobus,1553,2,169,Bródno-Podgrodzie,2 min przed czasem,Metro Bródno 10,,2024-12-25 22:05:54.901644
Autobus,4249,295,220,Os. Górczewska,2 min przed czasem,Opacz-Kolonia Rebusowa 02,,2024-12-25 22:05:54.901644
Autobus,8353,1,217,Metro Wilanowska,2 min przed czasem,Karczocha 02,,2024-12-25 22:05:54.901644
Autobus,70001,1,L39,Mysiadło Dąbrówka,3 min przed czasem,Piaseczno Urbanistów 02,,2024-12-25 22:05:54.901644
Autobus,8528,8,143,Dw. Zachodni,3 min przed czasem,Al. Wielkopolski 02,,2024-12-25 22:05:54.901644
Autobus,1203,424,739,Piaseczno Julianowska-Cmentarz,3 min przed czasem,Julianów Srebrnych Świerków 01,,2024-12-25 22:05:54.901644
Autobus,9853,5,167,Siekierki-Sanktuarium,3 min przed czasem,Spacerowa 03,,2024-12-25 22:05:54.901644
Autobus,9835,7,167,Stare Bemowo,3 min przed czasem,Kocjana 02,,2024-12-25 22:05:54.901644
Autobus,5240,2,105,Rondo Daszyńskiego,4 min przed czasem,Os. Górczewska 01,,2024-12-25 22:05:54.901644
Autobus,7821,1,523,PKP Olszynka Grochowska,4 min przed czasem,Metro Politechnika 01,,2024-12-25 22:05:54.901644
Autobus,6238,3,172,Berestecka,5 min przed czasem,Grzymały-Sokołowskiego 05,,2024-12-25 22:05:54.901644
Autobus,70001,1,L39,Mysiadło Dąbrówka,3 min przed czasem,Piaseczno Urbanistów 02,,2024-12-25 22:05:54.901644
Autobus,8528,8,143,Dw. Zachodni,3 min przed czasem,Al. Wielkopolski 02,,2024-12-25 22:05:54.901644
Autobus,1203,424,739,Piaseczno Julianowska-Cmentarz,3 min przed czasem,Julianów Srebrnych Świerków 01,,2024-12-25 22:05:54.901644
Autobus,9853,5,167,Siekierki-Sanktuarium,3 min przed czasem,Spacerowa 03,,2024-12-25 22:05:54.901644
Autobus,9835,7,167,Stare Bemowo,3 min przed czasem,Kocjana 02,,2024-12-25 22:05:54.901644
Autobus,5240,2,105,Rondo Daszyńskiego,4 min przed czasem,Os. Górczewska 01,,2024-12-25 22:05:54.901644
Autobus,7821,1,523,PKP Olszynka Grochowska,4 min przed czasem,Metro Politechnika 01,,2024-12-25 22:05:54.901644
Autobus,6238,3,172,Berestecka,5 min przed czasem,Grzymały-Sokołowskiego 05,,2024-12-25 22:05:54.901644
Autobus,8526,371,N36,Dw. Centralny,5 min przed czasem,Bokserska 03,,2024-12-25 22:05:54.901644
Autobus,9520,51,715,Ursynów Płn.,5 min przed czasem,Dunikowskiego 01,,2024-12-25 22:05:54.901644
Autobus,4232,672,714,Koczargi Stare,5 min przed czasem,Metro Bemowo 02,,2024-12-25 22:05:54.901644
Autobus,35158,692,L19,Pieczyska,6 min przed czasem,Biały Ług 02,,2024-12-25 22:05:54.901644
Autobus,15087,1,L11,PKP Legionowo,6 min przed czasem,Legionowo Urząd Miasta 02,,2024-12-25 22:05:54.901644
Autobus,7806,2,148,Wiatraczna,6 min przed czasem,Lotnisko Chopina-Przyloty 02,,2024-12-25 22:05:54.901644
Autobus,777,3,150,Metro Młociny,7 min przed czasem,Dziekanów Leśny 01,,2024-12-25 22:05:54.901644
Autobus,4241,181,N41,Dw. Centralny,7 min przed czasem,Al. Reymonta 01,,2024-12-25 22:05:54.901644
Autobus,1532,1,251,Metro Wilanowska,8 min przed czasem,Konstancin-Jeziorna CH Stara Papiernia 02,,2024-12-25 22:05:54.901644
Autobus,5882,409,175,Centrum,8 min przed czasem,Lotnisko Chopina-Przyloty 02,,2024-12-25 22:05:54.901644
Autobus,1205,257,N34,Dw. Centralny,8 min przed czasem,Gotarda 02,,2024-12-25 22:05:54.901644
Autobus,15087,1,L11,PKP Legionowo,6 min przed czasem,Legionowo Urząd Miasta 02,,2024-12-25 22:05:54.901644
Autobus,7806,2,148,Wiatraczna,6 min przed czasem,Lotnisko Chopina-Przyloty 02,,2024-12-25 22:05:54.901644
Autobus,777,3,150,Metro Młociny,6 min przed czasem,Dziekanów Leśny 01,,2024-12-25 22:05:54.901644
Autobus,4241,181,N41,Dw. Centralny,7 min przed czasem,Al. Reymonta 01,,2024-12-25 22:05:54.901644
Autobus,1532,1,251,Metro Wilanowska,7 min przed czasem,Konstancin-Jeziorna CH Stara Papiernia 02,,2024-12-25 22:05:54.901644
Autobus,5882,409,175,Centrum,8 min przed czasem,Lotnisko Chopina-Przyloty 02,,2024-12-25 22:05:54.901644
Autobus,1205,257,N34,Dw. Centralny,8 min przed czasem,Gotarda 02,,2024-12-25 22:05:54.901644
Tramwaj,4278,6,33,Zjazd do zajezdni Żoliborz,9 min przed czasem,Kielecka 02,,2024-12-25 22:05:54.901644
Autobus,1544,4,N02,Metro Młociny,11 min przed czasem,Dw. Wileński 04,,2024-12-25 22:05:54.901644
Autobus,9827,7,185,Al. Witosa,12 min przed czasem,Gwiaździsta 04,,2024-12-25 22:05:54.901644
Autobus,1069,2,108,Łososiowa,12 min przed czasem,Pl. Trzech Krzyży 02,,2024-12-25 22:05:54.901644
Autobus,6225,4,157,Szczęśliwice,26 min przed czasem,Gwiaździsta 04,,2024-12-25 22:05:54.901644
Autobus,8526,371,N36,Dw. Centralny,5 min przed czasem,Bokserska 03,,2024-12-25 22:05:54.901644
Autobus,9520,51,715,Ursynów Płn.,5 min przed czasem,Dunikowskiego 01,,2024-12-25 22:05:54.901644
Autobus,35158,692,L19,Pieczyska,6 min przed czasem,Biały Ług 02,,2024-12-25 22:05:54.901644
Autobus,15087,1,L11,PKP Legionowo,6 min przed czasem,Legionowo Urząd Miasta 02,,2024-12-25 22:05:54.901644
Autobus,7806,2,148,Wiatraczna,6 min przed czasem,Lotnisko Chopina-Przyloty 02,,2024-12-25 22:05:54.901644
Autobus,777,3,150,Metro Młociny,6 min przed czasem,Dziekanów Leśny 01,,2024-12-25 22:05:54.901644
Autobus,4241,181,N41,Dw. Centralny,7 min przed czasem,Al. Reymonta 01,,2024-12-25 22:05:54.901644
Autobus,1532,1,251,Metro Wilanowska,7 min przed czasem,Konstancin-Jeziorna CH Stara Papiernia 02,,2024-12-25 22:05:54.901644
Autobus,8526,371,N36,Dw. Centralny,5 min przed czasem,Bokserska 03,,2024-12-25 22:05:54.901644
Autobus,9520,51,715,Ursynów Płn.,5 min przed czasem,Dunikowskiego 01,,2024-12-25 22:05:54.901644
Autobus,35158,692,L19,Pieczyska,6 min przed czasem,Biały Ług 02,,2024-12-25 22:05:54.901644
Autobus,15087,1,L11,PKP Legionowo,6 min przed czasem,Legionowo Urząd Miasta 02,,2024-12-25 22:05:54.901644
Autobus,7887,1,N24,Dw. Centralny,6 min przed czasem,Płowiecka 01,,2024-12-25 22:05:54.901644
Autobus,7806,2,148,Wiatraczna,6 min przed czasem,Lotnisko Chopina-Przyloty 02,,2024-12-25 22:05:54.901644
Autobus,8526,371,N36,Dw. Centralny,5 min przed czasem,Bokserska 03,,2024-12-25 22:05:54.901644
Autobus,9520,51,715,Ursynów Płn.,5 min przed czasem,Dunikowskiego 01,,2024-12-25 22:05:54.901644
Autobus,35158,692,L19,Pieczyska,6 min przed czasem,Biały Ług 02,,2024-12-25 22:05:54.901644
Autobus,15087,1,L11,PKP Legionowo,6 min przed czasem,Legionowo Urząd Miasta 02,,2024-12-25 22:05:54.901644
Autobus,7887,1,N24,Dw. Centralny,6 min przed czasem,Płowiecka 01,,2024-12-25 22:05:54.901644
Autobus,7806,2,148,Wiatraczna,6 min przed czasem,Lotnisko Chopina-Przyloty 02,,2024-12-25 22:05:54.901644
Autobus,777,3,150,Metro Młociny,6 min przed czasem,Dziekanów Leśny 01,,2024-12-25 22:05:54.901644
Autobus,4241,181,N41,Dw. Centralny,7 min przed czasem,Al. Reymonta 01,,2024-12-25 22:05:54.901644
Autobus,1532,1,251,Metro Wilanowska,7 min przed czasem,Konstancin-Jeziorna CH Stara Papiernia 02,,2024-12-25 22:05:54.901644
Autobus,5882,409,175,Centrum,8 min przed czasem,Lotnisko Chopina-Przyloty 02,,2024-12-25 22:05:54.901644
Autobus,1205,257,N34,Dw. Centralny,8 min przed czasem,Gotarda 02,,2024-12-25 22:05:54.901644
Tramwaj,4278,6,33,Zjazd do zajezdni Żoliborz,9 min przed czasem,Kielecka 02,,2024-12-25 22:05:54.901644
Autobus,1544,4,N02,Metro Młociny,11 min przed czasem,Dw. Wileński 04,,2024-12-25 22:05:54.901644
Autobus,9827,7,185,Al. Witosa,12 min przed czasem,Gwiaździsta 04,,2024-12-25 22:05:54.901644
Autobus,1069,2,108,Łososiowa,12 min przed czasem,Pl. Trzech Krzyży 02,,2024-12-25 22:05:54.901644
Autobus,6225,4,157,Szczęśliwice,26 min przed czasem,Gwiaździsta 04,,2024-12-25 22:05:54.901644
Autobus,8526,371,N36,Dw. Centralny,5 min przed czasem,Bokserska 03,,2024-12-25 22:05:54.901644
Autobus,9520,51,715,Ursynów Płn.,5 min przed czasem,Dunikowskiego 01,,2024-12-25 22:05:54.901644
Autobus,6225,4,157,Szczęśliwice,26 min przed czasem,Gwiaździsta 04,,2024-12-25 22:05:54.901644
Autobus,4232,672,714,Koczargi Stare,4 min przed czasem,Metro Bemowo 02,,2024-12-25 22:05:54.901644
Autobus,6238,3,172,Berestecka,4 min przed czasem,Grzymały-Sokołowskiego 05,,2024-12-25 22:05:54.901644
Autobus,9520,51,715,Ursynów Płn.,5 min przed czasem,Metro Stokłosy 04,,2024-12-25 22:05:54.901644
Autobus,35158,692,L19,Pieczyska,5 min przed czasem,Biały Ług 02,,2024-12-25 22:05:54.901644
Autobus,7806,2,148,Wiatraczna,6 min przed czasem,Lotnisko Chopina-Przyloty 02,,2024-12-25 22:05:54.901644
Autobus,7887,1,N24,Dw. Centralny,6 min przed czasem,Płowiecka 01,,2024-12-25 22:05:54.901644
Autobus,15087,1,L11,PKP Legionowo,6 min przed czasem,Legionowo CH Błękitne 01,,2024-12-25 22:05:54.901644
Autobus,4241,181,N41,Dw. Centralny,7 min przed czasem,Al. Reymonta 01,,2024-12-25 22:05:54.901644
Autobus,1532,1,251,Metro Wilanowska,7 min przed czasem,Konstancin-Jeziorna CH Stara Papiernia 02,,2024-12-25 22:05:54.901644
Autobus,1205,257,N34,Dw. Centralny,8 min przed czasem,Gotarda 02,,2024-12-25 22:05:54.901644
Tramwaj,4278,6,33,Zjazd do zajezdni Żoliborz,9 min przed czasem,Kielecka 02,,2024-12-25 22:05:54.901644
Autobus,1544,4,N02,Metro Młociny,11 min przed czasem,Dw. Wileński 04,,2024-12-25 22:05:54.901644
Autobus,9827,7,185,Al. Witosa,12 min przed czasem,Gwiaździsta 04,,2024-12-25 22:05:54.901644
Autobus,1069,2,108,Łososiowa,12 min przed czasem,Pl. Trzech Krzyży 02,,2024-12-25 22:05:54.901644
Autobus,6225,4,157,Szczęśliwice,26 min przed czasem,Gwiaździsta 04,,2024-12-25 22:05:54.901644
