Type,Vehicle No,Brigade,Route,Trip Headsign,Delay,Stop Name,Outside,Timestamp
Tramwaj,3223,3,7,Kawęczyńska-Bazylika,6 min,Pl. Zawiszy 05,Poza trasą,2024-12-25 06:06:57.097735
Tramwaj,3232,2,24,Nowe Bemowo,6 min,Pl. Zawiszy 14,,2024-12-25 06:06:57.097735
Autobus,4238,1,154,P+R Al. Krakowska,6 min,Novotel 01,,2024-12-25 06:06:57.097735
Autobus,9808,3,185,CH Ursynów,5 min,Św. Bonifacego 55,,2024-12-25 06:06:57.097735
Autobus,5444,447,500,Bródno-Podgrodzie,5 min,Rondo Żaba 02,,2024-12-25 06:06:57.097735
Tramwaj,3161,6,9,P+R Al. Krakowska,5 min,Krucza 06,,2024-12-25 06:06:57.097735
Autobus,1529,4,119,Wiśniowa Góra,5 min,Kierbedzia 01,,2024-12-25 06:06:57.097735
Autobus,1200,425,709,Piaseczno Szkolna,5 min,Al. Lotników 01,,2024-12-25 06:06:57.097735
Autobus,5950,1,180,Chomiczówka,4 min,Kochanowskiego 02,,2024-12-25 06:06:57.097735
Autobus,9811,8,185,Gwiaździsta,4 min,Torwar 04,,2024-12-25 06:06:57.097735
Autobus,9348,8,179,Os. Kabaty,4 min,Os. Wyżyny 04,,2024-12-25 06:06:57.097735
Autobus,9515,1,103,Brylowska,4 min,Gen. Maczka 01,,2024-12-25 06:06:57.097735
Autobus,4413,1,197,Cm. Wolski,3 min,Elekcyjna 05,,2024-12-25 06:06:57.097735
Autobus,8346,4,131,Dw. Centralny,3 min,Książęca 04,,2024-12-25 06:06:57.097735
Tramwaj,3156,1,6,Gocławek,3 min,Lubelska 04,,2024-12-25 06:06:57.097735
Autobus,70046,1,L-1,PKP Piaseczno,3 min,Lesznowola 02,,2024-12-25 06:06:57.097735
Autobus,1209,422,727,Metro Wilanowska,3 min,Piaseczno Zalesie Dolne 02,,2024-12-25 06:06:57.097735
Autobus,1546,449,146,Falenica,3 min,Pl. Przymierza 01,,2024-12-25 06:06:57.097735
Autobus,5236,5,122,Gwiaździsta,3 min,Hala Wola 02,,2024-12-25 06:06:57.097735
Autobus,5950,1,180,Chomiczówka,4 min,Kochanowskiego 02,,2024-12-25 06:06:57.097735
Autobus,9811,8,185,Gwiaździsta,4 min,Torwar 04,,2024-12-25 06:06:57.097735
Autobus,9348,8,179,Os. Kabaty,4 min,Małej Łąki 04,,2024-12-25 06:06:57.097735
Tramwaj,3156,1,6,Gocławek,3 min,Lubelska 04,,2024-12-25 06:06:57.097735
Autobus,9515,1,103,Brylowska,3 min,Gen. Maczka 01,,2024-12-25 06:06:57.097735
Autobus,8346,4,131,Dw. Centralny,3 min,Książęca 04,,2024-12-25 06:06:57.097735
Autobus,4413,1,197,Cm. Wolski,3 min,Elekcyjna 05,,2024-12-25 06:06:57.097735
Autobus,1546,449,146,Falenica,3 min,Pl. Przymierza 01,,2024-12-25 06:06:57.097735
Autobus,5236,5,122,Gwiaździsta,3 min,Hala Wola 02,,2024-12-25 06:06:57.097735
Autobus,1209,422,727,Metro Wilanowska,3 min,Piaseczno Zalesie Dolne 02,,2024-12-25 06:06:57.097735
Autobus,5972,3,116,Chomiczówka,3 min,Królewska 03,,2024-12-25 06:06:57.097735
Autobus,9910,6,114,Bródno-Podgrodzie,3 min,Bartnicza 04,,2024-12-25 06:06:57.097735
Autobus,5434,1,723,Żerań FSO,3 min,Buków 01,,2024-12-25 06:06:57.097735
Autobus,1429,4,115,Aleksandrów,3 min,Buchalteryjna 01,,2024-12-25 06:06:57.097735
Autobus,6217,5,517,Ursus-Niedźwiadek,3 min,Sosnkowskiego 02,,2024-12-25 06:06:57.097735
Tramwaj,3176,1,3,Annopol,3 min,Dw. Wileński 08,,2024-12-25 06:06:57.097735
Autobus,1904,1,106,Mariensztat,3 min,Królewska 03,,2024-12-25 06:06:57.097735
Autobus,2002,4,162,Pl. Hallera,3 min,Most Świętokrzyski 02,,2024-12-25 06:06:57.097735
Autobus,9530,651,149,Groty,3 min,Podkowińska 02,,2024-12-25 06:06:57.097735
Autobus,9910,6,114,Bródno-Podgrodzie,3 min,Bartnicza 04,,2024-12-25 06:06:57.097735
Autobus,5434,1,723,Żerań FSO,3 min,Buków 01,,2024-12-25 06:06:57.097735
Autobus,1429,4,115,Aleksandrów,3 min,Buchalteryjna 01,,2024-12-25 06:06:57.097735
Autobus,6217,5,517,Ursus-Niedźwiadek,3 min,Sosnkowskiego 02,,2024-12-25 06:06:57.097735
Tramwaj,3176,1,3,Annopol,3 min,Dw. Wileński 08,,2024-12-25 06:06:57.097735
Autobus,1904,1,106,Mariensztat,3 min,Królewska 03,,2024-12-25 06:06:57.097735
Autobus,2002,4,162,Pl. Hallera,3 min,Most Świętokrzyski 02,,2024-12-25 06:06:57.097735
Autobus,9530,651,149,Groty,3 min,Podkowińska 02,,2024-12-25 06:06:57.097735
Autobus,9918,498,186,Nowodwory,3 min,Kanał Żerański 02,,2024-12-25 06:06:57.097735
Autobus,7808,1,143,Dw. Zachodni,2 min,Międzynarodowa 01,,2024-12-25 06:06:57.097735
Autobus,4403,3,157,Szczęśliwice,2 min,Sobocka 01,,2024-12-25 06:06:57.097735
Autobus,8355,2,172,CH Blue City,2 min,Tor Stegny 02,,2024-12-25 06:06:57.097735
Autobus,70046,1,L-1,PKP Piaseczno,2 min,Lesznowola-Pole 01,,2024-12-25 06:06:57.097735
Autobus,1207,426,739,Metro Wilanowska,2 min,Mysiadło Dąbrówka 02,,2024-12-25 06:06:57.097735
Autobus,4526,5,220,Nowe Bemowo,2 min,Starodęby 04,,2024-12-25 06:06:57.097735
Autobus,8532,4,189,Sadyba,2 min,Sasanki 03,,2024-12-25 06:06:57.097735
Autobus,9805,2,719,Leszno,2 min,Koczargi Nowe 01,,2024-12-25 06:06:57.097735
Autobus,2013,1,189,Os. Górczewska,2 min,Metro Służew 02,,2024-12-25 06:06:57.097735
Autobus,5870,402,175,Pl. Piłsudskiego,2 min,Lotnisko Chopina-Przyloty 02,,2024-12-25 06:06:57.097735
Autobus,70046,1,L-1,PKP Piaseczno,2 min,Lesznowola-Pole 01,,2024-12-25 06:06:57.097735
Autobus,1207,426,739,Metro Wilanowska,2 min,Mysiadło Dąbrówka 02,,2024-12-25 06:06:57.097735
Autobus,4526,5,220,Nowe Bemowo,2 min,Starodęby 04,,2024-12-25 06:06:57.097735
Tramwaj,4283,4,16,Piaski,2 min,Św. Bonifacego 06,,2024-12-25 06:06:57.097735
Autobus,8532,4,189,Sadyba,2 min,Sasanki 03,,2024-12-25 06:06:57.097735
Autobus,9805,2,719,Leszno,2 min,Koczargi Nowe 01,,2024-12-25 06:06:57.097735
Autobus,2013,1,189,Os. Górczewska,2 min,Metro Służew 02,,2024-12-25 06:06:57.097735
Autobus,5870,402,175,Pl. Piłsudskiego,2 min,Lotnisko Chopina-Przyloty 02,,2024-12-25 06:06:57.097735
Autobus,9518,671,712,Klaudyn,2 min,Blizne Łaszczyńskiego 04,,2024-12-25 06:06:57.097735
Autobus,1522,2,123,Dw. Wschodni (Kijowska),2 min,Rondo Waszyngtona 04,,2024-12-25 06:06:57.097735
Autobus,70007,694,L23,Konstancin-Jeziorna Jasna,2 min,PKP Piaseczno 02,,2024-12-25 06:06:57.097735
Autobus,5204,5,136,Ostroroga,2 min,Rondo Zesłańców Syberyjskich 04,,2024-12-25 06:06:57.097735
Autobus,3460,4,112,CH Marki,2 min,Metro Słodowiec 03,,2024-12-25 06:06:57.097735
Autobus,4513,1,733,P+R Al. Krakowska,2 min,Młochów Os. Belina 02,Poza trasą,2024-12-25 06:06:57.097735
Autobus,9089,71,204,Metro Bródno,2 min,Kopijników 01,,2024-12-25 06:06:57.097735
Autobus,5947,10,116,Wilanów,2 min,Metro Słodowiec 03,,2024-12-25 06:06:57.097735
Autobus,4216,2,154,P+R Al. Krakowska,2 min,Szczęśliwicka 51,,2024-12-25 06:06:57.097735
Autobus,7800,2,145,Żerań FSO,2 min,Rondo Granzowa 06,,2024-12-25 06:06:57.097735
Autobus,5204,5,136,Ostroroga,2 min,Rondo Zesłańców Syberyjskich 04,,2024-12-25 06:06:57.097735
Autobus,3460,4,112,CH Marki,2 min,Metro Słodowiec 03,,2024-12-25 06:06:57.097735
Autobus,5415,1,527,Grodzisk,2 min,Jesiennych Liści 04,,2024-12-25 06:06:57.097735
Autobus,5947,10,116,Wilanów,2 min,Metro Słodowiec 03,,2024-12-25 06:06:57.097735
Autobus,3460,4,112,CH Marki,2 min,Metro Słodowiec 03,,2024-12-25 06:06:57.097735
Autobus,70007,694,L23,Konstancin-Jeziorna Jasna,2 min,PKP Piaseczno 02,,2024-12-25 06:06:57.097735
Autobus,5934,602,507,Dw. Centralny,2 min,Adampolska 02,,2024-12-25 06:06:57.097735
Autobus,9503,5,103,Metro Młociny,2 min,Metro Płocka 06,,2024-12-25 06:06:57.097735
Autobus,5979,6,518,Bielańska,2 min,Picassa 01,,2024-12-25 06:06:57.097735
Autobus,9085,1,161,Olecka,2 min,Zbójna Góra 01,,2024-12-25 06:06:57.097735
Autobus,9322,1,153,Pastuszków,2 min,PKP Mokry Ług 01,,2024-12-25 06:06:57.097735
Autobus,9805,2,719,Leszno,2 min,Wojcieszyn 01,,2024-12-25 06:06:57.097735
Autobus,1219,633,218,Metro Wilanowska,2 min,Królikarnia 08,,2024-12-25 06:06:57.097735
Autobus,7800,2,145,Żerań FSO,2 min,Rondo Granzowa 06,,2024-12-25 06:06:57.097735
Autobus,7711,6,509,Winnica,2 min,Kijowska 02,,2024-12-25 06:06:57.097735
Autobus,1522,2,123,Dw. Wschodni (Kijowska),2 min,Rondo Waszyngtona 04,,2024-12-25 06:06:57.097735
Autobus,5934,602,507,Dw. Centralny,2 min,Adampolska 02,,2024-12-25 06:06:57.097735
Autobus,9503,5,103,Metro Młociny,2 min,Metro Płocka 06,,2024-12-25 06:06:57.097735
Autobus,5979,6,518,Bielańska,2 min,Picassa 01,,2024-12-25 06:06:57.097735
Autobus,9085,1,161,Olecka,2 min,Zbójna Góra 01,,2024-12-25 06:06:57.097735
Autobus,9322,1,153,Pastuszków,2 min,PKP Mokry Ług 01,,2024-12-25 06:06:57.097735
Autobus,9805,2,719,Leszno,2 min,Wojcieszyn 01,,2024-12-25 06:06:57.097735
Autobus,1219,633,218,Metro Wilanowska,2 min,Królikarnia 08,,2024-12-25 06:06:57.097735
Autobus,7800,2,145,Żerań FSO,2 min,Rondo Granzowa 06,,2024-12-25 06:06:57.097735
Autobus,7711,6,509,Winnica,2 min,Kijowska 02,,2024-12-25 06:06:57.097735
Autobus,1522,2,123,Dw. Wschodni (Kijowska),2 min,Rondo Waszyngtona 04,,2024-12-25 06:06:57.097735
Autobus,1543,440,146,Dw. Wschodni (Lubelska),2 min,Czarnuszki 02,,2024-12-25 06:06:57.097735
Autobus,2013,1,189,Os. Górczewska,2 min,Al. Lotników 06,,2024-12-25 06:06:57.097735
Autobus,9353,3,135,Pl. Hallera,2 min,Ząbkowska 06,,2024-12-25 06:06:57.097735
Tramwaj,3120,7,9,P+R Al. Krakowska,2 min,Wspólna Droga 03,,2024-12-25 06:06:57.097735
Autobus,5455,7,509,Winnica,2 min,Umińskiego 01,,2024-12-25 06:06:57.097735
Autobus,1554,1,122,Os. Górczewska,2 min,Ks. Popiełuszki 06,,2024-12-25 06:06:57.097735
Autobus,9093,2,161,Zbójna Góra,2 min,Mera-Pnefal 01,,2024-12-25 06:06:57.097735
Tramwaj,4104,547,4,Żerań Wschodni,2 min,Królewska 06,,2024-12-25 06:06:57.097735
Autobus,772,4,750,Metro Młociny,2 min,Łomianki Weteranów 01,,2024-12-25 06:06:57.097735
Autobus,5437,6,145,Wiatraczna,1 min,Szymańskiego 01,,2024-12-25 06:06:57.097735
Autobus,1550,439,146,Dw. Wschodni (Lubelska),1 min,Metro Stadion Narodowy 02,,2024-12-25 06:06:57.097735
Autobus,5921,10,180,Wilanów,1 min,Nalewki-Muzeum 01,,2024-12-25 06:06:57.097735
Autobus,1208,635,165,Metro Wilanowska,1 min,Instytut Fizyki 03,,2024-12-25 06:06:57.097735
Tramwaj,3244,6,7,P+R Al. Krakowska,1 min,Pl. Narutowicza 08,,2024-12-25 06:06:57.097735
Tramwaj,3131,1,22,Wiatraczna,1 min,Al. Zieleniecka 06,,2024-12-25 06:06:57.097735
Tramwaj,3824,5,23,Nowe Bemowo,1 min,Stare Miasto 02,,2024-12-25 06:06:57.097735
Autobus,1060,1,139,Ogród Botaniczny,1 min,Przekorna 03,,2024-12-25 06:06:57.097735
Autobus,1428,436,147,Stara Miłosna (Ułańska),1 min,Dw. Wschodni (Lubelska) 01,,2024-12-25 06:06:57.097735
Autobus,1549,3,183,Wiatraczna,1 min,Klasztorna 01,,2024-12-25 06:06:57.097735
Autobus,7258,4,105,Rondo Daszyńskiego,1 min,Rondo Daszyńskiego 09,,2024-12-25 06:06:57.097735
Autobus,7868,2,704,Wiatraczna,1 min,PKP Halinów 01,,2024-12-25 06:06:57.097735
Autobus,9813,2,502,Metro Politechnika,1 min,Objazdowa 01,,2024-12-25 06:06:57.097735
Tramwaj,3260,7,17,Winnica,1 min,Kulskiego 04,,2024-12-25 06:06:57.097735
Autobus,1214,634,165,Wyczółki,1 min,Jurajska 01,,2024-12-25 06:06:57.097735
Autobus,4401,1,181,Pl. Wilsona,1 min,Las Bielański 01,,2024-12-25 06:06:57.097735
Autobus,5402,443,500,Bródno-Podgrodzie,1 min,Rondo „Radosława” 04,,2024-12-25 06:06:57.097735
Autobus,5421,2,723,PKP Legionowo Przystanek,1 min,Legionowo 3 Maja 02,,2024-12-25 06:06:57.097735
Autobus,7258,4,105,Rondo Daszyńskiego,1 min,Rondo Daszyńskiego 09,,2024-12-25 06:06:57.097735
Autobus,7868,2,704,Wiatraczna,1 min,PKP Halinów 01,,2024-12-25 06:06:57.097735
Autobus,9813,2,502,Metro Politechnika,1 min,Objazdowa 01,,2024-12-25 06:06:57.097735
Tramwaj,3260,7,17,Winnica,1 min,Kulskiego 04,,2024-12-25 06:06:57.097735
Autobus,1214,634,165,Wyczółki,1 min,Jurajska 01,,2024-12-25 06:06:57.097735
Autobus,4401,1,181,Pl. Wilsona,1 min,Las Bielański 01,,2024-12-25 06:06:57.097735
Tramwaj,4237,3,11,Cm. Wolski,1 min,Sielecka 02,,2024-12-25 06:06:57.097735
Tramwaj,3131,1,22,Wiatraczna,1 min,Al. Zieleniecka 06,,2024-12-25 06:06:57.097735
Tramwaj,3249,5,9,P+R Al. Krakowska,1 min,Krakowiaków 04,,2024-12-25 06:06:57.097735
Tramwaj,3276,1,15,P+R Al. Krakowska,1 min,Hoża 03,,2024-12-25 06:06:57.097735
Autobus,1058,591,208,Bitwy Warszawskiej 1920 r.,1 min,Bitwy Warszawskiej 1920 r. 10,,2024-12-25 06:06:57.097735
Autobus,3401,5,120,Olesin,1 min,Dw. Wschodni (Kijowska) 05,,2024-12-25 06:06:57.097735
Autobus,8521,1,709,PKP Piaseczno,1 min,Łagiewnicka 01,,2024-12-25 06:06:57.097735
Autobus,4401,1,181,Pl. Wilsona,1 min,UKSW 01,,2024-12-25 06:06:57.097735
Tramwaj,3128,4,7,Kawęczyńska-Bazylika,1 min,PKP Rakowiec 03,,2024-12-25 06:06:57.097735
Tramwaj,3191,3,22,Wiatraczna,1 min,Park Olszyna 03,,2024-12-25 06:06:57.097735
Autobus,1208,635,165,Metro Wilanowska,1 min,Smoluchowskiego 03,,2024-12-25 06:06:57.097735
Autobus,5421,2,723,PKP Legionowo Przystanek,1 min,Legionowo Mickiewicza 05,,2024-12-25 06:06:57.097735
Autobus,8521,1,709,PKP Piaseczno,1 min,Łagiewnicka 01,,2024-12-25 06:06:57.097735
Autobus,4401,1,181,Pl. Wilsona,1 min,UKSW 01,,2024-12-25 06:06:57.097735
Tramwaj,3128,4,7,Kawęczyńska-Bazylika,1 min,PKP Rakowiec 03,,2024-12-25 06:06:57.097735
Tramwaj,3191,3,22,Wiatraczna,1 min,Park Olszyna 03,,2024-12-25 06:06:57.097735
Autobus,1208,635,165,Metro Wilanowska,1 min,Smoluchowskiego 03,,2024-12-25 06:06:57.097735
Autobus,5421,2,723,PKP Legionowo Przystanek,1 min,Legionowo Mickiewicza 05,,2024-12-25 06:06:57.097735
Autobus,8534,4,148,Wiatraczna,1 min,Polinezyjska 03,,2024-12-25 06:06:57.097735
Autobus,9813,2,502,Metro Politechnika,1 min,Kajki 01,,2024-12-25 06:06:57.097735
Autobus,1545,62,722,Os. Radiówek,1 min,Wiatraczna 14,,2024-12-25 06:06:57.097735
Autobus,6200,2,517,Pl. Trzech Krzyży,1 min,Berestecka 01,,2024-12-25 06:06:57.097735
Autobus,6202,2,177,Ursus-Niedźwiadek,1 min,Raginisa 02,,2024-12-25 06:06:57.097735
Autobus,8558,1,162,EC Siekierki,1 min,Dragonów 01,,2024-12-25 06:06:57.097735
Autobus,5442,65,735,Metro Marymont,1 min,Rembelszczyzna 01,,2024-12-25 06:06:57.097735
Autobus,5931,407,128,Szczęśliwice,1 min,Metro Świętokrzyska 01,,2024-12-25 06:06:57.097735
Autobus,9070,456,211,Dąbrówka Wiślana,1 min,Osiedle 02,,2024-12-25 06:06:57.097735
Autobus,8328,8,148,Lotnisko Chopina,1 min,Szpital Południowy 02,,2024-12-25 06:06:57.097735
Autobus,9940,4,114,Młociny-UKSW,1 min,Most Grota-Roweckiego 01,,2024-12-25 06:06:57.097735
Tramwaj,3293,6,22,Piaski,1 min,Centrum 10,,2024-12-25 06:06:57.097735
Tramwaj,3158,2,3,Annopol,1 min,Pl. Szembeka 03,,2024-12-25 06:06:57.097735
Autobus,9532,55,737,Ursynów Płn.,1 min,Kuleszówka 01,,2024-12-25 06:06:57.097735
Tramwaj,4104,547,4,Żerań Wschodni,1 min,Pl. Bankowy 08,,2024-12-25 06:06:57.097735
Autobus,1060,1,139,Ogród Botaniczny,1 min,Waflowa 03,,2024-12-25 06:06:57.097735
Tramwaj,4221,14,16,Miasteczko Wilanów,1 min,Piaski 03,,2024-12-25 06:06:57.097735
Autobus,1071,4,163,Metro Wilanowska,1 min,Szolc-Rogozińskiego 01,,2024-12-25 06:06:57.097735
Tramwaj,3205,2,22,Wiatraczna,1 min,Pl. Zawiszy 13,,2024-12-25 06:06:57.097735
Autobus,4215,4,154,Dw. Zachodni,1 min,Novotel 04,,2024-12-25 06:06:57.097735
Autobus,8452,7,145,Wiatraczna,1 min,Rembielińska 02,,2024-12-25 06:06:57.097735
Autobus,8534,4,148,Wiatraczna,1 min,Teligi 04,,2024-12-25 06:06:57.097735
Autobus,9949,4,190,Znana,1 min,Kościeliska 01,,2024-12-25 06:06:57.097735
Autobus,5442,65,735,Metro Marymont,1 min,Rembelszczyzna 01,,2024-12-25 06:06:57.097735
Tramwaj,3292,6,24,Gocławek,1 min,Dw. Centralny 07,,2024-12-25 06:06:57.097735
Autobus,1527,3,173,Dw. Wschodni (Lubelska),1 min,Marmurowa 02,,2024-12-25 06:06:57.097735
Autobus,7711,6,509,Winnica,1 min,Dw. Wileński 05,,2024-12-25 06:06:57.097735
Autobus,9344,643,199,Bródno-Podgrodzie,1 min,Bródno-Podgrodzie 08,,2024-12-25 06:06:57.097735
Autobus,9514,5,178,Rondo Daszyńskiego,1 min,Prystora 01,,2024-12-25 06:06:57.097735
Tramwaj,3802,2,23,Czynszowa,1 min,Młynarska 03,,2024-12-25 06:06:57.097735
Autobus,1214,634,165,Wyczółki,1 min,Areszt Śledczy Służewiec 01,,2024-12-25 06:06:57.097735
Autobus,6202,2,177,Ursus-Niedźwiadek,1 min,Rozłogi 02,,2024-12-25 06:06:57.097735
Autobus,8807,1,504,Dw. Centralny,1 min,Pomnik Lotnika 02,,2024-12-25 06:06:57.097735
Autobus,9930,8,190,CH Marki,1 min,Park Praski 02,,2024-12-25 06:06:57.097735
Autobus,1060,1,139,Ogród Botaniczny,1 min,Waflowa 03,,2024-12-25 06:06:57.097735
Autobus,5442,65,735,Metro Marymont,1 min,Rembelszczyzna 01,,2024-12-25 06:06:57.097735
Autobus,5891,4,127,Nowe Włochy,1 min,Sympatyczna 02,,2024-12-25 06:06:57.097735
Autobus,7242,508,728,Złotokłos,1 min,Raszyn Szkolna 02,,2024-12-25 06:06:57.097735
Tramwaj,4104,547,4,Żerań Wschodni,1 min,Pl. Bankowy 08,,2024-12-25 06:06:57.097735
Autobus,4422,1,240,Metro Kondratowicza,1 min,Internetowa 01,,2024-12-25 06:06:57.097735
Autobus,6212,497,184,Metro Młociny,1 min,PKP Wola (Kasprzaka) 02,,2024-12-25 06:06:57.097735
Autobus,8890,5,504,Os. Kabaty,1 min,Rakowiec 01,,2024-12-25 06:06:57.097735
Autobus,4510,2,197,Cm. Wolski,1 min,Gwiaździsta 04,,2024-12-25 06:06:57.097735
Autobus,1816,7,138,Utrata,1 min,Dworkowa 02,,2024-12-25 06:06:57.097735
Autobus,5454,4,120,Olesin,1 min,CH Targówek 02,,2024-12-25 06:06:57.097735
Autobus,3412,2,738,Metro Trocka,1 min,Słupno 01,,2024-12-25 06:06:57.097735
Autobus,9205,1,239,Os. Kabaty,1 min,Metro Kabaty 02,,2024-12-25 06:06:57.097735
Tramwaj,3802,2,23,Czynszowa,1 min,Młynarska 03,,2024-12-25 06:06:57.097735
Autobus,9343,642,199,Rembertów-Strzelnica,1 min,Ząbki Andersena 01,,2024-12-25 06:06:57.097735
Tramwaj,3218,1,26,Wiatraczna,1 min,Park Praski 02,,2024-12-25 06:06:57.097735
Autobus,4434,2,181,Cm. Północny-Brama Gł.,0 min,Dzierżoniowska 04,,2024-12-25 06:06:57.097735
Tramwaj,3155,3,24,Nowe Bemowo,0 min,Muzeum Narodowe 06,,2024-12-25 06:06:57.097735
Tramwaj,3190,8,26,Metro Młociny,0 min,Praga-Płd.-Ratusz 03,,2024-12-25 06:06:57.097735
Autobus,1002,5,213,Gocław,0 min,Kosaćcowa 02,,2024-12-25 06:06:57.097735
Autobus,4227,1,220,Opacz-Kolonia Rebusowa,0 min,Nowe Włochy 05,,2024-12-25 06:06:57.097735
Autobus,8353,1,217,Natolin Płn.,0 min,Patkowskiego 01,,2024-12-25 06:06:57.097735
Tramwaj,3188,7,24,Gocławek,0 min,Magistracka 03,,2024-12-25 06:06:57.097735
Tramwaj,3205,2,22,Wiatraczna,0 min,Pl. Zawiszy 13,,2024-12-25 06:06:57.097735
Autobus,1013,3,213,Błota,0 min,Os. Wilga 02,,2024-12-25 06:06:57.097735
Autobus,8353,1,217,Natolin Płn.,0 min,Patkowskiego 01,,2024-12-25 06:06:57.097735
Tramwaj,3219,541,1,Annopol,0 min,Rondo Daszyńskiego 06,,2024-12-25 06:06:57.097735
Tramwaj,3820,6,28,Dw. Wschodni (Kijowska),0 min,Piastów Śląskich 05,,2024-12-25 06:06:57.097735
Autobus,1002,5,213,Gocław,0 min,Kosaćcowa 02,,2024-12-25 06:06:57.097735
Tramwaj,3826,5,6,Metro Młociny,0 min,Park Kaskada 04,,2024-12-25 06:06:57.097735
Autobus,2040,3,709,Metro Wilanowska,0 min,Wyścigi 02,,2024-12-25 06:06:57.097735
Autobus,3456,1,132,Os. Derby,0 min,Żerań FSO 04,,2024-12-25 06:06:57.097735
Tramwaj,3276,1,15,P+R Al. Krakowska,0 min,Pl. Konstytucji 05,,2024-12-25 06:06:57.097735
Autobus,8534,4,148,Wiatraczna,0 min,Teligi 04,,2024-12-25 06:06:57.097735
Tramwaj,3219,541,1,Annopol,0 min,Rondo Daszyńskiego 06,,2024-12-25 06:06:57.097735
Tramwaj,3820,6,28,Dw. Wschodni (Kijowska),0 min,Piastów Śląskich 05,,2024-12-25 06:06:57.097735
Autobus,1002,5,213,Gocław,0 min,Kosaćcowa 02,,2024-12-25 06:06:57.097735
Tramwaj,3826,5,6,Metro Młociny,0 min,Park Kaskada 04,,2024-12-25 06:06:57.097735
Autobus,2040,3,709,Metro Wilanowska,0 min,Wyścigi 02,,2024-12-25 06:06:57.097735
Autobus,3456,1,132,Os. Derby,0 min,Żerań FSO 04,,2024-12-25 06:06:57.097735
Tramwaj,3276,1,15,P+R Al. Krakowska,0 min,Pl. Konstytucji 05,,2024-12-25 06:06:57.097735
Autobus,8534,4,148,Wiatraczna,0 min,Teligi 04,,2024-12-25 06:06:57.097735
Autobus,1810,343,166,Pl. Hallera,0 min,Płaskowickiej 02,,2024-12-25 06:06:57.097735
Autobus,5409,2,511,Metro Młociny,0 min,Metro Młociny 18,,2024-12-25 06:06:57.097735
Autobus,5942,606,111,Esperanto,0 min,Most Poniatowskiego 02,,2024-12-25 06:06:57.097735
Autobus,8501,1,738,Metro Trocka,0 min,Bieżuńska 03,,2024-12-25 06:06:57.097735
Tramwaj,3811,7,20,Żerań FSO,0 min,Dywizjonu 303 05,,2024-12-25 06:06:57.097735
Autobus,6207,2,189,Os. Górczewska,0 min,Goraszewska 04,,2024-12-25 06:06:57.097735
Tramwaj,3028,4,28,Os. Górczewska,0 min,Dw. Wschodni (Kijowska) 15,,2024-12-25 06:06:57.097735
Tramwaj,3119,8,4,Wyścigi,0 min,Żerań Wschodni 01,,2024-12-25 06:06:57.097735
Tramwaj,3146,545,1,Banacha,0 min,Annopol 03,,2024-12-25 06:06:57.097735
Tramwaj,3149,542,1,Annopol,0 min,Banacha 04,,2024-12-25 06:06:57.097735
Tramwaj,3150,9,26,Metro Młociny,0 min,Wiatraczna 13,,2024-12-25 06:06:57.097735
Autobus,1810,343,166,Pl. Hallera,0 min,Płaskowickiej 02,,2024-12-25 06:06:57.097735
Autobus,5409,2,511,Metro Młociny,0 min,Metro Młociny 18,,2024-12-25 06:06:57.097735
Autobus,5942,606,111,Esperanto,0 min,Most Poniatowskiego 02,,2024-12-25 06:06:57.097735
Autobus,8501,1,738,Metro Trocka,0 min,Bieżuńska 03,,2024-12-25 06:06:57.097735
Tramwaj,3222,7,4,Wyścigi,0 min,Rondo Żaba 03,,2024-12-25 06:06:57.097735
Tramwaj,3276,1,15,P+R Al. Krakowska,0 min,Pl. Konstytucji 05,,2024-12-25 06:06:57.097735
Autobus,6207,2,189,Os. Górczewska,0 min,Goraszewska 04,,2024-12-25 06:06:57.097735
Tramwaj,3291,3,26,Wiatraczna,0 min,Nowe Bemowo 06,,2024-12-25 06:06:57.097735
Tramwaj,3028,4,28,Os. Górczewska,0 min,Dw. Wschodni (Kijowska) 15,,2024-12-25 06:06:57.097735
Tramwaj,3119,8,4,Wyścigi,0 min,Żerań Wschodni 01,,2024-12-25 06:06:57.097735
Tramwaj,3146,545,1,Banacha,0 min,Annopol 03,,2024-12-25 06:06:57.097735
Tramwaj,3149,542,1,Annopol,0 min,Banacha 04,,2024-12-25 06:06:57.097735
Tramwaj,3150,9,26,Metro Młociny,0 min,Wiatraczna 13,,2024-12-25 06:06:57.097735
Tramwaj,3157,8,9,P+R Al. Krakowska,0 min,Gocławek 05,,2024-12-25 06:06:57.097735
Tramwaj,3179,4,10,Wyścigi,0 min,Os. Górczewska 12,,2024-12-25 06:06:57.097735
Tramwaj,3180,2,7,P+R Al. Krakowska,0 min,Kawęczyńska-Bazylika 02,,2024-12-25 06:06:57.097735
Tramwaj,3206,4,24,Nowe Bemowo,0 min,Gocławek 03,,2024-12-25 06:06:57.097735
Tramwaj,3210,2,7,P+R Al. Krakowska,0 min,Kawęczyńska-Bazylika 02,,2024-12-25 06:06:57.097735
Tramwaj,3231,6,15,Marymont-Potok,0 min,P+R Al. Krakowska 02,,2024-12-25 06:06:57.097735
Tramwaj,3150,9,26,Metro Młociny,0 min,Wiatraczna 13,,2024-12-25 06:06:57.097735
Tramwaj,3157,8,9,P+R Al. Krakowska,0 min,Gocławek 05,,2024-12-25 06:06:57.097735
Tramwaj,3179,4,10,Wyścigi,0 min,Os. Górczewska 12,,2024-12-25 06:06:57.097735
Tramwaj,3180,2,7,P+R Al. Krakowska,0 min,Kawęczyńska-Bazylika 02,,2024-12-25 06:06:57.097735
Tramwaj,3206,4,24,Nowe Bemowo,0 min,Gocławek 03,,2024-12-25 06:06:57.097735
Tramwaj,3210,2,7,P+R Al. Krakowska,0 min,Kawęczyńska-Bazylika 02,,2024-12-25 06:06:57.097735
Tramwaj,3231,6,15,Marymont-Potok,0 min,P+R Al. Krakowska 02,,2024-12-25 06:06:57.097735
Tramwaj,3237,4,9,Gocławek,0 min,P+R Al. Krakowska 01,,2024-12-25 06:06:57.097735
Tramwaj,3248,5,7,Kawęczyńska-Bazylika,0 min,P+R Al. Krakowska 03,,2024-12-25 06:06:57.097735
Tramwaj,3253,8,10,Os. Górczewska,0 min,Wyścigi 07,,2024-12-25 06:06:57.097735
Tramwaj,3259,521,3,Gocławek,0 min,Annopol 02,,2024-12-25 06:06:57.097735
Tramwaj,3272,4,4,Żerań Wschodni,0 min,Wyścigi 06,,2024-12-25 06:06:57.097735
Tramwaj,3272,4,4,Żerań Wschodni,0 min,Wyścigi 06,,2024-12-25 06:06:57.097735
Tramwaj,3284,3,3,Annopol,0 min,Gocławek 04,,2024-12-25 06:06:57.097735
Tramwaj,3290,4,26,Wiatraczna,0 min,Metro Młociny 14,,2024-12-25 06:06:57.097735
Tramwaj,3502,1,24,Gocławek,0 min,Nowe Bemowo 07,,2024-12-25 06:06:57.097735
Tramwaj,3801,4,6,Gocławek,0 min,Metro Młociny 12,,2024-12-25 06:06:57.097735
Tramwaj,3809,7,28,Dw. Wschodni (Kijowska),0 min,Os. Górczewska 13,,2024-12-25 06:06:57.097735
Tramwaj,3813,3,23,Czynszowa,0 min,Nowe Bemowo 08,,2024-12-25 06:06:57.097735
Tramwaj,3253,8,10,Os. Górczewska,0 min,Wyścigi 07,,2024-12-25 06:06:57.097735
Tramwaj,3259,521,3,Gocławek,0 min,Annopol 02,,2024-12-25 06:06:57.097735
Tramwaj,3272,4,4,Żerań Wschodni,0 min,Wyścigi 06,,2024-12-25 06:06:57.097735
Tramwaj,3284,3,3,Annopol,0 min,Gocławek 04,,2024-12-25 06:06:57.097735
Tramwaj,3290,4,26,Wiatraczna,0 min,Metro Młociny 14,,2024-12-25 06:06:57.097735
Tramwaj,3502,1,24,Gocławek,0 min,Nowe Bemowo 07,,2024-12-25 06:06:57.097735
Tramwaj,3801,4,6,Gocławek,0 min,Metro Młociny 12,,2024-12-25 06:06:57.097735
Tramwaj,3809,7,28,Dw. Wschodni (Kijowska),0 min,Os. Górczewska 13,,2024-12-25 06:06:57.097735
Tramwaj,3813,3,23,Czynszowa,0 min,Nowe Bemowo 08,,2024-12-25 06:06:57.097735
Tramwaj,3823,1,20,Żerań FSO,0 min,Boernerowo 01,,2024-12-25 06:06:57.097735
Tramwaj,3825,4,20,Boernerowo,0 min,Żerań FSO 05,,2024-12-25 06:06:57.097735
Tramwaj,3827,7,6,Metro Młociny,0 min,Gocławek 04,,2024-12-25 06:06:57.097735
Tramwaj,4015,4,22,Wiatraczna,0 min,Piaski 05,,2024-12-25 06:06:57.097735
Tramwaj,4101,8,17,Winnica,0 min,PKP Służewiec 13,,2024-12-25 06:06:57.097735
Tramwaj,4103,4,17,Winnica,0 min,PKP Służewiec 13,,2024-12-25 06:06:57.097735
Tramwaj,4219,1,11,Sielce,0 min,Cm. Wolski 05,,2024-12-25 06:06:57.097735
Tramwaj,4231,5,16,Piaski,0 min,Miasteczko Wilanów 05,,2024-12-25 06:06:57.097735
Tramwaj,4232,1,16,Miasteczko Wilanów,0 min,Piaski 06,,2024-12-25 06:06:57.097735
Tramwaj,4254,11,33,Kielecka,0 min,Metro Młociny 15,,2024-12-25 06:06:57.097735
Tramwaj,4015,4,22,Wiatraczna,0 min,Piaski 05,,2024-12-25 06:06:57.097735
Tramwaj,4101,8,17,Winnica,0 min,PKP Służewiec 13,,2024-12-25 06:06:57.097735
Tramwaj,4103,4,17,Winnica,0 min,PKP Służewiec 13,,2024-12-25 06:06:57.097735
Tramwaj,4219,1,11,Sielce,0 min,Cm. Wolski 05,,2024-12-25 06:06:57.097735
Tramwaj,4231,5,16,Piaski,0 min,Miasteczko Wilanów 05,,2024-12-25 06:06:57.097735
Tramwaj,4232,1,16,Miasteczko Wilanów,0 min,Piaski 06,,2024-12-25 06:06:57.097735
Tramwaj,4254,11,33,Kielecka,0 min,Metro Młociny 15,,2024-12-25 06:06:57.097735
Tramwaj,4257,9,17,Winnica,0 min,PKP Służewiec 13,,2024-12-25 06:06:57.097735
Autobus,1052,2,208,Bitwy Warszawskiej 1920 r.,0 min,Bitwy Warszawskiej 1920 r. 10,,2024-12-25 06:06:57.097735
Autobus,1056,3,194,PKP Gołąbki,0 min,Cm. Wolski 08,,2024-12-25 06:06:57.097735
Autobus,1066,3,164,Metro Wilanowska,0 min,Kępa Zawadowska 02,,2024-12-25 06:06:57.097735
Autobus,1216,657,166,Pl. Hallera,0 min,Os. Kabaty 03,,2024-12-25 06:06:57.097735
Autobus,1217,427,739,Piaseczno Julianowska-Cmentarz,0 min,Metro Wilanowska 17,,2024-12-25 06:06:57.097735
Autobus,1218,631,218,Metro Wierzbno,0 min,Metro Wilanowska 16,,2024-12-25 06:06:57.097735
Autobus,1220,423,739,Metro Wilanowska,0 min,Piaseczno Julianowska-Cmentarz 01,,2024-12-25 06:06:57.097735
Autobus,1222,4,251,Konstancin-Jeziorna CH Stara Papiernia,0 min,Metro Wilanowska 15,,2024-12-25 06:06:57.097735
Autobus,1416,1,173,Stara Miłosna (Graniczna),0 min,Dw. Wschodni (Lubelska) 06,,2024-12-25 06:06:57.097735
Autobus,1424,450,146,Falenica,0 min,Dw. Wschodni (Lubelska) 01,,2024-12-25 06:06:57.097735
Autobus,1430,2,183,Zielona,0 min,Wiatraczna 15,,2024-12-25 06:06:57.097735
Autobus,3459,3,132,Metro Marymont,0 min,Os. Derby 02,,2024-12-25 06:06:57.097735
Autobus,3469,3,520,Marysin,0 min,Dw. Centralny 27,,2024-12-25 06:06:57.097735
Autobus,35137,2,L49,Chotomów,0 min,Winnica 06,,2024-12-25 06:06:57.097735
Autobus,4201,3,717,Dw. Zachodni,0 min,Piastów Ogińskiego 02,,2024-12-25 06:06:57.097735
Autobus,4218,5,197,Gwiaździsta,0 min,Cm. Wolski 08,,2024-12-25 06:06:57.097735
Autobus,5459,2,140,Marki Czarna Struga,0 min,Metro Trocka 09,,2024-12-25 06:06:57.097735
Autobus,5871,406,128,Pl. Piłsudskiego,0 min,Szczęśliwice 05,,2024-12-25 06:06:57.097735
Autobus,5890,2,503,Konwiktorska,0 min,Natolin Płn. 22,,2024-12-25 06:06:57.097735
Autobus,5894,400,128,Szczęśliwice,0 min,Pl. Piłsudskiego 04,,2024-12-25 06:06:57.097735
Autobus,5899,410,128,Pl. Piłsudskiego,0 min,Szczęśliwice 05,,2024-12-25 06:06:57.097735
Autobus,5909,405,175,Lotnisko Chopina,0 min,Pl. Teatralny 01,,2024-12-25 06:06:57.097735
Autobus,5911,5,158,CH Reduta,0 min,Witolin 02,,2024-12-25 06:06:57.097735
Autobus,5912,408,175,Lotnisko Chopina,0 min,Pl. Piłsudskiego 06,,2024-12-25 06:06:57.097735
Autobus,5917,603,111,Gocław,0 min,Esperanto 05,,2024-12-25 06:06:57.097735
Autobus,5919,610,507,Gocław,0 min,Dw. Centralny 16,,2024-12-25 06:06:57.097735
Autobus,5927,6,503,Natolin Płn.,0 min,Konwiktorska 01,,2024-12-25 06:06:57.097735
Autobus,5928,1,158,CH Reduta,0 min,Witolin 02,,2024-12-25 06:06:57.097735
Autobus,5932,6,116,Chomiczówka,0 min,Wilanów 07,,2024-12-25 06:06:57.097735
Autobus,5911,5,158,CH Reduta,0 min,Witolin 02,,2024-12-25 06:06:57.097735
Autobus,5912,408,175,Lotnisko Chopina,0 min,Pl. Piłsudskiego 06,,2024-12-25 06:06:57.097735
Autobus,5917,603,111,Gocław,0 min,Esperanto 05,,2024-12-25 06:06:57.097735
Autobus,5919,610,507,Gocław,0 min,Dw. Centralny 16,,2024-12-25 06:06:57.097735
Autobus,5927,6,503,Natolin Płn.,0 min,Konwiktorska 01,,2024-12-25 06:06:57.097735
Autobus,5928,1,158,CH Reduta,0 min,Witolin 02,,2024-12-25 06:06:57.097735
Autobus,5932,6,116,Chomiczówka,0 min,Wilanów 07,,2024-12-25 06:06:57.097735
Autobus,5933,613,507,Dw. Centralny,0 min,Gocław 02,,2024-12-25 06:06:57.097735
Autobus,5936,442,180,Wilanów,0 min,Chomiczówka 05,,2024-12-25 06:06:57.097735
Autobus,5940,6,180,Chomiczówka,0 min,Wilanów 04,,2024-12-25 06:06:57.097735
Autobus,5941,607,111,Esperanto,0 min,Gocław 01,,2024-12-25 06:06:57.097735
Autobus,5951,612,507,Dw. Centralny,0 min,Gocław 02,,2024-12-25 06:06:57.097735
Autobus,5955,611,111,Gocław,0 min,Esperanto 05,,2024-12-25 06:06:57.097735
Autobus,5956,3,180,Wilanów,0 min,Chomiczówka 05,,2024-12-25 06:06:57.097735
Autobus,5961,1,518,Bielańska,0 min,Nowodwory 08,,2024-12-25 06:06:57.097735
Autobus,5890,2,503,Konwiktorska,0 min,Natolin Płn. 22,,2024-12-25 06:06:57.097735
Autobus,5894,400,128,Szczęśliwice,0 min,Pl. Piłsudskiego 04,,2024-12-25 06:06:57.097735
Autobus,5899,410,128,Pl. Piłsudskiego,0 min,Szczęśliwice 05,,2024-12-25 06:06:57.097735
Autobus,5405,9,509,Gocław,0 min,Winnica 06,,2024-12-25 06:06:57.097735
Autobus,5435,61,705,Metro Marymont,0 min,Rynia 01,,2024-12-25 06:06:57.097735
Autobus,5446,11,116,Wilanów,0 min,Chomiczówka 03,,2024-12-25 06:06:57.097735
Autobus,5459,2,140,Marki Czarna Struga,0 min,Metro Trocka 09,,2024-12-25 06:06:57.097735
Autobus,5871,406,128,Pl. Piłsudskiego,0 min,Szczęśliwice 05,,2024-12-25 06:06:57.097735
Autobus,5890,2,503,Konwiktorska,0 min,Natolin Płn. 22,,2024-12-25 06:06:57.097735
Autobus,5894,400,128,Szczęśliwice,0 min,Pl. Piłsudskiego 04,,2024-12-25 06:06:57.097735
Autobus,5899,410,128,Pl. Piłsudskiego,0 min,Szczęśliwice 05,,2024-12-25 06:06:57.097735
Autobus,5912,408,175,Lotnisko Chopina,0 min,Pl. Piłsudskiego 06,,2024-12-25 06:06:57.097735
Autobus,5917,603,111,Gocław,0 min,Esperanto 05,,2024-12-25 06:06:57.097735
Autobus,5919,610,507,Gocław,0 min,Dw. Centralny 16,,2024-12-25 06:06:57.097735
Autobus,5927,6,503,Natolin Płn.,0 min,Konwiktorska 01,,2024-12-25 06:06:57.097735
Autobus,5928,1,158,CH Reduta,0 min,Witolin 02,,2024-12-25 06:06:57.097735
Autobus,5932,6,116,Chomiczówka,0 min,Wilanów 07,,2024-12-25 06:06:57.097735
Autobus,5933,613,507,Dw. Centralny,0 min,Gocław 02,,2024-12-25 06:06:57.097735
Autobus,5936,442,180,Wilanów,0 min,Chomiczówka 05,,2024-12-25 06:06:57.097735
Autobus,5940,6,180,Chomiczówka,0 min,Wilanów 04,,2024-12-25 06:06:57.097735
Autobus,5941,607,111,Esperanto,0 min,Gocław 01,,2024-12-25 06:06:57.097735
Autobus,5951,612,507,Dw. Centralny,0 min,Gocław 02,,2024-12-25 06:06:57.097735
Autobus,5919,610,507,Gocław,0 min,Dw. Centralny 16,,2024-12-25 06:06:57.097735
Autobus,5927,6,503,Natolin Płn.,0 min,Konwiktorska 01,,2024-12-25 06:06:57.097735
Autobus,5928,1,158,CH Reduta,0 min,Witolin 02,,2024-12-25 06:06:57.097735
Autobus,5932,6,116,Chomiczówka,0 min,Wilanów 07,,2024-12-25 06:06:57.097735
Autobus,5933,613,507,Dw. Centralny,0 min,Gocław 02,,2024-12-25 06:06:57.097735
Autobus,5936,442,180,Wilanów,0 min,Chomiczówka 05,,2024-12-25 06:06:57.097735
Autobus,5940,6,180,Chomiczówka,0 min,Wilanów 04,,2024-12-25 06:06:57.097735
Autobus,5941,607,111,Esperanto,0 min,Gocław 01,,2024-12-25 06:06:57.097735
Autobus,5951,612,507,Dw. Centralny,0 min,Gocław 02,,2024-12-25 06:06:57.097735
Autobus,5955,611,111,Gocław,0 min,Esperanto 05,,2024-12-25 06:06:57.097735
Autobus,5933,613,507,Dw. Centralny,0 min,Gocław 02,,2024-12-25 06:06:57.097735
Autobus,5936,442,180,Wilanów,0 min,Chomiczówka 05,,2024-12-25 06:06:57.097735
Autobus,5940,6,180,Chomiczówka,0 min,Wilanów 04,,2024-12-25 06:06:57.097735
Autobus,5941,607,111,Esperanto,0 min,Gocław 01,,2024-12-25 06:06:57.097735
Autobus,5951,612,507,Dw. Centralny,0 min,Gocław 02,,2024-12-25 06:06:57.097735
Autobus,5955,611,111,Gocław,0 min,Esperanto 05,,2024-12-25 06:06:57.097735
Autobus,5956,3,180,Wilanów,0 min,Chomiczówka 05,,2024-12-25 06:06:57.097735
Autobus,5961,1,518,Bielańska,0 min,Nowodwory 08,,2024-12-25 06:06:57.097735
Autobus,5964,1,116,Wilanów,0 min,Chomiczówka 03,,2024-12-25 06:06:57.097735
Autobus,5940,6,180,Chomiczówka,0 min,Wilanów 04,,2024-12-25 06:06:57.097735
Autobus,5941,607,111,Esperanto,0 min,Gocław 01,,2024-12-25 06:06:57.097735
Autobus,5951,612,507,Dw. Centralny,0 min,Gocław 02,,2024-12-25 06:06:57.097735
Autobus,5955,611,111,Gocław,0 min,Esperanto 05,,2024-12-25 06:06:57.097735
Autobus,5956,3,180,Wilanów,0 min,Chomiczówka 05,,2024-12-25 06:06:57.097735
Autobus,5961,1,518,Bielańska,0 min,Nowodwory 08,,2024-12-25 06:06:57.097735
Autobus,5964,1,116,Wilanów,0 min,Chomiczówka 03,,2024-12-25 06:06:57.097735
Autobus,5974,438,180,Chomiczówka,0 min,Wilanów 04,,2024-12-25 06:06:57.097735
Autobus,5981,4,518,Nowodwory,0 min,Bielańska 01,,2024-12-25 06:06:57.097735
Autobus,6208,7,172,Sadyba,0 min,CH Blue City 02,,2024-12-25 06:06:57.097735
Autobus,6210,506,124,Paluch,0 min,P+R Al. Krakowska 12,,2024-12-25 06:06:57.097735
Autobus,6222,8,136,Ostroroga,0 min,Natolin Płn. 08,,2024-12-25 06:06:57.097735
Autobus,6231,507,124,P+R Al. Krakowska,0 min,Paluch 01,,2024-12-25 06:06:57.097735
Autobus,6238,3,172,CH Blue City,0 min,Sadyba 06,,2024-12-25 06:06:57.097735
Autobus,6240,9,523,PKP Olszynka Grochowska,0 min,Stare Bemowo 07,,2024-12-25 06:06:57.097735
Autobus,6243,512,706,Janki Pl. Szwedzki,0 min,P+R Al. Krakowska 16,,2024-12-25 06:06:57.097735
Autobus,9205,1,239,Kępa Okrzewska-Cmentarz,0 min,Os. Kabaty 01,,2024-12-25 06:06:57.097735
Autobus,9206,572,192,Krasnowola,0 min,Ursynów Płd. 06,,2024-12-25 06:06:57.097735
Autobus,9940,4,114,Młociny-UKSW,0 min,Pl. Wilsona 06,,2024-12-25 06:06:57.097735
Tramwaj,3827,7,6,Metro Młociny,0 min,Kwatery Głównej 03,,2024-12-25 06:06:57.097735
Autobus,5883,1,127,Browarna,0 min,Biblioteka Uniwersytecka 02,,2024-12-25 06:06:57.097735
Autobus,9212,573,209,Dawidy,0 min,Sarabandy 02,,2024-12-25 06:06:57.097735
Autobus,8353,1,217,Natolin Płn.,0 min,Sobieskiego 03,,2024-12-25 06:06:57.097735
Autobus,4418,3,212,Pl. Hallera,0 min,Bródnowska 01,,2024-12-25 06:06:57.097735
Autobus,9824,1,719,Metro Bemowo,0 min,Borzęcin Duży 02,,2024-12-25 06:06:57.097735
Autobus,1068,3,130,Ananasowa,0 min,Ogrody Działkowe Budowlani II 02,,2024-12-25 06:06:57.097735
Autobus,2234,4,191,Pl. Narutowicza,0 min,PKP WKD Al. Jerozolimskie 01,,2024-12-25 06:06:57.097735
Autobus,3442,3,509,Gocław,0 min,Ekspresowa 01,,2024-12-25 06:06:57.097735
Autobus,4204,2,713,Cm. Wolski,0 min,P+R Połczyńska 01,,2024-12-25 06:06:57.097735
Autobus,4414,5,169,Dw. Wschodni (Kijowska),0 min,Dw. Wileński 01,,2024-12-25 06:06:57.097735
Autobus,4416,6,123,Dw. Wschodni (Lubelska),0 min,Stacja Krwiodawstwa 03,,2024-12-25 06:06:57.097735
Autobus,9335,6,179,Ursynów Płn.,0 min,Instytut Hematologii 02,,2024-12-25 06:06:57.097735
Autobus,5402,443,500,Bródno-Podgrodzie,0 min,Dw. Gdański 03,,2024-12-25 06:06:57.097735
Autobus,9812,5,185,CH Ursynów,0 min,Nowy Zjazd 01,,2024-12-25 06:06:57.097735
Tramwaj,3188,7,24,Gocławek,0 min,Wawrzyszewska 03,,2024-12-25 06:06:57.097735
Tramwaj,3811,7,20,Żerań FSO,0 min,Marynin 01,,2024-12-25 06:06:57.097735
Autobus,1528,1,183,Zielona,0 min,Brata Alberta 03,,2024-12-25 06:06:57.097735
Pociąg,1015,,WKD,Grodzisk Mazowiecki Radońska,0 min,Warszawa Zachodnia WKD,,2024-12-25 06:06:57.097735
Pociąg,1013,,WKD,Grodzisk Mazowiecki Radońska,0 min,Kazimierówka,,2024-12-25 06:06:57.097735
Pociąg,1010,,WKD,Warszawa Śródmieście WKD,0 min,Warszawa Aleje Jerozolimskie,,2024-12-25 06:06:57.097735
Pociąg,2004,,WKD,Komorów,0 min,Milanówek Grudów,,2024-12-25 06:06:57.097735
Pociąg,1012,,WKD,Warszawa Śródmieście WKD,0 min,Komorów,,2024-12-25 06:06:57.097735
Autobus,3456,1,132,Os. Derby,0 min,Żerań FSO 04,,2024-12-25 06:06:57.097735
Autobus,4417,3,169,Bródno-Podgrodzie,0 min,Szpital Bródnowski 01,,2024-12-25 06:06:57.097735
Autobus,4422,1,240,Metro Kondratowicza,0 min,Grodzisk-Kościół 01,,2024-12-25 06:06:57.097735
Autobus,721,2,750,Izabelin-Dziekanówek Dziekanówek,0 min,Sadowa Kolejowa 01,,2024-12-25 06:06:57.097735
Autobus,8452,7,145,Wiatraczna,0 min,Chodecka 02,,2024-12-25 06:06:57.097735
Tramwaj,3827,7,6,Metro Młociny,0 min,Kwatery Głównej 03,,2024-12-25 06:06:57.097735
Autobus,70042,1,L-3,Jastrzębiec,0 min,Jabłonowo Kolonia Warszawska 02,,2024-12-25 06:06:57.097735
Tramwaj,3826,5,6,Metro Młociny,0 min,Metro Słodowiec 06,,2024-12-25 06:06:57.097735
Tramwaj,4268,3,16,Piaski,0 min,Metro Świętokrzyska 06,,2024-12-25 06:06:57.097735
Autobus,1068,3,130,Ananasowa,0 min,Ogrody Działkowe Budowlani II 02,,2024-12-25 06:06:57.097735
Autobus,4215,4,154,Dw. Zachodni,0 min,Jadwisin 02,,2024-12-25 06:06:57.097735
Autobus,8353,1,217,Natolin Płn.,0 min,Sobieskiego 03,,2024-12-25 06:06:57.097735
Autobus,9338,7,179,Ursynów Płn.,0 min,Os. Wyżyny 01,,2024-12-25 06:06:57.097735
Tramwaj,3827,7,6,Metro Młociny,0 min,Kwatery Głównej 03,,2024-12-25 06:06:57.097735
Autobus,70042,1,L-3,Jastrzębiec,0 min,Jabłonowo Kolonia Warszawska 02,,2024-12-25 06:06:57.097735
Tramwaj,3826,5,6,Metro Młociny,0 min,Metro Słodowiec 06,,2024-12-25 06:06:57.097735
Tramwaj,4268,3,16,Piaski,0 min,Metro Świętokrzyska 06,,2024-12-25 06:06:57.097735
Autobus,1068,3,130,Ananasowa,0 min,Ogrody Działkowe Budowlani II 02,,2024-12-25 06:06:57.097735
Autobus,4215,4,154,Dw. Zachodni,0 min,Jadwisin 02,,2024-12-25 06:06:57.097735
Autobus,8353,1,217,Natolin Płn.,0 min,Sobieskiego 03,,2024-12-25 06:06:57.097735
Autobus,9338,7,179,Ursynów Płn.,0 min,Os. Wyżyny 01,,2024-12-25 06:06:57.097735
Autobus,80120,1,L37,Wołomin Szpital Powiatowy,0 min,Kobyłka Chopina 01,,2024-12-25 06:06:57.097735
Autobus,8559,1,519,Powsin-Park Kultury,0 min,Vogla 01,,2024-12-25 06:06:57.097735
Autobus,35134,687,L13,PKP Zalesie Górne,0 min,Piaseczno Szkolna 01,,2024-12-25 06:06:57.097735
Autobus,4418,3,212,Pl. Hallera,0 min,Szymanowskiego 01,,2024-12-25 06:06:57.097735
Autobus,9341,2,198,Stara Miłosna (Ułańska),0 min,1. Praskiego Pułku 04,,2024-12-25 06:06:57.097735
Autobus,2040,3,709,Metro Wilanowska,0 min,Metro Wilanowska 12,,2024-12-25 06:06:57.097735
Autobus,9212,573,209,Dawidy,0 min,Sarabandy 02,,2024-12-25 06:06:57.097735
Tramwaj,4275,4,2,Metro Młociny,0 min,Zajezdnia Żoliborz 06,,2024-12-25 06:06:57.097735
Tramwaj,3188,7,24,Gocławek,0 min,Pl. Pole Elekcyjne 03,,2024-12-25 06:06:57.097735
Tramwaj,3244,6,7,P+R Al. Krakowska,0 min,Hale Banacha 02,,2024-12-25 06:06:57.097735
Autobus,2040,3,709,Metro Wilanowska,0 min,Metro Wilanowska 12,,2024-12-25 06:06:57.097735
Autobus,9212,573,209,Dawidy,0 min,Sarabandy 02,,2024-12-25 06:06:57.097735
Tramwaj,4275,4,2,Metro Młociny,0 min,Zajezdnia Żoliborz 06,,2024-12-25 06:06:57.097735
Tramwaj,3188,7,24,Gocławek,0 min,Pl. Pole Elekcyjne 03,,2024-12-25 06:06:57.097735
Tramwaj,3244,6,7,P+R Al. Krakowska,0 min,Hale Banacha 02,,2024-12-25 06:06:57.097735
Autobus,4205,1,717,Piastów Ogińskiego,0 min,Łopuszańska 02,,2024-12-25 06:06:57.097735
Autobus,4215,4,154,Dw. Zachodni,0 min,1 Sierpnia 01,,2024-12-25 06:06:57.097735
Autobus,5403,3,140,Metro Trocka,0 min,Marki Szpitalna 01,,2024-12-25 06:06:57.097735
Autobus,6226,5,105,Rondo Daszyńskiego,0 min,Fort Wola 05,,2024-12-25 06:06:57.097735
Autobus,9824,1,719,Metro Bemowo,0 min,Borzęcin Duży 02,,2024-12-25 06:06:57.097735
Autobus,777,3,150,Metro Młociny,0 min,Metro Młociny 21,,2024-12-25 06:06:57.097735
Autobus,8890,5,504,Os. Kabaty,0 min,Sasanki 03,,2024-12-25 06:06:57.097735
Autobus,9940,4,114,Młociny-UKSW,0 min,Pl. Wilsona 06,,2024-12-25 06:06:57.097735
Autobus,1072,1,108,Pl. Trzech Krzyży,0 min,Budexpo 02,,2024-12-25 06:06:57.097735
Autobus,6227,2,184,Metro Młociny,0 min,Metro Młociny 24,,2024-12-25 06:06:57.097735
Autobus,8522,4,143,Rembertów-Kolonia,0 min,Przyczółek Grochowski 02,,2024-12-25 06:06:57.097735
Autobus,5954,7,503,Konwiktorska,0 min,Pl. Teatralny 04,,2024-12-25 06:06:57.097735
Autobus,8353,1,217,Natolin Płn.,0 min,Sobieskiego 03,,2024-12-25 06:06:57.097735
Autobus,9354,4,135,Pl. Hallera,0 min,Gdecka 01,,2024-12-25 06:06:57.097735
Autobus,8890,5,504,Os. Kabaty,0 min,Sasanki 03,,2024-12-25 06:06:57.097735
Autobus,9940,4,114,Młociny-UKSW,0 min,Pl. Wilsona 06,,2024-12-25 06:06:57.097735
Autobus,1072,1,108,Pl. Trzech Krzyży,0 min,Budexpo 02,,2024-12-25 06:06:57.097735
Tramwaj,3188,7,24,Gocławek,0 min,Pl. Pole Elekcyjne 03,,2024-12-25 06:06:57.097735
Autobus,5954,7,503,Konwiktorska,0 min,Pl. Teatralny 04,,2024-12-25 06:06:57.097735
Autobus,8534,4,148,Wiatraczna,0 min,Ciszewskiego 04,,2024-12-25 06:06:57.097735
Autobus,9081,1,104,Brzeziny,0 min,Porzeczkowa 02,,2024-12-25 06:06:57.097735
Autobus,9818,4,502,Stara Miłosna (Graniczna),0 min,Nizinna 02,,2024-12-25 06:06:57.097735
Autobus,3442,3,509,Gocław,0 min,Płochocińska 01,,2024-12-25 06:06:57.097735
Autobus,4215,4,154,Dw. Zachodni,0 min,1 Sierpnia 01,,2024-12-25 06:06:57.097735
Autobus,8353,1,217,Natolin Płn.,0 min,Sobieskiego 03,,2024-12-25 06:06:57.097735
Autobus,9912,496,184,Szczęśliwice,0 min,Widawska 02,,2024-12-25 06:06:57.097735
Autobus,9335,6,179,Ursynów Płn.,0 min,Indiry Gandhi 02,,2024-12-25 06:06:57.097735
Tramwaj,3215,3,7,Kawęczyńska-Bazylika,0 min,Most Poniatowskiego 03,,2024-12-25 06:06:57.097735
Autobus,9803,1,185,Gwiaździsta,0 min,Dolina Służewiecka 02,,2024-12-25 06:06:57.097735
Autobus,1072,1,108,Pl. Trzech Krzyży,0 min,Budexpo 02,,2024-12-25 06:06:57.097735
Autobus,1419,5,123,Dw. Wschodni (Lubelska),0 min,Chodakowska 01,,2024-12-25 06:06:57.097735
Autobus,7863,9,148,Lotnisko Chopina,0 min,Siekierki-Sanktuarium 01,,2024-12-25 06:06:57.097735
Autobus,8353,1,217,Natolin Płn.,0 min,Sobieskiego 03,,2024-12-25 06:06:57.097735
Autobus,9912,496,184,Szczęśliwice,0 min,Widawska 02,,2024-12-25 06:06:57.097735
Autobus,9335,6,179,Ursynów Płn.,0 min,Indiry Gandhi 02,,2024-12-25 06:06:57.097735
Tramwaj,3215,3,7,Kawęczyńska-Bazylika,0 min,Most Poniatowskiego 03,,2024-12-25 06:06:57.097735
Autobus,9803,1,185,Gwiaździsta,0 min,Dolina Służewiecka 02,,2024-12-25 06:06:57.097735
Autobus,1072,1,108,Pl. Trzech Krzyży,0 min,Budexpo 02,,2024-12-25 06:06:57.097735
Autobus,1419,5,123,Dw. Wschodni (Lubelska),0 min,Chodakowska 01,,2024-12-25 06:06:57.097735
Autobus,7863,9,148,Lotnisko Chopina,0 min,Siekierki-Sanktuarium 01,,2024-12-25 06:06:57.097735
Autobus,9822,3,710,Os. Kabaty,0 min,Rosnowskiego 02,,2024-12-25 06:06:57.097735
Autobus,1425,5,173,Stara Miłosna (Graniczna),0 min,Wiatraczna 22,,2024-12-25 06:06:57.097735
Autobus,9822,3,710,Os. Kabaty,0 min,Rosnowskiego 02,,2024-12-25 06:06:57.097735
Autobus,1419,5,123,Dw. Wschodni (Lubelska),0 min,Chodakowska 01,,2024-12-25 06:06:57.097735
Autobus,1425,5,173,Stara Miłosna (Graniczna),0 min,Wiatraczna 22,,2024-12-25 06:06:57.097735
Autobus,3467,2,132,Metro Marymont,0 min,PKP Toruńska 03,,2024-12-25 06:06:57.097735
Autobus,9824,1,719,Metro Bemowo,0 min,Borzęcin Duży 02,,2024-12-25 06:06:57.097735
Tramwaj,3644,5,11,Sielce,0 min,Ordona-WSA 03,,2024-12-25 06:06:57.097735
Autobus,3442,3,509,Gocław,0 min,Płochocińska 01,,2024-12-25 06:06:57.097735
Autobus,8534,4,148,Wiatraczna,0 min,Ciszewskiego 04,,2024-12-25 06:06:57.097735
Autobus,1011,4,213,Gocław,0 min,Lucerny 03,,2024-12-25 06:06:57.097735
Autobus,80120,1,L37,Wołomin Szpital Powiatowy,0 min,Kobyłka Chopina 01,,2024-12-25 06:06:57.097735
Tramwaj,3811,7,20,Żerań FSO,1 min przed czasem,Marynin 01,,2024-12-25 06:06:57.097735
Tramwaj,4281,9,33,Kielecka,1 min przed czasem,Al. Reymonta 03,,2024-12-25 06:06:57.097735
Autobus,5256,1,191,Regulska,1 min przed czasem,Mikołajska 02,,2024-12-25 06:06:57.097735
Autobus,5901,4,180,Chomiczówka,1 min przed czasem,Kapitulna 02,,2024-12-25 06:06:57.097735
Autobus,70002,2,L39,Piaseczno Szpital,1 min przed czasem,Piaseczno Tukanów 01,,2024-12-25 06:06:57.097735
Autobus,9346,644,199,Bródno-Podgrodzie,1 min przed czasem,Ząbki Pułaskiego 01,,2024-12-25 06:06:57.097735
Tramwaj,3276,1,15,P+R Al. Krakowska,1 min przed czasem,Metro Politechnika 04,,2024-12-25 06:06:57.097735
Tramwaj,4013,3,28,Os. Górczewska,1 min przed czasem,Park Traugutta 04,,2024-12-25 06:06:57.097735
Autobus,9549,1,743,Os. Górczewska,1 min przed czasem,Pogroszew 01,,2024-12-25 06:06:57.097735
Tramwaj,3140,6,6,Metro Młociny,1 min przed czasem,Ratuszowa-Zoo 02,,2024-12-25 06:06:57.097735
Tramwaj,4265,12,16,Miasteczko Wilanów,1 min przed czasem,Spacerowa 01,,2024-12-25 06:06:57.097735
Autobus,4428,1,736,Legionowo Mickiewicza,1 min przed czasem,Legionowo Sielankowa 04,,2024-12-25 06:06:57.097735
Tramwaj,3143,2,26,Wiatraczna,1 min przed czasem,Sokołowska 03,,2024-12-25 06:06:57.097735
Tramwaj,3218,1,26,Wiatraczna,1 min przed czasem,Ząbkowska 03,,2024-12-25 06:06:57.097735
Autobus,1414,1,119,Rakowiecka-Sanktuarium,1 min przed czasem,Morskie Oko 02,,2024-12-25 06:06:57.097735
Autobus,1812,2,212,CH Targówek,1 min przed czasem,Samarytanka 02,,2024-12-25 06:06:57.097735
Autobus,4328,2,152,Os. Derby,1 min przed czasem,Ogrody Przyjaciół 02,,2024-12-25 06:06:57.097735
Autobus,1414,1,119,Rakowiecka-Sanktuarium,1 min przed czasem,Morskie Oko 02,,2024-12-25 06:06:57.097735
Tramwaj,3117,5,4,Wyścigi,1 min przed czasem,Niedźwiedzia 03,,2024-12-25 06:06:57.097735
Autobus,1812,2,212,CH Targówek,1 min przed czasem,Samarytanka 02,,2024-12-25 06:06:57.097735
Autobus,4328,2,152,Os. Derby,1 min przed czasem,Ogrody Przyjaciół 02,,2024-12-25 06:06:57.097735
Tramwaj,3218,1,26,Wiatraczna,1 min przed czasem,Kijowska 03,,2024-12-25 06:06:57.097735
Autobus,9511,2,178,Skorosze,1 min przed czasem,Szpital Wolski 02,,2024-12-25 06:06:57.097735
Autobus,9815,1,502,Metro Politechnika,1 min przed czasem,Marszałkowska 02,,2024-12-25 06:06:57.097735
Autobus,8890,5,504,Os. Kabaty,1 min przed czasem,Sasanki 03,,2024-12-25 06:06:57.097735
Tramwaj,3198,546,1,Annopol,1 min przed czasem,Rondo Żaba 04,,2024-12-25 06:06:57.097735
Tramwaj,3128,4,7,Kawęczyńska-Bazylika,1 min przed czasem,Bitwy Warszawskiej 1920 r. 03,,2024-12-25 06:06:57.097735
Autobus,1528,1,183,Zielona,1 min przed czasem,Urocza 01,,2024-12-25 06:06:57.097735
Tramwaj,4265,12,16,Miasteczko Wilanów,1 min przed czasem,Dolna 01,,2024-12-25 06:06:57.097735
Autobus,4233,2,194,PKP Gołąbki,1 min przed czasem,Szuberta 02,,2024-12-25 06:06:57.097735
Autobus,8369,2,217,Metro Wilanowska,1 min przed czasem,Os. Arbuzowa 02,,2024-12-25 06:06:57.097735
Tramwaj,3122,1,7,P+R Al. Krakowska,1 min przed czasem,Muzeum Narodowe 06,,2024-12-25 06:06:57.097735
Autobus,4417,3,169,Bródno-Podgrodzie,1 min przed czasem,Park Bródnowski 01,,2024-12-25 06:06:57.097735
Autobus,5909,405,175,Lotnisko Chopina,1 min przed czasem,Zachęta 02,,2024-12-25 06:06:57.097735
Autobus,6203,511,721,P+R Al. Krakowska,1 min przed czasem,Łazy Podleśna 01,,2024-12-25 06:06:57.097735
Tramwaj,3193,3,10,Wyścigi,1 min przed czasem,Synów Pułku 03,,2024-12-25 06:06:57.097735
Tramwaj,4265,12,16,Miasteczko Wilanów,1 min przed czasem,Dolna 01,,2024-12-25 06:06:57.097735
Autobus,4233,2,194,PKP Gołąbki,1 min przed czasem,Szuberta 02,,2024-12-25 06:06:57.097735
Autobus,8369,2,217,Metro Wilanowska,1 min przed czasem,Os. Arbuzowa 02,,2024-12-25 06:06:57.097735
Tramwaj,3122,1,7,P+R Al. Krakowska,1 min przed czasem,Muzeum Narodowe 06,,2024-12-25 06:06:57.097735
Tramwaj,4010,5,22,Piaski,1 min przed czasem,Pl. Grunwaldzki 08,,2024-12-25 06:06:57.097735
Tramwaj,4266,8,33,Kielecka,1 min przed czasem,Kino Femina 09,,2024-12-25 06:06:57.097735
Autobus,1214,634,165,Wyczółki,1 min przed czasem,Wyczółki 01,,2024-12-25 06:06:57.097735
Autobus,9069,459,211,Kępa Tarchomińska,1 min przed czasem,Stare Świdry 02,,2024-12-25 06:06:57.097735
Tramwaj,3251,5,17,Winnica,1 min przed czasem,Stare Świdry 04,,2024-12-25 06:06:57.097735
Tramwaj,3269,2,9,Gocławek,1 min przed czasem,Grenadierów 04,,2024-12-25 06:06:57.097735
Autobus,9331,1,179,Os. Kabaty,1 min przed czasem,Mandarynki 01,,2024-12-25 06:06:57.097735
Autobus,5958,9,180,Wilanów,1 min przed czasem,Kosiarzy 01,,2024-12-25 06:06:57.097735
Autobus,80112,1,L33,Piaseczno Wilanowska,1 min przed czasem,Zamienie 01,,2024-12-25 06:06:57.097735
Autobus,80120,1,L37,Wołomin Szpital Powiatowy,1 min przed czasem,PKP Kobyłka Ossów 03,,2024-12-25 06:06:57.097735
Autobus,9803,1,185,Gwiaździsta,1 min przed czasem,Dolina Służewiecka 02,,2024-12-25 06:06:57.097735
Tramwaj,3121,3,4,Żerań Wschodni,1 min przed czasem,Goworka 02,,2024-12-25 06:06:57.097735
Autobus,4211,1,713,Koprki Agricoop,1 min przed czasem,Mory 02,,2024-12-25 06:06:57.097735
Autobus,1801,6,138,Utrata,1 min przed czasem,Matuszewska 02,,2024-12-25 06:06:57.097735
Autobus,5958,9,180,Wilanów,1 min przed czasem,Kosiarzy 01,,2024-12-25 06:06:57.097735
Autobus,80112,1,L33,Piaseczno Wilanowska,1 min przed czasem,Zamienie 01,,2024-12-25 06:06:57.097735
Autobus,80120,1,L37,Wołomin Szpital Powiatowy,1 min przed czasem,PKP Kobyłka Ossów 03,,2024-12-25 06:06:57.097735
Autobus,9803,1,185,Gwiaździsta,1 min przed czasem,Dolina Służewiecka 02,,2024-12-25 06:06:57.097735
Tramwaj,3121,3,4,Żerań Wschodni,1 min przed czasem,Goworka 02,,2024-12-25 06:06:57.097735
Autobus,4211,1,713,Koprki Agricoop,1 min przed czasem,Mory 02,,2024-12-25 06:06:57.097735
Autobus,1801,6,138,Utrata,1 min przed czasem,Matuszewska 02,,2024-12-25 06:06:57.097735
Tramwaj,3122,1,7,P+R Al. Krakowska,1 min przed czasem,Muzeum Narodowe 06,,2024-12-25 06:06:57.097735
Autobus,721,2,750,Izabelin-Dziekanówek Dziekanówek,1 min przed czasem,Sadowa Kolejowa 01,,2024-12-25 06:06:57.097735
Autobus,8889,2,136,Natolin Płn.,1 min przed czasem,Szolc-Rogozińskiego 01,,2024-12-25 06:06:57.097735
Autobus,1819,2,240,Marki Pustelnik,1 min przed czasem,Marki Słoneczna 02,,2024-12-25 06:06:57.097735
Autobus,4520,5,157,Gwiaździsta,1 min przed czasem,Nowolipie 02,,2024-12-25 06:06:57.097735
Autobus,5977,4,503,Natolin Płn.,1 min przed czasem,Spacerowa 51,,2024-12-25 06:06:57.097735
Autobus,9901,473,114,Młociny-UKSW,1 min przed czasem,Sokratesa 04,,2024-12-25 06:06:57.097735
Autobus,1843,61,730,Wiatraczna,1 min przed czasem,Trakt Lubelski 01,,2024-12-25 06:06:57.097735
Autobus,6203,511,721,P+R Al. Krakowska,1 min przed czasem,Sękocin-Las 04,,2024-12-25 06:06:57.097735
Autobus,5978,2,518,Nowodwory,1 min przed czasem,Nowodworska 03,,2024-12-25 06:06:57.097735
Autobus,5882,409,128,Pl. Piłsudskiego,1 min przed czasem,Zachęta 01,,2024-12-25 06:06:57.097735
Autobus,6208,7,172,Sadyba,1 min przed czasem,Berestecka 01,,2024-12-25 06:06:57.097735
Autobus,4233,2,194,PKP Gołąbki,1 min przed czasem,Nowe Włochy 05,,2024-12-25 06:06:57.097735
Autobus,5958,9,180,Wilanów,1 min przed czasem,Kosiarzy 01,,2024-12-25 06:06:57.097735
Autobus,6208,7,172,Sadyba,1 min przed czasem,Berestecka 01,,2024-12-25 06:06:57.097735
Autobus,6213,6,517,Ursus-Niedźwiadek,1 min przed czasem,Dzieci Warszawy 04,,2024-12-25 06:06:57.097735
Tramwaj,4265,12,16,Miasteczko Wilanów,1 min przed czasem,Dolna 01,,2024-12-25 06:06:57.097735
Autobus,7743,3,525,Międzylesie,1 min przed czasem,Zajezdnia Ostrobramska 02,,2024-12-25 06:06:57.097735
Autobus,35132,688,L-5,Piaseczno Zgoda,1 min przed czasem,Piaseczno Gołków-Letnisko 02,,2024-12-25 06:06:57.097735
Tramwaj,3218,1,26,Wiatraczna,1 min przed czasem,Kijowska 03,,2024-12-25 06:06:57.097735
Autobus,5207,5,177,Os. Górczewska,1 min przed czasem,Hala Wola 02,,2024-12-25 06:06:57.097735
Autobus,5942,606,111,Esperanto,1 min przed czasem,Centrum 04,,2024-12-25 06:06:57.097735
Autobus,8452,7,145,Wiatraczna,1 min przed czasem,Metro Kondratowicza 02,,2024-12-25 06:06:57.097735
Autobus,4424,2,166,Os. Kabaty,1 min przed czasem,Dw. Wileński 01,,2024-12-25 06:06:57.097735
Autobus,2236,3,517,Pl. Trzech Krzyży,1 min przed czasem,Dzieci Warszawy 01,,2024-12-25 06:06:57.097735
Autobus,9803,1,185,Gwiaździsta,1 min przed czasem,Dolina Służewiecka 02,,2024-12-25 06:06:57.097735
Tramwaj,3121,3,4,Żerań Wschodni,1 min przed czasem,Goworka 02,,2024-12-25 06:06:57.097735
Tramwaj,4281,9,33,Kielecka,1 min przed czasem,Piaski 03,,2024-12-25 06:06:57.097735
Autobus,8894,3,138,Bokserska,1 min przed czasem,Domaniewska 01,,2024-12-25 06:06:57.097735
Autobus,9901,473,114,Młociny-UKSW,1 min przed czasem,Sokratesa 04,,2024-12-25 06:06:57.097735
Tramwaj,4010,5,22,Piaski,1 min przed czasem,Sady Żoliborskie 04,,2024-12-25 06:06:57.097735
Autobus,7881,4,520,Dw. Centralny,2 min przed czasem,Centrum 06,,2024-12-25 06:06:57.097735
Autobus,1063,1,164,Kępa Zawadowska,2 min przed czasem,Karczocha 01,,2024-12-25 06:06:57.097735
Autobus,1118,5,166,Pl. Hallera,2 min przed czasem,Solec 01,,2024-12-25 06:06:57.097735
Tramwaj,3267,6,4,Wyścigi,2 min przed czasem,Trasa Łazienkowska 01,,2024-12-25 06:06:57.097735
Autobus,9810,6,185,CH Ursynów,2 min przed czasem,Gwiaździsta 04,,2024-12-25 06:06:57.097735
Autobus,1801,6,138,Utrata,2 min przed czasem,Zabraniecka 04,,2024-12-25 06:06:57.097735
Autobus,1070,2,163,Centrum Onkologii,2 min przed czasem,Spiralna 02,,2024-12-25 06:06:57.097735
Tramwaj,3802,2,23,Czynszowa,2 min przed czasem,Wola-Ratusz 03,,2024-12-25 06:06:57.097735
Tramwaj,3648,4,11,Sielce,2 min przed czasem,Goworka 03,,2024-12-25 06:06:57.097735
Tramwaj,4102,6,17,Winnica,2 min przed czasem,Pl. Grunwaldzki 04,,2024-12-25 06:06:57.097735
Autobus,8591,2,509,Gocław,2 min przed czasem,Al. Zieleniecka 01,,2024-12-25 06:06:57.097735
Autobus,9327,2,142,Aleksandrów,2 min przed czasem,Podkowy 02,,2024-12-25 06:06:57.097735
Tramwaj,4201,2,16,Piaski,2 min przed czasem,Romaszewskiego 04,,2024-12-25 06:06:57.097735
Autobus,8364,1,172,CH Blue City,2 min przed czasem,Dw. Zachodni 02,,2024-12-25 06:06:57.097735
Autobus,8897,1,174,Bokserska,2 min przed czasem,Odyńca 01,,2024-12-25 06:06:57.097735
Autobus,35141,689,L-5,Antoninów Cm. Południowy-Brama Płd.,2 min przed czasem,Władysławów Zielona 02,,2024-12-25 06:06:57.097735
Autobus,9073,458,211,Żerań FSO,2 min przed czasem,Bukowska 02,,2024-12-25 06:06:57.097735
Autobus,6237,3,189,Sadyba,2 min przed czasem,Sadyba 03,,2024-12-25 06:06:57.097735
Tramwaj,3134,1,10,Wyścigi,2 min przed czasem,Bukowińska 03,,2024-12-25 06:06:57.097735
Autobus,8591,2,509,Gocław,2 min przed czasem,Al. Zieleniecka 01,,2024-12-25 06:06:57.097735
Autobus,9327,2,142,Aleksandrów,2 min przed czasem,Podkowy 02,,2024-12-25 06:06:57.097735
Tramwaj,4201,2,16,Piaski,2 min przed czasem,Romaszewskiego 04,,2024-12-25 06:06:57.097735
Autobus,8364,1,172,CH Blue City,2 min przed czasem,Dw. Zachodni 02,,2024-12-25 06:06:57.097735
Autobus,8897,1,174,Bokserska,2 min przed czasem,Odyńca 01,,2024-12-25 06:06:57.097735
Autobus,35141,689,L-5,Antoninów Cm. Południowy-Brama Płd.,2 min przed czasem,Władysławów Zielona 02,,2024-12-25 06:06:57.097735
Autobus,9073,458,211,Żerań FSO,2 min przed czasem,Bukowska 02,,2024-12-25 06:06:57.097735
Autobus,6237,3,189,Sadyba,2 min przed czasem,Sadyba 03,,2024-12-25 06:06:57.097735
Tramwaj,3134,1,10,Wyścigi,2 min przed czasem,Bukowińska 03,,2024-12-25 06:06:57.097735
Tramwaj,3818,2,28,Os. Górczewska,2 min przed czasem,Ogrody Działkowe Bemowo 06,,2024-12-25 06:06:57.097735
Autobus,1206,428,739,Piaseczno Julianowska-Cmentarz,2 min przed czasem,Julianów Srebrnych Świerków 01,,2024-12-25 06:06:57.097735
Autobus,2248,3,105,Os. Górczewska,2 min przed czasem,Sowińskiego 53,,2024-12-25 06:06:57.097735
Autobus,9351,1,135,PKP Olszynka Grochowska,2 min przed czasem,Poligonowa 03,,2024-12-25 06:06:57.097735
Autobus,9802,4,167,Siekierki-Sanktuarium,2 min przed czasem,Spacerowa 03,,2024-12-25 06:06:57.097735
Autobus,5449,446,500,Rondo „Radosława”,2 min przed czasem,Rondo „Radosława” 04,,2024-12-25 06:06:57.097735
Autobus,1520,435,147,Stara Miłosna (Ułańska),2 min przed czasem,Wawer-Ratusz 02,,2024-12-25 06:06:57.097735
Tramwaj,4007,3,15,Marymont-Potok,3 min przed czasem,Pl. Wilsona 14,,2024-12-25 06:06:57.097735
Autobus,7249,6,122,Gwiaździsta,4 min przed czasem,Os. Górczewska 01,,2024-12-25 06:06:57.097735
Tramwaj,4210,6,2,Metro Młociny,3 min przed czasem,Winnica 03,,2024-12-25 06:06:57.097735
Autobus,3434,2,731,Legionowo Os. Młodych,3 min przed czasem,Jabłonna Os. Bukowy Dworek 02,,2024-12-25 06:06:57.097735
Autobus,8590,3,738,P+R Radzymin,4 min przed czasem,Radzymin Sanktuarium Jana Pawła II 02,,2024-12-25 06:06:57.097735
Autobus,5240,2,105,Os. Górczewska,4 min przed czasem,Batalionów Chłopskich 02,,2024-12-25 06:06:57.097735
Autobus,776,1,150,Metro Młociny,4 min przed czasem,Dziekanów Leśny 01,,2024-12-25 06:06:57.097735
Autobus,9524,2,103,Brylowska,4 min przed czasem,Metro Młociny 01,,2024-12-25 06:06:57.097735
Autobus,7249,6,122,Gwiaździsta,4 min przed czasem,Os. Górczewska 01,,2024-12-25 06:06:57.097735
Autobus,9527,54,715,Ursynów Płn.,4 min przed czasem,Metro Stokłosy 04,,2024-12-25 06:06:57.097735
Autobus,1803,1,212,Pl. Hallera,5 min przed czasem,Szpital Bródnowski 03,,2024-12-25 06:06:57.097735
Autobus,1533,2,251,Metro Wilanowska,5 min przed czasem,Konstancin-Jeziorna CH Stara Papiernia 02,,2024-12-25 06:06:57.097735
Tramwaj,4278,6,33,Metro Młociny,6 min przed czasem,Kielecka 02,,2024-12-25 06:06:57.097735
Autobus,6225,4,157,Szczęśliwice,10 min przed czasem,Gwiaździsta 04,,2024-12-25 06:06:57.097735
Autobus,1069,2,108,Łososiowa,10 min przed czasem,Pl. Trzech Krzyży 02,,2024-12-25 06:06:57.097735
Autobus,5929,403,175,Pl. Piłsudskiego,14 min przed czasem,Lotnisko Chopina-Przyloty 02,,2024-12-25 06:06:57.097735
Autobus,2019,7,148,Wiatraczna,17 min przed czasem,Lotnisko Chopina-Przyloty 02,,2024-12-25 06:06:57.097735
Tramwaj,4210,6,2,Metro Młociny,3 min przed czasem,Winnica 03,,2024-12-25 06:06:57.097735
Autobus,3434,2,731,Legionowo Os. Młodych,3 min przed czasem,Jabłonna Os. Bukowy Dworek 02,,2024-12-25 06:06:57.097735
Autobus,8590,3,738,P+R Radzymin,4 min przed czasem,Radzymin Sanktuarium Jana Pawła II 02,,2024-12-25 06:06:57.097735
Autobus,7208,6,523,PKP Olszynka Grochowska,2 min przed czasem,Marszałkowska 01,,2024-12-25 06:06:57.097735
Autobus,1206,428,739,Piaseczno Julianowska-Cmentarz,3 min przed czasem,Julianów Wenus 01,,2024-12-25 06:06:57.097735
Autobus,9351,1,135,PKP Olszynka Grochowska,3 min przed czasem,Kompasowa 01,,2024-12-25 06:06:57.097735
Autobus,1203,424,727,Władysławów,3 min przed czasem,Głosków-Zielone 01,,2024-12-25 06:06:57.097735
Autobus,4415,2,122,Os. Górczewska,3 min przed czasem,Gwiaździsta 01,,2024-12-25 06:06:57.097735
Autobus,9512,653,714,Koczargi Stare,3 min przed czasem,Metro Bemowo 02,,2024-12-25 06:06:57.097735
Autobus,9801,1,167,Fort Radiowo,3 min przed czasem,Kocjana 02,,2024-12-25 06:06:57.097735
Autobus,5973,4,116,Chomiczówka,3 min przed czasem,Krucza 02,,2024-12-25 06:06:57.097735
Tramwaj,4210,6,2,Metro Młociny,3 min przed czasem,Winnica 03,,2024-12-25 06:06:57.097735
Autobus,3434,2,731,Legionowo Os. Młodych,3 min przed czasem,Jabłonna Os. Bukowy Dworek 02,,2024-12-25 06:06:57.097735
Autobus,8590,3,738,P+R Radzymin,4 min przed czasem,Radzymin Sanktuarium Jana Pawła II 02,,2024-12-25 06:06:57.097735
Autobus,5240,2,105,Os. Górczewska,4 min przed czasem,Batalionów Chłopskich 02,,2024-12-25 06:06:57.097735
Autobus,5973,4,116,Chomiczówka,3 min przed czasem,Krucza 02,,2024-12-25 06:06:57.097735
Tramwaj,4210,6,2,Metro Młociny,3 min przed czasem,Winnica 03,,2024-12-25 06:06:57.097735
Autobus,3434,2,731,Legionowo Os. Młodych,3 min przed czasem,Jabłonna Os. Bukowy Dworek 02,,2024-12-25 06:06:57.097735
Autobus,8590,3,738,P+R Radzymin,4 min przed czasem,Radzymin Sanktuarium Jana Pawła II 02,,2024-12-25 06:06:57.097735
Autobus,5240,2,105,Os. Górczewska,4 min przed czasem,Batalionów Chłopskich 02,,2024-12-25 06:06:57.097735
Autobus,776,1,150,Metro Młociny,4 min przed czasem,Dziekanów Leśny 01,,2024-12-25 06:06:57.097735
Autobus,9524,2,103,Brylowska,4 min przed czasem,Metro Młociny 01,,2024-12-25 06:06:57.097735
Autobus,7249,6,122,Gwiaździsta,4 min przed czasem,Os. Górczewska 01,,2024-12-25 06:06:57.097735
Autobus,9527,54,715,Ursynów Płn.,4 min przed czasem,Metro Stokłosy 04,,2024-12-25 06:06:57.097735
Autobus,1533,2,251,Metro Wilanowska,5 min przed czasem,Konstancin-Jeziorna CH Stara Papiernia 02,,2024-12-25 06:06:57.097735
Autobus,1803,1,212,Pl. Hallera,5 min przed czasem,Szpital Bródnowski 03,,2024-12-25 06:06:57.097735
Tramwaj,4278,6,33,Metro Młociny,6 min przed czasem,Kielecka 02,,2024-12-25 06:06:57.097735
Autobus,1069,2,108,Łososiowa,10 min przed czasem,Pl. Trzech Krzyży 02,,2024-12-25 06:06:57.097735
Autobus,6225,4,157,Szczęśliwice,10 min przed czasem,Gwiaździsta 04,,2024-12-25 06:06:57.097735
Autobus,5929,403,175,Pl. Piłsudskiego,14 min przed czasem,Lotnisko Chopina-Przyloty 02,,2024-12-25 06:06:57.097735
Autobus,2019,7,148,Wiatraczna,17 min przed czasem,Lotnisko Chopina-Przyloty 02,,2024-12-25 06:06:57.097735
Autobus,5973,4,116,Chomiczówka,3 min przed czasem,Krucza 02,,2024-12-25 06:06:57.097735
Autobus,1069,2,108,Łososiowa,10 min przed czasem,Pl. Trzech Krzyży 02,,2024-12-25 06:06:57.097735
Autobus,5929,403,175,Pl. Piłsudskiego,14 min przed czasem,Lotnisko Chopina-Przyloty 02,,2024-12-25 06:06:57.097735
Autobus,2019,7,148,Wiatraczna,17 min przed czasem,Lotnisko Chopina-Przyloty 02,,2024-12-25 06:06:57.097735
Autobus,3434,2,731,Legionowo Os. Młodych,3 min przed czasem,Jabłonna Os. Bukowy Dworek 02,,2024-12-25 06:06:57.097735
Autobus,9801,1,167,Fort Radiowo,3 min przed czasem,Archimedesa 02,,2024-12-25 06:06:57.097735
Autobus,776,1,150,Metro Młociny,4 min przed czasem,Dziekanów Leśny 01,,2024-12-25 06:06:57.097735
Autobus,7249,6,122,Gwiaździsta,4 min przed czasem,Os. Górczewska 01,,2024-12-25 06:06:57.097735
Autobus,9524,2,103,Brylowska,4 min przed czasem,Metro Młociny 01,,2024-12-25 06:06:57.097735
Autobus,8590,3,738,P+R Radzymin,4 min przed czasem,P+R Radzymin 03,,2024-12-25 06:06:57.097735
Autobus,5240,2,105,Os. Górczewska,4 min przed czasem,Batalionów Chłopskich 02,,2024-12-25 06:06:57.097735
Autobus,1533,2,251,Metro Wilanowska,5 min przed czasem,Konstancin-Jeziorna CH Stara Papiernia 02,,2024-12-25 06:06:57.097735
Autobus,9527,54,715,Ursynów Płn.,5 min przed czasem,Metro Stokłosy 04,,2024-12-25 06:06:57.097735
Autobus,1803,1,212,Pl. Hallera,5 min przed czasem,Szpital Bródnowski 03,,2024-12-25 06:06:57.097735
Tramwaj,4278,6,33,Metro Młociny,6 min przed czasem,Kielecka 02,,2024-12-25 06:06:57.097735
Autobus,6225,4,157,Szczęśliwice,10 min przed czasem,Gwiaździsta 04,,2024-12-25 06:06:57.097735
Autobus,1069,2,108,Łososiowa,10 min przed czasem,Pl. Trzech Krzyży 02,,2024-12-25 06:06:57.097735
Autobus,5929,403,175,Pl. Piłsudskiego,14 min przed czasem,Lotnisko Chopina-Przyloty 02,,2024-12-25 06:06:57.097735
Autobus,2019,7,148,Wiatraczna,17 min przed czasem,Lotnisko Chopina-Przyloty 02,,2024-12-25 06:06:57.097735
