Type,Vehicle No,Brigade,Route,Trip Headsign,Delay,Stop Name,Outside,Timestamp
Autobus,5921,10,180,Chomiczówka,35 min,Krucza 02,,2024-12-25 20:07:04.040296
Tramwaj,3245,5,9,Gocławek,35 min,Pl. Zawiszy 05,,2024-12-25 20:07:04.040296
Autobus,8459,1,210,Metro Młociny,31 min,Izabelin Sienkiewicza 01,,2024-12-25 20:07:04.040296
Autobus,5981,4,518,Bielańska,30 min,Picassa 01,,2024-12-25 20:07:04.040296
Autobus,9206,572,209,Ursynów Płd.,30 min,Ursynów Płd. 06,,2024-12-25 20:07:04.040296
Autobus,5427,7,180,Wilanów,23 min,Chomiczówka 05,,2024-12-25 20:07:04.040296
Autobus,9955,4,114,Młociny-UKSW,19 min,Most Grota-Roweckiego 01,,2024-12-25 20:07:04.040296
Autobus,5878,3,503,Natolin Płn.,19 min,Miklaszewskiego 01,,2024-12-25 20:07:04.040296
Autobus,5950,1,180,Chomiczówka,17 min,Wilanów 04,,2024-12-25 20:07:04.040296
Autobus,9938,5,114,Młociny-UKSW,15 min,Bródno-Podgrodzie 05,,2024-12-25 20:07:04.040296
Autobus,5973,4,116,Chomiczówka,13 min,Łazienki Królewskie 02,,2024-12-25 20:07:04.040296
Autobus,5937,1,503,Konwiktorska,13 min,Dolna 56,,2024-12-25 20:07:04.040296
Autobus,5978,2,518,Nowodwory,11 min,Os. Potok 03,,2024-12-25 20:07:04.040296
Autobus,5927,6,503,Natolin Płn.,11 min,Kapitulna 01,,2024-12-25 20:07:04.040296
Autobus,5952,5,180,Wilanów,10 min,Łazienki Królewskie 01,,2024-12-25 20:07:04.040296
Autobus,9550,4,178,Rondo Daszyńskiego,9 min,Szpital Wolski 01,,2024-12-25 20:07:04.040296
Autobus,7888,6,520,Marysin,8 min,Potockich 02,,2024-12-25 20:07:04.040296
Autobus,5974,438,180,Wilanów,8 min,Chomiczówka 05,,2024-12-25 20:07:04.040296
Autobus,5892,5,503,Natolin Płn.,7 min,Spacerowa 51,,2024-12-25 20:07:04.040296
Autobus,5978,2,518,Nowodwory,10 min,Os. Potok 03,,2024-12-25 20:07:04.040296
Autobus,9550,4,178,Rondo Daszyńskiego,9 min,Szpital Wolski 01,,2024-12-25 20:07:04.040296
Autobus,5952,5,180,Wilanów,9 min,Łazienki Królewskie 01,,2024-12-25 20:07:04.040296
Autobus,7888,6,520,Marysin,9 min,Potockich 02,,2024-12-25 20:07:04.040296
Autobus,5974,438,180,Wilanów,8 min,Chomiczówka 05,,2024-12-25 20:07:04.040296
Autobus,5892,5,503,Natolin Płn.,7 min,Dolna 51,,2024-12-25 20:07:04.040296
Autobus,5994,9,503,Konwiktorska,7 min,Muranowska 06,,2024-12-25 20:07:04.040296
Tramwaj,3195,1,23,Nowe Bemowo,6 min,Młynarska 04,Poza trasą,2024-12-25 20:07:04.040296
Autobus,5917,603,111,Gocław,6 min,Os. Orlik 01,,2024-12-25 20:07:04.040296
Autobus,5220,2,141,P+R Al. Krakowska,6 min,Instytut Lotnictwa 02,,2024-12-25 20:07:04.040296
Autobus,5986,11,180,Chomiczówka,6 min,Nalewki-Muzeum 02,,2024-12-25 20:07:04.040296
Autobus,5882,409,128,Szczęśliwice,5 min,Pruszkowska 04,,2024-12-25 20:07:04.040296
Autobus,2013,1,189,Os. Górczewska,5 min,Nowoursynowska 05,,2024-12-25 20:07:04.040296
Autobus,5405,9,509,Gocław,5 min,Stefanika 01,,2024-12-25 20:07:04.040296
Autobus,5404,5,162,Pl. Hallera,5 min,Metro Centrum Nauki Kopernik 03,,2024-12-25 20:07:04.040296
Autobus,1424,450,146,Falenica,5 min,Rondo Waszyngtona 02,,2024-12-25 20:07:04.040296
Autobus,1554,1,122,Gwiaździsta,5 min,Raginisa 01,,2024-12-25 20:07:04.040296
Autobus,5871,406,175,Pl. Piłsudskiego,4 min,Królewska 03,,2024-12-25 20:07:04.040296
Autobus,4307,2,134,Metro Marymont,4 min,Ruskowy Bród 03,,2024-12-25 20:07:04.040296
Autobus,5986,11,180,Chomiczówka,6 min,Nalewki-Muzeum 02,,2024-12-25 20:07:04.040296
Autobus,5882,409,128,Szczęśliwice,5 min,Pruszkowska 04,,2024-12-25 20:07:04.040296
Autobus,2013,1,189,Os. Górczewska,5 min,Nowoursynowska 05,,2024-12-25 20:07:04.040296
Autobus,5405,9,509,Gocław,5 min,Stefanika 01,,2024-12-25 20:07:04.040296
Autobus,5404,5,162,Pl. Hallera,5 min,Metro Centrum Nauki Kopernik 03,,2024-12-25 20:07:04.040296
Autobus,1424,450,146,Falenica,5 min,Rondo Waszyngtona 02,,2024-12-25 20:07:04.040296
Autobus,1554,1,122,Gwiaździsta,5 min,Raginisa 01,,2024-12-25 20:07:04.040296
Autobus,5871,406,175,Pl. Piłsudskiego,4 min,Królewska 03,,2024-12-25 20:07:04.040296
Autobus,4307,2,134,Metro Marymont,4 min,Ruskowy Bród 03,,2024-12-25 20:07:04.040296
Tramwaj,4278,6,33,Kielecka,4 min,Biblioteka Narodowa 03,,2024-12-25 20:07:04.040296
Autobus,9812,5,185,CH Ursynów,4 min,Teligi 01,,2024-12-25 20:07:04.040296
Tramwaj,4278,6,33,Kielecka,4 min,Biblioteka Narodowa 03,,2024-12-25 20:07:04.040296
Tramwaj,4102,6,17,PKP Służewiec,4 min,Woronicza 03,,2024-12-25 20:07:04.040296
Autobus,9812,5,185,CH Ursynów,4 min,Teligi 01,,2024-12-25 20:07:04.040296
Autobus,9918,498,186,Nowodwory,4 min,Myśliborska 02,,2024-12-25 20:07:04.040296
Autobus,5425,3,112,CH Marki,4 min,Metro Kondratowicza 02,,2024-12-25 20:07:04.040296
Autobus,5938,9,116,Wilanów,4 min,Pl. Na Rozdrożu 01,,2024-12-25 20:07:04.040296
Tramwaj,3823,1,20,Boernerowo,4 min,Boernerowo 01,,2024-12-25 20:07:04.040296
Autobus,9204,471,203,Metro Młociny,4 min,Metro Młociny 04,,2024-12-25 20:07:04.040296
Tramwaj,4102,6,17,PKP Służewiec,4 min,Woronicza 03,,2024-12-25 20:07:04.040296
Autobus,9812,5,185,CH Ursynów,4 min,Teligi 01,,2024-12-25 20:07:04.040296
Autobus,9918,498,186,Nowodwory,4 min,Myśliborska 02,,2024-12-25 20:07:04.040296
Autobus,5425,3,112,CH Marki,4 min,Metro Kondratowicza 02,,2024-12-25 20:07:04.040296
Autobus,5938,9,116,Wilanów,4 min,Pl. Na Rozdrożu 01,,2024-12-25 20:07:04.040296
Tramwaj,3823,1,20,Boernerowo,4 min,Boernerowo 01,,2024-12-25 20:07:04.040296
Autobus,9204,471,203,Metro Młociny,4 min,Metro Młociny 04,,2024-12-25 20:07:04.040296
Autobus,8586,1,120,Olesin,4 min,Olesin 01,,2024-12-25 20:07:04.040296
Autobus,6238,3,172,CH Blue City,4 min,Rakowiec 02,,2024-12-25 20:07:04.040296
Tramwaj,3149,542,1,Banacha,4 min,Och-Teatr 04,,2024-12-25 20:07:04.040296
Autobus,4510,2,197,Cm. Wolski,4 min,Fort Wola 06,,2024-12-25 20:07:04.040296
Tramwaj,4211,3,2,Metro Młociny,4 min,Myśliborska 05,,2024-12-25 20:07:04.040296
Autobus,70001,1,L39,Mysiadło Dąbrówka,3 min,Piaseczno Tukanów 02,,2024-12-25 20:07:04.040296
Tramwaj,3155,3,24,Nowe Bemowo,3 min,Berezyńska 01,,2024-12-25 20:07:04.040296
Autobus,5930,3,158,CH Reduta,3 min,Dw. Zachodni 02,,2024-12-25 20:07:04.040296
Autobus,9948,6,190,CH Marki,3 min,Tużycka 02,,2024-12-25 20:07:04.040296
Autobus,1428,436,147,Stara Miłosna (Ułańska),3 min,Bronowska 04,,2024-12-25 20:07:04.040296
Autobus,1002,5,213,Błota,3 min,Jontka 02,,2024-12-25 20:07:04.040296
Tramwaj,3821,6,20,Żerań FSO,3 min,Zajezdnia Wola 03,,2024-12-25 20:07:04.040296
Tramwaj,3823,1,20,Boernerowo,4 min,Boernerowo 01,,2024-12-25 20:07:04.040296
Autobus,4510,2,197,Cm. Wolski,4 min,Fort Wola 06,,2024-12-25 20:07:04.040296
Autobus,9204,471,203,Metro Młociny,4 min,Metro Młociny 04,,2024-12-25 20:07:04.040296
Autobus,8586,1,120,Olesin,4 min,Olesin 01,,2024-12-25 20:07:04.040296
Autobus,5930,3,158,CH Reduta,4 min,Dw. Zachodni 02,,2024-12-25 20:07:04.040296
Autobus,1068,3,130,Metro Wilanowska,4 min,Gołkowska 02,,2024-12-25 20:07:04.040296
Autobus,9948,6,190,CH Marki,4 min,Tużycka 02,,2024-12-25 20:07:04.040296
Autobus,1428,436,147,Stara Miłosna (Ułańska),4 min,Bronowska 04,,2024-12-25 20:07:04.040296
Autobus,6238,3,172,CH Blue City,4 min,Rakowiec 02,,2024-12-25 20:07:04.040296
Tramwaj,4211,3,2,Metro Młociny,4 min,Myśliborska 05,,2024-12-25 20:07:04.040296
Tramwaj,3155,3,24,Nowe Bemowo,3 min,Berezyńska 01,,2024-12-25 20:07:04.040296
Autobus,4316,1,134,Metro Marymont,3 min,Park Kaskada 01,,2024-12-25 20:07:04.040296
Autobus,9512,653,714,Metro Bemowo,3 min,Hubala-Dobrzańskiego 01,,2024-12-25 20:07:04.040296
Autobus,1205,257,138,Utrata,3 min,Łowicka 01,,2024-12-25 20:07:04.040296
Autobus,8454,4,738,P+R Radzymin,3 min,Krynoliny 02,,2024-12-25 20:07:04.040296
Autobus,4223,3,154,P+R Al. Krakowska,3 min,Komitetu Obrony Robotników 04,,2024-12-25 20:07:04.040296
Autobus,8523,5,709,Metro Wilanowska,3 min,Sójki 02,,2024-12-25 20:07:04.040296
Tramwaj,3149,542,1,Banacha,3 min,Bitwy Warszawskiej 1920 r. 07,,2024-12-25 20:07:04.040296
Autobus,7249,6,122,Gwiaździsta,3 min,Drohicka 02,,2024-12-25 20:07:04.040296
Autobus,4316,1,134,Metro Marymont,3 min,Park Kaskada 01,,2024-12-25 20:07:04.040296
Autobus,9512,653,714,Metro Bemowo,3 min,Hubala-Dobrzańskiego 01,,2024-12-25 20:07:04.040296
Autobus,1205,257,138,Utrata,3 min,Łowicka 01,,2024-12-25 20:07:04.040296
Autobus,8454,4,738,P+R Radzymin,3 min,Krynoliny 02,,2024-12-25 20:07:04.040296
Autobus,4223,3,154,P+R Al. Krakowska,3 min,Komitetu Obrony Robotników 04,,2024-12-25 20:07:04.040296
Autobus,8523,5,709,Metro Wilanowska,3 min,Sójki 02,,2024-12-25 20:07:04.040296
Tramwaj,3149,542,1,Banacha,3 min,Bitwy Warszawskiej 1920 r. 07,,2024-12-25 20:07:04.040296
Autobus,7249,6,122,Gwiaździsta,3 min,Drohicka 02,,2024-12-25 20:07:04.040296
Autobus,9810,6,185,CH Ursynów,3 min,Al. Witosa 01,,2024-12-25 20:07:04.040296
Tramwaj,3290,4,26,Metro Młociny,3 min,Kino Femina 06,,2024-12-25 20:07:04.040296
Autobus,7737,8,509,Winnica,3 min,Kijowska 02,,2024-12-25 20:07:04.040296
Autobus,8843,4,504,Os. Kabaty,3 min,Małej Łąki 04,,2024-12-25 20:07:04.040296
Autobus,9553,6,103,Brylowska,3 min,Płocka-Szpital 03,,2024-12-25 20:07:04.040296
Autobus,8522,4,143,Rembertów-Kolonia,3 min,Wawelska 05,,2024-12-25 20:07:04.040296
Autobus,4212,2,717,Piastów Ogińskiego,3 min,Rondo Zesłańców Syberyjskich 02,,2024-12-25 20:07:04.040296
Tramwaj,3820,6,28,Dw. Wschodni (Kijowska),3 min,Radiowa 06,,2024-12-25 20:07:04.040296
Autobus,2249,10,189,Os. Górczewska,3 min,Orzechowa 02,,2024-12-25 20:07:04.040296
Autobus,9549,1,743,Wolica k. Płochocina,2 min,Pogroszew 02,,2024-12-25 20:07:04.040296
Autobus,8809,4,138,Bokserska,2 min,Łowicka 02,,2024-12-25 20:07:04.040296
Autobus,1429,4,115,PKP Mokry Ług,2 min,Tomaszowska 02,,2024-12-25 20:07:04.040296
Autobus,2006,3,217,Metro Wilanowska,2 min,Oś Królewska 52,,2024-12-25 20:07:04.040296
Autobus,35134,687,L-5,Piaseczno Zgoda,2 min,Bobrowiec 01,,2024-12-25 20:07:04.040296
Autobus,7759,2,143,Rembertów-Kolonia,2 min,Żołnierska 02,,2024-12-25 20:07:04.040296
Tramwaj,3237,4,9,P+R Al. Krakowska,2 min,Wspólna Droga 03,,2024-12-25 20:07:04.040296
Autobus,5942,606,111,Gocław,2 min,Pl. Piłsudskiego 01,,2024-12-25 20:07:04.040296
Autobus,1814,1,123,Dw. Wschodni (Kijowska),2 min,Kijowska 08,,2024-12-25 20:07:04.040296
Tramwaj,3241,7,26,Wiatraczna,2 min,Stare Miasto 01,,2024-12-25 20:07:04.040296
Tramwaj,3291,3,26,Metro Młociny,2 min,Synów Pułku 04,,2024-12-25 20:07:04.040296
Tramwaj,4260,5,2,Winnica,2 min,Mehoffera 06,,2024-12-25 20:07:04.040296
Autobus,7830,2,520,Marysin,2 min,Marszałkowska 01,,2024-12-25 20:07:04.040296
Tramwaj,3270,10,33,Kielecka,2 min,Popiela 03,,2024-12-25 20:07:04.040296
Tramwaj,4019,4,15,Marymont-Potok,2 min,Raszyńska 03,,2024-12-25 20:07:04.040296
Autobus,1803,1,212,Pl. Hallera,2 min,Kołowa 01,,2024-12-25 20:07:04.040296
Autobus,1527,3,173,Stara Miłosna (Graniczna),2 min,Podskarbińska 04,,2024-12-25 20:07:04.040296
Autobus,3442,3,509,Gocław,2 min,Saska 03,,2024-12-25 20:07:04.040296
Autobus,1814,1,123,Dw. Wschodni (Kijowska),2 min,Kijowska 08,,2024-12-25 20:07:04.040296
Tramwaj,3270,10,33,Kielecka,2 min,Bogusławskiego 03,,2024-12-25 20:07:04.040296
Tramwaj,4260,5,2,Winnica,2 min,Mehoffera 06,,2024-12-25 20:07:04.040296
Autobus,7830,2,520,Marysin,2 min,Marszałkowska 01,,2024-12-25 20:07:04.040296
Tramwaj,3219,541,1,Annopol,2 min,Pl. Zawiszy 14,,2024-12-25 20:07:04.040296
Tramwaj,3502,1,24,Nowe Bemowo,2 min,Nowe Bemowo 07,,2024-12-25 20:07:04.040296
Autobus,1803,1,212,Pl. Hallera,2 min,Kołowa 01,,2024-12-25 20:07:04.040296
Autobus,1527,3,173,Stara Miłosna (Graniczna),2 min,Podskarbińska 04,,2024-12-25 20:07:04.040296
Autobus,3442,3,509,Gocław,2 min,Saska 03,,2024-12-25 20:07:04.040296
Autobus,4232,672,712,Klaudyn,2 min,Blizne Łaszczyńskiego 04,,2024-12-25 20:07:04.040296
Autobus,7806,2,148,Wiatraczna,2 min,Polinezyjska 03,,2024-12-25 20:07:04.040296
Autobus,6237,3,189,Sadyba,2 min,Bergamotki 02,,2024-12-25 20:07:04.040296
Tramwaj,3292,6,24,Gocławek,2 min,Dw. Centralny 07,,2024-12-25 20:07:04.040296
Tramwaj,4208,5,10,Wyścigi,2 min,Klemensiewicza 03,,2024-12-25 20:07:04.040296
Autobus,9085,1,161,Zbójna Góra,2 min,Mera-Pnefal 01,,2024-12-25 20:07:04.040296
Autobus,4429,8,122,Gwiaździsta,2 min,Galla Anonima 01,,2024-12-25 20:07:04.040296
Autobus,6207,2,189,Os. Górczewska,2 min,Sadyba 02,,2024-12-25 20:07:04.040296
Autobus,7204,6,189,Sadyba,2 min,PKP Włochy 01,,2024-12-25 20:07:04.040296
Autobus,1202,261,166,Pl. Hallera,2 min,Dolna 56,,2024-12-25 20:07:04.040296
Tramwaj,3292,6,24,Gocławek,2 min,Dw. Centralny 07,,2024-12-25 20:07:04.040296
Tramwaj,4208,5,10,Wyścigi,2 min,Klemensiewicza 03,,2024-12-25 20:07:04.040296
Autobus,9085,1,161,Zbójna Góra,2 min,Mera-Pnefal 01,,2024-12-25 20:07:04.040296
Autobus,4429,8,122,Gwiaździsta,2 min,Galla Anonima 01,,2024-12-25 20:07:04.040296
Autobus,6207,2,189,Os. Górczewska,2 min,Sadyba 02,,2024-12-25 20:07:04.040296
Autobus,7204,6,189,Sadyba,1 min,Ryżowa 03,,2024-12-25 20:07:04.040296
Autobus,8463,6,112,Nowe Bemowo,1 min,Metro Słodowiec 04,,2024-12-25 20:07:04.040296
Autobus,9070,456,211,Żerań FSO,1 min,Nowodwory 04,,2024-12-25 20:07:04.040296
Autobus,9532,55,737,Antoninów Cm. Południowy-Brama Płd.,1 min,Lesznowola Szkolna 02,,2024-12-25 20:07:04.040296
Autobus,2007,1,131,Dw. Centralny,1 min,Krucza 02,,2024-12-25 20:07:04.040296
Tramwaj,4208,5,10,Wyścigi,1 min,Klemensiewicza 03,,2024-12-25 20:07:04.040296
Autobus,8898,8,189,Os. Górczewska,1 min,Rozłogi 02,,2024-12-25 20:07:04.040296
Autobus,9503,5,103,Metro Młociny,1 min,Szpital Wolski 02,,2024-12-25 20:07:04.040296
Autobus,1204,632,218,Metro Wilanowska,1 min,Wielicka 01,,2024-12-25 20:07:04.040296
Autobus,9806,2,185,Gwiaździsta,1 min,Sielce 02,,2024-12-25 20:07:04.040296
Autobus,9910,6,114,Bródno-Podgrodzie,1 min,Rembielińska 02,,2024-12-25 20:07:04.040296
Autobus,7204,6,189,Sadyba,1 min,Ryżowa 03,,2024-12-25 20:07:04.040296
Autobus,9530,651,149,Groty,1 min,Fort Blizne 02,,2024-12-25 20:07:04.040296
Tramwaj,4208,5,10,Wyścigi,1 min,Klemensiewicza 03,,2024-12-25 20:07:04.040296
Autobus,8898,8,189,Os. Górczewska,1 min,Rozłogi 02,,2024-12-25 20:07:04.040296
Autobus,9503,5,103,Metro Młociny,1 min,Szpital Wolski 02,,2024-12-25 20:07:04.040296
Autobus,1204,632,218,Metro Wilanowska,1 min,Wielicka 01,,2024-12-25 20:07:04.040296
Autobus,9806,2,185,Gwiaździsta,1 min,Sielce 02,,2024-12-25 20:07:04.040296
Autobus,9910,6,114,Bródno-Podgrodzie,1 min,Rembielińska 02,,2024-12-25 20:07:04.040296
Autobus,7204,6,189,Sadyba,1 min,Ryżowa 03,,2024-12-25 20:07:04.040296
Autobus,9530,651,149,Groty,1 min,Fort Blizne 02,,2024-12-25 20:07:04.040296
Tramwaj,3143,2,26,Metro Młociny,1 min,Aspekt 04,,2024-12-25 20:07:04.040296
Autobus,5205,3,716,Cm. Wolski,1 min,Ursus-Sanktuarium 01,,2024-12-25 20:07:04.040296
Autobus,5951,612,507,Gocław,1 min,Horbaczewskiego 01,,2024-12-25 20:07:04.040296
Autobus,9835,7,167,Siekierki-Sanktuarium,1 min,Os. Górczewska 03,,2024-12-25 20:07:04.040296
Autobus,9229,574,209,Dawidy,1 min,Łagiewnicka 01,,2024-12-25 20:07:04.040296
Autobus,3449,3,162,EC Siekierki,1 min,Agrykola 01,,2024-12-25 20:07:04.040296
Autobus,7229,6,191,Regulska,1 min,Zapustna 02,,2024-12-25 20:07:04.040296
Autobus,8526,371,174,Rondo ONZ,1 min,Metro Pole Mokotowskie 02,,2024-12-25 20:07:04.040296
Autobus,9949,4,190,Znana,1 min,Tużycka 01,,2024-12-25 20:07:04.040296
Autobus,1552,6,157,Gwiaździsta,1 min,Pl. Zawiszy 03,,2024-12-25 20:07:04.040296
Autobus,9315,2,202,Metro Stadion Narodowy,1 min,Przeworska 01,,2024-12-25 20:07:04.040296
Tramwaj,4221,14,16,Piaski,1 min,Czarnomorska 04,,2024-12-25 20:07:04.040296
Autobus,9935,7,114,Bródno-Podgrodzie,1 min,Włościańska 01,,2024-12-25 20:07:04.040296
Autobus,1030,1,163,Centrum Onkologii,1 min,Centrum Onkologii 03,,2024-12-25 20:07:04.040296
Autobus,9355,4,142,Wiatraczna,1 min,Trakt Lubelski-Las 02,,2024-12-25 20:07:04.040296
Autobus,9837,2,167,Stare Bemowo,1 min,Metro Bemowo 02,,2024-12-25 20:07:04.040296
Autobus,9503,5,103,Metro Młociny,1 min,Metro Płocka 06,,2024-12-25 20:07:04.040296
Autobus,1552,6,157,Gwiaździsta,1 min,Pl. Zawiszy 03,,2024-12-25 20:07:04.040296
Autobus,9315,2,202,Metro Stadion Narodowy,1 min,Przeworska 01,,2024-12-25 20:07:04.040296
Autobus,9835,7,167,Siekierki-Sanktuarium,1 min,Os. Górczewska 03,,2024-12-25 20:07:04.040296
Autobus,4429,8,122,Gwiaździsta,1 min,Galla Anonima 01,,2024-12-25 20:07:04.040296
Autobus,9532,55,737,Antoninów Cm. Południowy-Brama Płd.,1 min,Lesznowola Szkolna 02,,2024-12-25 20:07:04.040296
Tramwaj,3143,2,26,Metro Młociny,1 min,Cm. Wawrzyszewski 04,,2024-12-25 20:07:04.040296
Autobus,7806,2,148,Wiatraczna,1 min,Teligi 04,,2024-12-25 20:07:04.040296
Tramwaj,3128,4,7,Kawęczyńska-Bazylika,1 min,Korotyńskiego 03,,2024-12-25 20:07:04.040296
Autobus,5951,612,507,Gocław,1 min,Gocław 01,,2024-12-25 20:07:04.040296
Autobus,9825,2,719,Leszno,1 min,Wojcieszyn Królowej Marysieńki 01,,2024-12-25 20:07:04.040296
Autobus,5870,402,175,Lotnisko Chopina,1 min,Dw. Centralny 02,,2024-12-25 20:07:04.040296
Tramwaj,3222,7,4,Wyścigi,1 min,Królikarnia 03,,2024-12-25 20:07:04.040296
Autobus,4420,3,123,Dw. Wschodni (Kijowska),1 min,Żupnicza 02,,2024-12-25 20:07:04.040296
Tramwaj,3179,4,10,Wyścigi,1 min,Rondo Daszyńskiego 07,,2024-12-25 20:07:04.040296
Autobus,4327,1,152,Os. Derby,1 min,Tarchomin 01,,2024-12-25 20:07:04.040296
Autobus,4403,3,157,Szczęśliwice,1 min,Gwiaździsta 04,,2024-12-25 20:07:04.040296
Autobus,5883,1,127,Nowe Włochy,1 min,Dw. Centralny 02,,2024-12-25 20:07:04.040296
Autobus,4411,3,181,Cm. Północny-Brama Gł.,1 min,Muzealna 02,,2024-12-25 20:07:04.040296
Autobus,5455,7,509,Winnica,1 min,Ekspresowa 02,,2024-12-25 20:07:04.040296
Tramwaj,3828,3,6,Gocławek,1 min,Cm. Włoski 03,,2024-12-25 20:07:04.040296
Tramwaj,4101,8,17,PKP Służewiec,1 min,Park Kaskada 03,,2024-12-25 20:07:04.040296
Autobus,721,2,750,Izabelin-Dziekanówek Dziekanówek,1 min,Dziekanów Polski Wschód 02,,2024-12-25 20:07:04.040296
Autobus,7241,4,523,Stare Bemowo,1 min,Metro Księcia Janusza 02,,2024-12-25 20:07:04.040296
Autobus,7821,1,523,PKP Olszynka Grochowska,1 min,Dw. Zachodni 01,,2024-12-25 20:07:04.040296
Autobus,5455,7,509,Winnica,1 min,Ekspresowa 02,,2024-12-25 20:07:04.040296
Tramwaj,3134,1,10,Os. Górczewska,1 min,Al. Lotników 08,,2024-12-25 20:07:04.040296
Autobus,4327,1,152,Os. Derby,1 min,Myśliborska 01,,2024-12-25 20:07:04.040296
Tramwaj,3166,6,9,Gocławek,1 min,Berezyńska 02,,2024-12-25 20:07:04.040296
Tramwaj,3242,5,15,Marymont-Potok,1 min,P+R Al. Krakowska 02,,2024-12-25 20:07:04.040296
Tramwaj,3283,5,26,Metro Młociny,1 min,Międzyborska 03,,2024-12-25 20:07:04.040296
Autobus,2040,3,709,PKP Piaseczno,1 min,Kapeli 01,,2024-12-25 20:07:04.040296
Autobus,7241,4,523,Stare Bemowo,1 min,Metro Księcia Janusza 02,,2024-12-25 20:07:04.040296
Autobus,7821,1,523,PKP Olszynka Grochowska,1 min,Dw. Zachodni 01,,2024-12-25 20:07:04.040296
Autobus,5455,7,509,Winnica,1 min,Ekspresowa 02,,2024-12-25 20:07:04.040296
Tramwaj,3134,1,10,Os. Górczewska,1 min,Al. Lotników 08,,2024-12-25 20:07:04.040296
Autobus,4327,1,152,Os. Derby,1 min,Myśliborska 01,,2024-12-25 20:07:04.040296
Tramwaj,3166,6,9,Gocławek,1 min,Berezyńska 02,,2024-12-25 20:07:04.040296
Tramwaj,3242,5,15,Marymont-Potok,1 min,P+R Al. Krakowska 02,,2024-12-25 20:07:04.040296
Tramwaj,3283,5,26,Metro Młociny,1 min,Międzyborska 03,,2024-12-25 20:07:04.040296
Autobus,2040,3,709,PKP Piaseczno,1 min,Kapeli 01,,2024-12-25 20:07:04.040296
Autobus,1819,2,240,Marki Pustelnik,1 min,Marki Kościuszki 02,,2024-12-25 20:07:04.040296
Autobus,4328,2,152,Tarchomin,1 min,Białołęka Dworska 01,,2024-12-25 20:07:04.040296
Autobus,9506,2,159,Małe Siekierki,1 min,Piękna 03,,2024-12-25 20:07:04.040296
Tramwaj,3222,7,4,Wyścigi,1 min,Królikarnia 03,,2024-12-25 20:07:04.040296
Tramwaj,4109,548,4,Wyścigi,1 min,Rondo Żaba 03,,2024-12-25 20:07:04.040296
Autobus,2040,3,709,PKP Piaseczno,1 min,Kapeli 01,,2024-12-25 20:07:04.040296
Autobus,7821,1,523,PKP Olszynka Grochowska,1 min,Dw. Zachodni 01,,2024-12-25 20:07:04.040296
Autobus,1819,2,240,Marki Pustelnik,1 min,Marki Kościuszki 02,,2024-12-25 20:07:04.040296
Autobus,70007,694,L23,Konstancin-Jeziorna Jasna,1 min,Żabieniec Polna 01,,2024-12-25 20:07:04.040296
Tramwaj,3272,4,4,Żerań Wschodni,1 min,Metro Ratusz Arsenał 09,,2024-12-25 20:07:04.040296
Tramwaj,4217,8,16,Miasteczko Wilanów,1 min,Goworka 03,,2024-12-25 20:07:04.040296
Autobus,2019,7,148,Lotnisko Chopina,1 min,Metro Imielin 02,,2024-12-25 20:07:04.040296
Autobus,1005,1,213,Błota,1 min,Umińskiego 01,,2024-12-25 20:07:04.040296
Autobus,2040,3,709,PKP Piaseczno,1 min,Kapeli 01,,2024-12-25 20:07:04.040296
Autobus,7821,1,523,PKP Olszynka Grochowska,1 min,Dw. Zachodni 01,,2024-12-25 20:07:04.040296
Autobus,1819,2,240,Marki Pustelnik,1 min,Marki Kościuszki 02,,2024-12-25 20:07:04.040296
Autobus,70007,694,L23,Konstancin-Jeziorna Jasna,1 min,Żabieniec Polna 01,,2024-12-25 20:07:04.040296
Tramwaj,3272,4,4,Żerań Wschodni,1 min,Metro Ratusz Arsenał 09,,2024-12-25 20:07:04.040296
Autobus,4327,1,152,Os. Derby,1 min,Myśliborska 01,,2024-12-25 20:07:04.040296
Tramwaj,3813,3,23,Czynszowa,1 min,Konopacka 02,,2024-12-25 20:07:04.040296
Autobus,4328,2,152,Tarchomin,1 min,Białołęka Dworska 01,,2024-12-25 20:07:04.040296
Autobus,8357,258,174,Rondo ONZ,1 min,Bokserska 05,,2024-12-25 20:07:04.040296
Autobus,1209,422,739,Metro Wilanowska,1 min,Łagiewnicka 02,,2024-12-25 20:07:04.040296
Autobus,8562,3,521,Wiatraczna,1 min,Wiatraczna 22,,2024-12-25 20:07:04.040296
Autobus,6244,509,721,P+R Al. Krakowska,1 min,Marysin 01,,2024-12-25 20:07:04.040296
Tramwaj,3262,543,1,Banacha,0 min,Niska 03,,2024-12-25 20:07:04.040296
Autobus,1555,3,240,Metro Kondratowicza,0 min,Os. Lewandów II 01,,2024-12-25 20:07:04.040296
Autobus,1214,634,165,Metro Wilanowska,0 min,Bokserska 02,,2024-12-25 20:07:04.040296
Autobus,7872,3,151,Pl. Konstytucji,0 min,Rozbrat 02,,2024-12-25 20:07:04.040296
Tramwaj,3811,7,20,Żerań FSO,0 min,Dywizjonu 303 05,,2024-12-25 20:07:04.040296
Tramwaj,3813,3,23,Czynszowa,0 min,Konopacka 02,,2024-12-25 20:07:04.040296
Tramwaj,4234,2,11,Sielce,0 min,Sowińskiego 01,,2024-12-25 20:07:04.040296
Autobus,5207,5,177,Ursus-Niedźwiadek,0 min,Hala Wola 04,,2024-12-25 20:07:04.040296
Autobus,5455,7,509,Winnica,0 min,Ekspresowa 02,,2024-12-25 20:07:04.040296
Autobus,80112,1,L33,Piaseczno Wilanowska,0 min,PKP Jeziorki 04,,2024-12-25 20:07:04.040296
Autobus,9803,1,185,Gwiaździsta,0 min,Marymont-Potok 06,,2024-12-25 20:07:04.040296
Autobus,4413,1,197,Gwiaździsta,0 min,Cm. Wolski 08,,2024-12-25 20:07:04.040296
Autobus,9917,8,186,Nowodwory,0 min,Banacha 01,,2024-12-25 20:07:04.040296
Autobus,1807,3,197,Cm. Wolski,0 min,Os. Leśne 02,,2024-12-25 20:07:04.040296
Autobus,2019,7,148,Lotnisko Chopina,0 min,Metro Imielin 02,,2024-12-25 20:07:04.040296
Autobus,9821,2,710,Piaseczno Targowisko,0 min,Bielawa Mirkowska 03,,2024-12-25 20:07:04.040296
Tramwaj,3262,543,1,Banacha,0 min,Niska 03,,2024-12-25 20:07:04.040296
Tramwaj,4010,5,22,Piaski,0 min,Rondo „Radosława” 10,,2024-12-25 20:07:04.040296
Autobus,4233,2,194,Cm. Wolski,0 min,Bełzy 01,,2024-12-25 20:07:04.040296
Tramwaj,3271,2,15,P+R Al. Krakowska,0 min,Pl. Wilsona 13,,2024-12-25 20:07:04.040296
Tramwaj,3272,4,4,Żerań Wschodni,0 min,Metro Ratusz Arsenał 09,,2024-12-25 20:07:04.040296
Autobus,9821,2,710,Piaseczno Targowisko,0 min,Bielawa Mirkowska 03,,2024-12-25 20:07:04.040296
Tramwaj,3262,543,1,Banacha,0 min,Niska 03,,2024-12-25 20:07:04.040296
Tramwaj,4010,5,22,Piaski,0 min,Rondo „Radosława” 10,,2024-12-25 20:07:04.040296
Autobus,4233,2,194,Cm. Wolski,0 min,Bełzy 01,,2024-12-25 20:07:04.040296
Tramwaj,3271,2,15,P+R Al. Krakowska,0 min,Pl. Wilsona 13,,2024-12-25 20:07:04.040296
Tramwaj,3272,4,4,Żerań Wschodni,0 min,Metro Ratusz Arsenał 09,,2024-12-25 20:07:04.040296
Tramwaj,3283,5,26,Metro Młociny,0 min,Praga-Płd.-Ratusz 03,,2024-12-25 20:07:04.040296
Tramwaj,4013,3,28,Os. Górczewska,0 min,Rondo Starzyńskiego 03,,2024-12-25 20:07:04.040296
Autobus,15082,1,L34,PKP Legionowo,0 min,Chotomów Boczna 01,,2024-12-25 20:07:04.040296
Autobus,4216,2,154,Dw. Zachodni,0 min,Urząd Statystyczny 02,,2024-12-25 20:07:04.040296
Autobus,8367,6,709,Metro Wilanowska,0 min,Piaseczno Iwiczna 02,,2024-12-25 20:07:04.040296
Tramwaj,3128,4,7,Kawęczyńska-Bazylika,0 min,Korotyńskiego 03,,2024-12-25 20:07:04.040296
Autobus,1217,427,709,Piaseczno Szkolna,0 min,Grabów 01,,2024-12-25 20:07:04.040296
Autobus,7821,1,523,PKP Olszynka Grochowska,0 min,Hala Kopińska 01,,2024-12-25 20:07:04.040296
Autobus,9328,3,142,Aleksandrów,0 min,Pl. Szembeka 02,,2024-12-25 20:07:04.040296
Tramwaj,3119,8,4,Wyścigi,0 min,Hoża 03,,2024-12-25 20:07:04.040296
Tramwaj,3262,543,1,Banacha,0 min,Cm. Żydowski 03,,2024-12-25 20:07:04.040296
Autobus,1217,427,709,Piaseczno Szkolna,0 min,Grabów 01,,2024-12-25 20:07:04.040296
Autobus,15082,1,L34,PKP Legionowo,0 min,Chotomów Boczna 01,,2024-12-25 20:07:04.040296
Autobus,1862,1,720,Wiatraczna,0 min,Góraszka Polna 01,,2024-12-25 20:07:04.040296
Tramwaj,3166,6,9,Gocławek,0 min,Park Skaryszewski 04,,2024-12-25 20:07:04.040296
Autobus,9328,3,142,Aleksandrów,0 min,Pl. Szembeka 02,,2024-12-25 20:07:04.040296
Tramwaj,3131,1,22,Wiatraczna,0 min,Gocławska 04,,2024-12-25 20:07:04.040296
Autobus,9802,4,167,Stare Bemowo,0 min,Iwicka 02,,2024-12-25 20:07:04.040296
Autobus,9813,2,502,Metro Politechnika,0 min,CH Promenada 01,,2024-12-25 20:07:04.040296
Tramwaj,3813,3,23,Czynszowa,0 min,Środkowa 01,,2024-12-25 20:07:04.040296
Autobus,9317,4,202,PKP Gocławek,0 min,Al. Zieleniecka 04,,2024-12-25 20:07:04.040296
Tramwaj,3293,6,22,Piaski,0 min,Dw. Centralny 08,,2024-12-25 20:07:04.040296
Autobus,1223,5,251,Metro Wilanowska,0 min,Powsinek 02,,2024-12-25 20:07:04.040296
Tramwaj,4010,5,22,Piaski,0 min,Pl. Grunwaldzki 08,,2024-12-25 20:07:04.040296
Autobus,1541,297,123,Dw. Wschodni (Kijowska),0 min,Gocław 07,,2024-12-25 20:07:04.040296
Autobus,4216,2,154,Dw. Zachodni,0 min,Urząd Statystyczny 02,,2024-12-25 20:07:04.040296
Autobus,6212,497,184,Metro Młociny,0 min,Elekcyjna 06,,2024-12-25 20:07:04.040296
Autobus,7246,1,703,P+R Al. Krakowska,0 min,Na Skraju 01,,2024-12-25 20:07:04.040296
Autobus,1208,635,218,Metro Wierzbno,0 min,Metro Wilanowska 16,,2024-12-25 20:07:04.040296
Autobus,1218,631,165,Wyczółki,0 min,Metro Wilanowska 16,,2024-12-25 20:07:04.040296
Autobus,1220,423,739,Piaseczno Julianowska-Cmentarz,0 min,Metro Wilanowska 17,,2024-12-25 20:07:04.040296
Autobus,1222,4,251,Konstancin-Jeziorna CH Stara Papiernia,0 min,Metro Wilanowska 15,,2024-12-25 20:07:04.040296
Autobus,1414,1,119,Rakowiecka-Sanktuarium,0 min,Wiśniowa Góra 03,,2024-12-25 20:07:04.040296
Autobus,1430,2,183,Wiatraczna,0 min,Zielona 01,,2024-12-25 20:07:04.040296
Autobus,15086,3,L-9,PKP Legionowo,0 min,Wieliszew-Plaża 01,,2024-12-25 20:07:04.040296
Autobus,15087,1,L11,Nowy Dwór Mazowiecki Urząd Miasta,0 min,PKP Legionowo 01,,2024-12-25 20:07:04.040296
Autobus,15088,2,L41,PKP Legionowo,0 min,Nowy Dwór Mazowiecki Urząd Miasta 01,,2024-12-25 20:07:04.040296
Autobus,1524,3,119,Wiśniowa Góra,0 min,Rakowiecka-Sanktuarium 06,,2024-12-25 20:07:04.040296
Autobus,1525,5,141,P+R Al. Krakowska,0 min,Witolin 01,,2024-12-25 20:07:04.040296
Autobus,1538,5,115,PKP Mokry Ług,0 min,Aleksandrów 01,,2024-12-25 20:07:04.040296
Autobus,1542,4,173,Stara Miłosna (Graniczna),0 min,Dw. Wschodni (Lubelska) 06,,2024-12-25 20:07:04.040296
Autobus,1548,437,146,Falenica,0 min,Dw. Wschodni (Lubelska) 01,,2024-12-25 20:07:04.040296
Autobus,1549,3,183,Zielona,0 min,Wiatraczna 15,,2024-12-25 20:07:04.040296
Autobus,1812,2,212,Pl. Hallera,0 min,CH Targówek 05,,2024-12-25 20:07:04.040296
Autobus,1835,2,702,Wiatraczna,0 min,Otwock Orla 02,,2024-12-25 20:07:04.040296
Autobus,1843,61,730,Brzeziny,0 min,Wiatraczna 14,,2024-12-25 20:07:04.040296
Autobus,1906,4,106,Ostroroga,0 min,Mariensztat 01,,2024-12-25 20:07:04.040296
Autobus,1538,5,115,PKP Mokry Ług,0 min,Aleksandrów 01,,2024-12-25 20:07:04.040296
Autobus,1542,4,173,Stara Miłosna (Graniczna),0 min,Dw. Wschodni (Lubelska) 06,,2024-12-25 20:07:04.040296
Autobus,1548,437,146,Falenica,0 min,Dw. Wschodni (Lubelska) 01,,2024-12-25 20:07:04.040296
Autobus,1549,3,183,Zielona,0 min,Wiatraczna 15,,2024-12-25 20:07:04.040296
Autobus,1118,5,166,Os. Kabaty,0 min,Pl. Hallera 18,,2024-12-25 20:07:04.040296
Autobus,1200,425,739,Metro Wilanowska,0 min,Piaseczno Julianowska-Cmentarz 01,,2024-12-25 20:07:04.040296
Autobus,1208,635,218,Metro Wierzbno,0 min,Metro Wilanowska 16,,2024-12-25 20:07:04.040296
Autobus,1218,631,165,Wyczółki,0 min,Metro Wilanowska 16,,2024-12-25 20:07:04.040296
Autobus,1220,423,739,Piaseczno Julianowska-Cmentarz,0 min,Metro Wilanowska 17,,2024-12-25 20:07:04.040296
Autobus,1222,4,251,Konstancin-Jeziorna CH Stara Papiernia,0 min,Metro Wilanowska 15,,2024-12-25 20:07:04.040296
Autobus,1414,1,119,Rakowiecka-Sanktuarium,0 min,Wiśniowa Góra 03,,2024-12-25 20:07:04.040296
Autobus,1430,2,183,Wiatraczna,0 min,Zielona 01,,2024-12-25 20:07:04.040296
Autobus,15086,3,L-9,PKP Legionowo,0 min,Wieliszew-Plaża 01,,2024-12-25 20:07:04.040296
Autobus,15087,1,L11,Nowy Dwór Mazowiecki Urząd Miasta,0 min,PKP Legionowo 01,,2024-12-25 20:07:04.040296
Autobus,15088,2,L41,PKP Legionowo,0 min,Nowy Dwór Mazowiecki Urząd Miasta 01,,2024-12-25 20:07:04.040296
Autobus,1524,3,119,Wiśniowa Góra,0 min,Rakowiecka-Sanktuarium 06,,2024-12-25 20:07:04.040296
Autobus,1525,5,141,P+R Al. Krakowska,0 min,Witolin 01,,2024-12-25 20:07:04.040296
Autobus,1538,5,115,PKP Mokry Ług,0 min,Aleksandrów 01,,2024-12-25 20:07:04.040296
Autobus,1414,1,119,Rakowiecka-Sanktuarium,0 min,Wiśniowa Góra 03,,2024-12-25 20:07:04.040296
Autobus,1430,2,183,Wiatraczna,0 min,Zielona 01,,2024-12-25 20:07:04.040296
Autobus,15086,3,L-9,PKP Legionowo,0 min,Wieliszew-Plaża 01,,2024-12-25 20:07:04.040296
Autobus,15087,1,L11,Nowy Dwór Mazowiecki Urząd Miasta,0 min,PKP Legionowo 01,,2024-12-25 20:07:04.040296
Autobus,15088,2,L41,PKP Legionowo,0 min,Nowy Dwór Mazowiecki Urząd Miasta 01,,2024-12-25 20:07:04.040296
Autobus,1524,3,119,Wiśniowa Góra,0 min,Rakowiecka-Sanktuarium 06,,2024-12-25 20:07:04.040296
Autobus,1525,5,141,P+R Al. Krakowska,0 min,Witolin 01,,2024-12-25 20:07:04.040296
Autobus,1538,5,115,PKP Mokry Ług,0 min,Aleksandrów 01,,2024-12-25 20:07:04.040296
Autobus,1542,4,173,Stara Miłosna (Graniczna),0 min,Dw. Wschodni (Lubelska) 06,,2024-12-25 20:07:04.040296
Autobus,1546,449,146,Dw. Wschodni (Lubelska),0 min,Falenica 04,,2024-12-25 20:07:04.040296
Autobus,1548,437,146,Falenica,0 min,Dw. Wschodni (Lubelska) 01,,2024-12-25 20:07:04.040296
Autobus,1549,3,183,Zielona,0 min,Wiatraczna 15,,2024-12-25 20:07:04.040296
Autobus,1812,2,212,Pl. Hallera,0 min,CH Targówek 05,,2024-12-25 20:07:04.040296
Autobus,1814,1,123,Dw. Wschodni (Lubelska),0 min,Dw. Wschodni (Kijowska) 05,,2024-12-25 20:07:04.040296
Autobus,1835,2,702,Wiatraczna,0 min,Otwock Orla 02,,2024-12-25 20:07:04.040296
Autobus,1843,61,730,Brzeziny,0 min,Wiatraczna 14,,2024-12-25 20:07:04.040296
Autobus,1906,4,106,Ostroroga,0 min,Mariensztat 01,,2024-12-25 20:07:04.040296
Autobus,1907,2,106,Mariensztat,0 min,Ostroroga 05,,2024-12-25 20:07:04.040296
Autobus,2002,4,162,EC Siekierki,0 min,Pl. Hallera 09,,2024-12-25 20:07:04.040296
Autobus,1812,2,212,Pl. Hallera,0 min,CH Targówek 05,,2024-12-25 20:07:04.040296
Autobus,1814,1,123,Dw. Wschodni (Lubelska),0 min,Dw. Wschodni (Kijowska) 05,,2024-12-25 20:07:04.040296
Autobus,1835,2,702,Wiatraczna,0 min,Otwock Orla 02,,2024-12-25 20:07:04.040296
Autobus,1843,61,730,Brzeziny,0 min,Wiatraczna 14,,2024-12-25 20:07:04.040296
Autobus,1906,4,106,Ostroroga,0 min,Mariensztat 01,,2024-12-25 20:07:04.040296
Autobus,1907,2,106,Mariensztat,0 min,Ostroroga 05,,2024-12-25 20:07:04.040296
Autobus,2002,4,162,EC Siekierki,0 min,Pl. Hallera 09,,2024-12-25 20:07:04.040296
Autobus,2217,6,136,Natolin Płn.,0 min,Ostroroga 03,,2024-12-25 20:07:04.040296
Autobus,3408,62,705,Nowe Załubice Opolska,0 min,Metro Marymont 15,,2024-12-25 20:07:04.040296
Autobus,3434,2,731,Żerań FSO,0 min,Legionowo Os. Młodych 01,,2024-12-25 20:07:04.040296
Autobus,3455,64,705,Metro Marymont,0 min,Rynia 01,,2024-12-25 20:07:04.040296
Autobus,3456,1,132,Metro Marymont,0 min,Os. Derby 02,,2024-12-25 20:07:04.040296
Autobus,35137,2,L49,Chotomów,0 min,Winnica 06,,2024-12-25 20:07:04.040296
Autobus,35138,1,L49,Winnica,0 min,Chotomów 01,,2024-12-25 20:07:04.040296
Autobus,35141,689,L12,Piaseczno Zgoda,0 min,Złotokłos 02,,2024-12-25 20:07:04.040296
Autobus,4203,536,194,PKP Gołąbki,0 min,Cm. Wolski 08,,2024-12-25 20:07:04.040296
Autobus,4205,1,717,Dw. Zachodni,0 min,Piastów Ogińskiego 02,,2024-12-25 20:07:04.040296
Autobus,4211,1,713,Cm. Wolski,0 min,Koprki Agricoop 01,,2024-12-25 20:07:04.040296
Autobus,4229,4,177,Os. Górczewska,0 min,Ursus-Niedźwiadek 01,,2024-12-25 20:07:04.040296
Autobus,3456,1,132,Metro Marymont,0 min,Os. Derby 02,,2024-12-25 20:07:04.040296
Autobus,35137,2,L49,Chotomów,0 min,Winnica 06,,2024-12-25 20:07:04.040296
Autobus,35138,1,L49,Winnica,0 min,Chotomów 01,,2024-12-25 20:07:04.040296
Autobus,35141,689,L12,Piaseczno Zgoda,0 min,Złotokłos 02,,2024-12-25 20:07:04.040296
Autobus,4203,536,194,PKP Gołąbki,0 min,Cm. Wolski 08,,2024-12-25 20:07:04.040296
Autobus,4205,1,717,Dw. Zachodni,0 min,Piastów Ogińskiego 02,,2024-12-25 20:07:04.040296
Autobus,4211,1,713,Cm. Wolski,0 min,Koprki Agricoop 01,,2024-12-25 20:07:04.040296
Autobus,5238,2,716,Piastów Ogińskiego,0 min,Cm. Wolski 06,,2024-12-25 20:07:04.040296
Autobus,5258,4,517,Ursus-Niedźwiadek,0 min,Pl. Trzech Krzyży 06,,2024-12-25 20:07:04.040296
Autobus,5403,3,140,Marki Czarna Struga,0 min,Metro Trocka 09,,2024-12-25 20:07:04.040296
Autobus,4316,1,134,Olesin,0 min,Metro Marymont 17,,2024-12-25 20:07:04.040296
Autobus,4322,3,152,Tarchomin,0 min,Os. Derby 02,,2024-12-25 20:07:04.040296
Autobus,4401,1,181,Cm. Północny-Brama Gł.,0 min,Pl. Wilsona 18,,2024-12-25 20:07:04.040296
Autobus,4404,1,170,Rondo Starzyńskiego,0 min,PKP Zacisze-Wilno 02,,2024-12-25 20:07:04.040296
Autobus,4407,4,169,Dw. Wschodni (Kijowska),0 min,Bródno-Podgrodzie 06,,2024-12-25 20:07:04.040296
Autobus,5238,2,716,Piastów Ogińskiego,0 min,Cm. Wolski 06,,2024-12-25 20:07:04.040296
Autobus,5258,4,517,Ursus-Niedźwiadek,0 min,Pl. Trzech Krzyży 06,,2024-12-25 20:07:04.040296
Autobus,5403,3,140,Marki Czarna Struga,0 min,Metro Trocka 09,,2024-12-25 20:07:04.040296
Autobus,5407,4,731,Legionowo Os. Młodych,0 min,Żerań FSO 10,,2024-12-25 20:07:04.040296
Autobus,5422,2,112,Nowe Bemowo,0 min,CH Marki 04,,2024-12-25 20:07:04.040296
Autobus,5449,446,500,Rondo „Radosława”,0 min,Bródno-Podgrodzie 04,,2024-12-25 20:07:04.040296
Autobus,5871,406,128,Szczęśliwice,0 min,Pl. Piłsudskiego 04,,2024-12-25 20:07:04.040296
Autobus,5874,220,504,Os. Kabaty,0 min,Dw. Centralny 29,,2024-12-25 20:07:04.040296
Autobus,5889,2,127,Nowe Włochy,0 min,Browarna 02,,2024-12-25 20:07:04.040296
Autobus,5896,8,503,Natolin Płn.,0 min,Konwiktorska 01,,2024-12-25 20:07:04.040296
Autobus,5906,600,507,Gocław,0 min,Dw. Centralny 16,,2024-12-25 20:07:04.040296
Autobus,5912,408,128,Pl. Piłsudskiego,0 min,Szczęśliwice 05,,2024-12-25 20:07:04.040296
Autobus,5915,5,116,Wilanów,0 min,Chomiczówka 03,,2024-12-25 20:07:04.040296
Autobus,5923,7,116,Chomiczówka,0 min,Wilanów 07,,2024-12-25 20:07:04.040296
Autobus,8581,2,527,Metro Kondratowicza,0 min,Grodzisk 06,,2024-12-25 20:07:04.040296
Autobus,8586,1,120,Dw. Wschodni (Kijowska),0 min,Olesin 01,,2024-12-25 20:07:04.040296
Autobus,8591,2,509,Winnica,0 min,Gocław 03,,2024-12-25 20:07:04.040296
Autobus,8860,3,511,Metro Młociny,0 min,Dąbrówka Wiślana 02,,2024-12-25 20:07:04.040296
Autobus,8889,2,136,Ostroroga,0 min,Natolin Płn. 08,,2024-12-25 20:07:04.040296
Autobus,9073,458,211,Dąbrówka Wiślana,0 min,Żerań FSO 14,,2024-12-25 20:07:04.040296
Autobus,9087,72,204,Metro Bródno,0 min,Grodzisk 04,,2024-12-25 20:07:04.040296
Autobus,9089,71,204,Grodzisk,0 min,Metro Bródno 13,,2024-12-25 20:07:04.040296
Autobus,9091,2,104,Metro Bródno,0 min,Brzeziny 01,,2024-12-25 20:07:04.040296
Autobus,9201,2,133,Choszczówka,0 min,Tarchomin 07,,2024-12-25 20:07:04.040296
Autobus,9204,471,203,Fort Wawrzyszew,0 min,Metro Młociny 17,,2024-12-25 20:07:04.040296
Autobus,9205,1,239,Kępa Okrzewska-Cmentarz,0 min,Os. Kabaty 01,,2024-12-25 20:07:04.040296
Autobus,9206,572,192,Krasnowola,0 min,Ursynów Płd. 06,,2024-12-25 20:07:04.040296
Autobus,9208,1,Z12,Klaudyn,0 min,Metro Młociny 23,,2024-12-25 20:07:04.040296
Autobus,9312,1,202,PKP Gocławek,0 min,Metro Stadion Narodowy 07,,2024-12-25 20:07:04.040296
Autobus,9322,1,153,Rembertów-Kolonia,0 min,Pastuszków 01,,2024-12-25 20:07:04.040296
Autobus,9331,1,179,Ursynów Płn.,0 min,Os. Kabaty 02,,2024-12-25 20:07:04.040296
Autobus,9333,4,179,Os. Kabaty,0 min,Ursynów Płn. 05,,2024-12-25 20:07:04.040296
Autobus,9338,7,179,Os. Kabaty,0 min,Ursynów Płn. 05,,2024-12-25 20:07:04.040296
Autobus,9205,1,239,Kępa Okrzewska-Cmentarz,0 min,Os. Kabaty 01,,2024-12-25 20:07:04.040296
Autobus,9206,572,192,Krasnowola,0 min,Ursynów Płd. 06,,2024-12-25 20:07:04.040296
Autobus,9205,1,239,Kępa Okrzewska-Cmentarz,0 min,Os. Kabaty 01,,2024-12-25 20:07:04.040296
Autobus,9206,572,192,Krasnowola,0 min,Ursynów Płd. 06,,2024-12-25 20:07:04.040296
Autobus,9208,1,Z12,Klaudyn,0 min,Metro Młociny 23,,2024-12-25 20:07:04.040296
Autobus,9508,5,159,CH Blue City,0 min,Małe Siekierki 03,,2024-12-25 20:07:04.040296
Autobus,9516,1,707,Piaseczno Targowisko,0 min,P+R Al. Krakowska 13,,2024-12-25 20:07:04.040296
Autobus,9518,671,729,Metro Bemowo,0 min,Mariew 01,,2024-12-25 20:07:04.040296
Autobus,9521,3,159,Małe Siekierki,0 min,CH Blue City 01,,2024-12-25 20:07:04.040296
Autobus,9527,54,715,Ursynów Płn.,0 min,P+R Al. Krakowska 13,,2024-12-25 20:07:04.040296
Autobus,9801,1,167,Siekierki-Sanktuarium,0 min,Stare Bemowo 05,,2024-12-25 20:07:04.040296
Autobus,9817,3,502,Metro Politechnika,0 min,Stara Miłosna (Graniczna) 05,,2024-12-25 20:07:04.040296
Autobus,9826,4,502,Metro Politechnika,0 min,Stara Miłosna (Graniczna) 05,,2024-12-25 20:07:04.040296
Autobus,9844,4,185,Gwiaździsta,0 min,CH Ursynów 04,,2024-12-25 20:07:04.040296
Autobus,9846,1,742,Góra Kalwaria Rynek,0 min,Os. Kabaty 06,,2024-12-25 20:07:04.040296
Autobus,9853,5,167,Stare Bemowo,0 min,Siekierki-Sanktuarium 03,,2024-12-25 20:07:04.040296
Autobus,9905,1,186,Nowodwory,0 min,Szczęśliwice 04,,2024-12-25 20:07:04.040296
Autobus,9919,2,114,Bródno-Podgrodzie,0 min,Młociny-UKSW 01,,2024-12-25 20:07:04.040296
Autobus,9920,5,186,Szczęśliwice,0 min,Nowodwory 09,,2024-12-25 20:07:04.040296
Autobus,9950,9,186,Nowodwory,0 min,Szczęśliwice 04,,2024-12-25 20:07:04.040296
Autobus,9951,2,190,CH Marki,0 min,Znana 06,,2024-12-25 20:07:04.040296
Pociąg,1069,,WKD,Grodzisk Mazowiecki Radońska,0 min,Kazimierówka,,2024-12-25 20:07:04.040296
Pociąg,1071,,WKD,Grodzisk Mazowiecki Radońska,0 min,Warszawa Zachodnia WKD,,2024-12-25 20:07:04.040296
Pociąg,1068,,WKD,Warszawa Śródmieście WKD,0 min,Komorów,,2024-12-25 20:07:04.040296
Autobus,9905,1,186,Nowodwory,0 min,Szczęśliwice 04,,2024-12-25 20:07:04.040296
Autobus,9919,2,114,Bródno-Podgrodzie,0 min,Młociny-UKSW 01,,2024-12-25 20:07:04.040296
Autobus,9920,5,186,Szczęśliwice,0 min,Nowodwory 09,,2024-12-25 20:07:04.040296
Autobus,9950,9,186,Nowodwory,0 min,Szczęśliwice 04,,2024-12-25 20:07:04.040296
Autobus,9951,2,190,CH Marki,0 min,Znana 06,,2024-12-25 20:07:04.040296
Pociąg,1069,,WKD,Grodzisk Mazowiecki Radońska,0 min,Kazimierówka,,2024-12-25 20:07:04.040296
Pociąg,1071,,WKD,Grodzisk Mazowiecki Radońska,0 min,Warszawa Zachodnia WKD,,2024-12-25 20:07:04.040296
Pociąg,1068,,WKD,Warszawa Śródmieście WKD,0 min,Komorów,,2024-12-25 20:07:04.040296
Pociąg,2032,,WKD,,0 min,,,2024-12-25 20:07:04.040296
Pociąg,1066,,WKD,Warszawa Śródmieście WKD,0 min,Warszawa Reduta Ordona,,2024-12-25 20:07:04.040296
Tramwaj,3156,1,6,Gocławek,0 min,Czapelska 02,,2024-12-25 20:07:04.040296
Autobus,1207,426,727,Metro Wilanowska,0 min,Piaseczno Urząd Miasta 02,,2024-12-25 20:07:04.040296
Tramwaj,3131,1,22,Wiatraczna,0 min,Międzyborska 04,,2024-12-25 20:07:04.040296
Tramwaj,3176,1,3,Gocławek,0 min,Al. Zieleniecka 06,,2024-12-25 20:07:04.040296
Autobus,5256,1,191,Regulska,0 min,Rondo Zesłańców Syberyjskich 02,,2024-12-25 20:07:04.040296
Autobus,9821,2,710,Piaseczno Targowisko,0 min,Konstancin-Jeziorna Osiedle Mirków 01,,2024-12-25 20:07:04.040296
Tramwaj,4257,9,17,PKP Służewiec,0 min,Tarchomin 05,,2024-12-25 20:07:04.040296
Tramwaj,3260,7,17,PKP Służewiec,0 min,GUS 03,,2024-12-25 20:07:04.040296
Autobus,1013,3,213,Gocław,0 min,Lucerny 03,,2024-12-25 20:07:04.040296
Autobus,1207,426,727,Metro Wilanowska,0 min,Piaseczno Urząd Miasta 02,,2024-12-25 20:07:04.040296
Tramwaj,3131,1,22,Wiatraczna,0 min,Międzyborska 04,,2024-12-25 20:07:04.040296
Tramwaj,3176,1,3,Gocławek,0 min,Al. Zieleniecka 06,,2024-12-25 20:07:04.040296
Autobus,5256,1,191,Regulska,0 min,Rondo Zesłańców Syberyjskich 02,,2024-12-25 20:07:04.040296
Autobus,9821,2,710,Piaseczno Targowisko,0 min,Konstancin-Jeziorna Osiedle Mirków 01,,2024-12-25 20:07:04.040296
Tramwaj,4257,9,17,PKP Służewiec,0 min,Tarchomin 05,,2024-12-25 20:07:04.040296
Tramwaj,3260,7,17,PKP Służewiec,0 min,GUS 03,,2024-12-25 20:07:04.040296
Autobus,1013,3,213,Gocław,0 min,Lucerny 03,,2024-12-25 20:07:04.040296
Autobus,1421,2,173,Stara Miłosna (Graniczna),0 min,Sulejówek Mariańska 02,,2024-12-25 20:07:04.040296
Autobus,1422,3,115,PKP Mokry Ług,0 min,Jerzego 02,,2024-12-25 20:07:04.040296
Autobus,9819,5,502,Stara Miłosna (Graniczna),0 min,Trawiasta 02,,2024-12-25 20:07:04.040296
Tramwaj,3158,2,3,Gocławek,0 min,Metro Bródno 01,,2024-12-25 20:07:04.040296
Autobus,4207,3,713,Cm. Wolski,0 min,Fort Wola 06,,2024-12-25 20:07:04.040296
Autobus,1816,7,138,Rondo Waszyngtona,0 min,Utrata-Magazyny 01,,2024-12-25 20:07:04.040296
Autobus,5911,5,158,CH Reduta,0 min,Muzeum Narodowe 02,,2024-12-25 20:07:04.040296
Autobus,721,2,750,Izabelin-Dziekanówek Dziekanówek,0 min,Sadowa Kolejowa 01,,2024-12-25 20:07:04.040296
Autobus,779,3,250,Metro Młociny,0 min,Palisadowa 01,,2024-12-25 20:07:04.040296
Autobus,9354,4,135,Pl. Hallera,0 min,Gdecka 01,,2024-12-25 20:07:04.040296
Autobus,5954,7,503,Natolin Płn.,0 min,Kapitulna 01,,2024-12-25 20:07:04.040296
Autobus,9824,1,719,Metro Bemowo,0 min,Borzęcin Duży 02,,2024-12-25 20:07:04.040296
Tramwaj,3130,5,24,Gocławek,0 min,Kwatery Głównej 04,,2024-12-25 20:07:04.040296
Tramwaj,3260,7,17,PKP Służewiec,0 min,GUS 03,,2024-12-25 20:07:04.040296
Autobus,1013,3,213,Gocław,0 min,Lucerny 03,,2024-12-25 20:07:04.040296
Autobus,1421,2,173,Stara Miłosna (Graniczna),0 min,Sulejówek Mariańska 02,,2024-12-25 20:07:04.040296
Autobus,1422,3,115,PKP Mokry Ług,0 min,Jerzego 02,,2024-12-25 20:07:04.040296
Autobus,9819,5,502,Stara Miłosna (Graniczna),0 min,Trawiasta 02,,2024-12-25 20:07:04.040296
Tramwaj,3158,2,3,Gocławek,0 min,Metro Bródno 01,,2024-12-25 20:07:04.040296
Autobus,4207,3,713,Cm. Wolski,0 min,Fort Wola 06,,2024-12-25 20:07:04.040296
Autobus,1816,7,138,Rondo Waszyngtona,0 min,Utrata-Magazyny 01,,2024-12-25 20:07:04.040296
Autobus,5911,5,158,CH Reduta,0 min,Muzeum Narodowe 02,,2024-12-25 20:07:04.040296
Autobus,721,2,750,Izabelin-Dziekanówek Dziekanówek,0 min,Sadowa Kolejowa 01,,2024-12-25 20:07:04.040296
Autobus,779,3,250,Metro Młociny,0 min,Palisadowa 01,,2024-12-25 20:07:04.040296
Autobus,9354,4,135,Pl. Hallera,0 min,Gdecka 01,,2024-12-25 20:07:04.040296
Autobus,5954,7,503,Natolin Płn.,0 min,Kapitulna 01,,2024-12-25 20:07:04.040296
Autobus,7233,1,184,Szczęśliwice,0 min,Widawska 02,,2024-12-25 20:07:04.040296
Autobus,7816,7,520,Marysin,0 min,Płowiecka 04,,2024-12-25 20:07:04.040296
Tramwaj,3130,5,24,Gocławek,0 min,Kwatery Głównej 04,,2024-12-25 20:07:04.040296
Tramwaj,3224,2,17,Winnica,0 min,Świderska 04,,2024-12-25 20:07:04.040296
Autobus,1816,7,138,Rondo Waszyngtona,0 min,Zabraniecka 01,,2024-12-25 20:07:04.040296
Autobus,4327,1,152,Os. Derby,0 min,Białołęka-Ratusz 02,,2024-12-25 20:07:04.040296
Autobus,4418,3,212,CH Targówek,0 min,Rolanda 02,,2024-12-25 20:07:04.040296
Tramwaj,3242,5,15,Marymont-Potok,0 min,Krakowiaków 03,,2024-12-25 20:07:04.040296
Tramwaj,3293,6,22,Piaski,0 min,Pl. Starynkiewicza 04,,2024-12-25 20:07:04.040296
Autobus,4421,5,138,Bokserska,0 min,Kijowska 01,,2024-12-25 20:07:04.040296
Autobus,2040,3,709,PKP Piaseczno,0 min,Piaseczno Mysiadło 01,,2024-12-25 20:07:04.040296
Autobus,9824,1,719,Metro Bemowo,0 min,Borzęcin Duży-Szkoła 02,,2024-12-25 20:07:04.040296
Autobus,7233,1,184,Szczęśliwice,0 min,Orlich Gniazd 03,,2024-12-25 20:07:04.040296
Autobus,1212,260,165,Wyczółki,0 min,Bokserska 01,,2024-12-25 20:07:04.040296
Autobus,8516,3,174,Bokserska,0 min,Madalińskiego 01,,2024-12-25 20:07:04.040296
Tramwaj,4228,13,16,Piaski,0 min,Królewska 06,,2024-12-25 20:07:04.040296
Autobus,8592,1,509,Winnica,0 min,Afrykańska 02,,2024-12-25 20:07:04.040296
Tramwaj,3122,1,7,P+R Al. Krakowska,0 min,Muzeum Narodowe 06,,2024-12-25 20:07:04.040296
Autobus,1535,3,251,Konstancin-Jeziorna CH Stara Papiernia,0 min,Konstancin-Jeziorna Klarysew 01,,2024-12-25 20:07:04.040296
Autobus,4218,5,197,Gwiaździsta,0 min,Magiera 02,,2024-12-25 20:07:04.040296
Autobus,9824,1,719,Metro Bemowo,0 min,Borzęcin Duży-Szkoła 02,,2024-12-25 20:07:04.040296
Autobus,7233,1,184,Szczęśliwice,0 min,Orlich Gniazd 03,,2024-12-25 20:07:04.040296
Autobus,1212,260,165,Wyczółki,0 min,Bokserska 01,,2024-12-25 20:07:04.040296
Autobus,5234,5,191,Pl. Narutowicza,0 min,Spisaka 01,,2024-12-25 20:07:04.040296
Autobus,1212,260,165,Wyczółki,0 min,Bokserska 01,,2024-12-25 20:07:04.040296
Autobus,2216,1,517,Ursus-Niedźwiadek,0 min,Keniga 01,,2024-12-25 20:07:04.040296
Autobus,8457,3,723,PKP Legionowo Przystanek,0 min,Żerań FSO 02,,2024-12-25 20:07:04.040296
Autobus,8505,445,500,Rondo „Radosława”,0 min,Dw. Gdański 04,,2024-12-25 20:07:04.040296
Tramwaj,3166,6,9,Gocławek,0 min,Grenadierów 04,,2024-12-25 20:07:04.040296
Autobus,9819,5,502,Stara Miłosna (Graniczna),0 min,Kajki 02,,2024-12-25 20:07:04.040296
Autobus,779,3,250,Metro Młociny,1 min przed czasem,Opłotek 01,,2024-12-25 20:07:04.040296
Autobus,7714,5,520,Dw. Centralny,1 min przed czasem,Płowiecka 03,,2024-12-25 20:07:04.040296
Autobus,8813,1,511,Dąbrówka Wiślana,1 min przed czasem,Obrazkowa 02,,2024-12-25 20:07:04.040296
Autobus,9824,1,719,Metro Bemowo,1 min przed czasem,Borzęcin Duży-Szkoła 02,,2024-12-25 20:07:04.040296
Tramwaj,3130,5,24,Gocławek,1 min przed czasem,Kwatery Głównej 04,,2024-12-25 20:07:04.040296
Autobus,3459,3,132,Metro Marymont,1 min przed czasem,Żerań FSO 03,,2024-12-25 20:07:04.040296
Tramwaj,3276,1,15,P+R Al. Krakowska,1 min przed czasem,Pl. Politechniki 02,,2024-12-25 20:07:04.040296
Tramwaj,4111,2,33,Metro Młociny,1 min przed czasem,Piaski 04,,2024-12-25 20:07:04.040296
Autobus,1427,1,115,Aleksandrów,1 min przed czasem,Lawinowa 01,,2024-12-25 20:07:04.040296
Autobus,8813,1,511,Dąbrówka Wiślana,1 min przed czasem,Obrazkowa 02,,2024-12-25 20:07:04.040296
Autobus,9824,1,719,Metro Bemowo,1 min przed czasem,Borzęcin Duży-Szkoła 02,,2024-12-25 20:07:04.040296
Tramwaj,3130,5,24,Gocławek,1 min przed czasem,Kwatery Głównej 04,,2024-12-25 20:07:04.040296
Autobus,3459,3,132,Metro Marymont,1 min przed czasem,Żerań FSO 03,,2024-12-25 20:07:04.040296
Tramwaj,3276,1,15,P+R Al. Krakowska,1 min przed czasem,Pl. Politechniki 02,,2024-12-25 20:07:04.040296
Tramwaj,4111,2,33,Metro Młociny,1 min przed czasem,Piaski 04,,2024-12-25 20:07:04.040296
Autobus,1427,1,115,Aleksandrów,1 min przed czasem,Lawinowa 01,,2024-12-25 20:07:04.040296
Autobus,1536,5,119,Rakowiecka-Sanktuarium,1 min przed czasem,PKP Anin 03,,2024-12-25 20:07:04.040296
Tramwaj,4228,13,16,Piaski,1 min przed czasem,Królewska 06,,2024-12-25 20:07:04.040296
Autobus,4426,8,138,Utrata,1 min przed czasem,Matuszewska 02,,2024-12-25 20:07:04.040296
Tramwaj,3818,2,28,Os. Górczewska,1 min przed czasem,Conrada 05,,2024-12-25 20:07:04.040296
Tramwaj,4225,9,16,Miasteczko Wilanów,1 min przed czasem,Królewska 05,,2024-12-25 20:07:04.040296
Autobus,70007,694,L23,Konstancin-Jeziorna Jasna,1 min przed czasem,Żabieniec Kościół 02,,2024-12-25 20:07:04.040296
Autobus,9348,8,179,Ursynów Płn.,1 min przed czasem,Metro Natolin 01,,2024-12-25 20:07:04.040296
Autobus,8533,270,519,Powsin-Park Kultury,1 min przed czasem,Powsinek 01,,2024-12-25 20:07:04.040296
Tramwaj,3284,3,3,Annopol,1 min przed czasem,Pożarowa 04,,2024-12-25 20:07:04.040296
Autobus,6222,8,136,Ostroroga,1 min przed czasem,Wyjazd 02,,2024-12-25 20:07:04.040296
Autobus,9847,4,710,Os. Kabaty,1 min przed czasem,Konstancin-Jeziorna Mirków-Szkoła 02,,2024-12-25 20:07:04.040296
Autobus,1529,4,119,Rakowiecka-Sanktuarium,1 min przed czasem,Dworkowa 02,,2024-12-25 20:07:04.040296
Autobus,70007,694,L23,Konstancin-Jeziorna Jasna,1 min przed czasem,Żabieniec Kościół 02,,2024-12-25 20:07:04.040296
Tramwaj,3232,2,24,Nowe Bemowo,1 min przed czasem,PKP Koło 04,,2024-12-25 20:07:04.040296
Autobus,5933,613,507,Gocław,1 min przed czasem,Stacja Krwiodawstwa 01,,2024-12-25 20:07:04.040296
Autobus,9229,574,209,Dawidy,1 min przed czasem,Dawidy 02,,2024-12-25 20:07:04.040296
Autobus,9535,4,103,Metro Młociny,1 min przed czasem,UKSW 02,,2024-12-25 20:07:04.040296
Autobus,8456,4,112,CH Marki,1 min przed czasem,PKP Toruńska 02,,2024-12-25 20:07:04.040296
Tramwaj,3130,5,24,Gocławek,1 min przed czasem,Gocławek 06,,2024-12-25 20:07:04.040296
Autobus,9320,3,179,Os. Kabaty,1 min przed czasem,Centrum Onkologii 02,,2024-12-25 20:07:04.040296
Autobus,8528,8,143,Dw. Zachodni,1 min przed czasem,Wspólna Droga 01,,2024-12-25 20:07:04.040296
Tramwaj,3805,2,6,Gocławek,1 min przed czasem,Pl. Hallera 03,,2024-12-25 20:07:04.040296
Tramwaj,4228,13,16,Piaski,1 min przed czasem,Pl. Bankowy 08,,2024-12-25 20:07:04.040296
Autobus,5424,447,500,Bródno-Podgrodzie,1 min przed czasem,Rondo Starzyńskiego 02,,2024-12-25 20:07:04.040296
Autobus,721,2,750,Izabelin-Dziekanówek Dziekanówek,1 min przed czasem,Sadowa Strzelecka 02,,2024-12-25 20:07:04.040296
Autobus,6239,3,184,Metro Młociny,1 min przed czasem,Sokratesa 04,,2024-12-25 20:07:04.040296
Autobus,8456,4,112,CH Marki,1 min przed czasem,PKP Toruńska 02,,2024-12-25 20:07:04.040296
Tramwaj,3130,5,24,Gocławek,1 min przed czasem,Gocławek 06,,2024-12-25 20:07:04.040296
Autobus,9320,3,179,Os. Kabaty,1 min przed czasem,Centrum Onkologii 02,,2024-12-25 20:07:04.040296
Autobus,8528,8,143,Dw. Zachodni,1 min przed czasem,Wspólna Droga 01,,2024-12-25 20:07:04.040296
Tramwaj,3805,2,6,Gocławek,1 min przed czasem,Pl. Hallera 03,,2024-12-25 20:07:04.040296
Tramwaj,4228,13,16,Piaski,1 min przed czasem,Pl. Bankowy 08,,2024-12-25 20:07:04.040296
Tramwaj,3810,3,20,Boernerowo,1 min przed czasem,Metro Ratusz Arsenał 10,,2024-12-25 20:07:04.040296
Autobus,1427,1,115,Aleksandrów,1 min przed czasem,Gruntowa 01,,2024-12-25 20:07:04.040296
Autobus,3459,3,132,Metro Marymont,1 min przed czasem,Os. Potok 04,,2024-12-25 20:07:04.040296
Tramwaj,3122,1,7,P+R Al. Krakowska,1 min przed czasem,Muzeum Narodowe 06,,2024-12-25 20:07:04.040296
Autobus,4402,2,170,PKP Zacisze-Wilno,1 min przed czasem,Dw. Wileński 01,,2024-12-25 20:07:04.040296
Autobus,9808,3,185,Gwiaździsta,1 min przed czasem,Bergamotki 02,,2024-12-25 20:07:04.040296
Tramwaj,3130,5,24,Gocławek,1 min przed czasem,Gocławek 06,,2024-12-25 20:07:04.040296
Tramwaj,3805,2,6,Gocławek,1 min przed czasem,Pl. Hallera 03,,2024-12-25 20:07:04.040296
Autobus,6239,3,184,Metro Młociny,1 min przed czasem,Sokratesa 04,,2024-12-25 20:07:04.040296
Tramwaj,3284,3,3,Annopol,1 min przed czasem,Pożarowa 04,,2024-12-25 20:07:04.040296
Autobus,3414,444,500,Bródno-Podgrodzie,1 min przed czasem,Szpital Bródnowski 04,,2024-12-25 20:07:04.040296
Autobus,8813,1,511,Dąbrówka Wiślana,1 min przed czasem,Obrazkowa 02,,2024-12-25 20:07:04.040296
Tramwaj,3120,7,9,Gocławek,1 min przed czasem,Pl. Zawiszy 05,,2024-12-25 20:07:04.040296
Autobus,1011,4,213,Gocław,1 min przed czasem,PKP Falenica 04,,2024-12-25 20:07:04.040296
Autobus,5914,4,158,Witolin,1 min przed czasem,Muzeum Narodowe 01,,2024-12-25 20:07:04.040296
Autobus,1064,2,164,Kępa Zawadowska,1 min przed czasem,Karczocha 01,,2024-12-25 20:07:04.040296
Autobus,4249,295,220,Nowe Bemowo,1 min przed czasem,Opacz-Kolonia Rebusowa 02,,2024-12-25 20:07:04.040296
Autobus,8505,445,500,Rondo „Radosława”,1 min przed czasem,Baseny Inflancka 02,,2024-12-25 20:07:04.040296
Autobus,8556,7,143,Dw. Zachodni,1 min przed czasem,GUS 06,,2024-12-25 20:07:04.040296
Autobus,9817,3,502,Metro Politechnika,1 min przed czasem,Stara Miłosna (Graniczna) 02,,2024-12-25 20:07:04.040296
Autobus,9081,1,104,Brzeziny,1 min przed czasem,Juranda ze Spychowa-Szkoła 01,,2024-12-25 20:07:04.040296
Autobus,9507,4,159,CH Blue City,1 min przed czasem,Pl. Starynkiewicza 02,,2024-12-25 20:07:04.040296
Autobus,9811,8,185,CH Ursynów,1 min przed czasem,Gwiaździsta 04,,2024-12-25 20:07:04.040296
Tramwaj,3157,8,9,Gocławek,1 min przed czasem,P+R Al. Krakowska 04,,2024-12-25 20:07:04.040296
Autobus,5926,2,180,Chomiczówka,1 min przed czasem,Limanowskiego 02,,2024-12-25 20:07:04.040296
Tramwaj,3648,4,11,Cm. Wolski,1 min przed czasem,PKP Wola (Kasprzaka) 04,,2024-12-25 20:07:04.040296
Tramwaj,4206,1,2,Winnica,2 min przed czasem,Metro Młociny 28,,2024-12-25 20:07:04.040296
Autobus,5955,611,111,Esperanto,2 min przed czasem,Brazylijska 02,,2024-12-25 20:07:04.040296
Autobus,9327,2,142,Aleksandrów,2 min przed czasem,Podkowy 02,,2024-12-25 20:07:04.040296
Autobus,4428,1,736,Legionowo Mickiewicza,2 min przed czasem,PKP Legionowo 03,,2024-12-25 20:07:04.040296
Autobus,6216,2,523,PKP Olszynka Grochowska,2 min przed czasem,Góralska 01,,2024-12-25 20:07:04.040296
Autobus,9811,8,185,CH Ursynów,1 min przed czasem,Gwiaździsta 04,,2024-12-25 20:07:04.040296
Autobus,8505,445,500,Rondo „Radosława”,1 min przed czasem,Baseny Inflancka 02,,2024-12-25 20:07:04.040296
Autobus,9351,1,135,PKP Olszynka Grochowska,2 min przed czasem,Poligonowa 03,,2024-12-25 20:07:04.040296
Autobus,35132,688,L-5,Antoninów Cm. Południowy-Brama Płd.,2 min przed czasem,Władysławów Zielona 02,,2024-12-25 20:07:04.040296
Autobus,1064,2,164,Kępa Zawadowska,2 min przed czasem,Patkowskiego 01,,2024-12-25 20:07:04.040296
Autobus,8590,3,738,P+R Radzymin,2 min przed czasem,Radzymin Słowackiego 02,,2024-12-25 20:07:04.040296
Autobus,6216,2,523,PKP Olszynka Grochowska,2 min przed czasem,Góralska 01,,2024-12-25 20:07:04.040296
Tramwaj,3193,3,10,Wyścigi,2 min przed czasem,Bukowińska 03,,2024-12-25 20:07:04.040296
Autobus,4428,1,736,Legionowo Mickiewicza,2 min przed czasem,PKP Legionowo 03,,2024-12-25 20:07:04.040296
Autobus,7256,6,184,Szczęśliwice,2 min przed czasem,Grzymały-Sokołowskiego 06,,2024-12-25 20:07:04.040296
Autobus,4202,3,177,Os. Górczewska,2 min przed czasem,Hala Wola 02,,2024-12-25 20:07:04.040296
Autobus,2236,3,517,Ursus-Niedźwiadek,2 min przed czasem,Hala Kopińska 02,,2024-12-25 20:07:04.040296
Autobus,9252,472,203,Metro Młociny,2 min przed czasem,Fort Wawrzyszew 02,,2024-12-25 20:07:04.040296
Autobus,5442,65,705,Białobrzegi,2 min przed czasem,Rembelszczyzna 02,,2024-12-25 20:07:04.040296
Autobus,6226,5,105,Os. Górczewska,2 min przed czasem,Szobera 02,,2024-12-25 20:07:04.040296
Autobus,7257,206,141,Witolin,2 min przed czasem,Hynka 05,Poza trasą,2024-12-25 20:07:04.040296
Autobus,7743,3,525,Międzylesie,2 min przed czasem,Zamieniecka 02,,2024-12-25 20:07:04.040296
Autobus,7258,4,105,Rondo Daszyńskiego,2 min przed czasem,Os. Górczewska 01,,2024-12-25 20:07:04.040296
Autobus,9311,646,199,Rembertów-Strzelnica,2 min przed czasem,Katiuszy 01,,2024-12-25 20:07:04.040296
Autobus,4202,3,177,Os. Górczewska,2 min przed czasem,Hala Wola 02,,2024-12-25 20:07:04.040296
Autobus,7743,3,525,Międzylesie,2 min przed czasem,CH Promenada 02,,2024-12-25 20:07:04.040296
Autobus,6226,5,105,Os. Górczewska,2 min przed czasem,Szobera 02,,2024-12-25 20:07:04.040296
Autobus,7257,206,141,Witolin,2 min przed czasem,Hynka 05,Poza trasą,2024-12-25 20:07:04.040296
Autobus,9311,646,199,Rembertów-Strzelnica,2 min przed czasem,Katiuszy 01,,2024-12-25 20:07:04.040296
Tramwaj,3806,4,23,Czynszowa,2 min przed czasem,Kino Femina 05,,2024-12-25 20:07:04.040296
Autobus,5442,65,705,Białobrzegi,2 min przed czasem,Rembelszczyzna 02,,2024-12-25 20:07:04.040296
Autobus,8532,4,189,Sadyba,2 min przed czasem,Metro Służew 01,,2024-12-25 20:07:04.040296
Autobus,1903,5,106,Mariensztat,2 min przed czasem,Zajęcza 02,,2024-12-25 20:07:04.040296
Autobus,9340,1,198,PKP Wesoła,2 min przed czasem,Stara Miłosna (Ułańska) 01,,2024-12-25 20:07:04.040296
Autobus,2233,3,141,P+R Al. Krakowska,2 min przed czasem,Miłobędzka 02,,2024-12-25 20:07:04.040296
Autobus,7821,1,523,PKP Olszynka Grochowska,2 min przed czasem,GUS 05,,2024-12-25 20:07:04.040296
Autobus,5909,405,128,Pl. Piłsudskiego,3 min przed czasem,Pl. Piłsudskiego 02,,2024-12-25 20:07:04.040296
Autobus,3403,2,120,Olesin,3 min przed czasem,Grodzisk 03,,2024-12-25 20:07:04.040296
Autobus,8308,4,136,Natolin Płn.,3 min przed czasem,Rondo Unii Europejskiej 05,,2024-12-25 20:07:04.040296
Autobus,1206,428,727,Władysławów,3 min przed czasem,Głosków Milenium 01,,2024-12-25 20:07:04.040296
Tramwaj,4219,1,11,Sielce,3 min przed czasem,Spacerowa 05,,2024-12-25 20:07:04.040296
Autobus,1203,424,739,Piaseczno Julianowska-Cmentarz,3 min przed czasem,Julianów Nadziei 01,,2024-12-25 20:07:04.040296
Autobus,5236,5,122,Os. Górczewska,4 min przed czasem,Gwiaździsta 01,,2024-12-25 20:07:04.040296
Autobus,7821,1,523,PKP Olszynka Grochowska,2 min przed czasem,GUS 05,,2024-12-25 20:07:04.040296
Autobus,5909,405,128,Pl. Piłsudskiego,3 min przed czasem,Pl. Piłsudskiego 02,,2024-12-25 20:07:04.040296
Autobus,3403,2,120,Olesin,3 min przed czasem,Grodzisk 03,,2024-12-25 20:07:04.040296
Autobus,8308,4,136,Natolin Płn.,3 min przed czasem,Rondo Unii Europejskiej 05,,2024-12-25 20:07:04.040296
Autobus,1206,428,727,Władysławów,3 min przed czasem,Głosków Milenium 01,,2024-12-25 20:07:04.040296
Tramwaj,4219,1,11,Sielce,3 min przed czasem,Spacerowa 05,,2024-12-25 20:07:04.040296
Autobus,1203,424,739,Piaseczno Julianowska-Cmentarz,3 min przed czasem,Julianów Nadziei 01,,2024-12-25 20:07:04.040296
Autobus,5236,5,122,Os. Górczewska,4 min przed czasem,Gwiaździsta 01,,2024-12-25 20:07:04.040296
Autobus,1211,3,166,Os. Kabaty,4 min przed czasem,Strzeleckiego 01,,2024-12-25 20:07:04.040296
Autobus,9850,6,167,Siekierki-Sanktuarium,4 min przed czasem,Spacerowa 03,,2024-12-25 20:07:04.040296
Autobus,8312,3,136,Natolin Płn.,4 min przed czasem,Cynamonowa 02,,2024-12-25 20:07:04.040296
Autobus,4415,2,122,Gwiaździsta,4 min przed czasem,Os. Górczewska 01,,2024-12-25 20:07:04.040296
Autobus,758,2,150,Metro Młociny,4 min przed czasem,Dziekanów Leśny 01,,2024-12-25 20:07:04.040296
Autobus,5236,5,122,Os. Górczewska,4 min przed czasem,Gwiaździsta 01,,2024-12-25 20:07:04.040296
Autobus,1211,3,166,Os. Kabaty,4 min przed czasem,Strzeleckiego 01,,2024-12-25 20:07:04.040296
Autobus,9850,6,167,Siekierki-Sanktuarium,4 min przed czasem,Spacerowa 03,,2024-12-25 20:07:04.040296
Autobus,8312,3,136,Natolin Płn.,4 min przed czasem,Cynamonowa 02,,2024-12-25 20:07:04.040296
Autobus,4415,2,122,Gwiaździsta,4 min przed czasem,Os. Górczewska 01,,2024-12-25 20:07:04.040296
Autobus,758,2,150,Metro Młociny,4 min przed czasem,Dziekanów Leśny 01,,2024-12-25 20:07:04.040296
Tramwaj,4219,1,11,Sielce,3 min przed czasem,Spacerowa 05,,2024-12-25 20:07:04.040296
Autobus,1203,424,739,Piaseczno Julianowska-Cmentarz,3 min przed czasem,Julianów Nadziei 01,,2024-12-25 20:07:04.040296
Autobus,5236,5,122,Os. Górczewska,4 min przed czasem,Gwiaździsta 01,,2024-12-25 20:07:04.040296
Autobus,1211,3,166,Os. Kabaty,4 min przed czasem,Strzeleckiego 01,,2024-12-25 20:07:04.040296
Autobus,9850,6,167,Siekierki-Sanktuarium,4 min przed czasem,Spacerowa 03,,2024-12-25 20:07:04.040296
Autobus,8312,3,136,Natolin Płn.,4 min przed czasem,Cynamonowa 02,,2024-12-25 20:07:04.040296
Autobus,4415,2,122,Gwiaździsta,4 min przed czasem,Os. Górczewska 01,,2024-12-25 20:07:04.040296
Autobus,758,2,150,Metro Młociny,4 min przed czasem,Dziekanów Leśny 01,,2024-12-25 20:07:04.040296
Autobus,9519,3,103,Brylowska,4 min przed czasem,Metro Młociny 01,,2024-12-25 20:07:04.040296
Autobus,9912,496,186,Szczęśliwice,4 min przed czasem,Szczęśliwice 01,,2024-12-25 20:07:04.040296
Autobus,9525,52,715,Ursynów Płn.,4 min przed czasem,Metro Stokłosy 04,,2024-12-25 20:07:04.040296
Autobus,6240,9,523,PKP Olszynka Grochowska,6 min przed czasem,Osiedle Młodych 02,,2024-12-25 20:07:04.040296
Tramwaj,4278,6,33,Metro Młociny,6 min przed czasem,Kielecka 02,,2024-12-25 20:07:04.040296
Autobus,1532,1,251,Metro Wilanowska,7 min przed czasem,Konstancin-Jeziorna CH Stara Papiernia 02,,2024-12-25 20:07:04.040296
Autobus,8894,3,138,Utrata,7 min przed czasem,Bokserska 05,,2024-12-25 20:07:04.040296
Autobus,8898,8,189,Sadyba,8 min przed czasem,Os. Górczewska 01,,2024-12-25 20:07:04.040296
Autobus,1069,2,108,Łososiowa,10 min przed czasem,Pl. Trzech Krzyży 02,,2024-12-25 20:07:04.040296
Autobus,8527,2,174,Rondo ONZ,18 min przed czasem,Bokserska 05,,2024-12-25 20:07:04.040296
Autobus,5887,401,175,Pl. Piłsudskiego,22 min przed czasem,Lotnisko Chopina-Przyloty 02,,2024-12-25 20:07:04.040296
Autobus,4415,2,122,Gwiaździsta,4 min przed czasem,Os. Górczewska 01,,2024-12-25 20:07:04.040296
Autobus,758,2,150,Metro Młociny,4 min przed czasem,Dziekanów Leśny 01,,2024-12-25 20:07:04.040296
Autobus,9519,3,103,Brylowska,4 min przed czasem,Metro Młociny 01,,2024-12-25 20:07:04.040296
Autobus,9912,496,186,Szczęśliwice,4 min przed czasem,Szczęśliwice 01,,2024-12-25 20:07:04.040296
Autobus,9525,52,715,Ursynów Płn.,4 min przed czasem,Metro Stokłosy 04,,2024-12-25 20:07:04.040296
Autobus,6240,9,523,PKP Olszynka Grochowska,6 min przed czasem,Osiedle Młodych 02,,2024-12-25 20:07:04.040296
Tramwaj,4278,6,33,Metro Młociny,6 min przed czasem,Kielecka 02,,2024-12-25 20:07:04.040296
Autobus,1532,1,251,Metro Wilanowska,7 min przed czasem,Konstancin-Jeziorna CH Stara Papiernia 02,,2024-12-25 20:07:04.040296
Autobus,8894,3,138,Utrata,7 min przed czasem,Bokserska 05,,2024-12-25 20:07:04.040296
Autobus,8898,8,189,Sadyba,8 min przed czasem,Os. Górczewska 01,,2024-12-25 20:07:04.040296
Autobus,1069,2,108,Łososiowa,10 min przed czasem,Pl. Trzech Krzyży 02,,2024-12-25 20:07:04.040296
Autobus,8527,2,174,Rondo ONZ,18 min przed czasem,Bokserska 05,,2024-12-25 20:07:04.040296
Autobus,5887,401,175,Pl. Piłsudskiego,22 min przed czasem,Lotnisko Chopina-Przyloty 02,,2024-12-25 20:07:04.040296
Autobus,7249,6,122,Os. Górczewska,23 min przed czasem,Gwiaździsta 01,,2024-12-25 20:07:04.040296
Autobus,6225,4,157,Szczęśliwice,25 min przed czasem,Gwiaździsta 04,,2024-12-25 20:07:04.040296
Autobus,2014,6,148,Wiatraczna,35 min przed czasem,Lotnisko Chopina-Przyloty 02,,2024-12-25 20:07:04.040296
