Type,Vehicle No,Brigade,Route,Trip Headsign,Delay,Stop Name,Outside,Timestamp
Autobus,7225,M6,172,CH Blue City,21 min,Tor Stegny 02,,2024-12-25 14:07:42.685597
Tramwaj,3260,7,17,PKP Służewiec,21 min,Rondo ONZ 03,,2024-12-25 14:07:42.685597
Tramwaj,3291,3,26,Metro Młociny,20 min,Hala Wola 06,,2024-12-25 14:07:42.685597
Tramwaj,4257,9,17,PKP Służewiec,20 min,Nowodwory 05,,2024-12-25 14:07:42.685597
Autobus,4227,1,220,Opacz-Kolonia Rebusowa,19 min,Szobera 01,,2024-12-25 14:07:42.685597
Tramwaj,3143,2,26,Metro Młociny,19 min,Cm. Wawrzyszewski 04,,2024-12-25 14:07:42.685597
Autobus,4503,2,220,Opacz-Kolonia Rebusowa,19 min,Nowe Bemowo 12,,2024-12-25 14:07:42.685597
Autobus,8895,2,138,Bokserska,18 min,Rondo Unii Europejskiej 05,,2024-12-25 14:07:42.685597
Autobus,7759,2,143,Rembertów-Kolonia,16 min,Żołnierska 02,,2024-12-25 14:07:42.685597
Autobus,7844,3,143,Rembertów-Kolonia,15 min,Wiatraczna 10,,2024-12-25 14:07:42.685597
Autobus,5978,2,518,Nowodwory,14 min,Metro Marymont 11,,2024-12-25 14:07:42.685597
Autobus,9905,1,186,Nowodwory,14 min,Białołęka-Ratusz 03,,2024-12-25 14:07:42.685597
Autobus,5446,11,116,Chomiczówka,14 min,Park Kaskada 02,,2024-12-25 14:07:42.685597
Autobus,8522,4,143,Rembertów-Kolonia,14 min,Metro Politechnika 01,,2024-12-25 14:07:42.685597
Autobus,5923,7,116,Wilanów,13 min,Metro Świętokrzyska 01,,2024-12-25 14:07:42.685597
Autobus,5896,8,503,Natolin Płn.,12 min,Pl. Trzech Krzyży 01,,2024-12-25 14:07:42.685597
Autobus,5940,6,180,Wilanów,11 min,Kapitulna 01,,2024-12-25 14:07:42.685597
Autobus,4421,5,138,Bokserska,11 min,Utrata 01,,2024-12-25 14:07:42.685597
Autobus,5964,1,116,Chomiczówka,11 min,Pl. Krasińskich 02,,2024-12-25 14:07:42.685597
Autobus,5978,2,518,Nowodwory,14 min,Metro Marymont 11,,2024-12-25 14:07:42.685597
Autobus,5446,11,116,Chomiczówka,14 min,Park Kaskada 02,,2024-12-25 14:07:42.685597
Autobus,8365,4,525,Międzylesie,14 min,Centrum 01,,2024-12-25 14:07:42.685597
Autobus,5923,7,116,Wilanów,14 min,Metro Świętokrzyska 01,,2024-12-25 14:07:42.685597
Autobus,9905,1,186,Nowodwory,14 min,Białołęka-Ratusz 03,,2024-12-25 14:07:42.685597
Autobus,8522,4,143,Rembertów-Kolonia,14 min,Marszałkowska 01,,2024-12-25 14:07:42.685597
Autobus,5896,8,503,Natolin Płn.,12 min,Pl. Trzech Krzyży 01,,2024-12-25 14:07:42.685597
Autobus,5940,6,180,Wilanów,11 min,Kapitulna 01,,2024-12-25 14:07:42.685597
Autobus,4421,5,138,Bokserska,11 min,Utrata 01,,2024-12-25 14:07:42.685597
Autobus,9514,5,178,Skorosze,11 min,Kapitulna 01,,2024-12-25 14:07:42.685597
Autobus,5964,1,116,Chomiczówka,11 min,Franciszkańska 02,,2024-12-25 14:07:42.685597
Autobus,5952,5,180,Wilanów,11 min,Pl. Trzech Krzyży 01,,2024-12-25 14:07:42.685597
Autobus,5994,9,503,Natolin Płn.,10 min,Pl. Teatralny 01,,2024-12-25 14:07:42.685597
Autobus,5961,1,518,Nowodwory,10 min,Nowodworska 03,,2024-12-25 14:07:42.685597
Autobus,7869,1,520,Dw. Centralny,10 min,Marszałkowska 02,,2024-12-25 14:07:42.685597
Tramwaj,3223,3,7,Kawęczyńska-Bazylika,10 min,Ochota-Ratusz 01,Poza trasą,2024-12-25 14:07:42.685597
Autobus,9913,4,186,Nowodwory,9 min,Szczęśliwice 04,,2024-12-25 14:07:42.685597
Autobus,5986,11,180,Chomiczówka,8 min,Pl. Krasińskich 02,,2024-12-25 14:07:42.685597
Autobus,8591,2,509,Winnica,6 min,Rondo Starzyńskiego 10,,2024-12-25 14:07:42.685597
Autobus,5964,1,116,Chomiczówka,11 min,Franciszkańska 02,,2024-12-25 14:07:42.685597
Autobus,5952,5,180,Wilanów,11 min,Pl. Trzech Krzyży 01,,2024-12-25 14:07:42.685597
Autobus,5994,9,503,Natolin Płn.,10 min,Pl. Teatralny 01,,2024-12-25 14:07:42.685597
Autobus,5961,1,518,Nowodwory,10 min,Nowodworska 03,,2024-12-25 14:07:42.685597
Autobus,7869,1,520,Dw. Centralny,10 min,Marszałkowska 02,,2024-12-25 14:07:42.685597
Tramwaj,3223,3,7,Kawęczyńska-Bazylika,10 min,Ochota-Ratusz 01,Poza trasą,2024-12-25 14:07:42.685597
Autobus,9913,4,186,Nowodwory,9 min,Szczęśliwice 04,,2024-12-25 14:07:42.685597
Autobus,5986,11,180,Chomiczówka,8 min,Pl. Krasińskich 02,,2024-12-25 14:07:42.685597
Autobus,8591,2,509,Winnica,6 min,Rondo Starzyńskiego 10,,2024-12-25 14:07:42.685597
Autobus,5980,3,518,Nowodwory,6 min,Kapitulna 02,,2024-12-25 14:07:42.685597
Pociąg,2018,,WKD,Komorów,6 min,Milanówek Grudów,,2024-12-25 14:07:42.685597
Autobus,9336,641,199,Bródno-Podgrodzie,6 min,Bohuszewiczówny 02,,2024-12-25 14:07:42.685597
Autobus,5943,448,116,Wilanów,5 min,Kapitulna 01,,2024-12-25 14:07:42.685597
Autobus,5921,10,180,Chomiczówka,5 min,Powązki-Cm. Wojskowy 02,,2024-12-25 14:07:42.685597
Autobus,5878,3,503,Konwiktorska,5 min,Pl. Krasińskich 02,,2024-12-25 14:07:42.685597
Autobus,5934,602,507,Gocław,5 min,Dw. Centralny 16,,2024-12-25 14:07:42.685597
Autobus,2021,4,709,Piaseczno Szkolna,5 min,Metro Wilanowska 18,,2024-12-25 14:07:42.685597
Tramwaj,3149,542,1,Banacha,5 min,Och-Teatr 04,,2024-12-25 14:07:42.685597
Autobus,9550,4,178,Skorosze,4 min,Prystora 02,,2024-12-25 14:07:42.685597
Autobus,5921,10,180,Chomiczówka,5 min,Gen. Maczka 02,,2024-12-25 14:07:42.685597
Autobus,5878,3,503,Konwiktorska,5 min,Pl. Krasińskich 02,,2024-12-25 14:07:42.685597
Tramwaj,3149,542,1,Banacha,5 min,Och-Teatr 04,,2024-12-25 14:07:42.685597
Autobus,9550,4,178,Skorosze,4 min,Prystora 02,,2024-12-25 14:07:42.685597
Tramwaj,4109,548,4,Żerań Wschodni,4 min,Staniewicka 04,,2024-12-25 14:07:42.685597
Autobus,1533,2,251,Metro Wilanowska,4 min,Rosochata 02,,2024-12-25 14:07:42.685597
Autobus,3400,3,120,Dw. Wschodni (Kijowska),4 min,Sieczna 01,,2024-12-25 14:07:42.685597
Tramwaj,3216,24,17,Metro Marymont,4 min,Nowowiejska 04,,2024-12-25 14:07:42.685597
Autobus,8463,6,112,Nowe Bemowo,4 min,PKP Toruńska 01,,2024-12-25 14:07:42.685597
Autobus,9817,3,502,Stara Miłosna (Graniczna),3 min,Pogodna 01,,2024-12-25 14:07:42.685597
Autobus,5407,4,731,Żerań FSO,3 min,Legionowo Piaskowa 01,,2024-12-25 14:07:42.685597
Autobus,1210,836,218,Metro Wierzbno,3 min,Racjonalizacji 04,,2024-12-25 14:07:42.685597
Tramwaj,3821,6,20,Boernerowo,3 min,Rondo Starzyńskiego 05,,2024-12-25 14:07:42.685597
Autobus,3401,5,120,Olesin,3 min,Metro Kondratowicza 08,,2024-12-25 14:07:42.685597
Autobus,4413,1,197,Gwiaździsta,3 min,Gwiaździsta 02,,2024-12-25 14:07:42.685597
Autobus,9933,5,114,Młociny-UKSW,3 min,Żubrowa-UKSW 02,,2024-12-25 14:07:42.685597
Tramwaj,3290,4,26,Metro Młociny,3 min,Kino Femina 06,,2024-12-25 14:07:42.685597
Autobus,6203,511,721,Kosów,3 min,CH Wólka Kosowska 02,,2024-12-25 14:07:42.685597
Autobus,1814,1,123,Dw. Wschodni (Kijowska),3 min,Rondo Waszyngtona 04,,2024-12-25 14:07:42.685597
Autobus,1210,836,218,Metro Wierzbno,3 min,Racjonalizacji 04,,2024-12-25 14:07:42.685597
Tramwaj,3821,6,20,Boernerowo,3 min,Rondo Starzyńskiego 05,,2024-12-25 14:07:42.685597
Tramwaj,3821,6,20,Boernerowo,3 min,Rondo Starzyńskiego 05,,2024-12-25 14:07:42.685597
Autobus,5407,4,731,Żerań FSO,3 min,Legionowo Al. Sybiraków 01,,2024-12-25 14:07:42.685597
Autobus,1210,836,218,Metro Wierzbno,3 min,Maklakiewicza 01,,2024-12-25 14:07:42.685597
Autobus,4413,1,197,Gwiaździsta,3 min,Gwiaździsta 02,,2024-12-25 14:07:42.685597
Autobus,9079,M3,161,Zbójna Góra,3 min,PKP Falenica 07,,2024-12-25 14:07:42.685597
Autobus,1814,1,123,Dw. Wschodni (Kijowska),3 min,Rondo Waszyngtona 04,,2024-12-25 14:07:42.685597
Autobus,3401,5,120,Olesin,3 min,Metro Kondratowicza 03,,2024-12-25 14:07:42.685597
Autobus,9933,5,114,Młociny-UKSW,3 min,Żubrowa-UKSW 02,,2024-12-25 14:07:42.685597
Autobus,6203,511,721,Kosów,3 min,CH Wólka Kosowska 02,,2024-12-25 14:07:42.685597
Autobus,4424,2,166,Os. Kabaty,3 min,Rondo Waszyngtona 01,,2024-12-25 14:07:42.685597
Autobus,1430,2,183,Zielona,3 min,Sosnowa 02,,2024-12-25 14:07:42.685597
Autobus,2217,6,136,Ostroroga,3 min,Rondo Unii Europejskiej 06,,2024-12-25 14:07:42.685597
Autobus,7809,2,521,Falenica,3 min,Wielowiejska 01,,2024-12-25 14:07:42.685597
Tramwaj,3290,4,26,Metro Młociny,3 min,Kino Femina 06,,2024-12-25 14:07:42.685597
Autobus,1801,6,138,Utrata,3 min,Naczelnikowska 02,,2024-12-25 14:07:42.685597
Tramwaj,3221,3,33,Metro Młociny,3 min,Rondo ONZ 04,,2024-12-25 14:07:42.685597
Autobus,2217,6,136,Ostroroga,3 min,Rondo Unii Europejskiej 06,,2024-12-25 14:07:42.685597
Autobus,7809,2,521,Falenica,3 min,Wielowiejska 01,,2024-12-25 14:07:42.685597
Tramwaj,3290,4,26,Metro Młociny,3 min,Kino Femina 06,,2024-12-25 14:07:42.685597
Autobus,1801,6,138,Utrata,3 min,Naczelnikowska 02,,2024-12-25 14:07:42.685597
Tramwaj,3221,3,33,Metro Młociny,3 min,Rondo ONZ 04,,2024-12-25 14:07:42.685597
Tramwaj,4211,3,2,Metro Młociny,3 min,Zajezdnia Żoliborz 06,,2024-12-25 14:07:42.685597
Tramwaj,4279,21,17,PKP Służewiec,3 min,Kielecka 01,,2024-12-25 14:07:42.685597
Autobus,1073,1,130,Ananasowa,3 min,Sypniewska 01,,2024-12-25 14:07:42.685597
Autobus,4201,3,717,Dw. Zachodni,3 min,Popularna 01,,2024-12-25 14:07:42.685597
Autobus,8336,1,148,Wiatraczna,3 min,Zamieniecka 04,,2024-12-25 14:07:42.685597
Autobus,6207,2,189,Sadyba,3 min,Os. Górczewska 01,,2024-12-25 14:07:42.685597
Autobus,8552,2,162,Pl. Hallera,3 min,Dw. Wileński 02,,2024-12-25 14:07:42.685597
Autobus,5204,5,136,Ostroroga,3 min,Bitwy Warszawskiej 1920 r. 06,,2024-12-25 14:07:42.685597
Autobus,5873,404,175,Pl. Piłsudskiego,3 min,Lotnisko Chopina-Przyloty 02,,2024-12-25 14:07:42.685597
Autobus,9516,1,707,P+R Al. Krakowska,3 min,Raszyn Kościół 01,,2024-12-25 14:07:42.685597
Tramwaj,4208,5,10,Os. Górczewska,2 min,PKP Wola (Kasprzaka) 04,,2024-12-25 14:07:42.685597
Autobus,8532,4,189,Os. Górczewska,2 min,Hala Wola 04,,2024-12-25 14:07:42.685597
Autobus,8558,1,162,EC Siekierki,2 min,Os. Panieńska 01,,2024-12-25 14:07:42.685597
Tramwaj,3239,6,26,Metro Młociny,2 min,Wiatraczna 13,,2024-12-25 14:07:42.685597
Tramwaj,4237,3,11,Sielce,2 min,Nowowiejska 03,,2024-12-25 14:07:42.685597
Autobus,1214,634,218,Metro Wilanowska,2 min,Smoluchowskiego 03,,2024-12-25 14:07:42.685597
Autobus,5929,403,175,Pl. Piłsudskiego,2 min,Pl. Starynkiewicza 01,,2024-12-25 14:07:42.685597
Tramwaj,4103,4,17,Winnica,2 min,Kulskiego 04,,2024-12-25 14:07:42.685597
Autobus,9919,2,114,Bródno-Podgrodzie,2 min,Bartnicza 04,,2024-12-25 14:07:42.685597
Autobus,1068,3,130,Metro Wilanowska,2 min,Gołkowska 02,,2024-12-25 14:07:42.685597
Autobus,5977,4,503,Konwiktorska,2 min,Krucza 02,,2024-12-25 14:07:42.685597
Autobus,7806,2,148,Wiatraczna,2 min,Beethovena 02,,2024-12-25 14:07:42.685597
Tramwaj,3241,7,26,Wiatraczna,2 min,Stare Miasto 01,,2024-12-25 14:07:42.685597
Tramwaj,3818,2,28,Dw. Wschodni (Kijowska),2 min,Radiowa 06,,2024-12-25 14:07:42.685597
Autobus,9808,3,185,CH Ursynów,2 min,Teligi 01,,2024-12-25 14:07:42.685597
Autobus,4216,2,154,P+R Al. Krakowska,2 min,Bitwy Warszawskiej 1920 r. 02,,2024-12-25 14:07:42.685597
Autobus,7256,6,184,Szczęśliwice,2 min,Elekcyjna 05,,2024-12-25 14:07:42.685597
Autobus,7245,8,517,Pl. Trzech Krzyży,2 min,Popularna 01,,2024-12-25 14:07:42.685597
Autobus,8355,2,172,Sadyba,2 min,Siemieńskiego 02,,2024-12-25 14:07:42.685597
Autobus,70001,1,L39,Mysiadło Dąbrówka,2 min,Piaseczno Wojska Polskiego 02,,2024-12-25 14:07:42.685597
Autobus,9813,2,502,Metro Politechnika,2 min,Objazdowa 01,,2024-12-25 14:07:42.685597
Autobus,7239,1,105,Rondo Daszyńskiego,2 min,Szpital Wolski 01,,2024-12-25 14:07:42.685597
Autobus,7253,2,191,Pl. Narutowicza,2 min,Ryżowa 02,,2024-12-25 14:07:42.685597
Tramwaj,4103,4,17,Winnica,2 min,Kulskiego 04,,2024-12-25 14:07:42.685597
Pociąg,2019,,WKD,Milanówek Grudów,2 min,Komorów,,2024-12-25 14:07:42.685597
Autobus,7245,8,517,Pl. Trzech Krzyży,2 min,PKP WKD Al. Jerozolimskie 01,,2024-12-25 14:07:42.685597
Autobus,8519,3,148,Wiatraczna,2 min,Szpital Południowy 03,,2024-12-25 14:07:42.685597
Autobus,8355,2,172,Sadyba,2 min,Siemieńskiego 02,,2024-12-25 14:07:42.685597
Tramwaj,4279,21,17,PKP Służewiec,2 min,Rakowiecka-Sanktuarium 03,,2024-12-25 14:07:42.685597
Autobus,1214,634,218,Metro Wilanowska,2 min,Metro Wilanowska 10,,2024-12-25 14:07:42.685597
Autobus,4407,4,169,Dw. Wschodni (Kijowska),2 min,Dw. Wileński 01,,2024-12-25 14:07:42.685597
Autobus,8890,5,504,Os. Kabaty,2 min,Rondo Unii Europejskiej 05,,2024-12-25 14:07:42.685597
Autobus,9353,3,135,Pl. Hallera,2 min,Ząbkowska 06,,2024-12-25 14:07:42.685597
Autobus,5977,4,503,Konwiktorska,2 min,Krucza 02,,2024-12-25 14:07:42.685597
Tramwaj,3241,7,26,Wiatraczna,2 min,Stare Miasto 01,,2024-12-25 14:07:42.685597
Autobus,5871,406,128,Pl. Piłsudskiego,2 min,Rakowiec 02,,2024-12-25 14:07:42.685597
Autobus,4216,2,154,P+R Al. Krakowska,2 min,Dickensa 02,,2024-12-25 14:07:42.685597
Autobus,70001,1,L39,Mysiadło Dąbrówka,2 min,Piaseczno Wojska Polskiego 02,,2024-12-25 14:07:42.685597
Autobus,7239,1,105,Rondo Daszyńskiego,2 min,Rondo Daszyńskiego 09,,2024-12-25 14:07:42.685597
Tramwaj,3232,2,24,Gocławek,2 min,Dw. Centralny 07,,2024-12-25 14:07:42.685597
Autobus,6232,M5,189,Os. Górczewska,2 min,Łopuszańska 04,,2024-12-25 14:07:42.685597
Autobus,1425,5,173,Stara Miłosna (Graniczna),2 min,Sulejówek Orla 02,,2024-12-25 14:07:42.685597
Tramwaj,3241,7,26,Wiatraczna,2 min,Stare Miasto 01,,2024-12-25 14:07:42.685597
Autobus,5871,406,128,Pl. Piłsudskiego,2 min,Rakowiec 02,,2024-12-25 14:07:42.685597
Autobus,4216,2,154,P+R Al. Krakowska,2 min,Dickensa 02,,2024-12-25 14:07:42.685597
Autobus,70001,1,L39,Mysiadło Dąbrówka,2 min,Piaseczno Wojska Polskiego 02,,2024-12-25 14:07:42.685597
Autobus,7239,1,105,Rondo Daszyńskiego,2 min,Rondo Daszyńskiego 09,,2024-12-25 14:07:42.685597
Tramwaj,3232,2,24,Gocławek,2 min,Dw. Centralny 07,,2024-12-25 14:07:42.685597
Autobus,6232,M5,189,Os. Górczewska,2 min,Łopuszańska 04,,2024-12-25 14:07:42.685597
Autobus,1425,5,173,Stara Miłosna (Graniczna),2 min,Sulejówek Orla 02,,2024-12-25 14:07:42.685597
Tramwaj,4275,4,2,Metro Młociny,2 min,Tarchomin 05,,2024-12-25 14:07:42.685597
Tramwaj,4217,8,16,Miasteczko Wilanów,2 min,Metro Ratusz Arsenał 03,,2024-12-25 14:07:42.685597
Autobus,9206,572,209,Ursynów Płd.,2 min,Metro Stokłosy 03,,2024-12-25 14:07:42.685597
Autobus,4434,2,181,Pl. Wilsona,2 min,Przy Agorze 01,,2024-12-25 14:07:42.685597
Tramwaj,4019,4,15,P+R Al. Krakowska,2 min,Hoża 03,,2024-12-25 14:07:42.685597
Autobus,1073,1,130,Ananasowa,2 min,EC Siekierki 02,,2024-12-25 14:07:42.685597
Tramwaj,3823,1,20,Żerań FSO,2 min,PIMOT 04,,2024-12-25 14:07:42.685597
Autobus,5966,3,127,Nowe Włochy,1 min,Dw. Centralny 02,,2024-12-25 14:07:42.685597
Autobus,7248,1,177,Ursus-Niedźwiadek,1 min,Posag 7 Panien 03,,2024-12-25 14:07:42.685597
Autobus,9501,654,149,Groty,1 min,Fort Blizne 02,,2024-12-25 14:07:42.685597
Autobus,5404,5,162,EC Siekierki,1 min,Gołkowska 03,,2024-12-25 14:07:42.685597
Tramwaj,4275,4,2,Metro Młociny,2 min,Tarchomin 05,,2024-12-25 14:07:42.685597
Tramwaj,4217,8,16,Miasteczko Wilanów,2 min,Metro Ratusz Arsenał 03,,2024-12-25 14:07:42.685597
Autobus,7248,1,177,Ursus-Niedźwiadek,2 min,Posag 7 Panien 03,,2024-12-25 14:07:42.685597
Autobus,9501,654,149,Groty,2 min,Fort Blizne 02,,2024-12-25 14:07:42.685597
Autobus,1425,5,173,Stara Miłosna (Graniczna),1 min,Sulejówek Orla 02,,2024-12-25 14:07:42.685597
Autobus,4403,3,157,Szczęśliwice,1 min,Os. Potok 01,,2024-12-25 14:07:42.685597
Autobus,7747,6,143,Dw. Zachodni,1 min,Hala Kopińska 02,,2024-12-25 14:07:42.685597
Autobus,9812,5,185,CH Ursynów,1 min,Cytadela 01,,2024-12-25 14:07:42.685597
Autobus,5981,4,518,Bielańska,1 min,Kapitulna 01,,2024-12-25 14:07:42.685597
Autobus,8890,5,504,Os. Kabaty,1 min,Rondo Unii Europejskiej 05,,2024-12-25 14:07:42.685597
Tramwaj,3823,1,20,Żerań FSO,1 min,PIMOT 04,,2024-12-25 14:07:42.685597
Autobus,5954,7,503,Natolin Płn.,1 min,Stryjeńskich 03,,2024-12-25 14:07:42.685597
Autobus,9948,6,190,CH Marki,1 min,Krynoliny 02,,2024-12-25 14:07:42.685597
Tramwaj,3259,521,3,Annopol,1 min,Inżynierska 04,,2024-12-25 14:07:42.685597
Autobus,4434,2,181,Pl. Wilsona,1 min,Przy Agorze 01,,2024-12-25 14:07:42.685597
Tramwaj,3813,3,23,Nowe Bemowo,1 min,Marynin 02,,2024-12-25 14:07:42.685597
Tramwaj,4015,4,22,Wiatraczna,1 min,Al. Zieleniecka 06,,2024-12-25 14:07:42.685597
Autobus,1073,1,130,Ananasowa,1 min,EC Siekierki 02,,2024-12-25 14:07:42.685597
Autobus,5971,2,116,Chomiczówka,1 min,Pl. Piłsudskiego 02,,2024-12-25 14:07:42.685597
Autobus,8890,5,504,Os. Kabaty,1 min,Rondo Unii Europejskiej 05,,2024-12-25 14:07:42.685597
Autobus,5954,7,503,Natolin Płn.,1 min,Stryjeńskich 03,,2024-12-25 14:07:42.685597
Autobus,9948,6,190,CH Marki,1 min,Krynoliny 02,,2024-12-25 14:07:42.685597
Tramwaj,3286,4,33,Metro Młociny,1 min,GUS 04,,2024-12-25 14:07:42.685597
Autobus,4434,2,181,Pl. Wilsona,1 min,Przy Agorze 01,,2024-12-25 14:07:42.685597
Autobus,1073,1,130,Ananasowa,1 min,EC Siekierki 02,,2024-12-25 14:07:42.685597
Autobus,5971,2,116,Chomiczówka,1 min,Pl. Piłsudskiego 02,,2024-12-25 14:07:42.685597
Autobus,9837,2,167,Stare Bemowo,1 min,Bartycka 05,,2024-12-25 14:07:42.685597
Autobus,9206,572,209,Ursynów Płd.,1 min,Metro Stokłosy 03,,2024-12-25 14:07:42.685597
Tramwaj,3806,4,23,Nowe Bemowo,1 min,Metro Ratusz Arsenał 10,,2024-12-25 14:07:42.685597
Autobus,5979,6,518,Bielańska,1 min,Nowodwory 08,,2024-12-25 14:07:42.685597
Tramwaj,3823,1,20,Żerań FSO,1 min,Batalionu Platerówek 02,,2024-12-25 14:07:42.685597
Autobus,4408,4,197,Cm. Wolski,1 min,Fort Wola 06,,2024-12-25 14:07:42.685597
Autobus,9317,4,202,Metro Stadion Narodowy,1 min,Przeworska 01,,2024-12-25 14:07:42.685597
Autobus,1903,5,106,Ostroroga,1 min,Pl. Małachowskiego 02,,2024-12-25 14:07:42.685597
Autobus,80111,1,L46,Marki Fabryczna,1 min,Zielonka Powstańców 01,,2024-12-25 14:07:42.685597
Autobus,5434,1,723,Żerań FSO,1 min,Poetów 01,,2024-12-25 14:07:42.685597
Autobus,5960,5,518,Bielańska,1 min,Konwaliowa 01,,2024-12-25 14:07:42.685597
Autobus,70001,1,L39,Mysiadło Dąbrówka,1 min,Piaseczno Kościelna 02,,2024-12-25 14:07:42.685597
Autobus,4223,3,154,Dw. Zachodni,1 min,Bitwy Warszawskiej 1920 r. 06,,2024-12-25 14:07:42.685597
Autobus,7800,2,145,Wiatraczna,1 min,Ząbki Warszawska 02,,2024-12-25 14:07:42.685597
Autobus,3455,64,705,Nowe Załubice Opolska,1 min,Tomaszew 02,,2024-12-25 14:07:42.685597
Autobus,8556,7,143,Dw. Zachodni,1 min,Wał Miedzeszyński 01,,2024-12-25 14:07:42.685597
Autobus,1066,3,164,Metro Wilanowska,1 min,Patkowskiego 02,,2024-12-25 14:07:42.685597
Autobus,5927,6,503,Konwiktorska,1 min,Miklaszewskiego 03,,2024-12-25 14:07:42.685597
Tramwaj,4210,6,2,Winnica,1 min,Myśliborska 06,,2024-12-25 14:07:42.685597
Autobus,4203,536,194,Cm. Wolski,1 min,Orląt Lwowskich 01,,2024-12-25 14:07:42.685597
Autobus,9827,7,185,Gwiaździsta,1 min,Pl. Wilsona 04,,2024-12-25 14:07:42.685597
Autobus,3433,4,509,Winnica,1 min,Umińskiego 01,,2024-12-25 14:07:42.685597
Autobus,8346,4,131,Sadyba,1 min,Torwar 03,,2024-12-25 14:07:42.685597
Autobus,8843,4,504,Os. Kabaty,1 min,Metro Kabaty 02,,2024-12-25 14:07:42.685597
Autobus,9312,1,202,PKP Gocławek,1 min,Szaserów 02,,2024-12-25 14:07:42.685597
Tramwaj,4265,12,16,Miasteczko Wilanów,1 min,Św. Bonifacego 05,,2024-12-25 14:07:42.685597
Autobus,70006,693,L52,Grochowa,1 min,Piaseczno Kolejka Piaseczyńska 55,,2024-12-25 14:07:42.685597
Autobus,1013,3,213,Błota,1 min,Izbicka-Cmentarz 02,,2024-12-25 14:07:42.685597
Autobus,1810,343,166,Pl. Hallera,1 min,Mandarynki 02,,2024-12-25 14:07:42.685597
Autobus,4327,1,152,Os. Derby,1 min,Tarchomin 01,,2024-12-25 14:07:42.685597
Autobus,1843,61,730,Wiatraczna,1 min,Wierzchowskiego 01,,2024-12-25 14:07:42.685597
Autobus,8556,7,143,Dw. Zachodni,1 min,Torwar 02,,2024-12-25 14:07:42.685597
Autobus,9089,71,176,Metro Bródno,1 min,Zyndrama z Maszkowic 01,,2024-12-25 14:07:42.685597
Autobus,9341,2,198,Stara Miłosna (Ułańska),1 min,Słowackiego 02,,2024-12-25 14:07:42.685597
Tramwaj,4231,5,16,Piaski,1 min,Nałęczowska 06,,2024-12-25 14:07:42.685597
Autobus,5892,5,503,Konwiktorska,1 min,Dolna 56,,2024-12-25 14:07:42.685597
Autobus,5933,613,111,Esperanto,1 min,Os. Orlik 02,,2024-12-25 14:07:42.685597
Autobus,7800,2,145,Wiatraczna,1 min,Ząbki Szwoleżerów 01,,2024-12-25 14:07:42.685597
Autobus,9527,54,715,P+R Al. Krakowska,1 min,Metro Ursynów 01,,2024-12-25 14:07:42.685597
Autobus,9825,2,719,Leszno,1 min,Wojcieszyn 01,,2024-12-25 14:07:42.685597
Autobus,1209,422,727,Metro Wilanowska,1 min,Piaseczno Urząd Miasta 02,,2024-12-25 14:07:42.685597
Autobus,1542,4,173,Dw. Wschodni (Lubelska),1 min,Cieplarniana 02,,2024-12-25 14:07:42.685597
Tramwaj,3222,7,4,Wyścigi,1 min,Rondo Żaba 03,,2024-12-25 14:07:42.685597
Tramwaj,3269,2,9,Wiatraczna,1 min,Krakowiaków 03,,2024-12-25 14:07:42.685597
Autobus,1118,5,166,Pl. Hallera,1 min,Dolna 56,,2024-12-25 14:07:42.685597
Autobus,9312,1,202,PKP Gocławek,1 min,Cukrownicza 02,,2024-12-25 14:07:42.685597
Autobus,2040,3,709,PKP Piaseczno,1 min,Łagiewnicka 01,,2024-12-25 14:07:42.685597
Autobus,3455,64,705,Nowe Załubice Opolska,1 min,Wilkowiecka 02,,2024-12-25 14:07:42.685597
Autobus,4418,3,212,CH Targówek,1 min,Jórskiego 04,,2024-12-25 14:07:42.685597
Tramwaj,4234,2,11,Cm. Wolski,1 min,Spacerowa 06,,2024-12-25 14:07:42.685597
Autobus,1520,435,146,Dw. Wschodni (Lubelska),1 min,Metro Stadion Narodowy 02,,2024-12-25 14:07:42.685597
Autobus,1542,4,173,Dw. Wschodni (Lubelska),1 min,Cieplarniana 02,,2024-12-25 14:07:42.685597
Autobus,5892,5,503,Konwiktorska,1 min,Dolna 56,,2024-12-25 14:07:42.685597
Autobus,7215,8,523,Stare Bemowo,1 min,Pomnik Lotnika 04,,2024-12-25 14:07:42.685597
Tramwaj,3222,7,4,Wyścigi,1 min,Rondo Żaba 03,,2024-12-25 14:07:42.685597
Autobus,5449,446,409,Cm. Północny-Brama Zach.,1 min,Rondo Starzyńskiego 01,,2024-12-25 14:07:42.685597
Autobus,9312,1,202,PKP Gocławek,1 min,Cukrownicza 02,,2024-12-25 14:07:42.685597
Autobus,9818,4,502,Stara Miłosna (Graniczna),1 min,Trakt Lubelski 02,,2024-12-25 14:07:42.685597
Tramwaj,3284,3,3,Gocławek,1 min,Kijowska 03,,2024-12-25 14:07:42.685597
Autobus,1545,62,722,Os. Radiówek,1 min,Pl. Szembeka 02,,2024-12-25 14:07:42.685597
Autobus,8550,6,131,Dw. Centralny,1 min,Pl. Trzech Krzyży 04,,2024-12-25 14:07:42.685597
Autobus,2040,3,709,PKP Piaseczno,1 min,Łagiewnicka 01,,2024-12-25 14:07:42.685597
Autobus,2249,10,189,Sadyba,1 min,Rondo Unii Europejskiej 01,,2024-12-25 14:07:42.685597
Autobus,4229,4,177,Os. Górczewska,1 min,Sternicza 02,,2024-12-25 14:07:42.685597
Tramwaj,3269,2,9,Wiatraczna,1 min,Krakowiaków 03,,2024-12-25 14:07:42.685597
Tramwaj,3286,4,33,Metro Młociny,1 min,Nowowiejska 04,,2024-12-25 14:07:42.685597
Autobus,4203,536,194,Cm. Wolski,1 min,PKP Ursus-Niedźwiadek 04,,2024-12-25 14:07:42.685597
Autobus,6239,3,184,Metro Młociny,1 min,Conrada 02,,2024-12-25 14:07:42.685597
Autobus,8550,6,131,Dw. Centralny,1 min,Pl. Trzech Krzyży 04,,2024-12-25 14:07:42.685597
Autobus,2040,3,709,PKP Piaseczno,1 min,Łagiewnicka 01,,2024-12-25 14:07:42.685597
Autobus,2249,10,189,Sadyba,1 min,Rondo Unii Europejskiej 01,,2024-12-25 14:07:42.685597
Autobus,4229,4,177,Os. Górczewska,1 min,Sternicza 02,,2024-12-25 14:07:42.685597
Tramwaj,3269,2,9,Wiatraczna,1 min,Krakowiaków 03,,2024-12-25 14:07:42.685597
Tramwaj,3286,4,33,Metro Młociny,1 min,Nowowiejska 04,,2024-12-25 14:07:42.685597
Autobus,4203,536,194,Cm. Wolski,1 min,PKP Ursus-Niedźwiadek 04,,2024-12-25 14:07:42.685597
Autobus,6239,3,184,Metro Młociny,1 min,Conrada 02,,2024-12-25 14:07:42.685597
Autobus,9935,7,114,Młociny-UKSW,1 min,Most Grota-Roweckiego 01,,2024-12-25 14:07:42.685597
Autobus,1118,5,166,Pl. Hallera,1 min,Dolna 56,,2024-12-25 14:07:42.685597
Autobus,1209,422,727,Metro Wilanowska,1 min,Piaseczno Urząd Miasta 02,,2024-12-25 14:07:42.685597
Autobus,5974,438,180,Wilanów,1 min,Elbląska 01,,2024-12-25 14:07:42.685597
Tramwaj,4278,6,33,Kielecka,1 min,Metro Pole Mokotowskie 03,,2024-12-25 14:07:42.685597
Autobus,70006,693,L52,Grochowa,1 min,PKP Piaseczno 01,,2024-12-25 14:07:42.685597
Autobus,7830,2,520,Dw. Centralny,1 min,Okularowa 01,,2024-12-25 14:07:42.685597
Autobus,8843,4,504,Os. Kabaty,0 min,Os. Kabaty 04,,2024-12-25 14:07:42.685597
Autobus,15092,1,L41,PKP Legionowo,0 min,Legionowo Urząd Miasta 02,,2024-12-25 14:07:42.685597
Autobus,3455,64,705,Nowe Załubice Opolska,0 min,Wilkowiecka 02,,2024-12-25 14:07:42.685597
Tramwaj,3155,3,24,Gocławek,0 min,Magistracka 03,,2024-12-25 14:07:42.685597
Tramwaj,3222,7,4,Wyścigi,0 min,Rondo Żaba 03,,2024-12-25 14:07:42.685597
Tramwaj,3269,2,9,Wiatraczna,0 min,Krakowiaków 03,,2024-12-25 14:07:42.685597
Autobus,4429,8,122,Os. Górczewska,0 min,Szobera 02,,2024-12-25 14:07:42.685597
Autobus,7817,7,523,Stare Bemowo,0 min,Park Moczydło 02,,2024-12-25 14:07:42.685597
Autobus,8452,7,145,Żerań FSO,0 min,Wiatraczna 16,,2024-12-25 14:07:42.685597
Tramwaj,3174,7,10,Os. Górczewska,0 min,Niedźwiedzia 04,,2024-12-25 14:07:42.685597
Tramwaj,3247,10,9,P+R Al. Krakowska,0 min,Dickensa 04,,2024-12-25 14:07:42.685597
Tramwaj,4274,1,33,Metro Młociny,0 min,Al. Reymonta 04,,2024-12-25 14:07:42.685597
Autobus,9818,4,502,Stara Miłosna (Graniczna),0 min,Trakt Lubelski 02,,2024-12-25 14:07:42.685597
Autobus,1807,3,197,Gwiaździsta,0 min,Cm. Wolski 08,,2024-12-25 14:07:42.685597
Autobus,4322,3,152,Os. Derby,0 min,Os. Derby 02,,2024-12-25 14:07:42.685597
Autobus,8586,1,120,Olesin,0 min,Dw. Wschodni (Kijowska) 11,,2024-12-25 14:07:42.685597
Tramwaj,3242,5,15,P+R Al. Krakowska,0 min,Pl. Wilsona 13,,2024-12-25 14:07:42.685597
Tramwaj,3252,3,9,P+R Al. Krakowska,0 min,Instytut Lotnictwa 04,,2024-12-25 14:07:42.685597
Tramwaj,3293,6,22,Wiatraczna,0 min,Włościańska 03,,2024-12-25 14:07:42.685597
Tramwaj,4007,3,15,P+R Al. Krakowska,0 min,PKP Rakowiec 04,,2024-12-25 14:07:42.685597
Autobus,8813,1,511,Dąbrówka Wiślana,0 min,Metro Młociny 18,,2024-12-25 14:07:42.685597
Autobus,9521,3,159,Małe Siekierki,0 min,Małe Siekierki 03,,2024-12-25 14:07:42.685597
Tramwaj,3249,5,9,P+R Al. Krakowska,0 min,Wiatraczna 07,,2024-12-25 14:07:42.685597
Autobus,8818,7,136,Ostroroga,0 min,Centrum Onkologii 04,,2024-12-25 14:07:42.685597
Autobus,2007,1,131,Dw. Centralny,0 min,Chełmska 02,,2024-12-25 14:07:42.685597
Tramwaj,4117,3,17,Winnica,0 min,Rondo „Radosława” 10,,2024-12-25 14:07:42.685597
Autobus,1064,2,164,Kępa Zawadowska,0 min,Dolina Służewiecka 03,,2024-12-25 14:07:42.685597
Autobus,9527,54,715,P+R Al. Krakowska,0 min,Metro Ursynów 01,,2024-12-25 14:07:42.685597
Autobus,7806,2,148,Wiatraczna,0 min,Ogrody Działkowe Czerniaków 02,,2024-12-25 14:07:42.685597
Autobus,8885,M9,189,Sadyba,0 min,Czarnomorska 53,,2024-12-25 14:07:42.685597
Autobus,8813,1,511,Dąbrówka Wiślana,0 min,Metro Młociny 03,,2024-12-25 14:07:42.685597
Autobus,9332,M5,142,Wiatraczna,0 min,Ks. Szulczyka 01,,2024-12-25 14:07:42.685597
Autobus,4212,2,717,Piastów Ogińskiego,0 min,Popularna 02,,2024-12-25 14:07:42.685597
Autobus,5979,6,518,Bielańska,0 min,Hanki Ordonówny 01,,2024-12-25 14:07:42.685597
Autobus,9820,1,710,Os. Kabaty,0 min,Konstancin-Jeziorna Osiedle Mirków 02,,2024-12-25 14:07:42.685597
Autobus,9918,498,186,Szczęśliwice,0 min,PKP Wola (Wolska) 05,,2024-12-25 14:07:42.685597
Tramwaj,3119,8,4,Wyścigi,0 min,Żerań Wschodni 01,,2024-12-25 14:07:42.685597
Tramwaj,3127,26,17,Metro Marymont,0 min,PKP Służewiec 12,,2024-12-25 14:07:42.685597
Tramwaj,3136,12,33,Kielecka,0 min,Metro Młociny 15,,2024-12-25 14:07:42.685597
Tramwaj,3137,7,22,Wiatraczna,0 min,Piaski 05,,2024-12-25 14:07:42.685597
Tramwaj,3146,545,1,Banacha,0 min,Annopol 03,,2024-12-25 14:07:42.685597
Tramwaj,3158,2,3,Annopol,0 min,Gocławek 04,,2024-12-25 14:07:42.685597
Tramwaj,3119,8,4,Wyścigi,0 min,Żerań Wschodni 01,,2024-12-25 14:07:42.685597
Tramwaj,3127,26,17,Metro Marymont,0 min,PKP Służewiec 12,,2024-12-25 14:07:42.685597
Tramwaj,3136,12,33,Kielecka,0 min,Metro Młociny 15,,2024-12-25 14:07:42.685597
Tramwaj,3137,7,22,Wiatraczna,0 min,Piaski 05,,2024-12-25 14:07:42.685597
Tramwaj,3146,545,1,Banacha,0 min,Annopol 03,,2024-12-25 14:07:42.685597
Tramwaj,3158,2,3,Annopol,0 min,Gocławek 04,,2024-12-25 14:07:42.685597
Tramwaj,3119,8,4,Wyścigi,0 min,Żerań Wschodni 01,,2024-12-25 14:07:42.685597
Tramwaj,3127,26,17,Metro Marymont,0 min,PKP Służewiec 12,,2024-12-25 14:07:42.685597
Tramwaj,3136,12,33,Kielecka,0 min,Metro Młociny 15,,2024-12-25 14:07:42.685597
Tramwaj,3137,7,22,Wiatraczna,0 min,Piaski 05,,2024-12-25 14:07:42.685597
Tramwaj,3146,545,1,Banacha,0 min,Annopol 03,,2024-12-25 14:07:42.685597
Tramwaj,3158,2,3,Annopol,0 min,Gocławek 04,,2024-12-25 14:07:42.685597
Tramwaj,3166,6,9,P+R Al. Krakowska,0 min,Gocławek 05,,2024-12-25 14:07:42.685597
Tramwaj,3179,4,10,Wyścigi,0 min,Os. Górczewska 12,,2024-12-25 14:07:42.685597
Tramwaj,3188,7,24,Nowe Bemowo,0 min,Gocławek 03,,2024-12-25 14:07:42.685597
Tramwaj,3206,4,24,Gocławek,0 min,Nowe Bemowo 07,,2024-12-25 14:07:42.685597
Tramwaj,3210,2,7,P+R Al. Krakowska,0 min,Kawęczyńska-Bazylika 02,,2024-12-25 14:07:42.685597
Tramwaj,3212,522,3,Gocławek,0 min,Annopol 02,,2024-12-25 14:07:42.685597
Tramwaj,3212,522,3,Gocławek,0 min,Annopol 02,,2024-12-25 14:07:42.685597
Tramwaj,3218,1,26,Wiatraczna,0 min,Metro Młociny 14,,2024-12-25 14:07:42.685597
Tramwaj,3228,9,9,Gocławek,0 min,P+R Al. Krakowska 01,,2024-12-25 14:07:42.685597
Tramwaj,3245,5,9,Wiatraczna,0 min,P+R Al. Krakowska 01,,2024-12-25 14:07:42.685597
Tramwaj,3248,5,7,Kawęczyńska-Bazylika,0 min,P+R Al. Krakowska 03,,2024-12-25 14:07:42.685597
Tramwaj,3251,5,17,Winnica,0 min,PKP Służewiec 13,,2024-12-25 14:07:42.685597
Tramwaj,3271,2,15,Marymont-Potok,0 min,P+R Al. Krakowska 02,,2024-12-25 14:07:42.685597
Tramwaj,3272,4,4,Żerań Wschodni,0 min,Wyścigi 06,,2024-12-25 14:07:42.685597
Tramwaj,3279,22,1,Pl. Narutowicza,0 min,Annopol 04,,2024-12-25 14:07:42.685597
Tramwaj,3283,5,26,Wiatraczna,0 min,Metro Młociny 14,,2024-12-25 14:07:42.685597
Tramwaj,3644,5,11,Sielce,0 min,Cm. Wolski 05,,2024-12-25 14:07:42.685597
Tramwaj,3802,2,23,Czynszowa,0 min,Nowe Bemowo 08,,2024-12-25 14:07:42.685597
Tramwaj,3811,7,20,Boernerowo,0 min,Żerań FSO 05,,2024-12-25 14:07:42.685597
Tramwaj,3825,4,20,Żerań FSO,0 min,Boernerowo 01,,2024-12-25 14:07:42.685597
Tramwaj,3828,3,6,Metro Młociny,0 min,Gocławek 04,,2024-12-25 14:07:42.685597
Tramwaj,4013,3,28,Dw. Wschodni (Kijowska),0 min,Os. Górczewska 13,,2024-12-25 14:07:42.685597
Tramwaj,4201,2,16,Miasteczko Wilanów,0 min,Piaski 06,,2024-12-25 14:07:42.685597
Tramwaj,4232,1,16,Miasteczko Wilanów,0 min,Piaski 06,,2024-12-25 14:07:42.685597
Tramwaj,4240,6,16,Piaski,0 min,Miasteczko Wilanów 05,,2024-12-25 14:07:42.685597
Tramwaj,3644,5,11,Sielce,0 min,Cm. Wolski 05,,2024-12-25 14:07:42.685597
Tramwaj,3802,2,23,Czynszowa,0 min,Nowe Bemowo 08,,2024-12-25 14:07:42.685597
Tramwaj,3811,7,20,Boernerowo,0 min,Żerań FSO 05,,2024-12-25 14:07:42.685597
Tramwaj,3825,4,20,Żerań FSO,0 min,Boernerowo 01,,2024-12-25 14:07:42.685597
Tramwaj,3828,3,6,Metro Młociny,0 min,Gocławek 04,,2024-12-25 14:07:42.685597
Tramwaj,4013,3,28,Dw. Wschodni (Kijowska),0 min,Os. Górczewska 13,,2024-12-25 14:07:42.685597
Tramwaj,4201,2,16,Miasteczko Wilanów,0 min,Piaski 06,,2024-12-25 14:07:42.685597
Tramwaj,4232,1,16,Miasteczko Wilanów,0 min,Piaski 06,,2024-12-25 14:07:42.685597
Tramwaj,4240,6,16,Piaski,0 min,Miasteczko Wilanów 05,,2024-12-25 14:07:42.685597
Tramwaj,4254,11,33,Kielecka,0 min,Metro Młociny 15,,2024-12-25 14:07:42.685597
Tramwaj,4277,11,16,Muranowska,0 min,Miasteczko Wilanów 05,,2024-12-25 14:07:42.685597
Tramwaj,4282,1,17,Winnica,0 min,PKP Służewiec 13,,2024-12-25 14:07:42.685597
Autobus,1002,5,213,Błota,0 min,Gocław 04,,2024-12-25 14:07:42.685597
Autobus,1052,2,208,Bitwy Warszawskiej 1920 r.,0 min,Bitwy Warszawskiej 1920 r. 10,,2024-12-25 14:07:42.685597
Autobus,1056,3,194,PKP Gołąbki,0 min,Cm. Wolski 08,,2024-12-25 14:07:42.685597
Autobus,1063,1,164,Metro Wilanowska,0 min,Kępa Zawadowska 02,,2024-12-25 14:07:42.685597
Autobus,1074,M2,130,Ananasowa,0 min,Metro Wilanowska 17,,2024-12-25 14:07:42.685597
Autobus,1200,425,739,Metro Wilanowska,0 min,Piaseczno Julianowska-Cmentarz 01,,2024-12-25 14:07:42.685597
Autobus,1211,3,166,Os. Kabaty,0 min,Pl. Hallera 18,,2024-12-25 14:07:42.685597
Tramwaj,4277,11,16,Muranowska,0 min,Miasteczko Wilanów 05,,2024-12-25 14:07:42.685597
Tramwaj,4282,1,17,Winnica,0 min,PKP Służewiec 13,,2024-12-25 14:07:42.685597
Autobus,1002,5,213,Błota,0 min,Gocław 04,,2024-12-25 14:07:42.685597
Autobus,1052,2,208,Bitwy Warszawskiej 1920 r.,0 min,Bitwy Warszawskiej 1920 r. 10,,2024-12-25 14:07:42.685597
Autobus,1056,3,194,PKP Gołąbki,0 min,Cm. Wolski 08,,2024-12-25 14:07:42.685597
Autobus,1063,1,164,Metro Wilanowska,0 min,Kępa Zawadowska 02,,2024-12-25 14:07:42.685597
Autobus,1074,M2,130,Ananasowa,0 min,Metro Wilanowska 17,,2024-12-25 14:07:42.685597
Autobus,1200,425,739,Metro Wilanowska,0 min,Piaseczno Julianowska-Cmentarz 01,,2024-12-25 14:07:42.685597
Autobus,1211,3,166,Os. Kabaty,0 min,Pl. Hallera 18,,2024-12-25 14:07:42.685597
Autobus,1214,634,165,Wyczółki,0 min,Metro Wilanowska 16,,2024-12-25 14:07:42.685597
Autobus,1216,657,166,Pl. Hallera,0 min,Os. Kabaty 03,,2024-12-25 14:07:42.685597
Autobus,1217,427,709,Metro Wilanowska,0 min,Piaseczno Szkolna 01,,2024-12-25 14:07:42.685597
Autobus,1218,631,218,Metro Wierzbno,0 min,Metro Wilanowska 16,,2024-12-25 14:07:42.685597
Autobus,1220,423,739,Piaseczno Julianowska-Cmentarz,0 min,Metro Wilanowska 17,,2024-12-25 14:07:42.685597
Autobus,1414,1,119,Wiśniowa Góra,0 min,Rakowiecka-Sanktuarium 06,,2024-12-25 14:07:42.685597
Autobus,1421,2,173,Stara Miłosna (Graniczna),0 min,Dw. Wschodni (Lubelska) 06,,2024-12-25 14:07:42.685597
Autobus,1422,3,115,PKP Mokry Ług,0 min,Aleksandrów 01,,2024-12-25 14:07:42.685597
Autobus,15081,M5,L10,Wieliszew-Plaża,0 min,PKP Legionowo 01,,2024-12-25 14:07:42.685597
Autobus,1539,441,146,Falenica,0 min,Dw. Wschodni (Lubelska) 01,,2024-12-25 14:07:42.685597
Autobus,15086,3,L-9,PKP Legionowo,0 min,Wieliszew-Plaża 01,,2024-12-25 14:07:42.685597
Autobus,15088,2,L41,PKP Legionowo,0 min,Nowy Dwór Mazowiecki Urząd Miasta 01,,2024-12-25 14:07:42.685597
Autobus,15090,2,L11,Nowy Dwór Mazowiecki Urząd Miasta,0 min,PKP Legionowo 01,,2024-12-25 14:07:42.685597
Autobus,1525,5,141,Witolin,0 min,P+R Al. Krakowska 07,,2024-12-25 14:07:42.685597
Autobus,1529,4,119,Rakowiecka-Sanktuarium,0 min,Wiśniowa Góra 03,,2024-12-25 14:07:42.685597
Autobus,1532,1,251,Konstancin-Jeziorna CH Stara Papiernia,0 min,Metro Wilanowska 15,,2024-12-25 14:07:42.685597
Autobus,1539,441,146,Falenica,0 min,Dw. Wschodni (Lubelska) 01,,2024-12-25 14:07:42.685597
Autobus,1549,3,183,Zielona,0 min,Wiatraczna 15,,2024-12-25 14:07:42.685597
Autobus,1550,439,146,Dw. Wschodni (Lubelska),0 min,Falenica 04,,2024-12-25 14:07:42.685597
Autobus,1904,1,106,Ostroroga,0 min,Mariensztat 01,,2024-12-25 14:07:42.685597
Autobus,1905,3,106,Mariensztat,0 min,Ostroroga 05,,2024-12-25 14:07:42.685597
Autobus,1906,4,106,Mariensztat,0 min,Ostroroga 05,,2024-12-25 14:07:42.685597
Autobus,2002,4,162,Pl. Hallera,0 min,EC Siekierki 03,,2024-12-25 14:07:42.685597
Autobus,2216,1,517,Pl. Trzech Krzyży,0 min,Ursus-Niedźwiadek 03,,2024-12-25 14:07:42.685597
Autobus,2234,4,191,Pl. Narutowicza,0 min,Regulska 01,,2024-12-25 14:07:42.685597
Autobus,25188,1,L20,Rzakta,0 min,Otwock Orla 01,,2024-12-25 14:07:42.685597
Autobus,3408,62,705,Metro Marymont,0 min,Rynia 01,,2024-12-25 14:07:42.685597
Autobus,3445,1,731,Żerań FSO,0 min,Legionowo Os. Młodych 01,,2024-12-25 14:07:42.685597
Autobus,3447,63,735,Metro Marymont,0 min,Zegrze Płd. 03,,2024-12-25 14:07:42.685597
Autobus,4409,1,157,Gwiaździsta,0 min,Szczęśliwice 02,,2024-12-25 14:07:42.685597
Autobus,4417,3,169,Bródno-Podgrodzie,0 min,Dw. Wschodni (Kijowska) 07,,2024-12-25 14:07:42.685597
Autobus,4422,1,240,Metro Kondratowicza,0 min,Marki Pustelnik 03,,2024-12-25 14:07:42.685597
Autobus,4423,1,169,Dw. Wschodni (Kijowska),0 min,Bródno-Podgrodzie 06,,2024-12-25 14:07:42.685597
Autobus,5207,5,177,Ursus-Niedźwiadek,0 min,Os. Górczewska 53,,2024-12-25 14:07:42.685597
Autobus,5238,2,716,Piastów Ogińskiego,0 min,Cm. Wolski 06,,2024-12-25 14:07:42.685597
Autobus,5256,1,191,Regulska,0 min,Pl. Narutowicza 15,,2024-12-25 14:07:42.685597
Autobus,5403,3,140,Marki Czarna Struga,0 min,Metro Trocka 09,,2024-12-25 14:07:42.685597
Autobus,5405,9,509,Winnica,0 min,Gocław 03,,2024-12-25 14:07:42.685597
Autobus,5414,801,409,Bródno-Podgrodzie,0 min,Cm. Północny-Brama Zach. 03,,2024-12-25 14:07:42.685597
Autobus,5422,2,112,Nowe Bemowo,0 min,CH Marki 04,,2024-12-25 14:07:42.685597
Autobus,5424,447,409,Cm. Północny-Brama Zach.,0 min,Bródno-Podgrodzie 04,,2024-12-25 14:07:42.685597
Autobus,5442,65,735,Zegrze Płd.,0 min,Metro Marymont 15,,2024-12-25 14:07:42.685597
Autobus,5454,4,120,Dw. Wschodni (Kijowska),0 min,Olesin 01,,2024-12-25 14:07:42.685597
Autobus,5870,402,128,Szczęśliwice,0 min,Pl. Piłsudskiego 04,,2024-12-25 14:07:42.685597
Autobus,5883,1,127,Browarna,0 min,Nowe Włochy 01,,2024-12-25 14:07:42.685597
Autobus,5890,2,503,Natolin Płn.,0 min,Konwiktorska 01,,2024-12-25 14:07:42.685597
Autobus,5891,4,127,Nowe Włochy,0 min,Browarna 02,,2024-12-25 14:07:42.685597
Autobus,5894,400,128,Pl. Piłsudskiego,0 min,Szczęśliwice 05,,2024-12-25 14:07:42.685597
Autobus,5442,65,735,Zegrze Płd.,0 min,Metro Marymont 15,,2024-12-25 14:07:42.685597
Autobus,5454,4,120,Dw. Wschodni (Kijowska),0 min,Olesin 01,,2024-12-25 14:07:42.685597
Autobus,5870,402,128,Szczęśliwice,0 min,Pl. Piłsudskiego 04,,2024-12-25 14:07:42.685597
Autobus,5883,1,127,Browarna,0 min,Nowe Włochy 01,,2024-12-25 14:07:42.685597
Autobus,5890,2,503,Natolin Płn.,0 min,Konwiktorska 01,,2024-12-25 14:07:42.685597
Autobus,5891,4,127,Nowe Włochy,0 min,Browarna 02,,2024-12-25 14:07:42.685597
Autobus,5894,400,128,Pl. Piłsudskiego,0 min,Szczęśliwice 05,,2024-12-25 14:07:42.685597
Autobus,5899,410,128,Szczęśliwice,0 min,Pl. Piłsudskiego 04,,2024-12-25 14:07:42.685597
Autobus,5901,4,180,Chomiczówka,0 min,Wilanów 04,,2024-12-25 14:07:42.685597
Autobus,5915,5,116,Chomiczówka,0 min,Wilanów 07,,2024-12-25 14:07:42.685597
Autobus,5901,4,180,Chomiczówka,0 min,Wilanów 04,,2024-12-25 14:07:42.685597
Autobus,5915,5,116,Chomiczówka,0 min,Wilanów 07,,2024-12-25 14:07:42.685597
Autobus,5919,610,111,Gocław,0 min,Esperanto 05,,2024-12-25 14:07:42.685597
Autobus,5930,3,158,Witolin,0 min,CH Reduta 01,,2024-12-25 14:07:42.685597
Autobus,5931,407,128,Pl. Piłsudskiego,0 min,Szczęśliwice 05,,2024-12-25 14:07:42.685597
Autobus,5942,606,507,Dw. Centralny,0 min,Gocław 02,,2024-12-25 14:07:42.685597
Autobus,5954,7,503,Konwiktorska,0 min,Natolin Płn. 22,,2024-12-25 14:07:42.685597
Autobus,5956,3,180,Chomiczówka,0 min,Wilanów 04,,2024-12-25 14:07:42.685597
Autobus,5958,9,180,Wilanów,0 min,Chomiczówka 05,,2024-12-25 14:07:42.685597
Autobus,5915,5,116,Chomiczówka,0 min,Wilanów 07,,2024-12-25 14:07:42.685597
Autobus,5919,610,111,Gocław,0 min,Esperanto 05,,2024-12-25 14:07:42.685597
Autobus,5930,3,158,Witolin,0 min,CH Reduta 01,,2024-12-25 14:07:42.685597
Autobus,5931,407,128,Pl. Piłsudskiego,0 min,Szczęśliwice 05,,2024-12-25 14:07:42.685597
Autobus,5942,606,507,Dw. Centralny,0 min,Gocław 02,,2024-12-25 14:07:42.685597
Autobus,5954,7,503,Konwiktorska,0 min,Natolin Płn. 22,,2024-12-25 14:07:42.685597
Autobus,5956,3,180,Chomiczówka,0 min,Wilanów 04,,2024-12-25 14:07:42.685597
Autobus,5958,9,180,Wilanów,0 min,Chomiczówka 05,,2024-12-25 14:07:42.685597
Autobus,5959,5,127,Nowe Włochy,0 min,Browarna 02,,2024-12-25 14:07:42.685597
Autobus,5968,605,507,Dw. Centralny,0 min,Gocław 02,,2024-12-25 14:07:42.685597
Autobus,6200,2,517,Pl. Trzech Krzyży,0 min,Ursus-Niedźwiadek 03,,2024-12-25 14:07:42.685597
Autobus,6208,7,172,Sadyba,0 min,CH Blue City 02,,2024-12-25 14:07:42.685597
Autobus,6210,506,124,P+R Al. Krakowska,0 min,Paluch 01,,2024-12-25 14:07:42.685597
Autobus,6213,6,517,Ursus-Niedźwiadek,0 min,Pl. Trzech Krzyży 06,,2024-12-25 14:07:42.685597
Autobus,6222,8,136,Ostroroga,0 min,Natolin Płn. 08,,2024-12-25 14:07:42.685597
Autobus,6227,2,184,Szczęśliwice,0 min,Metro Młociny 24,,2024-12-25 14:07:42.685597
Autobus,6230,1,141,P+R Al. Krakowska,0 min,Witolin 01,,2024-12-25 14:07:42.685597
Autobus,5959,5,127,Nowe Włochy,0 min,Browarna 02,,2024-12-25 14:07:42.685597
Autobus,5930,3,158,Witolin,0 min,CH Reduta 01,,2024-12-25 14:07:42.685597
Autobus,5931,407,128,Pl. Piłsudskiego,0 min,Szczęśliwice 05,,2024-12-25 14:07:42.685597
Autobus,5942,606,507,Dw. Centralny,0 min,Gocław 02,,2024-12-25 14:07:42.685597
Autobus,5954,7,503,Konwiktorska,0 min,Natolin Płn. 22,,2024-12-25 14:07:42.685597
Autobus,5956,3,180,Chomiczówka,0 min,Wilanów 04,,2024-12-25 14:07:42.685597
Autobus,5958,9,180,Wilanów,0 min,Chomiczówka 05,,2024-12-25 14:07:42.685597
Autobus,5959,5,127,Nowe Włochy,0 min,Browarna 02,,2024-12-25 14:07:42.685597
Autobus,5968,605,507,Dw. Centralny,0 min,Gocław 02,,2024-12-25 14:07:42.685597
Autobus,6200,2,517,Pl. Trzech Krzyży,0 min,Ursus-Niedźwiadek 03,,2024-12-25 14:07:42.685597
Autobus,6208,7,172,Sadyba,0 min,CH Blue City 02,,2024-12-25 14:07:42.685597
Autobus,6210,506,124,P+R Al. Krakowska,0 min,Paluch 01,,2024-12-25 14:07:42.685597
Autobus,6213,6,517,Ursus-Niedźwiadek,0 min,Pl. Trzech Krzyży 06,,2024-12-25 14:07:42.685597
Autobus,6222,8,136,Ostroroga,0 min,Natolin Płn. 08,,2024-12-25 14:07:42.685597
Autobus,6227,2,184,Szczęśliwice,0 min,Metro Młociny 24,,2024-12-25 14:07:42.685597
Autobus,6230,1,141,P+R Al. Krakowska,0 min,Witolin 01,,2024-12-25 14:07:42.685597
Autobus,6231,507,706,Janki Pl. Szwedzki,0 min,P+R Al. Krakowska 16,,2024-12-25 14:07:42.685597
Autobus,6243,512,124,Paluch,0 min,P+R Al. Krakowska 12,,2024-12-25 14:07:42.685597
Autobus,70034,2,L-3,Jastrzębiec,0 min,PKP Piaseczno 07,,2024-12-25 14:07:42.685597
Autobus,7208,6,523,PKP Olszynka Grochowska,0 min,Stare Bemowo 07,,2024-12-25 14:07:42.685597
Autobus,6210,506,124,P+R Al. Krakowska,0 min,Paluch 01,,2024-12-25 14:07:42.685597
Autobus,6213,6,517,Ursus-Niedźwiadek,0 min,Pl. Trzech Krzyży 06,,2024-12-25 14:07:42.685597
Autobus,6222,8,136,Ostroroga,0 min,Natolin Płn. 08,,2024-12-25 14:07:42.685597
Autobus,6227,2,184,Szczęśliwice,0 min,Metro Młociny 24,,2024-12-25 14:07:42.685597
Autobus,6230,1,141,P+R Al. Krakowska,0 min,Witolin 01,,2024-12-25 14:07:42.685597
Autobus,6231,507,706,Janki Pl. Szwedzki,0 min,P+R Al. Krakowska 16,,2024-12-25 14:07:42.685597
Autobus,6243,512,124,Paluch,0 min,P+R Al. Krakowska 12,,2024-12-25 14:07:42.685597
Autobus,70034,2,L-3,Jastrzębiec,0 min,PKP Piaseczno 07,,2024-12-25 14:07:42.685597
Autobus,7208,6,523,PKP Olszynka Grochowska,0 min,Stare Bemowo 07,,2024-12-25 14:07:42.685597
Autobus,7239,1,105,Os. Górczewska,0 min,Rondo Daszyńskiego 02,,2024-12-25 14:07:42.685597
Autobus,7240,4,172,Sadyba,0 min,CH Blue City 02,,2024-12-25 14:07:42.685597
Autobus,8324,2,131,Dw. Centralny,0 min,Sadyba 05,,2024-12-25 14:07:42.685597
Autobus,8342,3,519,Powsin-Park Kultury,0 min,Metro Wilanowska 15,,2024-12-25 14:07:42.685597
Autobus,8345,2,709,Metro Wilanowska,0 min,PKP Piaseczno 04,,2024-12-25 14:07:42.685597
Autobus,8353,1,217,Metro Wilanowska,0 min,Natolin Płn. 04,,2024-12-25 14:07:42.685597
Autobus,8447,5,112,CH Marki,0 min,Nowe Bemowo 10,,2024-12-25 14:07:42.685597
Autobus,8457,3,723,PKP Legionowo Przystanek,0 min,Żerań FSO 10,,2024-12-25 14:07:42.685597
Autobus,8502,3,731,Legionowo Os. Młodych,0 min,Żerań FSO 10,,2024-12-25 14:07:42.685597
Pociąg,2019,,WKD,Milanówek Grudów,0 min,Komorów,,2024-12-25 14:07:42.685597
Pociąg,1047,,WKD,Grodzisk Mazowiecki Radońska,0 min,Warszawa Reduta Ordona,,2024-12-25 14:07:42.685597
Pociąg,1045,,WKD,Grodzisk Mazowiecki Radońska,0 min,Kazimierówka,,2024-12-25 14:07:42.685597
Pociąg,2020,,WKD,Komorów,0 min,Milanówek Grudów,,2024-12-25 14:07:42.685597
Pociąg,1044,,WKD,Warszawa Śródmieście WKD,0 min,Komorów,,2024-12-25 14:07:42.685597
Autobus,15092,1,L41,Nowy Dwór Mazowiecki Urząd Miasta,0 min,PKP Legionowo 01,,2024-12-25 14:07:42.685597
Tramwaj,3243,12,9,P+R Al. Krakowska,0 min,Wiatraczna 11,,2024-12-25 14:07:42.685597
Autobus,5912,408,175,Lotnisko Chopina,0 min,Rakowiec 01,,2024-12-25 14:07:42.685597
Tramwaj,3122,1,7,P+R Al. Krakowska,0 min,Muzeum Narodowe 06,,2024-12-25 14:07:42.685597
Autobus,3459,3,132,Metro Marymont,0 min,PKP Toruńska 03,,2024-12-25 14:07:42.685597
Autobus,6239,3,184,Metro Młociny,0 min,Andersena 04,,2024-12-25 14:07:42.685597
Autobus,8359,7,189,Os. Górczewska,0 min,Stegny 02,,2024-12-25 14:07:42.685597
Tramwaj,3278,7,33,Kielecka,0 min,Dw. Centralny 09,,2024-12-25 14:07:42.685597
Autobus,4328,2,152,Tarchomin,0 min,Białołęka Dworska 01,,2024-12-25 14:07:42.685597
Autobus,9346,644,199,Rembertów-Strzelnica,0 min,Bródno-Podgrodzie 01,,2024-12-25 14:07:42.685597
Autobus,3459,3,132,Metro Marymont,0 min,PKP Toruńska 03,,2024-12-25 14:07:42.685597
Autobus,8359,7,189,Os. Górczewska,0 min,Stegny 02,,2024-12-25 14:07:42.685597
Autobus,9822,3,710,Piaseczno Targowisko,0 min,Piaseczno Chyliczkowska-Technikum 01,,2024-12-25 14:07:42.685597
Pociąg,1047,,WKD,Grodzisk Mazowiecki Radońska,0 min,Warszawa Reduta Ordona,,2024-12-25 14:07:42.685597
Pociąg,1045,,WKD,Grodzisk Mazowiecki Radońska,0 min,Kazimierówka,,2024-12-25 14:07:42.685597
Pociąg,2020,,WKD,Komorów,0 min,Milanówek Grudów,,2024-12-25 14:07:42.685597
Pociąg,1044,,WKD,Warszawa Śródmieście WKD,0 min,Komorów,,2024-12-25 14:07:42.685597
Autobus,15092,1,L41,Nowy Dwór Mazowiecki Urząd Miasta,0 min,PKP Legionowo 01,,2024-12-25 14:07:42.685597
Tramwaj,3122,1,7,P+R Al. Krakowska,0 min,Muzeum Narodowe 06,,2024-12-25 14:07:42.685597
Autobus,9346,644,199,Rembertów-Strzelnica,0 min,Bródno-Podgrodzie 01,,2024-12-25 14:07:42.685597
Autobus,3459,3,132,Metro Marymont,0 min,PKP Toruńska 03,,2024-12-25 14:07:42.685597
Autobus,8359,7,189,Os. Górczewska,0 min,Stegny 02,,2024-12-25 14:07:42.685597
Autobus,9822,3,710,Piaseczno Targowisko,0 min,Piaseczno Chyliczkowska-Technikum 01,,2024-12-25 14:07:42.685597
Autobus,4328,2,152,Tarchomin,0 min,Białołęka Dworska 01,,2024-12-25 14:07:42.685597
Tramwaj,3231,6,15,Marymont-Potok,0 min,Gen. Zajączka 04,,2024-12-25 14:07:42.685597
Autobus,1807,3,197,Gwiaździsta,0 min,Sowińskiego 03,,2024-12-25 14:07:42.685597
Autobus,7817,7,523,Stare Bemowo,0 min,Góralska 02,,2024-12-25 14:07:42.685597
Autobus,9912,496,186,Nowodwory,0 min,Kanał Żerański 02,,2024-12-25 14:07:42.685597
Tramwaj,3224,2,17,Winnica,0 min,Stare Świdry 04,,2024-12-25 14:07:42.685597
Autobus,1553,2,169,Bródno-Podgrodzie,0 min,Niwa 02,,2024-12-25 14:07:42.685597
Autobus,3455,64,705,Nowe Załubice Opolska,0 min,Kobiałka 02,,2024-12-25 14:07:42.685597
Autobus,80112,1,L33,Piaseczno Wilanowska,0 min,Zamienie Bakaliowa 01,,2024-12-25 14:07:42.685597
Tramwaj,3231,6,15,Marymont-Potok,0 min,Gen. Zajączka 04,,2024-12-25 14:07:42.685597
Autobus,1807,3,197,Gwiaździsta,0 min,Sowińskiego 03,,2024-12-25 14:07:42.685597
Autobus,7817,7,523,Stare Bemowo,0 min,Góralska 02,,2024-12-25 14:07:42.685597
Autobus,9912,496,186,Nowodwory,0 min,Kanał Żerański 02,,2024-12-25 14:07:42.685597
Tramwaj,3224,2,17,Winnica,0 min,Stare Świdry 04,,2024-12-25 14:07:42.685597
Autobus,1005,1,213,Gocław,0 min,Lucerny 03,,2024-12-25 14:07:42.685597
Autobus,3467,2,132,Os. Derby,0 min,PKP Toruńska 04,,2024-12-25 14:07:42.685597
Tramwaj,3219,541,1,Annopol,0 min,Pl. Zawiszy 14,,2024-12-25 14:07:42.685597
Autobus,4404,1,170,Elsnerów,0 min,Inżynierska 01,,2024-12-25 14:07:42.685597
Autobus,7230,1,711,P+R Nadarzyn,0 min,Nadarzyn Komorowska-Hotel 02,,2024-12-25 14:07:42.685597
Tramwaj,3207,24,1,Annopol,0 min,Powązkowska 03,,2024-12-25 14:07:42.685597
Tramwaj,3270,10,33,Kielecka,0 min,Bogusławskiego 03,,2024-12-25 14:07:42.685597
Autobus,8559,1,519,Metro Wilanowska,0 min,Andrutowa 02,,2024-12-25 14:07:42.685597
Tramwaj,3212,522,3,Gocławek,0 min,Metro Bródno 01,,2024-12-25 14:07:42.685597
Tramwaj,3224,2,17,Winnica,0 min,Stare Świdry 04,,2024-12-25 14:07:42.685597
Tramwaj,3819,1,28,Dw. Wschodni (Kijowska),0 min,Baseny Inflancka 03,,2024-12-25 14:07:42.685597
Tramwaj,4266,8,33,Kielecka,0 min,Rondo „Radosława” 05,,2024-12-25 14:07:42.685597
Tramwaj,4268,3,16,Piaski,0 min,Rondo „Radosława” 10,,2024-12-25 14:07:42.685597
Autobus,8559,1,519,Metro Wilanowska,0 min,Andrutowa 02,,2024-12-25 14:07:42.685597
Tramwaj,3212,522,3,Gocławek,0 min,Metro Bródno 01,,2024-12-25 14:07:42.685597
Tramwaj,3224,2,17,Winnica,0 min,Stare Świdry 04,,2024-12-25 14:07:42.685597
Tramwaj,3819,1,28,Dw. Wschodni (Kijowska),0 min,Baseny Inflancka 03,,2024-12-25 14:07:42.685597
Tramwaj,4266,8,33,Kielecka,0 min,Rondo „Radosława” 05,,2024-12-25 14:07:42.685597
Tramwaj,4268,3,16,Piaski,0 min,Rondo „Radosława” 10,,2024-12-25 14:07:42.685597
Autobus,1545,62,722,Os. Radiówek,0 min,Kwatery Głównej 02,,2024-12-25 14:07:42.685597
Autobus,8529,1,166,Os. Kabaty,0 min,Nowoursynowska 03,,2024-12-25 14:07:42.685597
Tramwaj,3231,6,15,Marymont-Potok,0 min,Gen. Zajączka 04,,2024-12-25 14:07:42.685597
Autobus,5234,5,191,Regulska,0 min,Adamieckiego 02,,2024-12-25 14:07:42.685597
Autobus,5933,613,111,Esperanto,0 min,Afrykańska 02,,2024-12-25 14:07:42.685597
Autobus,3455,64,705,Nowe Załubice Opolska,0 min,Długorzeczna 02,,2024-12-25 14:07:42.685597
Autobus,5933,613,111,Esperanto,0 min,Afrykańska 02,,2024-12-25 14:07:42.685597
Autobus,9089,71,176,Metro Bródno,0 min,Marcelin 01,,2024-12-25 14:07:42.685597
Autobus,1545,62,722,Os. Radiówek,0 min,Gocławek 02,,2024-12-25 14:07:42.685597
Autobus,1530,2,115,PKP Mokry Ług,0 min,Kolarska 02,,2024-12-25 14:07:42.685597
Autobus,4207,3,713,Cm. Wolski,0 min,P+R Połczyńska 01,,2024-12-25 14:07:42.685597
Autobus,7230,1,711,P+R Nadarzyn,0 min,Nadarzyn Komorowska-Hotel 02,,2024-12-25 14:07:42.685597
Tramwaj,3128,4,7,Kawęczyńska-Bazylika,0 min,Bitwy Warszawskiej 1920 r. 03,,2024-12-25 14:07:42.685597
Autobus,5933,613,111,Esperanto,0 min,Afrykańska 02,,2024-12-25 14:07:42.685597
Autobus,9089,71,176,Metro Bródno,0 min,Marcelin 01,,2024-12-25 14:07:42.685597
Autobus,1545,62,722,Os. Radiówek,0 min,Gocławek 02,,2024-12-25 14:07:42.685597
Autobus,1530,2,115,PKP Mokry Ług,0 min,Kolarska 02,,2024-12-25 14:07:42.685597
Autobus,4207,3,713,Cm. Wolski,0 min,P+R Połczyńska 01,,2024-12-25 14:07:42.685597
Autobus,7230,1,711,P+R Nadarzyn,0 min,Nadarzyn Komorowska-Hotel 02,,2024-12-25 14:07:42.685597
Tramwaj,3128,4,7,Kawęczyńska-Bazylika,0 min,Bitwy Warszawskiej 1920 r. 03,,2024-12-25 14:07:42.685597
Tramwaj,3286,4,33,Metro Młociny,0 min,Dw. Centralny 10,,2024-12-25 14:07:42.685597
Autobus,1429,4,115,Aleksandrów,0 min,Tomaszowska 01,,2024-12-25 14:07:42.685597
Tramwaj,3249,5,9,P+R Al. Krakowska,0 min,Park Skaryszewski 03,,2024-12-25 14:07:42.685597
Tramwaj,3284,3,3,Gocławek,0 min,Lubelska 04,,2024-12-25 14:07:42.685597
Tramwaj,3819,1,28,Dw. Wschodni (Kijowska),0 min,Dw. Gdański 07,,2024-12-25 14:07:42.685597
Autobus,9079,M3,161,Zbójna Góra,0 min,Tawułkowa 04,,2024-12-25 14:07:42.685597
Autobus,7331,2,525,Międzylesie,0 min,Międzylesie 01,,2024-12-25 14:07:42.685597
Autobus,9511,2,178,Konwiktorska,0 min,Pl. Teatralny 04,,2024-12-25 14:07:42.685597
Autobus,9912,496,186,Nowodwory,0 min,Kanał Żerański 02,,2024-12-25 14:07:42.685597
Tramwaj,4281,9,33,Kielecka,0 min,Włościańska 03,,2024-12-25 14:07:42.685597
Autobus,9354,4,135,Pl. Hallera,0 min,Łukowska 01,,2024-12-25 14:07:42.685597
Tramwaj,3225,1,9,Wiatraczna,0 min,Krucza 05,,2024-12-25 14:07:42.685597
Autobus,70001,1,L39,Mysiadło Dąbrówka,1 min przed czasem,Piaseczno Strumykowa 02,,2024-12-25 14:07:42.685597
Autobus,9349,845,245,Bródno-Podgrodzie,1 min przed czasem,Młodzieńcza 02,,2024-12-25 14:07:42.685597
Autobus,4307,2,134,Metro Marymont,1 min przed czasem,Zdziarska 01,,2024-12-25 14:07:42.685597
Autobus,1204,632,165,Metro Wilanowska,1 min przed czasem,Cybernetyki 02,,2024-12-25 14:07:42.685597
Autobus,3434,2,731,Legionowo Os. Młodych,1 min przed czasem,Buków 04,,2024-12-25 14:07:42.685597
Autobus,9070,456,211,Kępa Tarchomińska,1 min przed czasem,Stare Świdry 02,,2024-12-25 14:07:42.685597
Tramwaj,3237,4,9,P+R Al. Krakowska,1 min przed czasem,Pl. Narutowicza 08,,2024-12-25 14:07:42.685597
Autobus,5205,3,716,Cm. Wolski,1 min przed czasem,Śmigielska 01,,2024-12-25 14:07:42.685597
Autobus,5415,1,527,Grodzisk,1 min przed czasem,Grodzisk 06,,2024-12-25 14:07:42.685597
Autobus,1060,1,139,Ogród Botaniczny,1 min przed czasem,Konstancin-Jeziorna Borowa 01,,2024-12-25 14:07:42.685597
Autobus,7730,319,525,Dw. Centralny,1 min przed czasem,Przyczółek Grochowski 03,,2024-12-25 14:07:42.685597
Autobus,9822,3,710,Piaseczno Targowisko,1 min przed czasem,Piaseczno Chyliczkowska-Technikum 03,,2024-12-25 14:07:42.685597
Autobus,1536,5,119,Wiśniowa Góra,1 min przed czasem,Narodowa 01,,2024-12-25 14:07:42.685597
Autobus,8825,6,504,Os. Kabaty,1 min przed czasem,Pomnik Lotnika 01,,2024-12-25 14:07:42.685597
Autobus,9506,2,159,CH Blue City,1 min przed czasem,Wiejska 02,,2024-12-25 14:07:42.685597
Autobus,9935,7,114,Młociny-UKSW,1 min przed czasem,Pl. Wilsona 06,,2024-12-25 14:07:42.685597
Autobus,7819,5,525,Międzylesie,1 min przed czasem,Centrum 01,,2024-12-25 14:07:42.685597
Autobus,9822,3,710,Piaseczno Targowisko,1 min przed czasem,Piaseczno Chyliczkowska-Technikum 03,,2024-12-25 14:07:42.685597
Autobus,1536,5,119,Wiśniowa Góra,1 min przed czasem,Narodowa 01,,2024-12-25 14:07:42.685597
Autobus,8825,6,504,Os. Kabaty,1 min przed czasem,Pomnik Lotnika 01,,2024-12-25 14:07:42.685597
Autobus,9506,2,159,CH Blue City,1 min przed czasem,Wiejska 02,,2024-12-25 14:07:42.685597
Tramwaj,4117,3,17,Winnica,1 min przed czasem,Pl. Grunwaldzki 04,,2024-12-25 14:07:42.685597
Autobus,4414,5,169,Dw. Wschodni (Kijowska),1 min przed czasem,Niwa 01,,2024-12-25 14:07:42.685597
Autobus,1536,5,119,Wiśniowa Góra,1 min przed czasem,Narodowa 01,,2024-12-25 14:07:42.685597
Autobus,9506,2,159,CH Blue City,1 min przed czasem,Wiejska 02,,2024-12-25 14:07:42.685597
Autobus,7716,5,509,Gocław,1 min przed czasem,Wał Gocławski 01,,2024-12-25 14:07:42.685597
Autobus,9503,5,103,Metro Młociny,1 min przed czasem,Pl. Pole Elekcyjne 06,,2024-12-25 14:07:42.685597
Autobus,8590,3,738,P+R Radzymin,1 min przed czasem,Radzymin Korczaka 02,,2024-12-25 14:07:42.685597
Autobus,7881,4,520,Marysin,1 min przed czasem,Płowiecka 04,,2024-12-25 14:07:42.685597
Autobus,8825,6,504,Os. Kabaty,1 min przed czasem,Pomnik Lotnika 01,,2024-12-25 14:07:42.685597
Autobus,9935,7,114,Młociny-UKSW,1 min przed czasem,Pl. Wilsona 06,,2024-12-25 14:07:42.685597
Autobus,7215,8,523,Stare Bemowo,1 min przed czasem,Dw. Zachodni 02,,2024-12-25 14:07:42.685597
Autobus,7730,319,525,Dw. Centralny,1 min przed czasem,Przyczółek Grochowski 03,,2024-12-25 14:07:42.685597
Autobus,9506,2,159,CH Blue City,1 min przed czasem,Wiejska 02,,2024-12-25 14:07:42.685597
Autobus,7716,5,509,Gocław,1 min przed czasem,Wał Gocławski 01,,2024-12-25 14:07:42.685597
Autobus,9503,5,103,Metro Młociny,1 min przed czasem,Pl. Pole Elekcyjne 06,,2024-12-25 14:07:42.685597
Autobus,8590,3,738,P+R Radzymin,1 min przed czasem,Radzymin Korczaka 02,,2024-12-25 14:07:42.685597
Autobus,7881,4,520,Marysin,1 min przed czasem,Płowiecka 04,,2024-12-25 14:07:42.685597
Autobus,8825,6,504,Os. Kabaty,1 min przed czasem,Pomnik Lotnika 01,,2024-12-25 14:07:42.685597
Autobus,9935,7,114,Młociny-UKSW,1 min przed czasem,Pl. Wilsona 06,,2024-12-25 14:07:42.685597
Autobus,7215,8,523,Stare Bemowo,1 min przed czasem,Dw. Zachodni 02,,2024-12-25 14:07:42.685597
Autobus,7730,319,525,Dw. Centralny,1 min przed czasem,Przyczółek Grochowski 03,,2024-12-25 14:07:42.685597
Autobus,8312,3,136,Natolin Płn.,1 min przed czasem,PKP Wola (Kasprzaka) 05,,2024-12-25 14:07:42.685597
Autobus,9901,473,114,Bródno-Podgrodzie,1 min przed czasem,Pl. Wilsona 09,,2024-12-25 14:07:42.685597
Tramwaj,3148,6,10,Os. Górczewska,1 min przed czasem,Dw. Centralny 10,,2024-12-25 14:07:42.685597
Autobus,9560,3,178,Konwiktorska,1 min przed czasem,Popularna 01,,2024-12-25 14:07:42.685597
Autobus,7868,2,704,Wiatraczna,1 min przed czasem,Nowy Konik Terespolska 01,,2024-12-25 14:07:42.685597
Autobus,9803,1,185,Gwiaździsta,1 min przed czasem,Bergamotki 02,,2024-12-25 14:07:42.685597
Autobus,9535,4,103,Metro Młociny,1 min przed czasem,AWF 06,,2024-12-25 14:07:42.685597
Autobus,8456,4,112,CH Marki,1 min przed czasem,Żerań FSO 04,,2024-12-25 14:07:42.685597
Autobus,1223,5,251,Konstancin-Jeziorna Pańska,1 min przed czasem,Konstancin-Jeziorna Polna 01,,2024-12-25 14:07:42.685597
Autobus,8456,4,112,CH Marki,1 min przed czasem,Żerań FSO 04,,2024-12-25 14:07:42.685597
Tramwaj,3292,6,24,Nowe Bemowo,1 min przed czasem,Centrum 10,,2024-12-25 14:07:42.685597
Autobus,1223,5,251,Konstancin-Jeziorna Pańska,1 min przed czasem,Konstancin-Jeziorna Polna 01,,2024-12-25 14:07:42.685597
Autobus,1535,3,251,Metro Wilanowska,1 min przed czasem,Konstancin-Jeziorna Park Zdrojowy 02,,2024-12-25 14:07:42.685597
Autobus,9320,3,179,Os. Kabaty,1 min przed czasem,Ursynów Płd. 02,,2024-12-25 14:07:42.685597
Autobus,9853,5,167,Siekierki-Sanktuarium,1 min przed czasem,Ordona-WSA 01,,2024-12-25 14:07:42.685597
Tramwaj,3250,25,17,Metro Marymont,1 min przed czasem,Wołoska 04,,2024-12-25 14:07:42.685597
Autobus,8520,1,172,Sadyba,1 min przed czasem,Klarysewska 01,,2024-12-25 14:07:42.685597
Autobus,9070,456,211,Kępa Tarchomińska,1 min przed czasem,Stare Świdry 02,,2024-12-25 14:07:42.685597
Autobus,9202,571,192,Ursynów Płd.,1 min przed czasem,Ursynów Płd. 06,,2024-12-25 14:07:42.685597
Tramwaj,4285,10,16,Muranowska,1 min przed czasem,Spacerowa 06,,2024-12-25 14:07:42.685597
Autobus,7732,1,151,Pl. Konstytucji,1 min przed czasem,Rechniewskiego 01,,2024-12-25 14:07:42.685597
Autobus,9908,7,186,Szczęśliwice,1 min przed czasem,Park Kaskada 06,,2024-12-25 14:07:42.685597
Autobus,8894,3,138,Bokserska,1 min przed czasem,Rakowiecka 01,,2024-12-25 14:07:42.685597
Tramwaj,3820,6,28,Os. Górczewska,1 min przed czasem,Dw. Gdański 08,,2024-12-25 14:07:42.685597
Tramwaj,4283,4,16,Piaski,1 min przed czasem,Hoża 04,,2024-12-25 14:07:42.685597
Autobus,1070,2,163,Centrum Onkologii,1 min przed czasem,Betoniarnia 02,,2024-12-25 14:07:42.685597
Autobus,3434,2,731,Legionowo Os. Młodych,1 min przed czasem,Buków 04,,2024-12-25 14:07:42.685597
Autobus,9811,8,185,Gwiaździsta,1 min przed czasem,Pomnik Sapera 02,,2024-12-25 14:07:42.685597
Autobus,7732,1,151,Pl. Konstytucji,1 min przed czasem,Rechniewskiego 01,,2024-12-25 14:07:42.685597
Autobus,9908,7,186,Szczęśliwice,1 min przed czasem,Park Kaskada 06,,2024-12-25 14:07:42.685597
Autobus,8894,3,138,Bokserska,1 min przed czasem,Rakowiecka 01,,2024-12-25 14:07:42.685597
Tramwaj,3820,6,28,Os. Górczewska,1 min przed czasem,Dw. Gdański 08,,2024-12-25 14:07:42.685597
Tramwaj,4283,4,16,Piaski,1 min przed czasem,Hoża 04,,2024-12-25 14:07:42.685597
Autobus,1070,2,163,Centrum Onkologii,1 min przed czasem,Betoniarnia 02,,2024-12-25 14:07:42.685597
Autobus,3434,2,731,Legionowo Os. Młodych,1 min przed czasem,Buków 04,,2024-12-25 14:07:42.685597
Autobus,9811,8,185,Gwiaździsta,1 min przed czasem,Pomnik Sapera 02,,2024-12-25 14:07:42.685597
Autobus,1219,633,165,Wyczółki,1 min przed czasem,Jurajska 01,,2024-12-25 14:07:42.685597
Tramwaj,3142,524,1,Annopol,1 min przed czasem,Metro Bródno 02,,2024-12-25 14:07:42.685597
Tramwaj,3830,5,20,Boernerowo,1 min przed czasem,Siodlarska 02,,2024-12-25 14:07:42.685597
Tramwaj,3267,6,4,Wyścigi,1 min przed czasem,Trasa Łazienkowska 01,,2024-12-25 14:07:42.685597
Tramwaj,3293,6,22,Wiatraczna,1 min przed czasem,Rondo „Radosława” 09,,2024-12-25 14:07:42.685597
Tramwaj,3820,6,28,Os. Górczewska,1 min przed czasem,Baseny Inflancka 04,,2024-12-25 14:07:42.685597
Autobus,4419,2,157,Szczęśliwice,1 min przed czasem,Pl. Zawiszy 04,,2024-12-25 14:07:42.685597
Autobus,9202,571,192,Ursynów Płd.,1 min przed czasem,Ursynów Płd. 06,,2024-12-25 14:07:42.685597
Autobus,9918,498,186,Szczęśliwice,1 min przed czasem,Rondo Zesłańców Syberyjskich 03,,2024-12-25 14:07:42.685597
Autobus,1219,633,165,Wyczółki,1 min przed czasem,Jurajska 01,,2024-12-25 14:07:42.685597
Tramwaj,3142,524,1,Annopol,1 min przed czasem,Metro Bródno 02,,2024-12-25 14:07:42.685597
Tramwaj,3830,5,20,Boernerowo,1 min przed czasem,Siodlarska 02,,2024-12-25 14:07:42.685597
Tramwaj,4225,9,16,Muranowska,1 min przed czasem,Muranów 06,,2024-12-25 14:07:42.685597
Autobus,7242,508,728,Złotokłos,1 min przed czasem,Janki Działkowa 02,,2024-12-25 14:07:42.685597
Autobus,7881,4,520,Marysin,1 min przed czasem,Płowiecka 04,,2024-12-25 14:07:42.685597
Autobus,7233,1,184,Szczęśliwice,1 min przed czasem,Orlich Gniazd 03,,2024-12-25 14:07:42.685597
Autobus,1907,2,106,Mariensztat,1 min przed czasem,Topiel 01,,2024-12-25 14:07:42.685597
Autobus,5928,1,158,Witolin,1 min przed czasem,Łukowska 04,,2024-12-25 14:07:42.685597
Autobus,8590,3,738,P+R Radzymin,1 min przed czasem,Radzymin Korczaka 02,,2024-12-25 14:07:42.685597
Autobus,4204,2,713,Koprki Agricoop,1 min przed czasem,Mory 02,,2024-12-25 14:07:42.685597
Autobus,4215,4,154,Dw. Zachodni,1 min przed czasem,Komitetu Obrony Robotników 02,,2024-12-25 14:07:42.685597
Autobus,9823,M5,710,Os. Kabaty,1 min przed czasem,Metro Kabaty 02,,2024-12-25 14:07:42.685597
Autobus,6217,5,517,Ursus-Niedźwiadek,2 min przed czasem,Pl. Narutowicza 02,,2024-12-25 14:07:42.685597
Autobus,4428,1,736,Legionowo Mickiewicza,2 min przed czasem,PKP Legionowo 03,,2024-12-25 14:07:42.685597
Tramwaj,4219,1,11,Cm. Wolski,2 min przed czasem,PKP Wola (Kasprzaka) 04,,2024-12-25 14:07:42.685597
Autobus,1523,1,702,Wiatraczna,2 min przed czasem,Sitowie 02,,2024-12-25 14:07:42.685597
Tramwaj,3801,4,6,Gocławek,2 min przed czasem,Pl. Szembeka 04,,2024-12-25 14:07:42.685597
Autobus,9520,51,737,Ursynów Płn.,2 min przed czasem,Bobrowiec Kolonia Lesznowola 01,,2024-12-25 14:07:42.685597
Autobus,9560,3,178,Konwiktorska,2 min przed czasem,Popularna 01,,2024-12-25 14:07:42.685597
Autobus,9344,643,199,Rembertów-Strzelnica,2 min przed czasem,Zawodowa 01,,2024-12-25 14:07:42.685597
Autobus,8540,2,519,Powsin-Park Kultury,2 min przed czasem,Rosochata 01,,2024-12-25 14:07:42.685597
Autobus,9802,4,167,Siekierki-Sanktuarium,2 min przed czasem,Goworka 01,,2024-12-25 14:07:42.685597
Autobus,8810,1,138,Utrata,2 min przed czasem,Bokserska 05,,2024-12-25 14:07:42.685597
Autobus,9335,6,179,Ursynów Płn.,2 min przed czasem,Ursynów Płd. 04,,2024-12-25 14:07:42.685597
Autobus,5425,3,112,CH Marki,2 min przed czasem,Geodezyjna 02,,2024-12-25 14:07:42.685597
Autobus,9340,1,198,PKP Wesoła,2 min przed czasem,Stara Miłosna (Ułańska) 01,,2024-12-25 14:07:42.685597
Autobus,8528,8,143,Dw. Zachodni,2 min przed czasem,Wiatraczna 09,,2024-12-25 14:07:42.685597
Autobus,1413,6,141,P+R Al. Krakowska,2 min przed czasem,Baleya 01,,2024-12-25 14:07:42.685597
Autobus,5972,3,116,Chomiczówka,2 min przed czasem,Centrum 04,,2024-12-25 14:07:42.685597
Autobus,7241,4,523,PKP Olszynka Grochowska,2 min przed czasem,PKP Wola (Wolska) 05,,2024-12-25 14:07:42.685597
Autobus,3458,802,409,Cm. Północny-Brama Zach.,2 min przed czasem,Cm. Północny-Brama Gł. 06,,2024-12-25 14:07:42.685597
Autobus,9335,6,179,Ursynów Płn.,2 min przed czasem,Ursynów Płd. 04,,2024-12-25 14:07:42.685597
Autobus,5425,3,112,CH Marki,2 min przed czasem,Geodezyjna 02,,2024-12-25 14:07:42.685597
Autobus,9340,1,198,PKP Wesoła,2 min przed czasem,Stara Miłosna (Ułańska) 01,,2024-12-25 14:07:42.685597
Autobus,8540,2,519,Powsin-Park Kultury,2 min przed czasem,Rosochata 01,,2024-12-25 14:07:42.685597
Autobus,1523,1,702,Wiatraczna,2 min przed czasem,Przewodowa 02,,2024-12-25 14:07:42.685597
Tramwaj,3120,7,9,Gocławek,2 min przed czasem,Wiatraczna 06,,2024-12-25 14:07:42.685597
Autobus,8345,2,709,Metro Wilanowska,2 min przed czasem,Piaseczno Dworcowa 01,,2024-12-25 14:07:42.685597
Autobus,4428,1,736,Legionowo Mickiewicza,2 min przed czasem,PKP Legionowo 03,,2024-12-25 14:07:42.685597
Autobus,6217,5,517,Ursus-Niedźwiadek,2 min przed czasem,Hala Kopińska 02,,2024-12-25 14:07:42.685597
Autobus,1413,6,141,P+R Al. Krakowska,2 min przed czasem,Baleya 01,,2024-12-25 14:07:42.685597
Autobus,8528,8,143,Dw. Zachodni,2 min przed czasem,Wiatraczna 09,,2024-12-25 14:07:42.685597
Tramwaj,3134,1,10,Wyścigi,2 min przed czasem,Bukowińska 03,,2024-12-25 14:07:42.685597
Autobus,7241,4,523,PKP Olszynka Grochowska,2 min przed czasem,PKP Wola (Wolska) 05,,2024-12-25 14:07:42.685597
Autobus,5425,3,112,CH Marki,2 min przed czasem,Geodezyjna 02,,2024-12-25 14:07:42.685597
Autobus,2236,3,517,Ursus-Niedźwiadek,2 min przed czasem,Keniga 01,,2024-12-25 14:07:42.685597
Autobus,1206,428,739,Piaseczno Julianowska-Cmentarz,2 min przed czasem,Józefosław Julianów 01,,2024-12-25 14:07:42.685597
Autobus,3458,802,409,Cm. Północny-Brama Zach.,2 min przed czasem,Cm. Północny-Brama Gł. 06,,2024-12-25 14:07:42.685597
Autobus,5972,3,116,Chomiczówka,2 min przed czasem,Centrum 04,,2024-12-25 14:07:42.685597
Autobus,9807,M8,167,Fort Radiowo,2 min przed czasem,Narwik 02,,2024-12-25 14:07:42.685597
Autobus,7241,4,523,PKP Olszynka Grochowska,2 min przed czasem,PKP Wola (Wolska) 05,,2024-12-25 14:07:42.685597
Autobus,5425,3,112,CH Marki,2 min przed czasem,Geodezyjna 02,,2024-12-25 14:07:42.685597
Autobus,2236,3,517,Ursus-Niedźwiadek,2 min przed czasem,Keniga 01,,2024-12-25 14:07:42.685597
Autobus,1206,428,739,Piaseczno Julianowska-Cmentarz,2 min przed czasem,Józefosław Julianów 01,,2024-12-25 14:07:42.685597
Autobus,3458,802,409,Cm. Północny-Brama Zach.,2 min przed czasem,Cm. Północny-Brama Gł. 06,,2024-12-25 14:07:42.685597
Autobus,5972,3,116,Chomiczówka,2 min przed czasem,Centrum 04,,2024-12-25 14:07:42.685597
Autobus,9807,M8,167,Fort Radiowo,2 min przed czasem,Narwik 02,,2024-12-25 14:07:42.685597
Autobus,6219,3,122,Os. Górczewska,2 min przed czasem,Gwiaździsta 01,,2024-12-25 14:07:42.685597
Autobus,7256,6,184,Szczęśliwice,2 min przed czasem,Grzymały-Sokołowskiego 06,,2024-12-25 14:07:42.685597
Autobus,9505,1,159,CH Blue City,2 min przed czasem,Al. Bohaterów Września 01,,2024-12-25 14:07:42.685597
Autobus,9530,651,714,Koczargi Stare,2 min przed czasem,Metro Bemowo 02,,2024-12-25 14:07:42.685597
Autobus,15082,1,L34,Olszewnica Stara,2 min przed czasem,Chotomów Boczna 02,,2024-12-25 14:07:42.685597
Autobus,5914,4,158,Witolin,2 min przed czasem,Muzeum Narodowe 01,,2024-12-25 14:07:42.685597
Autobus,7849,3,523,PKP Olszynka Grochowska,3 min przed czasem,Marszałkowska 01,,2024-12-25 14:07:42.685597
Autobus,8523,5,709,Metro Wilanowska,3 min przed czasem,Metro Wilanowska 12,,2024-12-25 14:07:42.685597
Autobus,5930,3,158,Witolin,3 min przed czasem,Śmigłowca 01,,2024-12-25 14:07:42.685597
Autobus,2233,3,141,Witolin,3 min przed czasem,Zakrzewska 01,,2024-12-25 14:07:42.685597
Autobus,8307,2,504,Dw. Centralny,3 min przed czasem,Rondo Unii Europejskiej 02,,2024-12-25 14:07:42.685597
Autobus,9328,3,142,Aleksandrów,3 min przed czasem,Ochocza 02,,2024-12-25 14:07:42.685597
Autobus,7246,1,703,P+R Al. Krakowska,3 min przed czasem,Szyszkowa 01,,2024-12-25 14:07:42.685597
Autobus,5990,M7,127,Browarna,3 min przed czasem,Niemcewicza 01,,2024-12-25 14:07:42.685597
Autobus,4247,7,122,Gwiaździsta,3 min przed czasem,Os. Górczewska 01,,2024-12-25 14:07:42.685597
Autobus,758,2,150,Metro Młociny,3 min przed czasem,Dziekanów Leśny 01,,2024-12-25 14:07:42.685597
Autobus,9524,2,103,Brylowska,3 min przed czasem,Metro Młociny 01,,2024-12-25 14:07:42.685597
Autobus,5950,1,180,Chomiczówka,3 min przed czasem,Krucza 02,,2024-12-25 14:07:42.685597
Autobus,9801,1,167,Stare Bemowo,3 min przed czasem,Ordona-WSA 02,,2024-12-25 14:07:42.685597
Autobus,1203,424,727,Antoninów Cm. Południowy-Brama Płd.,4 min przed czasem,Gołków Zielona 03,,2024-12-25 14:07:42.685597
Autobus,1540,4,141,Witolin,4 min przed czasem,Leżajska 02,,2024-12-25 14:07:42.685597
Autobus,8889,2,136,Natolin Płn.,4 min przed czasem,Konstruktorska 01,,2024-12-25 14:07:42.685597
Autobus,9311,646,245,Ząbki Maczka,4 min przed czasem,Ząbki Cmentarz 01,,2024-12-25 14:07:42.685597
Autobus,5232,1,136,Natolin Płn.,4 min przed czasem,Malinowskiego 01,,2024-12-25 14:07:42.685597
Autobus,35158,692,L19,Pieczyska,4 min przed czasem,Wola Wągrodzka Ogrodowa 03,,2024-12-25 14:07:42.685597
Autobus,9351,1,135,PKP Olszynka Grochowska,4 min przed czasem,Kompasowa 01,,2024-12-25 14:07:42.685597
Tramwaj,4205,2,2,Winnica,4 min przed czasem,Metro Młociny 28,,2024-12-25 14:07:42.685597
Autobus,9532,55,715,Ursynów Płn.,6 min przed czasem,Dunikowskiego 01,,2024-12-25 14:07:42.685597
Autobus,6237,3,189,Sadyba,6 min przed czasem,Os. Górczewska 01,,2024-12-25 14:07:42.685597
Tramwaj,4272,23,17,PKP Służewiec,6 min przed czasem,Metro Marymont 03,,2024-12-25 14:07:42.685597
Autobus,1069,2,108,Łososiowa,7 min przed czasem,Pl. Trzech Krzyży 02,,2024-12-25 14:07:42.685597
Autobus,5232,1,136,Natolin Płn.,4 min przed czasem,Malinowskiego 01,,2024-12-25 14:07:42.685597
Autobus,35158,692,L19,Pieczyska,4 min przed czasem,Wola Wągrodzka Ogrodowa 03,,2024-12-25 14:07:42.685597
Autobus,9351,1,135,PKP Olszynka Grochowska,4 min przed czasem,Kompasowa 01,,2024-12-25 14:07:42.685597
Autobus,4246,6,220,Nowe Bemowo,8 min przed czasem,Opacz-Kolonia Rebusowa 02,,2024-12-25 14:07:42.685597
Autobus,9504,862,149,Groty,8 min przed czasem,Metro Bemowo 02,,2024-12-25 14:07:42.685597
Autobus,6225,4,157,Szczęśliwice,9 min przed czasem,Gwiaździsta 04,,2024-12-25 14:07:42.685597
Tramwaj,4278,6,33,Metro Młociny,9 min przed czasem,Kielecka 02,,2024-12-25 14:07:42.685597
Autobus,5909,405,175,Pl. Piłsudskiego,11 min przed czasem,Lotnisko Chopina-Przyloty 02,,2024-12-25 14:07:42.685597
Autobus,7258,4,105,Rondo Daszyńskiego,12 min przed czasem,Os. Górczewska 01,,2024-12-25 14:07:42.685597
Tramwaj,4211,3,2,Winnica,14 min przed czasem,Metro Młociny 28,,2024-12-25 14:07:42.685597
Autobus,8526,371,174,Rondo ONZ,14 min przed czasem,Bokserska 05,,2024-12-25 14:07:42.685597
Autobus,7742,M5,148,Wiatraczna,15 min przed czasem,Lotnisko Chopina-Przyloty 02,,2024-12-25 14:07:42.685597
Autobus,8895,2,138,Utrata,21 min przed czasem,Bokserska 05,,2024-12-25 14:07:42.685597
Tramwaj,4272,23,17,PKP Służewiec,6 min przed czasem,Metro Marymont 03,,2024-12-25 14:07:42.685597
Autobus,1069,2,108,Łososiowa,7 min przed czasem,Pl. Trzech Krzyży 02,,2024-12-25 14:07:42.685597
Autobus,6216,2,523,PKP Olszynka Grochowska,7 min przed czasem,Chłopickiego 02,,2024-12-25 14:07:42.685597
Autobus,4246,6,220,Nowe Bemowo,8 min przed czasem,Opacz-Kolonia Rebusowa 02,,2024-12-25 14:07:42.685597
Autobus,9504,862,149,Groty,8 min przed czasem,Metro Bemowo 02,,2024-12-25 14:07:42.685597
Autobus,6225,4,157,Szczęśliwice,9 min przed czasem,Gwiaździsta 04,,2024-12-25 14:07:42.685597
Tramwaj,4278,6,33,Metro Młociny,9 min przed czasem,Kielecka 02,,2024-12-25 14:07:42.685597
Autobus,5909,405,175,Pl. Piłsudskiego,11 min przed czasem,Lotnisko Chopina-Przyloty 02,,2024-12-25 14:07:42.685597
Autobus,7258,4,105,Rondo Daszyńskiego,12 min przed czasem,Os. Górczewska 01,,2024-12-25 14:07:42.685597
Tramwaj,4211,3,2,Winnica,14 min przed czasem,Metro Młociny 28,,2024-12-25 14:07:42.685597
Autobus,8526,371,174,Rondo ONZ,14 min przed czasem,Bokserska 05,,2024-12-25 14:07:42.685597
Autobus,7742,M5,148,Wiatraczna,15 min przed czasem,Lotnisko Chopina-Przyloty 02,,2024-12-25 14:07:42.685597
Autobus,8895,2,138,Utrata,21 min przed czasem,Bokserska 05,,2024-12-25 14:07:42.685597
Autobus,4244,4,122,Os. Górczewska,22 min przed czasem,Gwiaździsta 01,,2024-12-25 14:07:42.685597
Autobus,4429,8,122,Gwiaździsta,23 min przed czasem,Os. Górczewska 01,,2024-12-25 14:07:42.685597
Autobus,9519,3,103,Brylowska,23 min przed czasem,Metro Młociny 01,,2024-12-25 14:07:42.685597
Autobus,1222,4,251,Metro Wilanowska,33 min przed czasem,Konstancin-Jeziorna CH Stara Papiernia 02,,2024-12-25 14:07:42.685597
