Type,Vehicle No,Brigade,Route,Trip Headsign,Delay,Stop Name,Outside,Timestamp
Autobus,5437,6,145,Żerań FSO,3 min,Bartnicza 02,,2024-12-25 05:06:59.569479
Tramwaj,3826,5,6,Gocławek,3 min,Lubelska 04,,2024-12-25 05:06:59.569479
Autobus,9837,2,167,Siekierki-Sanktuarium,3 min,Pomnik Lotnika 03,,2024-12-25 05:06:59.569479
Autobus,4423,1,169,Dw. Wschodni (Kijowska),3 min,11 Listopada 01,,2024-12-25 05:06:59.569479
Autobus,7863,9,148,Wiatraczna,3 min,Szpital Południowy 03,,2024-12-25 05:06:59.569479
Autobus,7230,1,711,P+R Al. Krakowska,3 min,Janki 01,,2024-12-25 05:06:59.569479
Autobus,9803,1,185,CH Ursynów,3 min,Stegny 02,,2024-12-25 05:06:59.569479
Autobus,2007,1,131,Dw. Centralny,3 min,Książęca 04,,2024-12-25 05:06:59.569479
Tramwaj,3216,24,17,PKP Służewiec,3 min,Winnica 05,,2024-12-25 05:06:59.569479
Tramwaj,3810,3,20,Żerań FSO,3 min,Zajezdnia Wola 03,,2024-12-25 05:06:59.569479
Autobus,9805,2,719,Metro Bemowo,3 min,Zaborów-Szkoła 02,,2024-12-25 05:06:59.569479
Autobus,3460,4,112,Nowe Bemowo,2 min,Metro Bródno 03,,2024-12-25 05:06:59.569479
Autobus,4503,2,220,Nowe Bemowo,2 min,Starodęby 04,,2024-12-25 05:06:59.569479
Autobus,1545,62,722,Wiatraczna,2 min,Wiązowna Gródek 01,,2024-12-25 05:06:59.569479
Tramwaj,3161,6,9,Gocławek,2 min,Most Poniatowskiego 03,,2024-12-25 05:06:59.569479
Autobus,8312,3,136,Ostroroga,2 min,Rondo Zesłańców Syberyjskich 06,,2024-12-25 05:06:59.569479
Autobus,4238,1,154,Dw. Zachodni,2 min,Komitetu Obrony Robotników 02,,2024-12-25 05:06:59.569479
Autobus,2236,3,517,Ursus-Niedźwiadek,2 min,Pl. Narutowicza 02,,2024-12-25 05:06:59.569479
Autobus,1419,5,123,Dw. Wschodni (Kijowska),2 min,Rondo Waszyngtona 04,,2024-12-25 05:06:59.569479
Autobus,3460,4,112,Nowe Bemowo,2 min,Metro Bródno 03,,2024-12-25 05:06:59.569479
Autobus,1545,62,722,Wiatraczna,2 min,Wiązowna Gródek 01,,2024-12-25 05:06:59.569479
Tramwaj,3161,6,9,Gocławek,2 min,Most Poniatowskiego 03,,2024-12-25 05:06:59.569479
Autobus,2236,3,517,Ursus-Niedźwiadek,2 min,Pl. Narutowicza 02,,2024-12-25 05:06:59.569479
Autobus,8312,3,136,Ostroroga,2 min,Rondo Zesłańców Syberyjskich 06,,2024-12-25 05:06:59.569479
Autobus,7881,4,520,Marysin,2 min,Metro Politechnika 07,,2024-12-25 05:06:59.569479
Autobus,8308,4,136,Ostroroga,2 min,Metro Ursynów 02,,2024-12-25 05:06:59.569479
Autobus,4238,1,154,Dw. Zachodni,2 min,Komitetu Obrony Robotników 02,,2024-12-25 05:06:59.569479
Autobus,4307,2,134,Olesin,2 min,Głębocka 02,,2024-12-25 05:06:59.569479
Autobus,80115,1,L44,CH Marki,2 min,Marki Walewskiej 02,,2024-12-25 05:06:59.569479
Autobus,5878,3,503,Konwiktorska,2 min,Krucza 02,,2024-12-25 05:06:59.569479
Autobus,8328,8,148,Wiatraczna,2 min,Gocław 06,,2024-12-25 05:06:59.569479
Tramwaj,3828,3,6,Metro Młociny,2 min,Al. Zieleniecka 05,,2024-12-25 05:06:59.569479
Autobus,5931,407,175,Pl. Piłsudskiego,2 min,Lotnisko Chopina-Przyloty 02,,2024-12-25 05:06:59.569479
Autobus,1814,1,123,Dw. Wschodni (Kijowska),2 min,Siennicka 02,,2024-12-25 05:06:59.569479
Autobus,4201,3,717,Dw. Zachodni,2 min,Popularna 01,,2024-12-25 05:06:59.569479
Tramwaj,3140,6,6,Gocławek,2 min,Dw. Gdański 05,,2024-12-25 05:06:59.569479
Tramwaj,3237,4,9,P+R Al. Krakowska,2 min,Pl. Szembeka 03,,2024-12-25 05:06:59.569479
Tramwaj,3252,3,9,P+R Al. Krakowska,2 min,Dw. Centralny 08,,2024-12-25 05:06:59.569479
Autobus,80115,1,L44,CH Marki,2 min,Marki Walewskiej 02,,2024-12-25 05:06:59.569479
Autobus,5878,3,503,Konwiktorska,2 min,Krucza 02,,2024-12-25 05:06:59.569479
Autobus,8328,8,148,Wiatraczna,2 min,Gocław 06,,2024-12-25 05:06:59.569479
Tramwaj,3828,3,6,Metro Młociny,2 min,Al. Zieleniecka 05,,2024-12-25 05:06:59.569479
Autobus,5931,407,175,Pl. Piłsudskiego,2 min,Lotnisko Chopina-Przyloty 02,,2024-12-25 05:06:59.569479
Autobus,1814,1,123,Dw. Wschodni (Kijowska),2 min,Siennicka 02,,2024-12-25 05:06:59.569479
Autobus,4201,3,717,Dw. Zachodni,2 min,Popularna 01,,2024-12-25 05:06:59.569479
Tramwaj,3140,6,6,Gocławek,2 min,Dw. Gdański 05,,2024-12-25 05:06:59.569479
Tramwaj,3237,4,9,P+R Al. Krakowska,2 min,Pl. Szembeka 03,,2024-12-25 05:06:59.569479
Tramwaj,3252,3,9,P+R Al. Krakowska,2 min,Dw. Centralny 08,,2024-12-25 05:06:59.569479
Autobus,9089,71,204,Metro Bródno,2 min,Kopijników 01,,2024-12-25 05:06:59.569479
Autobus,8452,7,145,Żerań FSO,2 min,Szymańskiego 02,,2024-12-25 05:06:59.569479
Autobus,7240,4,172,CH Blue City,2 min,Pruszkowska 04,,2024-12-25 05:06:59.569479
Autobus,1428,436,146,Dw. Wschodni (Lubelska),2 min,Czarnuszki 02,,2024-12-25 05:06:59.569479
Autobus,2013,1,189,Sadyba,2 min,PKP Włochy 01,,2024-12-25 05:06:59.569479
Autobus,9093,2,161,Zbójna Góra,2 min,Liliowa 04,,2024-12-25 05:06:59.569479
Autobus,9917,8,186,Szczęśliwice,2 min,Mehoffera 01,,2024-12-25 05:06:59.569479
Autobus,9905,1,186,Nowodwory,2 min,Os. Potok 03,,2024-12-25 05:06:59.569479
Autobus,9087,72,204,Grodzisk,2 min,Chudoby 01,,2024-12-25 05:06:59.569479
Autobus,9803,1,185,CH Ursynów,2 min,Dolina Służewiecka 01,,2024-12-25 05:06:59.569479
Autobus,1428,436,146,Dw. Wschodni (Lubelska),2 min,Czarnuszki 02,,2024-12-25 05:06:59.569479
Autobus,1814,1,123,Dw. Wschodni (Kijowska),2 min,Przeworska 02,,2024-12-25 05:06:59.569479
Autobus,9905,1,186,Nowodwory,2 min,Os. Potok 03,,2024-12-25 05:06:59.569479
Autobus,1543,440,146,Falenica,2 min,Rzymska 01,,2024-12-25 05:06:59.569479
Autobus,1070,2,163,Metro Wilanowska,2 min,Metro Imielin 01,,2024-12-25 05:06:59.569479
Autobus,9518,671,712,Klaudyn,2 min,Blizne Łaszczyńskiego 04,,2024-12-25 05:06:59.569479
Autobus,2013,1,189,Sadyba,2 min,PKP Włochy 01,,2024-12-25 05:06:59.569479
Autobus,5972,3,116,Wilanów,2 min,Łazienki Królewskie 01,,2024-12-25 05:06:59.569479
Autobus,3468,1,112,CH Marki,2 min,Metro Słodowiec 03,,2024-12-25 05:06:59.569479
Autobus,8516,3,174,Rondo ONZ,2 min,Modzelewskiego 02,,2024-12-25 05:06:59.569479
Tramwaj,4219,1,11,Sielce,1 min,Nowowiejska 03,,2024-12-25 05:06:59.569479
Autobus,1219,633,218,Metro Wilanowska,1 min,Królikarnia 08,,2024-12-25 05:06:59.569479
Autobus,5950,1,180,Chomiczówka,1 min,Wilanów 04,,2024-12-25 05:06:59.569479
Autobus,1206,428,739,Metro Wilanowska,1 min,Jagielska 02,,2024-12-25 05:06:59.569479
Autobus,9353,3,135,PKP Olszynka Grochowska,1 min,Gocławska 02,,2024-12-25 05:06:59.569479
Autobus,5941,607,507,Dw. Centralny,1 min,Adampolska 02,,2024-12-25 05:06:59.569479
Autobus,5972,3,116,Wilanów,2 min,Łazienki Królewskie 01,,2024-12-25 05:06:59.569479
Autobus,3468,1,112,CH Marki,2 min,Metro Słodowiec 03,,2024-12-25 05:06:59.569479
Autobus,8516,3,174,Rondo ONZ,2 min,Modzelewskiego 02,,2024-12-25 05:06:59.569479
Tramwaj,4219,1,11,Sielce,1 min,Nowowiejska 03,,2024-12-25 05:06:59.569479
Autobus,1219,633,218,Metro Wilanowska,1 min,Królikarnia 08,,2024-12-25 05:06:59.569479
Autobus,5950,1,180,Chomiczówka,1 min,Wilanów 04,,2024-12-25 05:06:59.569479
Autobus,1206,428,739,Metro Wilanowska,1 min,Jagielska 02,,2024-12-25 05:06:59.569479
Autobus,9353,3,135,PKP Olszynka Grochowska,1 min,Gocławska 02,,2024-12-25 05:06:59.569479
Autobus,5941,607,507,Dw. Centralny,1 min,Adampolska 02,,2024-12-25 05:06:59.569479
Autobus,5236,5,122,Os. Górczewska,1 min,Ks. Popiełuszki 06,,2024-12-25 05:06:59.569479
Autobus,8457,3,723,Żerań FSO,1 min,Legionowo Parkowa 01,,2024-12-25 05:06:59.569479
Autobus,3434,2,731,Żerań FSO,1 min,Dębowa 01,,2024-12-25 05:06:59.569479
Tramwaj,3188,7,24,Nowe Bemowo,1 min,Rondo Waszyngtona 05,,2024-12-25 05:06:59.569479
Tramwaj,4013,3,28,Dw. Wschodni (Kijowska),1 min,Wrocławska 06,,2024-12-25 05:06:59.569479
Tramwaj,4268,3,16,Miasteczko Wilanów,1 min,Sobieskiego 05,,2024-12-25 05:06:59.569479
Autobus,1419,5,123,Dw. Wschodni (Kijowska),1 min,Rondo Waszyngtona 04,,2024-12-25 05:06:59.569479
Tramwaj,3253,8,10,Wyścigi,1 min,Os. Górczewska 12,,2024-12-25 05:06:59.569479
Autobus,1073,1,130,Metro Wilanowska,1 min,Idzikowskiego 04,,2024-12-25 05:06:59.569479
Autobus,9917,8,186,Szczęśliwice,1 min,Mehoffera 01,,2024-12-25 05:06:59.569479
Autobus,3434,2,731,Żerań FSO,1 min,Dębowa 01,,2024-12-25 05:06:59.569479
Tramwaj,3188,7,24,Nowe Bemowo,1 min,Rondo Waszyngtona 05,,2024-12-25 05:06:59.569479
Tramwaj,4013,3,28,Dw. Wschodni (Kijowska),1 min,Wrocławska 06,,2024-12-25 05:06:59.569479
Tramwaj,4268,3,16,Miasteczko Wilanów,1 min,Sobieskiego 05,,2024-12-25 05:06:59.569479
Autobus,1419,5,123,Dw. Wschodni (Kijowska),1 min,Rondo Waszyngtona 04,,2024-12-25 05:06:59.569479
Tramwaj,3253,8,10,Wyścigi,1 min,Os. Górczewska 12,,2024-12-25 05:06:59.569479
Autobus,1073,1,130,Metro Wilanowska,1 min,Idzikowskiego 04,,2024-12-25 05:06:59.569479
Autobus,9917,8,186,Szczęśliwice,1 min,Mehoffera 01,,2024-12-25 05:06:59.569479
Tramwaj,3276,1,15,Marymont-Potok,1 min,Raszyńska 03,,2024-12-25 05:06:59.569479
Autobus,1429,4,115,PKP Mokry Ług,1 min,Tomaszowska 02,,2024-12-25 05:06:59.569479
Autobus,2002,4,162,EC Siekierki,1 min,Agrykola 01,,2024-12-25 05:06:59.569479
Autobus,7808,1,143,Rembertów-Kolonia,1 min,Międzynarodowa 02,,2024-12-25 05:06:59.569479
Autobus,4403,3,157,Gwiaździsta,1 min,Pl. Starynkiewicza 06,,2024-12-25 05:06:59.569479
Autobus,8860,3,511,Dąbrówka Wiślana,1 min,Dąbrówka Wiślana 01,,2024-12-25 05:06:59.569479
Autobus,70046,1,L-1,Janki Pl. Szwedzki,1 min,Władysławów Zielona 02,,2024-12-25 05:06:59.569479
Autobus,8306,3,504,Os. Kabaty,1 min,Rakowiec 01,,2024-12-25 05:06:59.569479
Autobus,9202,571,209,Dawidy,1 min,Łagiewnicka 01,,2024-12-25 05:06:59.569479
Tramwaj,3140,6,6,Gocławek,1 min,KS Polonia 01,,2024-12-25 05:06:59.569479
Autobus,7204,6,189,Os. Górczewska,1 min,Al. Lotników 06,,2024-12-25 05:06:59.569479
Autobus,2233,3,141,Witolin,1 min,Szwoleżerów 02,,2024-12-25 05:06:59.569479
Autobus,5919,610,111,Gocław,1 min,Rondo Waszyngtona 02,,2024-12-25 05:06:59.569479
Autobus,5964,1,116,Chomiczówka,1 min,Sobieskiego 54,,2024-12-25 05:06:59.569479
Autobus,721,2,750,Metro Młociny,1 min,Łomianki Armii „Poznań” 01,,2024-12-25 05:06:59.569479
Tramwaj,3262,543,1,Annopol,1 min,Wybrzeże Helskie 04,,2024-12-25 05:06:59.569479
Tramwaj,3644,5,11,Cm. Wolski,1 min,Sielecka 02,,2024-12-25 05:06:59.569479
Tramwaj,4232,1,16,Piaski,1 min,Św. Bonifacego 06,,2024-12-25 05:06:59.569479
Autobus,9206,572,192,Ursynów Płd.,1 min,Poleczki 02,,2024-12-25 05:06:59.569479
Autobus,9901,473,114,Bródno-Podgrodzie,1 min,Wyszogrodzka 02,,2024-12-25 05:06:59.569479
Tramwaj,4103,4,17,Winnica,1 min,Kulskiego 04,,2024-12-25 05:06:59.569479
Autobus,4510,2,197,Cm. Wolski,1 min,Reduta Wolska 02,,2024-12-25 05:06:59.569479
Autobus,7744,1,704,Wiatraczna,1 min,PKP Halinów 01,,2024-12-25 05:06:59.569479
Tramwaj,3291,3,26,Metro Młociny,1 min,Hala Wola 06,,2024-12-25 05:06:59.569479
Autobus,3412,2,738,P+R Radzymin,1 min,Ząbki Radzymińska 02,,2024-12-25 05:06:59.569479
Autobus,6207,2,189,Sadyba,1 min,Os. Górczewska 01,,2024-12-25 05:06:59.569479
Autobus,7869,1,520,Dw. Centralny,1 min,Łysakowska 01,,2024-12-25 05:06:59.569479
Autobus,8454,4,738,Metro Trocka,1 min,Słupno Górki 01,,2024-12-25 05:06:59.569479
Autobus,9322,1,153,Pastuszków,1 min,Dziewanowska 02,,2024-12-25 05:06:59.569479
Autobus,1007,2,213,Gocław,1 min,PKP Anin 03,,2024-12-25 05:06:59.569479
Autobus,8454,4,738,Metro Trocka,1 min,Słupno 01,,2024-12-25 05:06:59.569479
Autobus,1419,5,123,Dw. Wschodni (Kijowska),1 min,Al. Zieleniecka 02,,2024-12-25 05:06:59.569479
Autobus,5974,438,116,Wilanów,1 min,Park Kaskada 01,,2024-12-25 05:06:59.569479
Autobus,8890,5,504,Dw. Centralny,1 min,Stryjeńskich 02,,2024-12-25 05:06:59.569479
Tramwaj,3276,1,15,Marymont-Potok,1 min,NIK 01,,2024-12-25 05:06:59.569479
Tramwaj,3821,6,20,Boernerowo,1 min,PKP Koło 04,,2024-12-25 05:06:59.569479
Tramwaj,3212,522,3,Annopol,1 min,Pl. Szembeka 03,,2024-12-25 05:06:59.569479
Autobus,9343,642,199,Bródno-Podgrodzie,1 min,Zawodowa 02,,2024-12-25 05:06:59.569479
Tramwaj,3176,1,3,Gocławek,1 min,Ząbkowska 03,,2024-12-25 05:06:59.569479
Tramwaj,3284,3,3,Annopol,1 min,Bródnowska 02,,2024-12-25 05:06:59.569479
Autobus,1208,635,165,Metro Wilanowska,1 min,Smoluchowskiego 03,,2024-12-25 05:06:59.569479
Autobus,8516,3,174,Rondo ONZ,1 min,Os. Domaniewska 02,,2024-12-25 05:06:59.569479
Autobus,9341,2,198,Stara Miłosna (Ułańska),1 min,Słowackiego 02,,2024-12-25 05:06:59.569479
Tramwaj,3241,7,26,Wiatraczna,1 min,Park Praski 02,,2024-12-25 05:06:59.569479
Tramwaj,4103,4,17,Winnica,1 min,Rakowiecka-Sanktuarium 04,,2024-12-25 05:06:59.569479
Autobus,1862,1,720,Rzakta,1 min,Wspólna Droga 02,,2024-12-25 05:06:59.569479
Autobus,2014,6,148,Lotnisko Chopina,1 min,Szpital Południowy 02,,2024-12-25 05:06:59.569479
Autobus,6219,3,122,Os. Górczewska,1 min,Radiowa 01,,2024-12-25 05:06:59.569479
Autobus,9320,3,179,Os. Kabaty,1 min,Metro Imielin 01,,2024-12-25 05:06:59.569479
Autobus,8516,3,174,Rondo ONZ,1 min,Os. Domaniewska 02,,2024-12-25 05:06:59.569479
Autobus,9341,2,198,Stara Miłosna (Ułańska),1 min,Słowackiego 02,,2024-12-25 05:06:59.569479
Tramwaj,3241,7,26,Wiatraczna,1 min,Park Praski 02,,2024-12-25 05:06:59.569479
Tramwaj,4103,4,17,Winnica,1 min,Rakowiecka-Sanktuarium 04,,2024-12-25 05:06:59.569479
Autobus,1862,1,720,Rzakta,1 min,Wspólna Droga 02,,2024-12-25 05:06:59.569479
Autobus,2014,6,148,Lotnisko Chopina,1 min,Szpital Południowy 02,,2024-12-25 05:06:59.569479
Autobus,6219,3,122,Os. Górczewska,1 min,Radiowa 01,,2024-12-25 05:06:59.569479
Autobus,9320,3,179,Os. Kabaty,1 min,Metro Imielin 01,,2024-12-25 05:06:59.569479
Autobus,15090,2,L11,PKP Legionowo,1 min,Kałuszyn 01,,2024-12-25 05:06:59.569479
Autobus,15092,1,L41,Nowy Dwór Mazowiecki Urząd Miasta,1 min,Nowy Dwór Mazowiecki Paderewskiego 02,,2024-12-25 05:06:59.569479
Autobus,1546,449,147,Dw. Wschodni (Lubelska),1 min,Kadetów 02,,2024-12-25 05:06:59.569479
Autobus,5919,610,111,Gocław,1 min,Rondo Waszyngtona 02,,2024-12-25 05:06:59.569479
Autobus,9322,1,153,Pastuszków,1 min,Szyszaków 02,,2024-12-25 05:06:59.569479
Autobus,5409,2,511,Metro Młociny,1 min,Metro Młociny 18,,2024-12-25 05:06:59.569479
Autobus,9338,7,179,Ursynów Płn.,1 min,Megasam 02,,2024-12-25 05:06:59.569479
Autobus,9348,8,179,Ursynów Płn.,1 min,Miklaszewskiego 04,,2024-12-25 05:06:59.569479
Autobus,2233,3,141,Witolin,1 min,Zaruskiego 02,,2024-12-25 05:06:59.569479
Autobus,8556,7,143,Dw. Zachodni,1 min,Topograficzna 01,,2024-12-25 05:06:59.569479
Autobus,1425,5,173,Dw. Wschodni (Lubelska),1 min,Rezedowa 01,,2024-12-25 05:06:59.569479
Autobus,1546,449,147,Dw. Wschodni (Lubelska),1 min,Kadetów 02,,2024-12-25 05:06:59.569479
Autobus,9348,8,179,Ursynów Płn.,1 min,Miklaszewskiego 04,,2024-12-25 05:06:59.569479
Autobus,4422,1,240,Metro Kondratowicza,1 min,Os. Lewandów II 01,,2024-12-25 05:06:59.569479
Autobus,5402,443,500,Bródno-Podgrodzie,1 min,Rondo „Radosława” 03,,2024-12-25 05:06:59.569479
Autobus,5919,610,111,Gocław,1 min,Rondo Waszyngtona 02,,2024-12-25 05:06:59.569479
Autobus,3455,64,705,Metro Marymont,1 min,Załubice-Poczta 01,,2024-12-25 05:06:59.569479
Autobus,9085,1,161,Olecka,1 min,Izbicka-Cmentarz 03,,2024-12-25 05:06:59.569479
Autobus,8556,7,143,Dw. Zachodni,1 min,Topograficzna 01,,2024-12-25 05:06:59.569479
Autobus,9331,1,179,Ursynów Płn.,1 min,Mielczarskiego 01,,2024-12-25 05:06:59.569479
Tramwaj,4219,1,11,Sielce,0 min,Pl. Politechniki 01,,2024-12-25 05:06:59.569479
Autobus,9918,498,184,Szczęśliwice,0 min,Szczęśliwice 04,,2024-12-25 05:06:59.569479
Tramwaj,3231,6,15,P+R Al. Krakowska,0 min,Bohomolca 03,,2024-12-25 05:06:59.569479
Tramwaj,3179,4,10,Os. Górczewska,0 min,Al. Lotników 08,,2024-12-25 05:06:59.569479
Autobus,4411,3,181,Cm. Północny-Brama Gł.,0 min,Muzealna 02,,2024-12-25 05:06:59.569479
Autobus,5928,1,158,CH Reduta,0 min,Białobrzeska 02,,2024-12-25 05:06:59.569479
Autobus,7259,5,184,Szczęśliwice,0 min,Piastów Śląskich 02,,2024-12-25 05:06:59.569479
Autobus,9515,1,103,Metro Młociny,0 min,Płocka-Szpital 04,,2024-12-25 05:06:59.569479
Autobus,1536,5,119,Rakowiecka-Sanktuarium,0 min,Wawer-Ratusz 01,,2024-12-25 05:06:59.569479
Autobus,2014,6,148,Lotnisko Chopina,0 min,Szpital Południowy 02,,2024-12-25 05:06:59.569479
Autobus,1419,5,123,Dw. Wschodni (Kijowska),1 min,Al. Zieleniecka 02,,2024-12-25 05:06:59.569479
Autobus,1807,3,197,Cm. Wolski,1 min,Gwiaździsta 04,,2024-12-25 05:06:59.569479
Tramwaj,4101,8,17,PKP Służewiec,1 min,Park Kaskada 03,,2024-12-25 05:06:59.569479
Autobus,1071,4,163,Centrum Onkologii,1 min,Goraszewska 01,,2024-12-25 05:06:59.569479
Autobus,15092,1,L41,Nowy Dwór Mazowiecki Urząd Miasta,1 min,Nowy Dwór Mazowiecki Paderewskiego 02,,2024-12-25 05:06:59.569479
Autobus,3400,3,120,Olesin,1 min,Dw. Wschodni (Kijowska) 11,,2024-12-25 05:06:59.569479
Autobus,5919,610,111,Gocław,1 min,Rondo Waszyngtona 02,,2024-12-25 05:06:59.569479
Autobus,8556,7,143,Dw. Zachodni,1 min,Topograficzna 01,,2024-12-25 05:06:59.569479
Tramwaj,3176,1,3,Gocławek,0 min,Ząbkowska 03,,2024-12-25 05:06:59.569479
Tramwaj,3822,1,23,Nowe Bemowo,0 min,Marynin 02,,2024-12-25 05:06:59.569479
Tramwaj,3179,4,10,Os. Górczewska,0 min,Al. Lotników 08,,2024-12-25 05:06:59.569479
Tramwaj,3231,6,15,P+R Al. Krakowska,0 min,Bohomolca 03,,2024-12-25 05:06:59.569479
Tramwaj,3276,1,15,Marymont-Potok,0 min,NIK 01,,2024-12-25 05:06:59.569479
Tramwaj,3283,5,26,Metro Młociny,0 min,Międzyborska 03,,2024-12-25 05:06:59.569479
Autobus,1525,5,141,Witolin,0 min,Instytut Lotnictwa 01,,2024-12-25 05:06:59.569479
Autobus,1536,5,119,Rakowiecka-Sanktuarium,0 min,Wawer-Ratusz 01,,2024-12-25 05:06:59.569479
Autobus,3442,3,509,Winnica,0 min,Dw. Wileński 05,,2024-12-25 05:06:59.569479
Autobus,5883,1,127,Nowe Włochy,0 min,Wałowicka 01,,2024-12-25 05:06:59.569479
Autobus,9515,1,103,Metro Młociny,0 min,Grenady 02,,2024-12-25 05:06:59.569479
Autobus,5402,443,500,Bródno-Podgrodzie,0 min,Rondo „Radosława” 03,,2024-12-25 05:06:59.569479
Autobus,5454,4,120,Dw. Wschodni (Kijowska),0 min,Dw. Wschodni (Kijowska) 05,,2024-12-25 05:06:59.569479
Autobus,70047,2,L33,Piaseczno Wilanowska,0 min,PKP Jeziorki 04,,2024-12-25 05:06:59.569479
Tramwaj,3155,3,24,Gocławek,0 min,Centrum 09,,2024-12-25 05:06:59.569479
Autobus,5947,10,116,Chomiczówka,0 min,Pl. Piłsudskiego 02,,2024-12-25 05:06:59.569479
Autobus,7239,1,105,Rondo Daszyńskiego,0 min,Ciepłownia Wola 01,,2024-12-25 05:06:59.569479
Tramwaj,3222,7,4,Żerań Wschodni,0 min,Metro Ratusz Arsenał 09,,2024-12-25 05:06:59.569479
Tramwaj,4277,11,16,Miasteczko Wilanów,0 min,Romaszewskiego 03,,2024-12-25 05:06:59.569479
Autobus,6225,4,157,Szczęśliwice,0 min,Pl. Narutowicza 02,,2024-12-25 05:06:59.569479
Autobus,9524,2,103,Brylowska,0 min,Sołtyka 01,,2024-12-25 05:06:59.569479
Autobus,4229,4,177,Ursus-Niedźwiadek,0 min,Człuchowska 01,,2024-12-25 05:06:59.569479
Tramwaj,3028,4,28,Dw. Wschodni (Kijowska),0 min,Os. Górczewska 13,,2024-12-25 05:06:59.569479
Tramwaj,3117,5,4,Wyścigi,0 min,Żerań Wschodni 01,,2024-12-25 05:06:59.569479
Tramwaj,3149,542,1,Banacha,0 min,Annopol 03,,2024-12-25 05:06:59.569479
Tramwaj,3156,1,6,Gocławek,0 min,Metro Młociny 12,,2024-12-25 05:06:59.569479
Tramwaj,3157,8,9,Gocławek,0 min,P+R Al. Krakowska 01,,2024-12-25 05:06:59.569479
Tramwaj,3158,2,3,Gocławek,0 min,Annopol 02,,2024-12-25 05:06:59.569479
Tramwaj,3210,2,7,Kawęczyńska-Bazylika,0 min,P+R Al. Krakowska 03,,2024-12-25 05:06:59.569479
Tramwaj,3239,6,26,Metro Młociny,0 min,Wiatraczna 13,,2024-12-25 05:06:59.569479
Tramwaj,3134,1,10,Wyścigi,0 min,Os. Górczewska 12,,2024-12-25 05:06:59.569479
Tramwaj,3149,542,1,Banacha,0 min,Annopol 03,,2024-12-25 05:06:59.569479
Tramwaj,3156,1,6,Gocławek,0 min,Metro Młociny 12,,2024-12-25 05:06:59.569479
Tramwaj,3157,8,9,Gocławek,0 min,P+R Al. Krakowska 01,,2024-12-25 05:06:59.569479
Tramwaj,3158,2,3,Gocławek,0 min,Annopol 02,,2024-12-25 05:06:59.569479
Tramwaj,3210,2,7,Kawęczyńska-Bazylika,0 min,P+R Al. Krakowska 03,,2024-12-25 05:06:59.569479
Tramwaj,3239,6,26,Metro Młociny,0 min,Wiatraczna 13,,2024-12-25 05:06:59.569479
Tramwaj,3248,5,7,P+R Al. Krakowska,0 min,Kawęczyńska-Bazylika 02,,2024-12-25 05:06:59.569479
Tramwaj,3249,5,9,P+R Al. Krakowska,0 min,Gocławek 05,,2024-12-25 05:06:59.569479
Tramwaj,3251,5,17,Winnica,0 min,PKP Służewiec 13,,2024-12-25 05:06:59.569479
Tramwaj,3259,521,3,Annopol,0 min,Gocławek 04,,2024-12-25 05:06:59.569479
Tramwaj,3502,1,24,Nowe Bemowo,0 min,Gocławek 03,,2024-12-25 05:06:59.569479
Tramwaj,3801,4,6,Metro Młociny,0 min,Gocławek 04,,2024-12-25 05:06:59.569479
Tramwaj,3819,1,28,Os. Górczewska,0 min,Dw. Wschodni (Kijowska) 15,,2024-12-25 05:06:59.569479
Tramwaj,3823,1,20,Boernerowo,0 min,Żerań FSO 05,,2024-12-25 05:06:59.569479
Tramwaj,3824,5,23,Czynszowa,0 min,Nowe Bemowo 08,,2024-12-25 05:06:59.569479
Tramwaj,4007,3,15,Marymont-Potok,0 min,P+R Al. Krakowska 02,,2024-12-25 05:06:59.569479
Tramwaj,4015,4,22,Piaski,0 min,Wiatraczna 12,,2024-12-25 05:06:59.569479
Tramwaj,4102,6,17,Winnica,0 min,PKP Służewiec 13,,2024-12-25 05:06:59.569479
Tramwaj,3502,1,24,Nowe Bemowo,0 min,Gocławek 03,,2024-12-25 05:06:59.569479
Tramwaj,3801,4,6,Metro Młociny,0 min,Gocławek 04,,2024-12-25 05:06:59.569479
Tramwaj,3819,1,28,Os. Górczewska,0 min,Dw. Wschodni (Kijowska) 15,,2024-12-25 05:06:59.569479
Tramwaj,3823,1,20,Boernerowo,0 min,Żerań FSO 05,,2024-12-25 05:06:59.569479
Tramwaj,3824,5,23,Czynszowa,0 min,Nowe Bemowo 08,,2024-12-25 05:06:59.569479
Tramwaj,3827,7,6,Gocławek,0 min,Cm. Włoski 03,,2024-12-25 05:06:59.569479
Tramwaj,3830,5,20,Żerań FSO,0 min,Boernerowo 01,,2024-12-25 05:06:59.569479
Tramwaj,4007,3,15,Marymont-Potok,0 min,P+R Al. Krakowska 02,,2024-12-25 05:06:59.569479
Tramwaj,4015,4,22,Piaski,0 min,Wiatraczna 12,,2024-12-25 05:06:59.569479
Tramwaj,4102,6,17,Winnica,0 min,PKP Służewiec 13,,2024-12-25 05:06:59.569479
Tramwaj,4109,548,4,Żerań Wschodni,0 min,Wyścigi 06,,2024-12-25 05:06:59.569479
Tramwaj,4201,2,16,Piaski,0 min,Miasteczko Wilanów 05,,2024-12-25 05:06:59.569479
Tramwaj,4208,5,10,Os. Górczewska,0 min,Wyścigi 07,,2024-12-25 05:06:59.569479
Tramwaj,4234,2,11,Sielce,0 min,Sowińskiego 01,,2024-12-25 05:06:59.569479
Tramwaj,4265,12,16,Miasteczko Wilanów,0 min,Piaski 06,,2024-12-25 05:06:59.569479
Tramwaj,4278,6,33,Kielecka,0 min,Metro Młociny 15,,2024-12-25 05:06:59.569479
Autobus,1023,3,163,Metro Wilanowska,0 min,Centrum Onkologii 03,,2024-12-25 05:06:59.569479
Autobus,1058,591,208,Bitwy Warszawskiej 1920 r.,0 min,Bitwy Warszawskiej 1920 r. 10,,2024-12-25 05:06:59.569479
Autobus,1118,5,166,Pl. Hallera,0 min,Os. Kabaty 03,,2024-12-25 05:06:59.569479
Tramwaj,4201,2,16,Piaski,0 min,Miasteczko Wilanów 05,,2024-12-25 05:06:59.569479
Tramwaj,4208,5,10,Os. Górczewska,0 min,Wyścigi 07,,2024-12-25 05:06:59.569479
Tramwaj,4234,2,11,Sielce,0 min,Sowińskiego 01,,2024-12-25 05:06:59.569479
Tramwaj,4265,12,16,Miasteczko Wilanów,0 min,Piaski 06,,2024-12-25 05:06:59.569479
Tramwaj,4278,6,33,Kielecka,0 min,Metro Młociny 15,,2024-12-25 05:06:59.569479
Autobus,1023,3,163,Metro Wilanowska,0 min,Centrum Onkologii 03,,2024-12-25 05:06:59.569479
Autobus,1058,591,208,Bitwy Warszawskiej 1920 r.,0 min,Bitwy Warszawskiej 1920 r. 10,,2024-12-25 05:06:59.569479
Autobus,1118,5,166,Pl. Hallera,0 min,Os. Kabaty 03,,2024-12-25 05:06:59.569479
Autobus,11202,1,L45,PKP Dąbkowizna,0 min,CH Marki 02,,2024-12-25 05:06:59.569479
Autobus,1200,425,739,Metro Wilanowska,0 min,Piaseczno Julianowska-Cmentarz 01,,2024-12-25 05:06:59.569479
Autobus,1216,657,742,Os. Kabaty,0 min,Góra Kalwaria Rynek 02,,2024-12-25 05:06:59.569479
Autobus,1218,631,218,Metro Wierzbno,0 min,Metro Wilanowska 16,,2024-12-25 05:06:59.569479
Autobus,1220,423,739,Piaseczno Julianowska-Cmentarz,0 min,Metro Wilanowska 17,,2024-12-25 05:06:59.569479
Autobus,1413,6,141,Witolin,0 min,P+R Al. Krakowska 07,,2024-12-25 05:06:59.569479
Autobus,1414,1,119,Rakowiecka-Sanktuarium,0 min,Wiśniowa Góra 03,,2024-12-25 05:06:59.569479
Autobus,15086,3,L-9,Wieliszew-Plaża,0 min,PKP Legionowo 01,,2024-12-25 05:06:59.569479
Autobus,15092,1,L41,PKP Legionowo,0 min,Nowy Dwór Mazowiecki Urząd Miasta 01,,2024-12-25 05:06:59.569479
Autobus,1524,3,119,Wiśniowa Góra,0 min,Rakowiecka-Sanktuarium 06,,2024-12-25 05:06:59.569479
Autobus,1533,2,251,Konstancin-Jeziorna CH Stara Papiernia,0 min,Metro Wilanowska 15,,2024-12-25 05:06:59.569479
Autobus,1218,631,218,Metro Wierzbno,0 min,Metro Wilanowska 16,,2024-12-25 05:06:59.569479
Autobus,1220,423,739,Piaseczno Julianowska-Cmentarz,0 min,Metro Wilanowska 17,,2024-12-25 05:06:59.569479
Autobus,1413,6,141,Witolin,0 min,P+R Al. Krakowska 07,,2024-12-25 05:06:59.569479
Autobus,1414,1,119,Rakowiecka-Sanktuarium,0 min,Wiśniowa Góra 03,,2024-12-25 05:06:59.569479
Autobus,15086,3,L-9,Wieliszew-Plaża,0 min,PKP Legionowo 01,,2024-12-25 05:06:59.569479
Autobus,15092,1,L41,PKP Legionowo,0 min,Nowy Dwór Mazowiecki Urząd Miasta 01,,2024-12-25 05:06:59.569479
Autobus,1524,3,119,Wiśniowa Góra,0 min,Rakowiecka-Sanktuarium 06,,2024-12-25 05:06:59.569479
Autobus,1533,2,251,Konstancin-Jeziorna CH Stara Papiernia,0 min,Metro Wilanowska 15,,2024-12-25 05:06:59.569479
Autobus,1538,5,115,PKP Mokry Ług,0 min,Aleksandrów 01,,2024-12-25 05:06:59.569479
Autobus,1539,441,146,Falenica,0 min,Dw. Wschodni (Lubelska) 01,,2024-12-25 05:06:59.569479
Autobus,1542,4,173,Stara Miłosna (Graniczna),0 min,Dw. Wschodni (Lubelska) 06,,2024-12-25 05:06:59.569479
Autobus,1549,3,183,Zielona,0 min,Wiatraczna 15,,2024-12-25 05:06:59.569479
Autobus,1550,439,146,Dw. Wschodni (Lubelska),0 min,Falenica 04,,2024-12-25 05:06:59.569479
Autobus,1812,2,212,Pl. Hallera,0 min,CH Targówek 05,,2024-12-25 05:06:59.569479
Autobus,1903,5,106,Mariensztat,0 min,Ostroroga 05,,2024-12-25 05:06:59.569479
Autobus,1905,3,106,Mariensztat,0 min,Ostroroga 05,,2024-12-25 05:06:59.569479
Autobus,2021,4,709,PKP Piaseczno,0 min,Metro Wilanowska 18,,2024-12-25 05:06:59.569479
Autobus,2041,3,519,Powsin-Park Kultury,0 min,Metro Wilanowska 15,,2024-12-25 05:06:59.569479
Autobus,25188,1,L20,Rzakta,0 min,Otwock Orla 01,,2024-12-25 05:06:59.569479
Autobus,5256,1,191,Pl. Narutowicza,0 min,Regulska 01,,2024-12-25 05:06:59.569479
Autobus,5258,4,517,Ursus-Niedźwiadek,0 min,Pl. Trzech Krzyży 06,,2024-12-25 05:06:59.569479
Autobus,5403,3,140,Marki Czarna Struga,0 min,Metro Trocka 09,,2024-12-25 05:06:59.569479
Autobus,5421,2,723,PKP Legionowo Przystanek,0 min,Żerań FSO 10,,2024-12-25 05:06:59.569479
Autobus,5422,2,112,CH Marki,0 min,Nowe Bemowo 10,,2024-12-25 05:06:59.569479
Autobus,5425,3,112,CH Marki,0 min,Nowe Bemowo 10,,2024-12-25 05:06:59.569479
Autobus,5454,4,120,Olesin,0 min,Dw. Wschodni (Kijowska) 05,,2024-12-25 05:06:59.569479
Autobus,5871,406,128,Szczęśliwice,0 min,Pl. Piłsudskiego 04,,2024-12-25 05:06:59.569479
Autobus,5890,2,503,Natolin Płn.,0 min,Konwiktorska 01,,2024-12-25 05:06:59.569479
Autobus,5901,4,180,Chomiczówka,0 min,Wilanów 04,,2024-12-25 05:06:59.569479
Autobus,5909,405,128,Pl. Piłsudskiego,0 min,Szczęśliwice 05,,2024-12-25 05:06:59.569479
Autobus,5917,603,111,Esperanto,0 min,Gocław 01,,2024-12-25 05:06:59.569479
Autobus,5923,7,116,Wilanów,0 min,Chomiczówka 03,,2024-12-25 05:06:59.569479
Autobus,5927,6,503,Konwiktorska,0 min,Natolin Płn. 22,,2024-12-25 05:06:59.569479
Autobus,5930,3,158,CH Reduta,0 min,Witolin 02,,2024-12-25 05:06:59.569479
Autobus,5933,613,507,Dw. Centralny,0 min,Gocław 02,,2024-12-25 05:06:59.569479
Autobus,5942,606,507,Gocław,0 min,Dw. Centralny 16,,2024-12-25 05:06:59.569479
Autobus,5943,448,116,Wilanów,0 min,Chomiczówka 03,,2024-12-25 05:06:59.569479
Autobus,5951,612,111,Gocław,0 min,Esperanto 05,,2024-12-25 05:06:59.569479
Autobus,5917,603,111,Esperanto,0 min,Gocław 01,,2024-12-25 05:06:59.569479
Autobus,5923,7,116,Wilanów,0 min,Chomiczówka 03,,2024-12-25 05:06:59.569479
Autobus,5927,6,503,Konwiktorska,0 min,Natolin Płn. 22,,2024-12-25 05:06:59.569479
Autobus,5930,3,158,CH Reduta,0 min,Witolin 02,,2024-12-25 05:06:59.569479
Autobus,5933,613,507,Dw. Centralny,0 min,Gocław 02,,2024-12-25 05:06:59.569479
Autobus,5942,606,507,Gocław,0 min,Dw. Centralny 16,,2024-12-25 05:06:59.569479
Autobus,5943,448,116,Wilanów,0 min,Chomiczówka 03,,2024-12-25 05:06:59.569479
Autobus,5951,612,111,Gocław,0 min,Esperanto 05,,2024-12-25 05:06:59.569479
Autobus,5958,9,180,Wilanów,0 min,Chomiczówka 05,,2024-12-25 05:06:59.569479
Autobus,5961,1,518,Nowodwory,0 min,Bielańska 01,,2024-12-25 05:06:59.569479
Autobus,5978,2,518,Nowodwory,0 min,Bielańska 01,,2024-12-25 05:06:59.569479
Autobus,5981,4,518,Bielańska,0 min,Nowodwory 08,,2024-12-25 05:06:59.569479
Autobus,5986,11,180,Wilanów,0 min,Chomiczówka 05,,2024-12-25 05:06:59.569479
Autobus,6202,2,177,Os. Górczewska,0 min,Ursus-Niedźwiadek 01,,2024-12-25 05:06:59.569479
Autobus,6208,7,172,CH Blue City,0 min,Sadyba 06,,2024-12-25 05:06:59.569479
Autobus,6210,506,124,P+R Al. Krakowska,0 min,Paluch 01,,2024-12-25 05:06:59.569479
Autobus,6226,5,105,Os. Górczewska,0 min,Rondo Daszyńskiego 02,,2024-12-25 05:06:59.569479
Autobus,6231,507,706,Janki Pl. Szwedzki,0 min,P+R Al. Krakowska 16,,2024-12-25 05:06:59.569479
Autobus,6238,3,172,Sadyba,0 min,CH Blue City 02,,2024-12-25 05:06:59.569479
Autobus,5981,4,518,Bielańska,0 min,Nowodwory 08,,2024-12-25 05:06:59.569479
Autobus,5986,11,180,Wilanów,0 min,Chomiczówka 05,,2024-12-25 05:06:59.569479
Autobus,6202,2,177,Os. Górczewska,0 min,Ursus-Niedźwiadek 01,,2024-12-25 05:06:59.569479
Autobus,6208,7,172,CH Blue City,0 min,Sadyba 06,,2024-12-25 05:06:59.569479
Autobus,6210,506,124,P+R Al. Krakowska,0 min,Paluch 01,,2024-12-25 05:06:59.569479
Autobus,6226,5,105,Os. Górczewska,0 min,Rondo Daszyńskiego 02,,2024-12-25 05:06:59.569479
Autobus,6231,507,706,Janki Pl. Szwedzki,0 min,P+R Al. Krakowska 16,,2024-12-25 05:06:59.569479
Autobus,6238,3,172,Sadyba,0 min,CH Blue City 02,,2024-12-25 05:06:59.569479
Autobus,70002,1,L39,Mysiadło Dąbrówka,0 min,Piaseczno Szpital 02,,2024-12-25 05:06:59.569479
Autobus,70032,1,L-4,Antoninów Cm. Południowy-Brama Płd.,0 min,Piaseczno Mysiadło 05,,2024-12-25 05:06:59.569479
Autobus,70033,1,L25,Góra Kalwaria Rynek,0 min,Piaseczno Urząd Miasta 03,,2024-12-25 05:06:59.569479
Autobus,7253,2,191,Pl. Narutowicza,0 min,Regulska 01,,2024-12-25 05:06:59.569479
Autobus,7737,8,509,Gocław,0 min,Winnica 06,,2024-12-25 05:06:59.569479
Autobus,7809,2,521,Wiatraczna,0 min,Falenica 03,,2024-12-25 05:06:59.569479
Autobus,7844,3,143,Rembertów-Kolonia,0 min,Dw. Zachodni 03,,2024-12-25 05:06:59.569479
Autobus,7849,3,523,PKP Olszynka Grochowska,0 min,Stare Bemowo 07,,2024-12-25 05:06:59.569479
Autobus,7888,6,520,Marysin,0 min,Dw. Centralny 27,,2024-12-25 05:06:59.569479
Autobus,80102,2,L45,CH Marki,0 min,PKP Dąbkowizna 01,,2024-12-25 05:06:59.569479
Autobus,80120,1,L38,Leśniakowizna Majdan,0 min,Wołomin Szpital Powiatowy 02,,2024-12-25 05:06:59.569479
Autobus,7809,2,521,Wiatraczna,0 min,Falenica 03,,2024-12-25 05:06:59.569479
Autobus,7844,3,143,Rembertów-Kolonia,0 min,Dw. Zachodni 03,,2024-12-25 05:06:59.569479
Autobus,7849,3,523,PKP Olszynka Grochowska,0 min,Stare Bemowo 07,,2024-12-25 05:06:59.569479
Autobus,7888,6,520,Marysin,0 min,Dw. Centralny 27,,2024-12-25 05:06:59.569479
Autobus,80102,2,L45,CH Marki,0 min,PKP Dąbkowizna 01,,2024-12-25 05:06:59.569479
Autobus,80120,1,L38,Leśniakowizna Majdan,0 min,Wołomin Szpital Powiatowy 02,,2024-12-25 05:06:59.569479
Autobus,80122,1,L38,Leśniakowizna Majdan,0 min,Wołomin Szpital Powiatowy 02,,2024-12-25 05:06:59.569479
Autobus,8324,2,131,Dw. Centralny,0 min,Sadyba 05,,2024-12-25 05:06:59.569479
Autobus,8345,2,709,Metro Wilanowska,0 min,PKP Piaseczno 04,,2024-12-25 05:06:59.569479
Autobus,8353,1,217,Metro Wilanowska,0 min,Natolin Płn. 04,,2024-12-25 05:06:59.569479
Autobus,8365,4,525,Dw. Centralny,0 min,Międzylesie 01,,2024-12-25 05:06:59.569479
Autobus,8447,5,112,Nowe Bemowo,0 min,CH Marki 04,,2024-12-25 05:06:59.569479
Autobus,8459,1,210,Metro Młociny,0 min,Truskaw Skibińskiego 01,,2024-12-25 05:06:59.569479
Autobus,8502,3,731,Żerań FSO,0 min,Legionowo Os. Młodych 01,,2024-12-25 05:06:59.569479
Autobus,8523,5,709,PKP Piaseczno,0 min,Metro Wilanowska 18,,2024-12-25 05:06:59.569479
Autobus,8558,1,162,Pl. Hallera,0 min,EC Siekierki 03,,2024-12-25 05:06:59.569479
Autobus,8559,1,519,Metro Wilanowska,0 min,Powsin-Park Kultury 01,,2024-12-25 05:06:59.569479
Autobus,8353,1,217,Metro Wilanowska,0 min,Natolin Płn. 04,,2024-12-25 05:06:59.569479
Autobus,8365,4,525,Dw. Centralny,0 min,Międzylesie 01,,2024-12-25 05:06:59.569479
Autobus,8447,5,112,Nowe Bemowo,0 min,CH Marki 04,,2024-12-25 05:06:59.569479
Autobus,8459,1,210,Metro Młociny,0 min,Truskaw Skibińskiego 01,,2024-12-25 05:06:59.569479
Autobus,8502,3,731,Żerań FSO,0 min,Legionowo Os. Młodych 01,,2024-12-25 05:06:59.569479
Autobus,8523,5,709,PKP Piaseczno,0 min,Metro Wilanowska 18,,2024-12-25 05:06:59.569479
Autobus,8540,2,519,Powsin-Park Kultury,0 min,Wilanów 01,,2024-12-25 05:06:59.569479
Autobus,8558,1,162,Pl. Hallera,0 min,EC Siekierki 03,,2024-12-25 05:06:59.569479
Autobus,8559,1,519,Metro Wilanowska,0 min,Powsin-Park Kultury 01,,2024-12-25 05:06:59.569479
Autobus,8562,3,521,Falenica,0 min,Wiatraczna 22,,2024-12-25 05:06:59.569479
Autobus,8581,2,527,Metro Kondratowicza,0 min,Grodzisk 06,,2024-12-25 05:06:59.569479
Autobus,8586,1,120,Dw. Wschodni (Kijowska),0 min,Olesin 01,,2024-12-25 05:06:59.569479
Autobus,8591,2,509,Gocław,0 min,Winnica 06,,2024-12-25 05:06:59.569479
Autobus,8807,1,504,Dw. Centralny,0 min,Os. Kabaty 04,,2024-12-25 05:06:59.569479
Autobus,8860,3,511,Metro Młociny,0 min,Dąbrówka Wiślana 02,,2024-12-25 05:06:59.569479
Autobus,8591,2,509,Gocław,0 min,Winnica 06,,2024-12-25 05:06:59.569479
Autobus,8807,1,504,Dw. Centralny,0 min,Os. Kabaty 04,,2024-12-25 05:06:59.569479
Autobus,8860,3,511,Metro Młociny,0 min,Dąbrówka Wiślana 02,,2024-12-25 05:06:59.569479
Autobus,8523,5,709,PKP Piaseczno,0 min,Metro Wilanowska 18,,2024-12-25 05:06:59.569479
Autobus,8558,1,162,Pl. Hallera,0 min,EC Siekierki 03,,2024-12-25 05:06:59.569479
Autobus,8559,1,519,Metro Wilanowska,0 min,Powsin-Park Kultury 01,,2024-12-25 05:06:59.569479
Autobus,8562,3,521,Falenica,0 min,Wiatraczna 22,,2024-12-25 05:06:59.569479
Autobus,8581,2,527,Metro Kondratowicza,0 min,Grodzisk 06,,2024-12-25 05:06:59.569479
Autobus,8586,1,120,Dw. Wschodni (Kijowska),0 min,Olesin 01,,2024-12-25 05:06:59.569479
Autobus,8591,2,509,Gocław,0 min,Winnica 06,,2024-12-25 05:06:59.569479
Autobus,8807,1,504,Dw. Centralny,0 min,Os. Kabaty 04,,2024-12-25 05:06:59.569479
Autobus,8860,3,511,Metro Młociny,0 min,Dąbrówka Wiślana 02,,2024-12-25 05:06:59.569479
Autobus,8889,2,136,Natolin Płn.,0 min,Ostroroga 03,,2024-12-25 05:06:59.569479
Autobus,8898,8,189,Os. Górczewska,0 min,Sadyba 03,,2024-12-25 05:06:59.569479
Autobus,9068,457,211,Żerań FSO,0 min,Kępa Tarchomińska 01,,2024-12-25 05:06:59.569479
Autobus,9069,459,211,Żerań FSO,0 min,Dąbrówka Wiślana 02,,2024-12-25 05:06:59.569479
Autobus,9073,458,211,Kępa Tarchomińska,0 min,Żerań FSO 14,,2024-12-25 05:06:59.569479
Autobus,9087,72,204,Metro Bródno,0 min,Grodzisk 04,,2024-12-25 05:06:59.569479
Autobus,9089,71,204,Grodzisk,0 min,Metro Bródno 13,,2024-12-25 05:06:59.569479
Autobus,9091,2,104,Metro Bródno,0 min,Brzeziny 01,,2024-12-25 05:06:59.569479
Autobus,9201,2,133,Choszczówka,0 min,Tarchomin 07,,2024-12-25 05:06:59.569479
Autobus,9204,471,203,Fort Wawrzyszew,0 min,Metro Młociny 17,,2024-12-25 05:06:59.569479
Autobus,1068,3,130,Ananasowa,0 min,Ogrody Działkowe Budowlani II 02,,2024-12-25 05:06:59.569479
Autobus,6217,5,517,Pl. Trzech Krzyży,0 min,Pl. Trzech Krzyży 06,,2024-12-25 05:06:59.569479
Autobus,9330,2,153,Rembertów-Kolonia,0 min,Rembertów-Kolonia 02,,2024-12-25 05:06:59.569479
Autobus,9515,1,103,Metro Młociny,0 min,Sołtyka 02,,2024-12-25 05:06:59.569479
Tramwaj,3150,9,26,Wiatraczna,0 min,Wrocławska 05,,2024-12-25 05:06:59.569479
Autobus,1810,343,166,Os. Kabaty,0 min,Warneńska 01,,2024-12-25 05:06:59.569479
Tramwaj,3176,1,3,Gocławek,0 min,Al. Zieleniecka 06,,2024-12-25 05:06:59.569479
Autobus,5435,61,705,Rynia,0 min,Kobiałka 02,,2024-12-25 05:06:59.569479
Tramwaj,4281,9,33,Metro Młociny,0 min,Rondo ONZ 04,,2024-12-25 05:06:59.569479
Autobus,2019,7,148,Lotnisko Chopina,0 min,Siekierki-Sanktuarium 01,,2024-12-25 05:06:59.569479
Autobus,5205,3,716,Cm. Wolski,0 min,Śmigielska 01,,2024-12-25 05:06:59.569479
Autobus,3401,5,120,Dw. Wschodni (Kijowska),0 min,Knapika 01,,2024-12-25 05:06:59.569479
Autobus,4434,2,181,Pl. Wilsona,0 min,AWF 05,,2024-12-25 05:06:59.569479
Tramwaj,4234,2,11,Sielce,0 min,Ordona-WSA 03,,2024-12-25 05:06:59.569479
Autobus,9344,643,199,Rembertów-Strzelnica,0 min,Czwartaków 02,,2024-12-25 05:06:59.569479
Tramwaj,3283,5,26,Metro Młociny,0 min,Bliska 03,,2024-12-25 05:06:59.569479
Autobus,5937,1,503,Natolin Płn.,0 min,Pl. Krasińskich 01,,2024-12-25 05:06:59.569479
Autobus,2233,3,141,Witolin,0 min,Wał Miedzeszyński 02,,2024-12-25 05:06:59.569479
Autobus,7239,1,105,Rondo Daszyńskiego,0 min,P+R Połczyńska 01,,2024-12-25 05:06:59.569479
Tramwaj,4234,2,11,Sielce,0 min,Ordona-WSA 03,,2024-12-25 05:06:59.569479
Autobus,9344,643,199,Rembertów-Strzelnica,0 min,Czwartaków 02,,2024-12-25 05:06:59.569479
Tramwaj,3283,5,26,Metro Młociny,0 min,Bliska 03,,2024-12-25 05:06:59.569479
Autobus,5937,1,503,Natolin Płn.,0 min,Pl. Krasińskich 01,,2024-12-25 05:06:59.569479
Autobus,2233,3,141,Witolin,0 min,Wał Miedzeszyński 02,,2024-12-25 05:06:59.569479
Autobus,7239,1,105,Rondo Daszyńskiego,0 min,P+R Połczyńska 01,,2024-12-25 05:06:59.569479
Autobus,9351,1,135,Pl. Hallera,0 min,Szwedzka 04,,2024-12-25 05:06:59.569479
Tramwaj,4277,11,16,Miasteczko Wilanów,0 min,Włościańska 03,,2024-12-25 05:06:59.569479
Autobus,5976,601,111,Esperanto,0 min,Rondo Waszyngtona 01,,2024-12-25 05:06:59.569479
Tramwaj,4275,4,2,Metro Młociny,0 min,Zajezdnia Żoliborz 06,,2024-12-25 05:06:59.569479
Autobus,8818,7,136,Natolin Płn.,0 min,Metro Imielin 01,,2024-12-25 05:06:59.569479
Tramwaj,3226,544,1,Annopol,0 min,Okopowa 08,,2024-12-25 05:06:59.569479
Autobus,5404,5,162,Pl. Hallera,0 min,Dw. Wileński 02,,2024-12-25 05:06:59.569479
Autobus,9353,3,135,PKP Olszynka Grochowska,0 min,Szpital Grochowski 02,,2024-12-25 05:06:59.569479
Autobus,1002,5,213,Błota,0 min,Meissnera 01,,2024-12-25 05:06:59.569479
Autobus,1809,4,166,Pl. Hallera,0 min,Lanciego 01,,2024-12-25 05:06:59.569479
Autobus,4305,4,134,Metro Marymont,0 min,Augustówek 01,,2024-12-25 05:06:59.569479
Autobus,5977,4,503,Konwiktorska,0 min,Dolna 56,,2024-12-25 05:06:59.569479
Tramwaj,3827,7,6,Gocławek,0 min,UKSW 03,,2024-12-25 05:06:59.569479
Tramwaj,3226,544,1,Annopol,0 min,Okopowa 08,,2024-12-25 05:06:59.569479
Autobus,5404,5,162,Pl. Hallera,0 min,Dw. Wileński 02,,2024-12-25 05:06:59.569479
Autobus,9353,3,135,PKP Olszynka Grochowska,0 min,Szpital Grochowski 02,,2024-12-25 05:06:59.569479
Autobus,1002,5,213,Błota,0 min,Meissnera 01,,2024-12-25 05:06:59.569479
Autobus,1522,2,123,Dw. Wschodni (Lubelska),0 min,Mińska 01,,2024-12-25 05:06:59.569479
Autobus,5205,3,716,Cm. Wolski,0 min,Śmigielska 01,,2024-12-25 05:06:59.569479
Autobus,9320,3,179,Os. Kabaty,0 min,Grzegorzewskiej 01,,2024-12-25 05:06:59.569479
Autobus,9815,1,502,Stara Miłosna (Graniczna),0 min,Nizinna 02,,2024-12-25 05:06:59.569479
Autobus,9824,1,719,Leszno,0 min,Borzęcin Duży-Wieś 01,,2024-12-25 05:06:59.569479
Autobus,1427,1,115,Aleksandrów,0 min,Gruntowa 01,,2024-12-25 05:06:59.569479
Autobus,5435,61,705,Rynia,0 min,Długorzeczna 02,,2024-12-25 05:06:59.569479
Tramwaj,4234,2,11,Sielce,0 min,Ordona-WSA 03,,2024-12-25 05:06:59.569479
Autobus,1529,4,119,Rakowiecka-Sanktuarium,0 min,Morskie Oko 02,,2024-12-25 05:06:59.569479
Autobus,4434,2,181,Pl. Wilsona,0 min,AWF 05,,2024-12-25 05:06:59.569479
Autobus,7732,1,151,Pl. Konstytucji,0 min,Nowaka-Jeziorańskiego 01,,2024-12-25 05:06:59.569479
Autobus,1427,1,115,Aleksandrów,0 min,Gruntowa 01,,2024-12-25 05:06:59.569479
Autobus,5435,61,705,Rynia,0 min,Długorzeczna 02,,2024-12-25 05:06:59.569479
Tramwaj,3272,4,4,Wyścigi,0 min,Inżynierska 03,,2024-12-25 05:06:59.569479
Tramwaj,4281,9,33,Metro Młociny,0 min,Hala Mirowska 04,,2024-12-25 05:06:59.569479
Autobus,1522,2,123,Dw. Wschodni (Lubelska),0 min,Mińska 01,,2024-12-25 05:06:59.569479
Autobus,5205,3,716,Cm. Wolski,0 min,Śmigielska 01,,2024-12-25 05:06:59.569479
Autobus,9320,3,179,Os. Kabaty,0 min,Grzegorzewskiej 01,,2024-12-25 05:06:59.569479
Autobus,9815,1,502,Stara Miłosna (Graniczna),0 min,Nizinna 02,,2024-12-25 05:06:59.569479
Autobus,9824,1,719,Leszno,0 min,Borzęcin Duży-Wieś 01,,2024-12-25 05:06:59.569479
Autobus,1427,1,115,Aleksandrów,0 min,Gruntowa 01,,2024-12-25 05:06:59.569479
Autobus,5435,61,705,Rynia,0 min,Długorzeczna 02,,2024-12-25 05:06:59.569479
Tramwaj,3272,4,4,Wyścigi,0 min,Inżynierska 03,,2024-12-25 05:06:59.569479
Autobus,1529,4,119,Rakowiecka-Sanktuarium,0 min,Morskie Oko 02,,2024-12-25 05:06:59.569479
Autobus,4434,2,181,Pl. Wilsona,0 min,AWF 05,,2024-12-25 05:06:59.569479
Autobus,7732,1,151,Pl. Konstytucji,0 min,Nowaka-Jeziorańskiego 01,,2024-12-25 05:06:59.569479
Autobus,1056,3,194,PKP Gołąbki,0 min,PKP Włochy 04,,2024-12-25 05:06:59.569479
Autobus,7256,6,184,Metro Młociny,0 min,Metro Młociny 24,,2024-12-25 05:06:59.569479
Autobus,1520,435,146,Dw. Wschodni (Lubelska),0 min,Lubelska 06,,2024-12-25 05:06:59.569479
Autobus,7239,1,105,Rondo Daszyńskiego,0 min,Fort Wola 05,,2024-12-25 05:06:59.569479
Autobus,8529,1,166,Pl. Hallera,0 min,Czerniakowska 01,,2024-12-25 05:06:59.569479
Autobus,15090,2,L11,PKP Legionowo,0 min,OSP Skrzeszew 01,,2024-12-25 05:06:59.569479
Autobus,1810,343,166,Os. Kabaty,0 min,Warneńska 01,,2024-12-25 05:06:59.569479
Autobus,7732,1,151,Pl. Konstytucji,0 min,Nowaka-Jeziorańskiego 01,,2024-12-25 05:06:59.569479
Autobus,1056,3,194,PKP Gołąbki,0 min,PKP Włochy 04,,2024-12-25 05:06:59.569479
Autobus,7256,6,184,Metro Młociny,0 min,Metro Młociny 24,,2024-12-25 05:06:59.569479
Autobus,1520,435,146,Dw. Wschodni (Lubelska),0 min,Lubelska 06,,2024-12-25 05:06:59.569479
Autobus,7239,1,105,Rondo Daszyńskiego,0 min,Fort Wola 05,,2024-12-25 05:06:59.569479
Autobus,8529,1,166,Pl. Hallera,0 min,Czerniakowska 01,,2024-12-25 05:06:59.569479
Autobus,7245,8,517,Ursus-Niedźwiadek,1 min przed czasem,Ursus-Niedźwiadek 02,,2024-12-25 05:06:59.569479
Autobus,4212,2,717,Piastów Ogińskiego,1 min przed czasem,Łopuszańska 02,,2024-12-25 05:06:59.569479
Tramwaj,4234,2,11,Sielce,1 min przed czasem,Ordona-WSA 03,,2024-12-25 05:06:59.569479
Autobus,4413,1,197,Gwiaździsta,1 min przed czasem,Bielany-Ratusz 04,,2024-12-25 05:06:59.569479
Autobus,7702,1,145,Wiatraczna,1 min przed czasem,Płowiecka 01,,2024-12-25 05:06:59.569479
Autobus,3401,5,120,Dw. Wschodni (Kijowska),1 min przed czasem,Metro Kondratowicza 02,,2024-12-25 05:06:59.569479
Autobus,8532,4,189,Os. Górczewska,1 min przed czasem,Ryżowa 02,,2024-12-25 05:06:59.569479
Autobus,4233,2,194,Cm. Wolski,1 min przed czasem,PKP Ursus 01,,2024-12-25 05:06:59.569479
Autobus,5947,10,116,Chomiczówka,1 min przed czasem,Kapitulna 02,,2024-12-25 05:06:59.569479
Tramwaj,3198,546,1,Banacha,1 min przed czasem,Okopowa 07,,2024-12-25 05:06:59.569479
Tramwaj,3809,7,28,Os. Górczewska,1 min przed czasem,Park Traugutta 04,,2024-12-25 05:06:59.569479
Autobus,7259,5,184,Szczęśliwice,1 min przed czasem,Widawska 02,,2024-12-25 05:06:59.569479
Autobus,3455,64,705,Metro Marymont,1 min przed czasem,Stare Załubice Wolica 01,,2024-12-25 05:06:59.569479
Autobus,5921,10,180,Chomiczówka,1 min przed czasem,Kapitulna 02,,2024-12-25 05:06:59.569479
Autobus,9320,3,179,Os. Kabaty,1 min przed czasem,Płaskowickiej 01,,2024-12-25 05:06:59.569479
Autobus,2014,6,148,Lotnisko Chopina,1 min przed czasem,Poleczki 04,,2024-12-25 05:06:59.569479
Autobus,7748,1,525,Dw. Centralny,1 min przed czasem,Dw. Centralny 02,,2024-12-25 05:06:59.569479
Tramwaj,3122,1,7,Kawęczyńska-Bazylika,1 min przed czasem,Bitwy Warszawskiej 1920 r. 03,,2024-12-25 05:06:59.569479
Autobus,4203,536,713,Cm. Wolski,1 min przed czasem,Fort Wola 06,,2024-12-25 05:06:59.569479
Tramwaj,3818,2,28,Dw. Wschodni (Kijowska),1 min przed czasem,Dw. Gdański 07,,2024-12-25 05:06:59.569479
Autobus,9355,4,142,Aleksandrów,1 min przed czasem,PKP Falenica 04,,2024-12-25 05:06:59.569479
Autobus,5914,4,158,Witolin,1 min przed czasem,Centrum 15,,2024-12-25 05:06:59.569479
Autobus,8894,3,138,Utrata,1 min przed czasem,Matuszewska 02,,2024-12-25 05:06:59.569479
Autobus,1203,424,727,Metro Wilanowska,1 min przed czasem,Mysiadło Dąbrówka 02,,2024-12-25 05:06:59.569479
Autobus,9822,3,710,Piaseczno Targowisko,1 min przed czasem,Piaseczno Kościelna 01,,2024-12-25 05:06:59.569479
Autobus,9327,2,142,Wiatraczna,1 min przed czasem,Trakt Lubelski 01,,2024-12-25 05:06:59.569479
Autobus,5921,10,180,Chomiczówka,1 min przed czasem,Kapitulna 02,,2024-12-25 05:06:59.569479
Autobus,5940,6,180,Wilanów,1 min przed czasem,Pl. Teatralny 01,,2024-12-25 05:06:59.569479
Tramwaj,3122,1,7,Kawęczyńska-Bazylika,1 min przed czasem,Bitwy Warszawskiej 1920 r. 03,,2024-12-25 05:06:59.569479
Autobus,4247,7,122,Gwiaździsta,1 min przed czasem,Elbląska 04,,2024-12-25 05:06:59.569479
Autobus,1203,424,727,Metro Wilanowska,1 min przed czasem,Mysiadło Dąbrówka 02,,2024-12-25 05:06:59.569479
Autobus,9822,3,710,Piaseczno Targowisko,1 min przed czasem,Piaseczno Kościelna 01,,2024-12-25 05:06:59.569479
Autobus,9327,2,142,Wiatraczna,1 min przed czasem,Trakt Lubelski 01,,2024-12-25 05:06:59.569479
Autobus,5921,10,180,Chomiczówka,1 min przed czasem,Kapitulna 02,,2024-12-25 05:06:59.569479
Autobus,5940,6,180,Wilanów,1 min przed czasem,Pl. Teatralny 01,,2024-12-25 05:06:59.569479
Tramwaj,3122,1,7,Kawęczyńska-Bazylika,1 min przed czasem,Bitwy Warszawskiej 1920 r. 03,,2024-12-25 05:06:59.569479
Autobus,4247,7,122,Gwiaździsta,1 min przed czasem,Elbląska 04,,2024-12-25 05:06:59.569479
Autobus,4215,4,154,P+R Al. Krakowska,1 min przed czasem,Dw. Zachodni 01,,2024-12-25 05:06:59.569479
Autobus,5415,1,527,Grodzisk,1 min przed czasem,Grodzisk 06,,2024-12-25 05:06:59.569479
Autobus,9320,3,179,Os. Kabaty,1 min przed czasem,Płaskowickiej 01,,2024-12-25 05:06:59.569479
Autobus,1064,2,164,Kępa Zawadowska,1 min przed czasem,Dolina Służewiecka 03,,2024-12-25 05:06:59.569479
Autobus,9311,646,245,Ząbki Maczka,1 min przed czasem,Klamrowa 02,,2024-12-25 05:06:59.569479
Tramwaj,3292,6,24,Nowe Bemowo,1 min przed czasem,Wawrzyszewska 04,,2024-12-25 05:06:59.569479
Autobus,1548,437,147,Stara Miłosna (Ułańska),1 min przed czasem,Rogatkowa 02,,2024-12-25 05:06:59.569479
Autobus,4240,3,220,Opacz-Kolonia Rebusowa,1 min przed czasem,Ursus-Ratusz 05,,2024-12-25 05:06:59.569479
Autobus,9810,6,185,Gwiaździsta,1 min przed czasem,Nowoursynowska 02,,2024-12-25 05:06:59.569479
Autobus,9335,6,179,Os. Kabaty,1 min przed czasem,Centrum Onkologii 02,,2024-12-25 05:06:59.569479
Autobus,1528,1,183,Wiatraczna,1 min przed czasem,Marsa-Las 01,,2024-12-25 05:06:59.569479
Tramwaj,3818,2,28,Dw. Wschodni (Kijowska),1 min przed czasem,Dw. Gdański 07,,2024-12-25 05:06:59.569479
Autobus,9311,646,245,Ząbki Maczka,1 min przed czasem,Klamrowa 02,,2024-12-25 05:06:59.569479
Autobus,1548,437,147,Stara Miłosna (Ułańska),1 min przed czasem,Rogatkowa 02,,2024-12-25 05:06:59.569479
Autobus,7259,5,184,Szczęśliwice,1 min przed czasem,Orlich Gniazd 03,,2024-12-25 05:06:59.569479
Autobus,7730,319,525,Międzylesie,1 min przed czasem,Zajezdnia Ostrobramska 02,,2024-12-25 05:06:59.569479
Autobus,9335,6,179,Os. Kabaty,1 min przed czasem,Centrum Onkologii 02,,2024-12-25 05:06:59.569479
Autobus,1528,1,183,Wiatraczna,1 min przed czasem,Marsa-Las 01,,2024-12-25 05:06:59.569479
Autobus,1415,434,147,Stara Miłosna (Ułańska),1 min przed czasem,Wybrzeże Szczecińskie 01,,2024-12-25 05:06:59.569479
Autobus,4240,3,220,Opacz-Kolonia Rebusowa,1 min przed czasem,Poczty Gdańskiej 04,,2024-12-25 05:06:59.569479
Tramwaj,3267,6,4,Żerań Wschodni,1 min przed czasem,Odlewnicza 04,,2024-12-25 05:06:59.569479
Autobus,9810,6,185,Gwiaździsta,1 min przed czasem,Nowoursynowska 02,,2024-12-25 05:06:59.569479
Tramwaj,4104,547,4,Wyścigi,1 min przed czasem,Al. Lotników 07,,2024-12-25 05:06:59.569479
Autobus,9070,456,211,Żerań FSO,1 min przed czasem,Picassa 03,,2024-12-25 05:06:59.569479
Autobus,8522,4,143,Dw. Zachodni,1 min przed czasem,Pl. Na Rozdrożu 06,,2024-12-25 05:06:59.569479
Autobus,5434,1,723,PKP Legionowo Przystanek,2 min przed czasem,Jabłonna Buchnik 02,,2024-12-25 05:06:59.569479
Tramwaj,3157,8,9,Gocławek,2 min przed czasem,P+R Al. Krakowska 04,,2024-12-25 05:06:59.569479
Autobus,1904,1,106,Ostroroga,2 min przed czasem,Nowy Świat 04,,2024-12-25 05:06:59.569479
Autobus,8369,2,217,Natolin Płn.,2 min przed czasem,Oś Królewska 01,,2024-12-25 05:06:59.569479
Autobus,35132,688,L-5,Antoninów Cm. Południowy-Brama Płd.,2 min przed czasem,Wilcza Góra 02,,2024-12-25 05:06:59.569479
Tramwaj,3193,3,10,Os. Górczewska,2 min przed czasem,Dw. Centralny 10,,2024-12-25 05:06:59.569479
Autobus,9070,456,211,Żerań FSO,1 min przed czasem,Picassa 03,,2024-12-25 05:06:59.569479
Autobus,8522,4,143,Dw. Zachodni,1 min przed czasem,Pl. Na Rozdrożu 06,,2024-12-25 05:06:59.569479
Autobus,5434,1,723,PKP Legionowo Przystanek,2 min przed czasem,Jabłonna Buchnik 02,,2024-12-25 05:06:59.569479
Tramwaj,3157,8,9,Gocławek,2 min przed czasem,P+R Al. Krakowska 04,,2024-12-25 05:06:59.569479
Autobus,1904,1,106,Ostroroga,2 min przed czasem,Nowy Świat 04,,2024-12-25 05:06:59.569479
Autobus,8369,2,217,Natolin Płn.,2 min przed czasem,Oś Królewska 01,,2024-12-25 05:06:59.569479
Autobus,35132,688,L-5,Antoninów Cm. Południowy-Brama Płd.,2 min przed czasem,Wilcza Góra 02,,2024-12-25 05:06:59.569479
Tramwaj,3193,3,10,Os. Górczewska,2 min przed czasem,Dw. Centralny 10,,2024-12-25 05:06:59.569479
Autobus,2234,4,191,Regulska,2 min przed czasem,PKP Włochy 01,,2024-12-25 05:06:59.569479
Tramwaj,3193,3,10,Os. Górczewska,1 min przed czasem,Dw. Centralny 10,,2024-12-25 05:06:59.569479
Autobus,1415,434,147,Stara Miłosna (Ułańska),1 min przed czasem,Wybrzeże Szczecińskie 01,,2024-12-25 05:06:59.569479
Autobus,9810,6,185,Gwiaździsta,1 min przed czasem,Nowoursynowska 02,,2024-12-25 05:06:59.569479
Tramwaj,4104,547,4,Wyścigi,1 min przed czasem,Al. Lotników 07,,2024-12-25 05:06:59.569479
Autobus,9070,456,211,Żerań FSO,1 min przed czasem,Picassa 03,,2024-12-25 05:06:59.569479
Autobus,4240,3,220,Opacz-Kolonia Rebusowa,1 min przed czasem,Poczty Gdańskiej 04,,2024-12-25 05:06:59.569479
Autobus,8369,2,217,Natolin Płn.,1 min przed czasem,Oś Królewska 01,,2024-12-25 05:06:59.569479
Autobus,2248,3,105,Os. Górczewska,2 min przed czasem,Batalionów Chłopskich 02,,2024-12-25 05:06:59.569479
Autobus,5434,1,723,PKP Legionowo Przystanek,2 min przed czasem,Jabłonna Buchnik 02,,2024-12-25 05:06:59.569479
Autobus,1415,434,147,Stara Miłosna (Ułańska),1 min przed czasem,Wybrzeże Szczecińskie 01,,2024-12-25 05:06:59.569479
Autobus,9810,6,185,Gwiaździsta,1 min przed czasem,Nowoursynowska 02,,2024-12-25 05:06:59.569479
Tramwaj,4104,547,4,Wyścigi,1 min przed czasem,Al. Lotników 07,,2024-12-25 05:06:59.569479
Autobus,9070,456,211,Żerań FSO,1 min przed czasem,Picassa 03,,2024-12-25 05:06:59.569479
Autobus,4240,3,220,Opacz-Kolonia Rebusowa,1 min przed czasem,Poczty Gdańskiej 04,,2024-12-25 05:06:59.569479
Autobus,8369,2,217,Natolin Płn.,1 min przed czasem,Oś Królewska 01,,2024-12-25 05:06:59.569479
Autobus,2248,3,105,Os. Górczewska,2 min przed czasem,Batalionów Chłopskich 02,,2024-12-25 05:06:59.569479
Autobus,5434,1,723,PKP Legionowo Przystanek,2 min przed czasem,Jabłonna Buchnik 02,,2024-12-25 05:06:59.569479
Autobus,35132,688,L-5,Antoninów Cm. Południowy-Brama Płd.,2 min przed czasem,Wilcza Góra 02,,2024-12-25 05:06:59.569479
Autobus,2234,4,191,Regulska,2 min przed czasem,PKP Włochy 01,,2024-12-25 05:06:59.569479
Autobus,9532,55,737,Antoninów Cm. Południowy-Brama Płd.,2 min przed czasem,Bobrowiec Kolonia Lesznowola 02,,2024-12-25 05:06:59.569479
Autobus,6213,6,517,Pl. Trzech Krzyży,2 min przed czasem,Hala Kopińska 01,,2024-12-25 05:06:59.569479
Autobus,5459,2,140,Marki Czarna Struga,2 min przed czasem,Marki Czarna Struga 01,,2024-12-25 05:06:59.569479
Autobus,9849,6,167,Fort Radiowo,2 min przed czasem,Fort Blizne 02,,2024-12-25 05:06:59.569479
Autobus,7258,4,105,Os. Górczewska,2 min przed czasem,Sowińskiego 53,,2024-12-25 05:06:59.569479
Tramwaj,3198,546,1,Banacha,2 min przed czasem,Okopowa 07,,2024-12-25 05:06:59.569479
Tramwaj,4283,4,16,Miasteczko Wilanów,2 min przed czasem,Dolna 01,,2024-12-25 05:06:59.569479
Autobus,9819,5,502,Metro Politechnika,2 min przed czasem,Stara Miłosna (Graniczna) 02,,2024-12-25 05:06:59.569479
Autobus,9503,5,103,Brylowska,2 min przed czasem,Metro Młociny 01,,2024-12-25 05:06:59.569479
Autobus,6213,6,517,Pl. Trzech Krzyży,2 min przed czasem,Hala Kopińska 01,,2024-12-25 05:06:59.569479
Autobus,5459,2,140,Marki Czarna Struga,2 min przed czasem,Marki Czarna Struga 01,,2024-12-25 05:06:59.569479
Autobus,9849,6,167,Fort Radiowo,2 min przed czasem,Fort Blizne 02,,2024-12-25 05:06:59.569479
Autobus,7258,4,105,Os. Górczewska,2 min przed czasem,Sowińskiego 53,,2024-12-25 05:06:59.569479
Autobus,5929,403,128,Pl. Piłsudskiego,2 min przed czasem,Pl. Piłsudskiego 02,,2024-12-25 05:06:59.569479
Autobus,7248,1,177,Os. Górczewska,2 min przed czasem,Hala Wola 02,,2024-12-25 05:06:59.569479
Tramwaj,4219,1,11,Sielce,2 min przed czasem,Goworka 03,,2024-12-25 05:06:59.569479
Tramwaj,3148,6,10,Wyścigi,2 min przed czasem,Bukowińska 03,,2024-12-25 05:06:59.569479
Autobus,2249,10,189,Sadyba,2 min przed czasem,Sadyba 03,,2024-12-25 05:06:59.569479
Autobus,7258,4,105,Os. Górczewska,2 min przed czasem,Sowińskiego 53,,2024-12-25 05:06:59.569479
Autobus,1532,1,251,Konstancin-Jeziorna CH Stara Papiernia,2 min przed czasem,Konstancin-Jeziorna Polna 01,,2024-12-25 05:06:59.569479
Tramwaj,3820,6,28,Os. Górczewska,2 min przed czasem,Ogrody Działkowe Bemowo 06,,2024-12-25 05:06:59.569479
Autobus,1207,426,739,Piaseczno Julianowska-Cmentarz,2 min przed czasem,Julianów Srebrnych Świerków 01,,2024-12-25 05:06:59.569479
Autobus,8522,4,143,Dw. Zachodni,2 min przed czasem,Al. Wielkopolski 02,,2024-12-25 05:06:59.569479
Tramwaj,3275,7,15,Marymont-Potok,3 min przed czasem,Pl. Wilsona 14,,2024-12-25 05:06:59.569479
Autobus,15087,1,L11,Nowy Dwór Mazowiecki Urząd Miasta,3 min przed czasem,Nowy Dwór Mazowiecki Okunin 02,,2024-12-25 05:06:59.569479
Autobus,1209,422,727,Władysławów,3 min przed czasem,Głosków-Zielone 01,,2024-12-25 05:06:59.569479
Tramwaj,3223,3,7,P+R Al. Krakowska,3 min przed czasem,PKP Rakowiec 04,Poza trasą,2024-12-25 05:06:59.569479
Autobus,9808,3,185,CH Ursynów,12 min przed czasem,Gwiaździsta 04,,2024-12-25 05:06:59.569479
Autobus,8897,1,174,Rondo ONZ,13 min przed czasem,Bokserska 05,,2024-12-25 05:06:59.569479
Autobus,4232,672,729,Mariew,17 min przed czasem,Metro Bemowo 02,,2024-12-25 05:06:59.569479
Autobus,5894,400,175,Pl. Piłsudskiego,22 min przed czasem,Lotnisko Chopina-Przyloty 02,,2024-12-25 05:06:59.569479
Autobus,4419,2,157,Szczęśliwice,25 min przed czasem,Gwiaździsta 04,,2024-12-25 05:06:59.569479
Autobus,9808,3,185,CH Ursynów,12 min przed czasem,Gwiaździsta 04,,2024-12-25 05:06:59.569479
Autobus,8897,1,174,Rondo ONZ,13 min przed czasem,Bokserska 05,,2024-12-25 05:06:59.569479
Autobus,4232,672,729,Mariew,17 min przed czasem,Metro Bemowo 02,,2024-12-25 05:06:59.569479
Autobus,5894,400,175,Pl. Piłsudskiego,22 min przed czasem,Lotnisko Chopina-Przyloty 02,,2024-12-25 05:06:59.569479
Autobus,4419,2,157,Szczęśliwice,25 min przed czasem,Gwiaździsta 04,,2024-12-25 05:06:59.569479
Autobus,9808,3,185,CH Ursynów,12 min przed czasem,Gwiaździsta 04,,2024-12-25 05:06:59.569479
Autobus,8897,1,174,Rondo ONZ,13 min przed czasem,Bokserska 05,,2024-12-25 05:06:59.569479
Autobus,4232,672,729,Mariew,17 min przed czasem,Metro Bemowo 02,,2024-12-25 05:06:59.569479
Autobus,5894,400,175,Pl. Piłsudskiego,22 min przed czasem,Lotnisko Chopina-Przyloty 02,,2024-12-25 05:06:59.569479
Autobus,4419,2,157,Szczęśliwice,25 min przed czasem,Gwiaździsta 04,,2024-12-25 05:06:59.569479
Autobus,9808,3,185,CH Ursynów,12 min przed czasem,Gwiaździsta 04,,2024-12-25 05:06:59.569479
Autobus,8897,1,174,Rondo ONZ,13 min przed czasem,Bokserska 05,,2024-12-25 05:06:59.569479
Autobus,4232,672,729,Mariew,17 min przed czasem,Metro Bemowo 02,,2024-12-25 05:06:59.569479
Autobus,5894,400,175,Pl. Piłsudskiego,22 min przed czasem,Lotnisko Chopina-Przyloty 02,,2024-12-25 05:06:59.569479
Autobus,4419,2,157,Szczęśliwice,25 min przed czasem,Gwiaździsta 04,,2024-12-25 05:06:59.569479
Autobus,9808,3,185,CH Ursynów,12 min przed czasem,Gwiaździsta 04,,2024-12-25 05:06:59.569479
Autobus,8897,1,174,Rondo ONZ,13 min przed czasem,Bokserska 05,,2024-12-25 05:06:59.569479
Autobus,4232,672,729,Mariew,17 min przed czasem,Metro Bemowo 02,,2024-12-25 05:06:59.569479
Autobus,5894,400,175,Pl. Piłsudskiego,22 min przed czasem,Lotnisko Chopina-Przyloty 02,,2024-12-25 05:06:59.569479
Autobus,4419,2,157,Szczęśliwice,25 min przed czasem,Gwiaździsta 04,,2024-12-25 05:06:59.569479
Autobus,1069,2,108,Łososiowa,11 min przed czasem,Pl. Trzech Krzyży 02,,2024-12-25 05:06:59.569479
Autobus,9808,3,185,CH Ursynów,12 min przed czasem,Gwiaździsta 04,,2024-12-25 05:06:59.569479
Autobus,8897,1,174,Rondo ONZ,13 min przed czasem,Bokserska 05,,2024-12-25 05:06:59.569479
Autobus,4232,672,729,Mariew,17 min przed czasem,Metro Bemowo 02,,2024-12-25 05:06:59.569479
Autobus,5894,400,175,Pl. Piłsudskiego,22 min przed czasem,Lotnisko Chopina-Przyloty 02,,2024-12-25 05:06:59.569479
Autobus,4419,2,157,Szczęśliwice,25 min przed czasem,Gwiaździsta 04,,2024-12-25 05:06:59.569479
Autobus,1069,2,108,Łososiowa,11 min przed czasem,Pl. Trzech Krzyży 02,,2024-12-25 05:06:59.569479
Autobus,9808,3,185,CH Ursynów,12 min przed czasem,Gwiaździsta 04,,2024-12-25 05:06:59.569479
Autobus,8897,1,174,Rondo ONZ,13 min przed czasem,Bokserska 05,,2024-12-25 05:06:59.569479
Autobus,4232,672,729,Mariew,17 min przed czasem,Metro Bemowo 02,,2024-12-25 05:06:59.569479
Autobus,5894,400,175,Pl. Piłsudskiego,22 min przed czasem,Lotnisko Chopina-Przyloty 02,,2024-12-25 05:06:59.569479
Autobus,4419,2,157,Szczęśliwice,25 min przed czasem,Gwiaździsta 04,,2024-12-25 05:06:59.569479
Autobus,1069,2,108,Łososiowa,11 min przed czasem,Pl. Trzech Krzyży 02,,2024-12-25 05:06:59.569479
Autobus,9808,3,185,CH Ursynów,12 min przed czasem,Gwiaździsta 04,,2024-12-25 05:06:59.569479
Autobus,8897,1,174,Rondo ONZ,13 min przed czasem,Bokserska 05,,2024-12-25 05:06:59.569479
Autobus,4232,672,729,Mariew,17 min przed czasem,Metro Bemowo 02,,2024-12-25 05:06:59.569479
Autobus,5894,400,175,Pl. Piłsudskiego,22 min przed czasem,Lotnisko Chopina-Przyloty 02,,2024-12-25 05:06:59.569479
Autobus,4419,2,157,Szczęśliwice,25 min przed czasem,Gwiaździsta 04,,2024-12-25 05:06:59.569479
Autobus,1069,2,108,Łososiowa,11 min przed czasem,Pl. Trzech Krzyży 02,,2024-12-25 05:06:59.569479
Autobus,9808,3,185,CH Ursynów,12 min przed czasem,Gwiaździsta 04,,2024-12-25 05:06:59.569479
Autobus,8897,1,174,Rondo ONZ,13 min przed czasem,Bokserska 05,,2024-12-25 05:06:59.569479
Autobus,1421,2,173,Stara Miłosna (Graniczna),1 min przed czasem,Sulejówek Al. Piłsudskiego 02,,2024-12-25 05:06:59.569479
Autobus,1072,1,108,Pl. Trzech Krzyży,1 min przed czasem,Szwoleżerów 04,,2024-12-25 05:06:59.569479
Tramwaj,3267,6,4,Żerań Wschodni,1 min przed czasem,Faradaya 02,,2024-12-25 05:06:59.569479
Autobus,5937,1,503,Natolin Płn.,1 min przed czasem,Pl. Teatralny 01,,2024-12-25 05:06:59.569479
Autobus,6230,1,141,P+R Al. Krakowska,1 min przed czasem,Wołoska 06,,2024-12-25 05:06:59.569479
Tramwaj,3122,1,7,Kawęczyńska-Bazylika,1 min przed czasem,Wawelska 03,,2024-12-25 05:06:59.569479
Tramwaj,4283,4,16,Miasteczko Wilanów,1 min przed czasem,Kostrzewskiego 01,,2024-12-25 05:06:59.569479
Tramwaj,4277,11,16,Miasteczko Wilanów,1 min przed czasem,Pl. Grunwaldzki 07,,2024-12-25 05:06:59.569479
Autobus,4212,2,717,Piastów Ogińskiego,1 min przed czasem,Salomea 02,,2024-12-25 05:06:59.569479
Tramwaj,3182,7,22,Wiatraczna,1 min przed czasem,Rondo „Radosława” 09,,2024-12-25 05:06:59.569479
Autobus,9335,6,179,Os. Kabaty,1 min przed czasem,Łukaszczyka 02,,2024-12-25 05:06:59.569479
Autobus,3455,64,705,Metro Marymont,1 min przed czasem,Rynia Siwek 01,,2024-12-25 05:06:59.569479
Autobus,1548,437,147,Stara Miłosna (Ułańska),1 min przed czasem,Wawer-Ratusz 02,,2024-12-25 05:06:59.569479
Autobus,5914,4,158,Witolin,1 min przed czasem,Krucza 01,,2024-12-25 05:06:59.569479
Autobus,2248,3,105,Os. Górczewska,1 min przed czasem,Szobera 02,,2024-12-25 05:06:59.569479
Tramwaj,3191,3,22,Piaski,1 min przed czasem,Pl. Zawiszy 08,,2024-12-25 05:06:59.569479
Tramwaj,3820,6,28,Os. Górczewska,1 min przed czasem,Ogrody Działkowe Bemowo 06,,2024-12-25 05:06:59.569479
Tramwaj,4228,13,16,Piaski,1 min przed czasem,Romaszewskiego 04,,2024-12-25 05:06:59.569479
Autobus,9070,456,211,Żerań FSO,1 min przed czasem,Świderska 05,,2024-12-25 05:06:59.569479
Autobus,7701,2,151,Rechniewskiego,1 min przed czasem,Poligonowa 03,,2024-12-25 05:06:59.569479
Autobus,3455,64,705,Metro Marymont,1 min przed czasem,Rynia Siwek 01,,2024-12-25 05:06:59.569479
Tramwaj,3182,7,22,Wiatraczna,1 min przed czasem,Rondo „Radosława” 09,,2024-12-25 05:06:59.569479
Tramwaj,4283,4,16,Miasteczko Wilanów,1 min przed czasem,Kostrzewskiego 01,,2024-12-25 05:06:59.569479
Autobus,9335,6,179,Os. Kabaty,1 min przed czasem,Łukaszczyka 02,,2024-12-25 05:06:59.569479
Autobus,4212,2,717,Piastów Ogińskiego,1 min przed czasem,Salomea 02,,2024-12-25 05:06:59.569479
Autobus,6230,1,141,P+R Al. Krakowska,1 min przed czasem,Wołoska 06,,2024-12-25 05:06:59.569479
Autobus,1548,437,147,Stara Miłosna (Ułańska),1 min przed czasem,Wawer-Ratusz 02,,2024-12-25 05:06:59.569479
Autobus,5937,1,503,Natolin Płn.,1 min przed czasem,Pl. Teatralny 01,,2024-12-25 05:06:59.569479
Tramwaj,3122,1,7,Kawęczyńska-Bazylika,1 min przed czasem,Wawelska 03,,2024-12-25 05:06:59.569479
Autobus,1072,1,108,Pl. Trzech Krzyży,1 min przed czasem,Szwoleżerów 04,,2024-12-25 05:06:59.569479
Autobus,8501,1,738,P+R Radzymin,1 min przed czasem,Radzymin Os. Victoria 02,,2024-12-25 05:06:59.569479
Tramwaj,3809,7,28,Os. Górczewska,1 min przed czasem,Baseny Inflancka 04,,2024-12-25 05:06:59.569479
Tramwaj,3820,6,28,Os. Górczewska,1 min przed czasem,Ogrody Działkowe Bemowo 06,,2024-12-25 05:06:59.569479
Tramwaj,3121,3,4,Wyścigi,1 min przed czasem,Trasa Łazienkowska 01,,2024-12-25 05:06:59.569479
Tramwaj,3148,6,10,Wyścigi,1 min przed czasem,Bukowińska 03,,2024-12-25 05:06:59.569479
Tramwaj,3191,3,22,Piaski,1 min przed czasem,Pl. Zawiszy 08,,2024-12-25 05:06:59.569479
Autobus,9355,4,142,Aleksandrów,1 min przed czasem,Podkowy 02,,2024-12-25 05:06:59.569479
Tramwaj,4228,13,16,Piaski,1 min przed czasem,Romaszewskiego 04,,2024-12-25 05:06:59.569479
