Type,Vehicle No,Brigade,Route,Trip Headsign,Delay,Stop Name,Outside,Timestamp
Autobus,4407,111,N16,PKP Zacisze-Wilno,75 min,Dw. Centralny 21,,2024-12-25 03:02:09.170096
Autobus,4420,128,N62,PKP Wołomin,75 min,Dw. Centralny 21,,2024-12-25 03:02:09.170096
Autobus,7841,174,N83,PKP Piaseczno,75 min,Dw. Centralny 11,,2024-12-25 03:02:09.170096
Autobus,8578,184,N71,Wola Grzybowska,75 min,Dw. Centralny 25,,2024-12-25 03:02:09.170096
Autobus,7220,101,N35,Ursus-Niedźwiadek,47 min,Centrum 03,,2024-12-25 03:02:09.170096
Autobus,4335,134,N14,Olesin,45 min,Dw. Centralny 21,,2024-12-25 03:02:09.170096
Autobus,1555,222,N61,Marki Czarna Struga,44 min,Dw. Centralny 21,,2024-12-25 03:02:09.170096
Autobus,8555,265,N81,Sarmacka,44 min,Dw. Centralny 11,,2024-12-25 03:02:09.170096
Autobus,1216,657,742,Góra Kalwaria Rynek,19 min,Konstancin-Jeziorna Polna 01,,2024-12-25 03:02:09.170096
Autobus,8828,203,N22,Falenica,15 min,Dw. Centralny 25,,2024-12-25 03:02:09.170096
Autobus,8341,166,N31,Sadyba,15 min,Dw. Centralny 11,,2024-12-25 03:02:09.170096
Autobus,4202,295,N25,Międzylesie,15 min,Dw. Centralny 25,,2024-12-25 03:02:09.170096
Autobus,8501,1,738,P+R Radzymin,6 min,Radzymin Hallera 02,,2024-12-25 03:02:09.170096
Autobus,3412,2,738,P+R Radzymin,5 min,Kościeliska 02,,2024-12-25 03:02:09.170096
Autobus,1843,61,722,Os. Radiówek,4 min,Edisona 02,,2024-12-25 03:02:09.170096
Autobus,1862,1,720,Rzakta,4 min,Majdan Góraszka 02,,2024-12-25 03:02:09.170096
Autobus,1209,422,727,Władysławów,3 min,Piaseczno Kolejka Piaseczyńska 55,,2024-12-25 03:02:09.170096
Autobus,15087,1,L11,PKP Legionowo,2 min,Kałuszyn Warszawska 03,,2024-12-25 03:02:09.170096
Autobus,7246,1,703,Kosów,1 min,Wolica 02,,2024-12-25 03:02:09.170096
Autobus,8341,166,N31,Sadyba,15 min,Dw. Centralny 11,,2024-12-25 03:02:09.170096
Autobus,8828,203,N22,Falenica,15 min,Dw. Centralny 25,,2024-12-25 03:02:09.170096
Autobus,8501,1,738,P+R Radzymin,6 min,Radzymin Wierzbowa 02,,2024-12-25 03:02:09.170096
Autobus,1843,61,722,Os. Radiówek,5 min,Edisona 02,,2024-12-25 03:02:09.170096
Autobus,3412,2,738,P+R Radzymin,5 min,Tużycka 02,,2024-12-25 03:02:09.170096
Autobus,1862,1,720,Rzakta,4 min,Góraszka Mickiewicza 02,,2024-12-25 03:02:09.170096
Autobus,1209,422,727,Władysławów,3 min,Piaseczno Kolejka Piaseczyńska 55,,2024-12-25 03:02:09.170096
Autobus,15087,1,L11,PKP Legionowo,2 min,Kałuszyn Warszawska 03,,2024-12-25 03:02:09.170096
Autobus,7246,1,703,Kosów,1 min,Wolica 02,,2024-12-25 03:02:09.170096
Autobus,9822,3,710,Os. Kabaty,0 min,Piaseczno Wojska Polskiego 02,,2024-12-25 03:02:09.170096
Autobus,7744,1,704,PKP Halinów,0 min,Edisona 02,,2024-12-25 03:02:09.170096
Autobus,9525,52,715,P+R Al. Krakowska,0 min,Ursynów Płn. 05,,2024-12-25 03:02:09.170096
Tramwaj,3157,4,7,Kawęczyńska-Bazylika,0 min,Woronicza 04,,2024-12-25 03:02:09.170096
Autobus,1220,423,739,Piaseczno Julianowska-Cmentarz,0 min,Metro Wilanowska 17,,2024-12-25 03:02:09.170096
Autobus,1417,207,N44,Zajezdnia Żoliborz,0 min,Dw. Centralny 23,,2024-12-25 03:02:09.170096
Autobus,1536,5,119,Wiśniowa Góra,0 min,Rakowiecka-Sanktuarium 06,,2024-12-25 03:02:09.170096
Autobus,1540,6,N02,Metro Młociny,0 min,Marysin 03,,2024-12-25 03:02:09.170096
Autobus,1548,437,146,Dw. Wschodni (Lubelska),0 min,Falenica 04,,2024-12-25 03:02:09.170096
Autobus,1550,439,147,Dw. Wschodni (Lubelska),0 min,Stara Miłosna (Ułańska) 03,,2024-12-25 03:02:09.170096
Autobus,9525,52,715,P+R Al. Krakowska,0 min,Ursynów Płn. 05,,2024-12-25 03:02:09.170096
Tramwaj,3157,4,7,Kawęczyńska-Bazylika,0 min,Woronicza 04,,2024-12-25 03:02:09.170096
Autobus,1220,423,739,Piaseczno Julianowska-Cmentarz,0 min,Metro Wilanowska 17,,2024-12-25 03:02:09.170096
Autobus,1417,207,N44,Zajezdnia Żoliborz,0 min,Dw. Centralny 23,,2024-12-25 03:02:09.170096
Autobus,1536,5,119,Wiśniowa Góra,0 min,Rakowiecka-Sanktuarium 06,,2024-12-25 03:02:09.170096
Autobus,1540,6,N02,Metro Młociny,0 min,Marysin 03,,2024-12-25 03:02:09.170096
Autobus,1548,437,146,Dw. Wschodni (Lubelska),0 min,Falenica 04,,2024-12-25 03:02:09.170096
Autobus,1550,439,147,Dw. Wschodni (Lubelska),0 min,Stara Miłosna (Ułańska) 03,,2024-12-25 03:02:09.170096
Autobus,1553,188,N46,Metro Młociny,0 min,Dw. Centralny 23,,2024-12-25 03:02:09.170096
Autobus,2015,2,N01,Nowodwory,0 min,Woronicza 02,,2024-12-25 03:02:09.170096
Autobus,3458,247,N63,Dw. Centralny,0 min,Nowodwory 09,,2024-12-25 03:02:09.170096
Autobus,35134,688,L13,PKP Zalesie Górne,0 min,Piaseczno Urząd Miasta 03,,2024-12-25 03:02:09.170096
Autobus,35137,1,L49,Winnica,0 min,Chotomów 01,,2024-12-25 03:02:09.170096
Autobus,35158,692,L19,Pieczyska,0 min,Piaseczno Urząd Miasta 03,,2024-12-25 03:02:09.170096
Autobus,4207,1,N44,Dw. Centralny,0 min,Zajezdnia Żoliborz 02,,2024-12-25 03:02:09.170096
Autobus,4220,194,N25,Międzylesie,0 min,Dw. Centralny 25,,2024-12-25 03:02:09.170096
Autobus,4222,2,N44,Dw. Centralny,0 min,Zajezdnia Żoliborz 02,,2024-12-25 03:02:09.170096
Autobus,4231,1,N45,Lazurowa,0 min,Dw. Centralny 29,,2024-12-25 03:02:09.170096
Autobus,3458,247,N63,Dw. Centralny,0 min,Nowodwory 09,,2024-12-25 03:02:09.170096
Autobus,35134,688,L13,PKP Zalesie Górne,0 min,Piaseczno Urząd Miasta 03,,2024-12-25 03:02:09.170096
Autobus,35137,1,L49,Winnica,0 min,Chotomów 01,,2024-12-25 03:02:09.170096
Autobus,35158,692,L19,Pieczyska,0 min,Piaseczno Urząd Miasta 03,,2024-12-25 03:02:09.170096
Autobus,4207,1,N44,Dw. Centralny,0 min,Zajezdnia Żoliborz 02,,2024-12-25 03:02:09.170096
Autobus,4220,194,N25,Międzylesie,0 min,Dw. Centralny 25,,2024-12-25 03:02:09.170096
Autobus,4222,2,N44,Dw. Centralny,0 min,Zajezdnia Żoliborz 02,,2024-12-25 03:02:09.170096
Autobus,4231,1,N45,Lazurowa,0 min,Dw. Centralny 29,,2024-12-25 03:02:09.170096
Autobus,4244,4,N01,Ursynów Płn.,0 min,Łopuszańska 01,,2024-12-25 03:02:09.170096
Autobus,4246,193,N25,Międzylesie,0 min,Dw. Centralny 25,,2024-12-25 03:02:09.170096
Autobus,4301,549,705,Metro Marymont,0 min,Białobrzegi 01,,2024-12-25 03:02:09.170096
Autobus,4316,1,134,Metro Marymont,0 min,Olesin 01,,2024-12-25 03:02:09.170096
Autobus,4332,5,N01,Ursynów Płn.,0 min,Prozy 04,,2024-12-25 03:02:09.170096
Autobus,4333,6,N01,Ursynów Płn.,0 min,Prozy 04,,2024-12-25 03:02:09.170096
Autobus,4336,135,N64,Dw. Centralny,0 min,Choszczówka 01,,2024-12-25 03:02:09.170096
Autobus,4406,133,N64,Dw. Centralny,0 min,Kupiecka 01,,2024-12-25 03:02:09.170096
Autobus,4411,225,N12,Dw. Centralny,0 min,Metro Trocka 12,,2024-12-25 03:02:09.170096
Autobus,4423,1,169,Dw. Wschodni (Kijowska),0 min,Bródno-Podgrodzie 06,,2024-12-25 03:02:09.170096
Autobus,4424,131,N14,Olesin,0 min,Dw. Centralny 21,,2024-12-25 03:02:09.170096
Autobus,4333,6,N01,Ursynów Płn.,0 min,Prozy 04,,2024-12-25 03:02:09.170096
Autobus,4336,135,N64,Dw. Centralny,0 min,Choszczówka 01,,2024-12-25 03:02:09.170096
Autobus,4406,133,N64,Dw. Centralny,0 min,Kupiecka 01,,2024-12-25 03:02:09.170096
Autobus,4407,111,N16,PKP Zacisze-Wilno,0 min,Dw. Centralny 21,,2024-12-25 03:02:09.170096
Autobus,4411,225,N12,Dw. Centralny,0 min,Metro Trocka 12,,2024-12-25 03:02:09.170096
Autobus,4423,1,169,Dw. Wschodni (Kijowska),0 min,Bródno-Podgrodzie 06,,2024-12-25 03:02:09.170096
Autobus,4424,131,N14,Olesin,0 min,Dw. Centralny 21,,2024-12-25 03:02:09.170096
Autobus,4426,121,N16,PKP Zacisze-Wilno,0 min,Dw. Centralny 21,,2024-12-25 03:02:09.170096
Autobus,4429,226,N12,Dw. Centralny,0 min,Metro Trocka 12,,2024-12-25 03:02:09.170096
Autobus,4433,110,N11,Os. Derby,0 min,Dw. Centralny 21,,2024-12-25 03:02:09.170096
Autobus,4513,1,733,Młochów,0 min,P+R Al. Krakowska 15,,2024-12-25 03:02:09.170096
Autobus,5419,3,N43,Dw. Centralny,0 min,Chomiczówka 05,,2024-12-25 03:02:09.170096
Autobus,5420,2,N13,Dw. Centralny,0 min,Tarchomin 07,,2024-12-25 03:02:09.170096
Autobus,5425,246,N63,Chotomów,0 min,Dw. Centralny 23,,2024-12-25 03:02:09.170096
Autobus,5883,1,127,Browarna,0 min,Nowe Włochy 01,,2024-12-25 03:02:09.170096
Autobus,5898,220,N43,Chomiczówka,0 min,Dw. Centralny 29,,2024-12-25 03:02:09.170096
Autobus,5899,410,175,Lotnisko Chopina,0 min,Centrum 06,,2024-12-25 03:02:09.170096
Autobus,5940,6,180,Chomiczówka,0 min,Wilanów 04,,2024-12-25 03:02:09.170096
Autobus,5960,2,N43,Dw. Centralny,0 min,Chomiczówka 05,,2024-12-25 03:02:09.170096
Autobus,4513,1,733,Młochów,0 min,P+R Al. Krakowska 15,,2024-12-25 03:02:09.170096
Autobus,5419,3,N43,Dw. Centralny,0 min,Chomiczówka 05,,2024-12-25 03:02:09.170096
Autobus,5420,2,N13,Dw. Centralny,0 min,Tarchomin 07,,2024-12-25 03:02:09.170096
Autobus,5425,246,N63,Chotomów,0 min,Dw. Centralny 23,,2024-12-25 03:02:09.170096
Autobus,5883,1,127,Browarna,0 min,Nowe Włochy 01,,2024-12-25 03:02:09.170096
Autobus,5898,220,N43,Chomiczówka,0 min,Dw. Centralny 29,,2024-12-25 03:02:09.170096
Autobus,5899,410,175,Lotnisko Chopina,0 min,Centrum 06,,2024-12-25 03:02:09.170096
Autobus,5940,6,180,Chomiczówka,0 min,Wilanów 04,,2024-12-25 03:02:09.170096
Autobus,5960,2,N43,Dw. Centralny,0 min,Chomiczówka 05,,2024-12-25 03:02:09.170096
Autobus,5968,4,N43,Dw. Centralny,0 min,Chomiczówka 05,,2024-12-25 03:02:09.170096
Autobus,5994,1,N13,Nowodwory,0 min,Dw. Centralny 23,,2024-12-25 03:02:09.170096
Autobus,6239,208,N38,Centrum,0 min,P+R Al. Krakowska 07,,2024-12-25 03:02:09.170096
Autobus,7858,185,N21,Stara Miłosna (Ułańska),0 min,Dw. Centralny 25,,2024-12-25 03:02:09.170096
Autobus,7860,215,N72,Dw. Centralny,0 min,Falenica 03,,2024-12-25 03:02:09.170096
Autobus,7876,1,N24,Dw. Centralny,0 min,Płowiecka 01,,2024-12-25 03:02:09.170096
Autobus,7887,213,N21,Dw. Centralny,0 min,Stara Miłosna (Ułańska) 04,,2024-12-25 03:02:09.170096
Autobus,8351,169,N37,Os. Kabaty,0 min,Dw. Centralny 27,,2024-12-25 03:02:09.170096
Autobus,8368,173,N83,PKP Piaseczno,0 min,Dw. Centralny 11,,2024-12-25 03:02:09.170096
Autobus,8398,3,N24,Dw. Centralny,0 min,PKP Mokry Ług 02,,2024-12-25 03:02:09.170096
Autobus,9510,2,N03,Winnica,0 min,Wiatraczna 01,,2024-12-25 03:02:09.170096
Autobus,9512,653,719,Metro Bemowo,0 min,Leszno 02,,2024-12-25 03:02:09.170096
Autobus,9515,1,103,Metro Młociny,0 min,Brylowska 01,,2024-12-25 03:02:09.170096
Autobus,9516,1,707,P+R Al. Krakowska,0 min,Piaseczno Targowisko 02,,2024-12-25 03:02:09.170096
Autobus,9521,3,N02,Marysin,0 min,Metro Młociny 23,,2024-12-25 03:02:09.170096
Autobus,9522,53,737,Antoninów Cm. Południowy-Brama Płd.,0 min,Ursynów Płn. 05,,2024-12-25 03:02:09.170096
Autobus,9808,3,185,CH Ursynów,0 min,Dolina Służewiecka 01,,2024-12-25 03:02:09.170096
Autobus,9810,6,185,CH Ursynów,0 min,Al. Witosa 01,,2024-12-25 03:02:09.170096
Autobus,9815,1,502,Stara Miłosna (Graniczna),0 min,Trakt Lubelski 02,,2024-12-25 03:02:09.170096
Autobus,9821,2,710,Piaseczno Targowisko,0 min,Os. Kabaty 05,,2024-12-25 03:02:09.170096
Autobus,9843,2,N42,Os. Górczewska,0 min,Dw. Centralny 29,,2024-12-25 03:02:09.170096
Autobus,9901,473,210,Metro Młociny,0 min,Truskaw Skibińskiego 01,,2024-12-25 03:02:09.170096
Autobus,9902,1,N42,Dw. Centralny,0 min,Os. Górczewska 53,,2024-12-25 03:02:09.170096
Autobus,9904,7,190,Znana,0 min,CH Marki 01,,2024-12-25 03:02:09.170096
Autobus,9905,1,186,Szczęśliwice,0 min,Nowodwory 09,,2024-12-25 03:02:09.170096
Autobus,9914,218,N42,Dw. Centralny,0 min,Os. Górczewska 53,,2024-12-25 03:02:09.170096
Autobus,9928,216,N42,Dw. Centralny,0 min,Os. Górczewska 53,,2024-12-25 03:02:09.170096
Autobus,9933,1,190,Znana,0 min,CH Marki 01,,2024-12-25 03:02:09.170096
Pociąg,1000,,WKD,Warszawa Śródmieście WKD,0 min,Grodzisk Mazowiecki Jordanowice,,2024-12-25 03:02:09.170096
Autobus,9902,1,N42,Dw. Centralny,0 min,Os. Górczewska 53,,2024-12-25 03:02:09.170096
Autobus,9904,7,190,Znana,0 min,CH Marki 01,,2024-12-25 03:02:09.170096
Autobus,9905,1,186,Szczęśliwice,0 min,Nowodwory 09,,2024-12-25 03:02:09.170096
Autobus,9914,218,N42,Dw. Centralny,0 min,Os. Górczewska 53,,2024-12-25 03:02:09.170096
Autobus,9928,216,N42,Dw. Centralny,0 min,Os. Górczewska 53,,2024-12-25 03:02:09.170096
Autobus,9933,1,190,Znana,0 min,CH Marki 01,,2024-12-25 03:02:09.170096
Pociąg,1000,,WKD,Warszawa Śródmieście WKD,0 min,Grodzisk Mazowiecki Jordanowice,,2024-12-25 03:02:09.170096
Autobus,80112,1,L33,PKP Jeziorki,0 min,Józefosław Aleja Bzów 02,,2024-12-25 03:02:09.170096
Autobus,9525,52,715,P+R Al. Krakowska,0 min,Metro Ursynów 01,,2024-12-25 03:02:09.170096
Autobus,1550,439,147,Dw. Wschodni (Lubelska),1 min przed czasem,Rumiankowa 01,,2024-12-25 03:02:09.170096
Autobus,4203,536,713,Koprki Agricoop,1 min przed czasem,Bronisze 02,,2024-12-25 03:02:09.170096
Autobus,6207,2,189,Sadyba,2 min przed czasem,Zajezdnia Kleszczowa 01,,2024-12-25 03:02:09.170096
Autobus,1207,426,739,Piaseczno Julianowska-Cmentarz,6 min przed czasem,Julianów Srebrnych Świerków 01,,2024-12-25 03:02:09.170096
Autobus,9501,654,714,Koczargi Stare,8 min przed czasem,Metro Bemowo 02,,2024-12-25 03:02:09.170096
Autobus,1520,435,146,Falenica,32 min przed czasem,Most Siekierkowski 01,,2024-12-25 03:02:09.170096
Autobus,4520,181,N41,Dw. Centralny,1151 min przed czasem,Al. Reymonta 01,,2024-12-25 03:02:09.170096
Autobus,8349,257,N34,Dw. Centralny,1152 min przed czasem,Gotarda 02,,2024-12-25 03:02:09.170096
Autobus,1537,4,N02,Metro Młociny,1155 min przed czasem,Dw. Wileński 04,,2024-12-25 03:02:09.170096
Autobus,4225,1,N01,Nowodwory,1161 min przed czasem,Zajezdnia Kleszczowa 02,,2024-12-25 03:02:09.170096
Autobus,9914,218,N42,Dw. Centralny,0 min,Os. Górczewska 53,,2024-12-25 03:02:09.170096
Autobus,9928,216,N42,Dw. Centralny,0 min,Os. Górczewska 53,,2024-12-25 03:02:09.170096
Autobus,9933,1,190,Znana,0 min,CH Marki 01,,2024-12-25 03:02:09.170096
Pociąg,1000,,WKD,Warszawa Śródmieście WKD,0 min,Grodzisk Mazowiecki Jordanowice,,2024-12-25 03:02:09.170096
Autobus,80112,1,L33,PKP Jeziorki,0 min,Józefosław Aleja Bzów 02,,2024-12-25 03:02:09.170096
Autobus,9525,52,715,P+R Al. Krakowska,0 min,Metro Ursynów 01,,2024-12-25 03:02:09.170096
Autobus,1550,439,147,Dw. Wschodni (Lubelska),1 min przed czasem,Rumiankowa 01,,2024-12-25 03:02:09.170096
Autobus,4203,536,713,Koprki Agricoop,1 min przed czasem,Bronisze 02,,2024-12-25 03:02:09.170096
Autobus,6207,2,189,Sadyba,2 min przed czasem,Zajezdnia Kleszczowa 01,,2024-12-25 03:02:09.170096
Autobus,1207,426,739,Piaseczno Julianowska-Cmentarz,6 min przed czasem,Julianów Srebrnych Świerków 01,,2024-12-25 03:02:09.170096
Autobus,9501,654,714,Koczargi Stare,8 min przed czasem,Metro Bemowo 02,,2024-12-25 03:02:09.170096
Autobus,1520,435,146,Falenica,32 min przed czasem,Most Siekierkowski 01,,2024-12-25 03:02:09.170096
Autobus,4520,181,N41,Dw. Centralny,1151 min przed czasem,Al. Reymonta 01,,2024-12-25 03:02:09.170096
Autobus,8349,257,N34,Dw. Centralny,1152 min przed czasem,Gotarda 02,,2024-12-25 03:02:09.170096
Autobus,4225,1,N01,Nowodwory,1161 min przed czasem,Zajezdnia Kleszczowa 02,,2024-12-25 03:02:09.170096
Autobus,9928,216,N42,Dw. Centralny,0 min,Os. Górczewska 53,,2024-12-25 03:02:09.170096
Autobus,9933,1,190,Znana,0 min,CH Marki 01,,2024-12-25 03:02:09.170096
Pociąg,1000,,WKD,Warszawa Śródmieście WKD,0 min,Grodzisk Mazowiecki Jordanowice,,2024-12-25 03:02:09.170096
Autobus,80112,1,L33,PKP Jeziorki,0 min,Józefosław Aleja Bzów 02,,2024-12-25 03:02:09.170096
Autobus,9525,52,715,P+R Al. Krakowska,1 min przed czasem,Metro Ursynów 01,,2024-12-25 03:02:09.170096
Autobus,1550,439,147,Dw. Wschodni (Lubelska),1 min przed czasem,Rumiankowa 01,,2024-12-25 03:02:09.170096
Autobus,4203,536,713,Koprki Agricoop,1 min przed czasem,Bronisze 02,,2024-12-25 03:02:09.170096
Autobus,6207,2,189,Sadyba,2 min przed czasem,Zajezdnia Kleszczowa 01,,2024-12-25 03:02:09.170096
Autobus,1207,426,739,Piaseczno Julianowska-Cmentarz,6 min przed czasem,Julianów Srebrnych Świerków 01,,2024-12-25 03:02:09.170096
Autobus,9501,654,714,Koczargi Stare,8 min przed czasem,Metro Bemowo 02,,2024-12-25 03:02:09.170096
Autobus,1520,435,146,Falenica,32 min przed czasem,Most Siekierkowski 01,,2024-12-25 03:02:09.170096
Autobus,4520,181,N41,Dw. Centralny,1151 min przed czasem,Al. Reymonta 01,,2024-12-25 03:02:09.170096
Autobus,8349,257,N34,Dw. Centralny,1152 min przed czasem,Gotarda 02,,2024-12-25 03:02:09.170096
Autobus,1537,4,N02,Metro Młociny,1155 min przed czasem,Dw. Wileński 04,,2024-12-25 03:02:09.170096
Autobus,4225,1,N01,Nowodwory,1161 min przed czasem,Zajezdnia Kleszczowa 02,,2024-12-25 03:02:09.170096
Autobus,9928,216,N42,Dw. Centralny,0 min,Os. Górczewska 53,,2024-12-25 03:02:09.170096
Autobus,9933,1,190,Znana,0 min,CH Marki 01,,2024-12-25 03:02:09.170096
Pociąg,1000,,WKD,Warszawa Śródmieście WKD,0 min,Grodzisk Mazowiecki Jordanowice,,2024-12-25 03:02:09.170096
Autobus,80112,1,L33,PKP Jeziorki,0 min,Józefosław Aleja Bzów 02,,2024-12-25 03:02:09.170096
Autobus,9525,52,715,P+R Al. Krakowska,1 min przed czasem,Metro Ursynów 01,,2024-12-25 03:02:09.170096
Autobus,1550,439,147,Dw. Wschodni (Lubelska),1 min przed czasem,Rumiankowa 01,,2024-12-25 03:02:09.170096
Autobus,9525,52,715,P+R Al. Krakowska,1 min przed czasem,Metro Ursynów 01,,2024-12-25 03:02:09.170096
Autobus,4203,536,713,Koprki Agricoop,1 min przed czasem,Bronisze 02,,2024-12-25 03:02:09.170096
Autobus,6207,2,189,Sadyba,1 min przed czasem,Zajezdnia Kleszczowa 01,,2024-12-25 03:02:09.170096
Autobus,1207,426,739,Piaseczno Julianowska-Cmentarz,6 min przed czasem,Julianów Srebrnych Świerków 01,,2024-12-25 03:02:09.170096
Autobus,9501,654,714,Koczargi Stare,7 min przed czasem,Metro Bemowo 02,,2024-12-25 03:02:09.170096
Autobus,4520,181,N41,Dw. Centralny,1150 min przed czasem,Al. Reymonta 01,,2024-12-25 03:02:09.170096
Autobus,8349,257,N34,Dw. Centralny,1152 min przed czasem,Gotarda 02,,2024-12-25 03:02:09.170096
Autobus,1537,4,N02,Metro Młociny,1155 min przed czasem,Dw. Wileński 04,,2024-12-25 03:02:09.170096
Autobus,4225,1,N01,Nowodwory,1161 min przed czasem,Zajezdnia Kleszczowa 02,,2024-12-25 03:02:09.170096
Autobus,9905,1,186,Szczęśliwice,0 min,Nowodwory 09,,2024-12-25 03:02:09.170096
Autobus,9914,218,N42,Dw. Centralny,0 min,Os. Górczewska 53,,2024-12-25 03:02:09.170096
Autobus,9928,216,N42,Dw. Centralny,0 min,Os. Górczewska 53,,2024-12-25 03:02:09.170096
Autobus,9933,1,190,Znana,0 min,CH Marki 01,,2024-12-25 03:02:09.170096
Pociąg,1000,,WKD,Warszawa Śródmieście WKD,0 min,Grodzisk Mazowiecki Jordanowice,,2024-12-25 03:02:09.170096
Autobus,1550,439,147,Dw. Wschodni (Lubelska),1 min przed czasem,Rumiankowa 01,,2024-12-25 03:02:09.170096
Autobus,9525,52,715,P+R Al. Krakowska,1 min przed czasem,Metro Ursynów 01,,2024-12-25 03:02:09.170096
Autobus,4203,536,713,Koprki Agricoop,1 min przed czasem,Bronisze 02,,2024-12-25 03:02:09.170096
Autobus,6207,2,189,Sadyba,1 min przed czasem,Zajezdnia Kleszczowa 01,,2024-12-25 03:02:09.170096
Autobus,1207,426,739,Piaseczno Julianowska-Cmentarz,6 min przed czasem,Julianów Srebrnych Świerków 01,,2024-12-25 03:02:09.170096
Autobus,9501,654,714,Koczargi Stare,7 min przed czasem,Metro Bemowo 02,,2024-12-25 03:02:09.170096
Autobus,4520,181,N41,Dw. Centralny,1150 min przed czasem,Al. Reymonta 01,,2024-12-25 03:02:09.170096
Autobus,8349,257,N34,Dw. Centralny,1152 min przed czasem,Gotarda 02,,2024-12-25 03:02:09.170096
Autobus,1537,4,N02,Metro Młociny,1155 min przed czasem,Dw. Wileński 04,,2024-12-25 03:02:09.170096
Autobus,4225,1,N01,Nowodwory,1161 min przed czasem,Zajezdnia Kleszczowa 02,,2024-12-25 03:02:09.170096
