Type,Vehicle No,Brigade,Route,Trip Headsign,Delay,Stop Name,Outside,Timestamp
Autobus,4222,2,N44,Metro Młociny,4 min,Franciszkańska 02,,2024-12-25 01:02:36.438241
Autobus,4407,111,N61,Dw. Centralny,3 min,Marki Hallera 01,,2024-12-25 01:02:36.438241
Autobus,4426,121,N61,Radzymin Głowackiego,3 min,Marki Struga 02,,2024-12-25 01:02:36.438241
Autobus,7838,219,N72,Dw. Centralny,3 min,Centrum 06,,2024-12-25 01:02:36.438241
Autobus,1537,4,N02,Metro Młociny,3 min,Os. Wilga 01,,2024-12-25 01:02:36.438241
Autobus,1552,132,N64,Dw. Centralny,3 min,Dw. Centralny 21,,2024-12-25 01:02:36.438241
Autobus,4220,194,N95,Dw. Centralny,2 min,Arkadyjska 01,,2024-12-25 01:02:36.438241
Autobus,9214,1,N50,Metro Wilanowska,2 min,Wilanów 02,,2024-12-25 01:02:36.438241
Autobus,8828,203,N21,Stara Miłosna (Ułańska),2 min,Wesoła-Ratusz 03,,2024-12-25 01:02:36.438241
Autobus,9210,2,N50,Konstancin-Jeziorna Skolimów,2 min,Waflowa 03,,2024-12-25 01:02:36.438241
Autobus,8538,156,N86,Os. Kabaty,2 min,Ursynów Płd. 03,,2024-12-25 01:02:36.438241
Autobus,6232,237,N35,Centrum,2 min,PKP Ursus-Niedźwiadek 04,,2024-12-25 01:02:36.438241
Autobus,8351,169,N31,Sadyba,2 min,Stępińska 01,,2024-12-25 01:02:36.438241
Autobus,8524,264,N37,Dw. Centralny,2 min,Belgradzka 02,,2024-12-25 01:02:36.438241
Autobus,8555,265,N37,Os. Kabaty,2 min,Metro Kabaty 02,,2024-12-25 01:02:36.438241
Autobus,7226,205,N88,Centrum,2 min,Falenty Falencka 02,,2024-12-25 01:02:36.438241
Autobus,9303,1,N02,Marysin,2 min,Conrada 02,,2024-12-25 01:02:36.438241
Autobus,4429,226,N62,Wołomin Os. Niepodległości,1 min,Wybrzeże Helskie 02,,2024-12-25 01:02:36.438241
Autobus,1553,188,N91,Dw. Centralny,1 min,Wólczyńska-Bocznica 01,,2024-12-25 01:02:36.438241
Autobus,6232,237,N35,Centrum,2 min,PKP Ursus-Niedźwiadek 04,,2024-12-25 01:02:36.438241
Autobus,8538,156,N86,Os. Kabaty,2 min,Metro Imielin 04,,2024-12-25 01:02:36.438241
Autobus,7226,205,N88,Centrum,2 min,Falenty Falencka 02,,2024-12-25 01:02:36.438241
Autobus,6232,237,N35,Centrum,2 min,PKP Ursus-Niedźwiadek 04,,2024-12-25 01:02:36.438241
Autobus,8544,171,N83,Dw. Centralny,2 min,Centrum 06,,2024-12-25 01:02:36.438241
Autobus,1553,188,N91,Dw. Centralny,1 min,Wólczyńska-Bocznica 01,,2024-12-25 01:02:36.438241
Autobus,4429,226,N62,Wołomin Os. Niepodległości,1 min,Wybrzeże Helskie 02,,2024-12-25 01:02:36.438241
Autobus,8349,257,N36,Bokserska,1 min,Samochodowa 02,,2024-12-25 01:02:36.438241
Autobus,9303,1,N02,Marysin,1 min,Conrada 02,,2024-12-25 01:02:36.438241
Autobus,4231,1,N45,Lazurowa,1 min,Pl. Pole Elekcyjne 02,,2024-12-25 01:02:36.438241
Autobus,9226,472,N58,Truskaw Skibińskiego,1 min,Izabelin Planty 02,,2024-12-25 01:02:36.438241
Autobus,8398,3,N24,Dw. Centralny,1 min,Przebieg 01,,2024-12-25 01:02:36.438241
Autobus,4336,135,N14,Olesin,1 min,Ostródzka-Szkoła 02,,2024-12-25 01:02:36.438241
Autobus,9071,1,N03,Winnica,1 min,Wiatraczna 01,,2024-12-25 01:02:36.438241
Autobus,4207,1,N44,Dw. Centralny,1 min,Metro Młociny 01,,2024-12-25 01:02:36.438241
Autobus,8545,258,N34,Dw. Centralny,1 min,Dw. Centralny 27,,2024-12-25 01:02:36.438241
Autobus,8541,270,N37,Dw. Centralny,1 min,Pl. Konstytucji 08,,2024-12-25 01:02:36.438241
Autobus,8398,3,N24,Dw. Centralny,1 min,Przebieg 01,,2024-12-25 01:02:36.438241
Autobus,4336,135,N14,Olesin,1 min,Ostródzka-Szkoła 02,,2024-12-25 01:02:36.438241
Autobus,9071,1,N03,Winnica,1 min,Wiatraczna 01,,2024-12-25 01:02:36.438241
Autobus,4207,1,N44,Dw. Centralny,1 min,Metro Młociny 01,,2024-12-25 01:02:36.438241
Autobus,8545,258,N34,Dw. Centralny,1 min,Dw. Centralny 27,,2024-12-25 01:02:36.438241
Autobus,8541,270,N37,Dw. Centralny,1 min,Pl. Konstytucji 08,,2024-12-25 01:02:36.438241
Autobus,4411,225,N62,Dw. Centralny,1 min,Dw. Centralny 21,,2024-12-25 01:02:36.438241
Autobus,1119,187,N46,Metro Młociny,0 min,Suzina 01,,2024-12-25 01:02:36.438241
Autobus,4424,131,N64,Choszczówka,0 min,Dw. Wileński 02,,2024-12-25 01:02:36.438241
Autobus,5414,245,N63,Chotomów,0 min,Pl. Grunwaldzki 02,,2024-12-25 01:02:36.438241
Autobus,8515,259,N34,Dw. Centralny,0 min,Szpital Południowy 02,,2024-12-25 01:02:36.438241
Autobus,8565,2,N24,Dw. Centralny,0 min,Centrum 06,,2024-12-25 01:02:36.438241
Autobus,7860,215,N72,Dw. Centralny,0 min,Otwock Hoża 02,,2024-12-25 01:02:36.438241
Autobus,9314,2,N02,Metro Młociny,0 min,Tołstoja 02,,2024-12-25 01:02:36.438241
Autobus,4432,227,N62,Dw. Centralny,0 min,PKP Wołomin 01,,2024-12-25 01:02:36.438241
Autobus,4408,212,N11,Dw. Centralny,0 min,Dw. Centralny 11,,2024-12-25 01:02:36.438241
Autobus,9094,5,N03,Ursynów Płn.,0 min,Winnica 06,,2024-12-25 01:02:36.438241
Autobus,9510,2,N03,Winnica,0 min,Ursynów Płn. 05,,2024-12-25 01:02:36.438241
Autobus,1555,222,N11,Os. Derby,0 min,Piotra Skargi 02,,2024-12-25 01:02:36.438241
Autobus,4432,227,N62,Dw. Centralny,0 min,PKP Wołomin 01,,2024-12-25 01:02:36.438241
Autobus,9094,5,N03,Ursynów Płn.,0 min,Winnica 06,,2024-12-25 01:02:36.438241
Autobus,7860,215,N72,Dw. Centralny,0 min,Otwock Orla 02,,2024-12-25 01:02:36.438241
Autobus,9314,2,N02,Metro Młociny,0 min,Sokratesa 04,,2024-12-25 01:02:36.438241
Autobus,5414,245,N63,Chotomów,0 min,Ks. Popiełuszki 02,,2024-12-25 01:02:36.438241
Autobus,1555,222,N11,Os. Derby,0 min,Piotra Skargi 02,,2024-12-25 01:02:36.438241
Autobus,1417,207,N44,Metro Młociny,0 min,Dw. Centralny 23,,2024-12-25 01:02:36.438241
Autobus,1863,1,N25,Międzylesie,0 min,Dw. Centralny 25,,2024-12-25 01:02:36.438241
Autobus,3458,247,N63,Dw. Centralny,0 min,Chotomów 01,,2024-12-25 01:02:36.438241
Autobus,4420,128,N12,Dw. Centralny,0 min,Metro Trocka 12,,2024-12-25 01:02:36.438241
Autobus,4433,110,N16,Dw. Centralny,0 min,PKP Zacisze-Wilno 02,,2024-12-25 01:02:36.438241
Autobus,4520,181,N46,Dw. Centralny,0 min,Metro Młociny 23,,2024-12-25 01:02:36.438241
Autobus,5419,3,N43,Chomiczówka,0 min,Dw. Centralny 29,,2024-12-25 01:02:36.438241
Autobus,5994,1,N13,Dw. Centralny,0 min,Nowodwory 08,,2024-12-25 01:02:36.438241
Autobus,7215,239,N85,Centrum,0 min,Pruszków Os. Staszica /pętla 01,,2024-12-25 01:02:36.438241
Autobus,7225,3,N43,Chomiczówka,0 min,Dw. Centralny 29,,2024-12-25 01:02:36.438241
Autobus,7879,189,N72,Karczew Stare Miasto,0 min,Dw. Centralny 25,,2024-12-25 01:02:36.438241
Autobus,7887,213,N71,Dw. Centralny,0 min,Wola Grzybowska 03,,2024-12-25 01:02:36.438241
Autobus,8355,260,N34,Dw. Centralny,0 min,Os. Kabaty 03,,2024-12-25 01:02:36.438241
Autobus,4520,181,N46,Dw. Centralny,0 min,Metro Młociny 23,,2024-12-25 01:02:36.438241
Autobus,5419,3,N43,Chomiczówka,0 min,Dw. Centralny 29,,2024-12-25 01:02:36.438241
Autobus,5994,1,N13,Dw. Centralny,0 min,Nowodwory 08,,2024-12-25 01:02:36.438241
Autobus,7215,239,N85,Centrum,0 min,Pruszków Os. Staszica /pętla 01,,2024-12-25 01:02:36.438241
Autobus,7225,3,N43,Chomiczówka,0 min,Dw. Centralny 29,,2024-12-25 01:02:36.438241
Autobus,7879,189,N72,Karczew Stare Miasto,0 min,Dw. Centralny 25,,2024-12-25 01:02:36.438241
Autobus,7887,213,N71,Dw. Centralny,0 min,Wola Grzybowska 03,,2024-12-25 01:02:36.438241
Autobus,8355,260,N34,Dw. Centralny,0 min,Os. Kabaty 03,,2024-12-25 01:02:36.438241
Autobus,8517,172,N83,Dw. Centralny,0 min,PKP Piaseczno 04,,2024-12-25 01:02:36.438241
Autobus,8548,168,N81,Dw. Centralny,0 min,Sarmacka 02,,2024-12-25 01:02:36.438241
Autobus,9833,140,N32,Centrum,0 min,Lotnisko Chopina-Przyloty 02,,2024-12-25 01:02:36.438241
Autobus,9843,2,N42,Dw. Centralny,0 min,Os. Górczewska 53,,2024-12-25 01:02:36.438241
Autobus,1119,187,N46,Metro Młociny,0 min,Pl. Wilsona 04,,2024-12-25 01:02:36.438241
Autobus,7217,138,N85,Centrum,0 min,Pl. Zawiszy 03,,2024-12-25 01:02:36.438241
Autobus,9814,136,N85,Pruszków Os. Staszica /pętla,0 min,PKP WKD Al. Jerozolimskie 02,,2024-12-25 01:02:36.438241
Autobus,1527,3,N03,Ursynów Płn.,0 min,Małe Siekierki 01,,2024-12-25 01:02:36.438241
Autobus,4246,193,N25,Dw. Centralny,0 min,Czatów 02,,2024-12-25 01:02:36.438241
Autobus,9319,4,N03,Ursynów Płn.,0 min,Kijowska 08,,2024-12-25 01:02:36.438241
Autobus,6239,208,N32,Lotnisko Chopina,0 min,Sasanki 01,,2024-12-25 01:02:36.438241
Autobus,8548,168,N81,Dw. Centralny,0 min,Sarmacka 02,,2024-12-25 01:02:36.438241
Autobus,9833,140,N32,Centrum,0 min,Lotnisko Chopina-Przyloty 02,,2024-12-25 01:02:36.438241
Autobus,9843,2,N42,Dw. Centralny,0 min,Os. Górczewska 53,,2024-12-25 01:02:36.438241
Autobus,4246,193,N25,Dw. Centralny,0 min,Czatów 02,,2024-12-25 01:02:36.438241
Autobus,9902,1,N42,Os. Górczewska,0 min,Młynarska 04,,2024-12-25 01:02:36.438241
Autobus,5414,245,N63,Chotomów,0 min,Ks. Popiełuszki 02,,2024-12-25 01:02:36.438241
Autobus,6239,208,N32,Lotnisko Chopina,0 min,Sasanki 01,,2024-12-25 01:02:36.438241
Autobus,7217,138,N85,Centrum,0 min,Pl. Zawiszy 03,,2024-12-25 01:02:36.438241
Autobus,9319,4,N03,Ursynów Płn.,0 min,Kijowska 08,,2024-12-25 01:02:36.438241
Autobus,1544,5,N02,Marysin,0 min,PKP Gocławek 02,,2024-12-25 01:02:36.438241
Autobus,8515,259,N34,Dw. Centralny,0 min,Szpital Południowy 02,,2024-12-25 01:02:36.438241
Autobus,8574,4,N24,PKP Mokry Ług,0 min,Listonoszy 02,,2024-12-25 01:02:36.438241
Autobus,9914,218,N42,Dw. Centralny,0 min,Hala Wola 04,,2024-12-25 01:02:36.438241
Autobus,5968,4,N43,Dw. Centralny,0 min,Dywizjonu 303 01,,2024-12-25 01:02:36.438241
Autobus,1540,6,N02,Marysin,0 min,Szwedzka 01,,2024-12-25 01:02:36.438241
Autobus,4408,212,N11,Dw. Centralny,0 min,Dw. Centralny 21,,2024-12-25 01:02:36.438241
Autobus,4333,6,N01,Nowodwory,0 min,Czumy 02,,2024-12-25 01:02:36.438241
Autobus,8563,214,N72,Karczew Stare Miasto,0 min,Falenica 02,,2024-12-25 01:02:36.438241
Autobus,8567,192,N25,Międzylesie,1 min przed czasem,Przyczółek Grochowski 04,,2024-12-25 01:02:36.438241
Autobus,1551,209,N16,PKP Zacisze-Wilno,2 min przed czasem,Naczelnikowska 02,,2024-12-25 01:02:36.438241
Autobus,4421,123,N16,Dw. Centralny,2 min przed czasem,Metro Świętokrzyska 04,,2024-12-25 01:02:36.438241
Autobus,4412,182,N41,Dw. Centralny,2 min przed czasem,Emilii Plater 01,,2024-12-25 01:02:36.438241
Autobus,7858,185,N22,Aleksandrów,2 min przed czasem,Os. Jantar 02,,2024-12-25 01:02:36.438241
Autobus,7220,101,N32,Centrum,3 min przed czasem,Emilii Plater 02,,2024-12-25 01:02:36.438241
Autobus,1426,191,N25,Dw. Centralny,3 min przed czasem,Dw. Centralny 16,,2024-12-25 01:02:36.438241
Autobus,1551,209,N16,PKP Zacisze-Wilno,2 min przed czasem,Naczelnikowska 02,,2024-12-25 01:02:36.438241
Autobus,4421,123,N16,Dw. Centralny,2 min przed czasem,Metro Świętokrzyska 04,,2024-12-25 01:02:36.438241
Autobus,4412,182,N41,Dw. Centralny,2 min przed czasem,Emilii Plater 01,,2024-12-25 01:02:36.438241
Autobus,7858,185,N22,Aleksandrów,2 min przed czasem,Os. Jantar 02,,2024-12-25 01:02:36.438241
Autobus,7220,101,N32,Centrum,3 min przed czasem,Emilii Plater 02,,2024-12-25 01:02:36.438241
Autobus,1426,191,N25,Dw. Centralny,3 min przed czasem,Dw. Centralny 16,,2024-12-25 01:02:36.438241
Autobus,4421,123,N16,Dw. Centralny,2 min przed czasem,Metro Świętokrzyska 04,,2024-12-25 01:02:36.438241
Autobus,4412,182,N41,Dw. Centralny,2 min przed czasem,Emilii Plater 01,,2024-12-25 01:02:36.438241
Autobus,7858,185,N22,Aleksandrów,2 min przed czasem,Os. Jantar 02,,2024-12-25 01:02:36.438241
Autobus,1551,209,N16,PKP Zacisze-Wilno,2 min przed czasem,Księcia Ziemowita 04,,2024-12-25 01:02:36.438241
Autobus,7220,101,N32,Centrum,3 min przed czasem,Emilii Plater 02,,2024-12-25 01:02:36.438241
Autobus,4421,123,N16,Dw. Centralny,2 min przed czasem,Metro Świętokrzyska 04,,2024-12-25 01:02:36.438241
Autobus,4412,182,N41,Dw. Centralny,2 min przed czasem,Emilii Plater 01,,2024-12-25 01:02:36.438241
Autobus,7858,185,N22,Aleksandrów,2 min przed czasem,Os. Jantar 02,,2024-12-25 01:02:36.438241
Autobus,1551,209,N16,PKP Zacisze-Wilno,2 min przed czasem,Księcia Ziemowita 04,,2024-12-25 01:02:36.438241
Autobus,7220,101,N32,Centrum,3 min przed czasem,Emilii Plater 02,,2024-12-25 01:02:36.438241
Autobus,4421,123,N16,Dw. Centralny,2 min przed czasem,Metro Świętokrzyska 04,,2024-12-25 01:02:36.438241
Autobus,4412,182,N41,Dw. Centralny,2 min przed czasem,Emilii Plater 01,,2024-12-25 01:02:36.438241
Autobus,7858,185,N22,Aleksandrów,2 min przed czasem,Os. Jantar 02,,2024-12-25 01:02:36.438241
Autobus,1551,209,N16,PKP Zacisze-Wilno,2 min przed czasem,Księcia Ziemowita 04,,2024-12-25 01:02:36.438241
Autobus,7220,101,N32,Centrum,3 min przed czasem,Emilii Plater 02,,2024-12-25 01:02:36.438241
Autobus,4421,123,N16,Dw. Centralny,2 min przed czasem,Metro Świętokrzyska 04,,2024-12-25 01:02:36.438241
Autobus,4412,182,N41,Dw. Centralny,2 min przed czasem,Emilii Plater 01,,2024-12-25 01:02:36.438241
Autobus,7858,185,N22,Aleksandrów,2 min przed czasem,Meissnera 02,,2024-12-25 01:02:36.438241
Autobus,4223,186,N41,Młociny-UKSW,2 min przed czasem,Elbląska 04,,2024-12-25 01:02:36.438241
Autobus,7858,185,N22,Aleksandrów,2 min przed czasem,Meissnera 02,,2024-12-25 01:02:36.438241
Autobus,5420,2,N13,Dw. Centralny,2 min przed czasem,Dw. Centralny 23,Poza trasą,2024-12-25 01:02:36.438241
Autobus,4412,182,N41,Dw. Centralny,2 min przed czasem,Emilii Plater 01,,2024-12-25 01:02:36.438241
Autobus,9928,216,N42,Dw. Centralny,2 min przed czasem,Dw. Centralny 29,,2024-12-25 01:02:36.438241
Autobus,4223,186,N41,Młociny-UKSW,2 min przed czasem,Elbląska 04,,2024-12-25 01:02:36.438241
Autobus,7858,185,N22,Aleksandrów,2 min przed czasem,Meissnera 02,,2024-12-25 01:02:36.438241
Autobus,1551,209,N16,PKP Zacisze-Wilno,2 min przed czasem,Księcia Ziemowita 04,,2024-12-25 01:02:36.438241
Autobus,7220,101,N32,Centrum,3 min przed czasem,Emilii Plater 02,,2024-12-25 01:02:36.438241
Autobus,5420,2,N13,Dw. Centralny,2 min przed czasem,Dw. Centralny 23,Poza trasą,2024-12-25 01:02:36.438241
Autobus,4412,182,N41,Dw. Centralny,2 min przed czasem,Emilii Plater 01,,2024-12-25 01:02:36.438241
Autobus,9928,216,N42,Dw. Centralny,2 min przed czasem,Dw. Centralny 29,,2024-12-25 01:02:36.438241
Autobus,4223,186,N41,Młociny-UKSW,2 min przed czasem,Elbląska 04,,2024-12-25 01:02:36.438241
Autobus,7858,185,N22,Aleksandrów,2 min przed czasem,Meissnera 02,,2024-12-25 01:02:36.438241
Autobus,1551,209,N16,PKP Zacisze-Wilno,2 min przed czasem,Księcia Ziemowita 04,,2024-12-25 01:02:36.438241
Autobus,7220,101,N32,Centrum,3 min przed czasem,Metro Świętokrzyska 03,,2024-12-25 01:02:36.438241
Autobus,4223,186,N41,Młociny-UKSW,2 min przed czasem,Elbląska 04,,2024-12-25 01:02:36.438241
Autobus,7217,138,N85,Centrum,2 min przed czasem,Dw. Centralny 14,,2024-12-25 01:02:36.438241
Autobus,9928,216,N42,Dw. Centralny,2 min przed czasem,Dw. Centralny 29,,2024-12-25 01:02:36.438241
Autobus,7858,185,N22,Aleksandrów,2 min przed czasem,Meissnera 02,,2024-12-25 01:02:36.438241
Autobus,1551,209,N16,PKP Zacisze-Wilno,2 min przed czasem,Księcia Ziemowita 04,,2024-12-25 01:02:36.438241
Autobus,7220,101,N32,Centrum,3 min przed czasem,Metro Świętokrzyska 03,,2024-12-25 01:02:36.438241
Autobus,4223,186,N41,Młociny-UKSW,2 min przed czasem,Elbląska 04,,2024-12-25 01:02:36.438241
Autobus,7217,138,N85,Centrum,2 min przed czasem,Dw. Centralny 14,,2024-12-25 01:02:36.438241
Autobus,9928,216,N42,Dw. Centralny,2 min przed czasem,Dw. Centralny 29,,2024-12-25 01:02:36.438241
Autobus,7858,185,N22,Aleksandrów,2 min przed czasem,Meissnera 02,,2024-12-25 01:02:36.438241
Autobus,1551,209,N16,PKP Zacisze-Wilno,2 min przed czasem,Księcia Ziemowita 04,,2024-12-25 01:02:36.438241
Autobus,7220,101,N32,Centrum,3 min przed czasem,Metro Świętokrzyska 03,,2024-12-25 01:02:36.438241
Autobus,4223,186,N41,Młociny-UKSW,2 min przed czasem,Elbląska 04,,2024-12-25 01:02:36.438241
Autobus,7217,138,N85,Centrum,2 min przed czasem,Dw. Centralny 14,,2024-12-25 01:02:36.438241
Autobus,9928,216,N42,Dw. Centralny,2 min przed czasem,Dw. Centralny 29,,2024-12-25 01:02:36.438241
Autobus,7858,185,N22,Aleksandrów,2 min przed czasem,Meissnera 02,,2024-12-25 01:02:36.438241
Autobus,1551,209,N16,PKP Zacisze-Wilno,2 min przed czasem,Księcia Ziemowita 04,,2024-12-25 01:02:36.438241
Autobus,7220,101,N32,Centrum,3 min przed czasem,Metro Świętokrzyska 03,,2024-12-25 01:02:36.438241
Autobus,4223,186,N41,Młociny-UKSW,2 min przed czasem,Elbląska 04,,2024-12-25 01:02:36.438241
Autobus,7217,138,N85,Centrum,2 min przed czasem,Dw. Centralny 14,,2024-12-25 01:02:36.438241
Autobus,4223,186,N41,Młociny-UKSW,2 min przed czasem,Elbląska 04,,2024-12-25 01:02:36.438241
Autobus,7217,138,N85,Centrum,2 min przed czasem,Dw. Centralny 14,,2024-12-25 01:02:36.438241
Autobus,9928,216,N42,Dw. Centralny,2 min przed czasem,Dw. Centralny 29,,2024-12-25 01:02:36.438241
Autobus,7858,185,N22,Aleksandrów,2 min przed czasem,Meissnera 02,,2024-12-25 01:02:36.438241
Autobus,5420,2,N13,Dw. Centralny,1 min przed czasem,Dw. Centralny 23,Poza trasą,2024-12-25 01:02:36.438241
Autobus,4412,182,N41,Dw. Centralny,2 min przed czasem,Emilii Plater 01,,2024-12-25 01:02:36.438241
Autobus,4223,186,N41,Młociny-UKSW,2 min przed czasem,Elbląska 04,,2024-12-25 01:02:36.438241
Autobus,7217,138,N85,Centrum,2 min przed czasem,Dw. Centralny 14,,2024-12-25 01:02:36.438241
Autobus,9928,216,N42,Dw. Centralny,2 min przed czasem,Dw. Centralny 29,,2024-12-25 01:02:36.438241
Autobus,7858,185,N22,Aleksandrów,2 min przed czasem,Meissnera 02,,2024-12-25 01:02:36.438241
Autobus,1551,209,N16,PKP Zacisze-Wilno,2 min przed czasem,Księcia Ziemowita 04,,2024-12-25 01:02:36.438241
Autobus,7220,101,N32,Centrum,3 min przed czasem,Metro Świętokrzyska 03,,2024-12-25 01:02:36.438241
Autobus,5420,2,N13,Dw. Centralny,1 min przed czasem,Dw. Centralny 23,Poza trasą,2024-12-25 01:02:36.438241
Autobus,4412,182,N41,Dw. Centralny,2 min przed czasem,Emilii Plater 01,,2024-12-25 01:02:36.438241
Autobus,4223,186,N41,Młociny-UKSW,2 min przed czasem,Elbląska 04,,2024-12-25 01:02:36.438241
Autobus,7217,138,N85,Centrum,2 min przed czasem,Dw. Centralny 14,,2024-12-25 01:02:36.438241
Autobus,9928,216,N42,Dw. Centralny,2 min przed czasem,Dw. Centralny 29,,2024-12-25 01:02:36.438241
Autobus,7858,185,N22,Aleksandrów,2 min przed czasem,Meissnera 02,,2024-12-25 01:02:36.438241
Autobus,1551,209,N16,PKP Zacisze-Wilno,2 min przed czasem,Księcia Ziemowita 04,,2024-12-25 01:02:36.438241
Autobus,7220,101,N32,Centrum,3 min przed czasem,Metro Świętokrzyska 03,,2024-12-25 01:02:36.438241
Autobus,5420,2,N13,Dw. Centralny,1 min przed czasem,Dw. Centralny 23,Poza trasą,2024-12-25 01:02:36.438241
Autobus,4412,182,N41,Dw. Centralny,2 min przed czasem,Emilii Plater 01,,2024-12-25 01:02:36.438241
Autobus,4223,186,N41,Młociny-UKSW,2 min przed czasem,Elbląska 04,,2024-12-25 01:02:36.438241
Autobus,7217,138,N85,Centrum,2 min przed czasem,Dw. Centralny 14,,2024-12-25 01:02:36.438241
Autobus,9928,216,N42,Dw. Centralny,2 min przed czasem,Dw. Centralny 29,,2024-12-25 01:02:36.438241
Autobus,7858,185,N22,Aleksandrów,2 min przed czasem,Meissnera 02,,2024-12-25 01:02:36.438241
Autobus,1551,209,N16,PKP Zacisze-Wilno,2 min przed czasem,Księcia Ziemowita 04,,2024-12-25 01:02:36.438241
Autobus,7220,101,N32,Centrum,3 min przed czasem,Metro Świętokrzyska 03,,2024-12-25 01:02:36.438241
