Type,Vehicle No,Brigade,Route,Trip Headsign,Delay,Stop Name,Outside,Timestamp
Autobus,7819,5,525,Międzylesie,20 min,Czatów 01,,2024-12-25 09:07:44.539544
Tramwaj,3224,2,17,PKP Służewiec,20 min,Metro Słodowiec 05,,2024-12-25 09:07:44.539544
Autobus,4421,5,138,Bokserska,18 min,Śnieżna 01,,2024-12-25 09:07:44.539544
Autobus,8526,371,174,Bokserska,17 min,Bokserska 04,,2024-12-25 09:07:44.539544
Autobus,5939,608,507,Gocław,14 min,Muzeum Narodowe 01,,2024-12-25 09:07:44.539544
Autobus,2040,3,709,Metro Wilanowska,14 min,Sójki 02,,2024-12-25 09:07:44.539544
Autobus,5207,5,177,Os. Górczewska,14 min,Ursus-Niedźwiadek 01,,2024-12-25 09:07:44.539544
Autobus,2021,4,709,Metro Wilanowska,13 min,Piaseczno Energetyczna 02,,2024-12-25 09:07:44.539544
Autobus,7748,1,525,Międzylesie,13 min,Centrum 01,,2024-12-25 09:07:44.539544
Autobus,5947,10,116,Wilanów,11 min,Metro Świętokrzyska 01,,2024-12-25 09:07:44.539544
Tramwaj,3270,6,15,Marymont-Potok,11 min,Korotyńskiego 03,Poza trasą,2024-12-25 09:07:44.539544
Tramwaj,3223,3,7,P+R Al. Krakowska,10 min,Dw. Centralny 08,Poza trasą,2024-12-25 09:07:44.539544
Tramwaj,3244,6,7,Kawęczyńska-Bazylika,10 min,Pl. Narutowicza 07,Poza trasą,2024-12-25 09:07:44.539544
Autobus,9912,496,186,Nowodwory,9 min,Szczęśliwice 04,,2024-12-25 09:07:44.539544
Autobus,8523,5,709,Metro Wilanowska,6 min,Piaseczno Dworcowa 01,,2024-12-25 09:07:44.539544
Pociąg,2008,,WKD,Komorów,6 min,Milanówek Grudów,,2024-12-25 09:07:44.539544
Tramwaj,3231,6,15,Marymont-Potok,5 min,Och-Teatr 03,,2024-12-25 09:07:44.539544
Autobus,8345,2,709,Piaseczno Szkolna,5 min,Metro Wilanowska 18,,2024-12-25 09:07:44.539544
Autobus,7245,8,517,Ursus-Niedźwiadek,4 min,Ursus-Niedźwiadek 02,,2024-12-25 09:07:44.539544
Tramwaj,3223,3,7,P+R Al. Krakowska,10 min,Dw. Centralny 08,Poza trasą,2024-12-25 09:07:44.539544
Tramwaj,3244,6,7,Kawęczyńska-Bazylika,10 min,Pl. Narutowicza 07,Poza trasą,2024-12-25 09:07:44.539544
Autobus,9912,496,186,Nowodwory,9 min,Szczęśliwice 04,,2024-12-25 09:07:44.539544
Autobus,8523,5,709,Metro Wilanowska,7 min,Piaseczno Dworcowa 01,,2024-12-25 09:07:44.539544
Pociąg,2008,,WKD,Komorów,6 min,Milanówek Grudów,,2024-12-25 09:07:44.539544
Autobus,8345,2,709,Piaseczno Szkolna,5 min,Metro Wilanowska 18,,2024-12-25 09:07:44.539544
Tramwaj,3231,6,15,Marymont-Potok,5 min,Wawelska 03,,2024-12-25 09:07:44.539544
Autobus,7245,8,517,Ursus-Niedźwiadek,4 min,Ursus-Niedźwiadek 02,,2024-12-25 09:07:44.539544
Autobus,8532,4,189,Os. Górczewska,4 min,Orzechowa 02,,2024-12-25 09:07:44.539544
Autobus,6238,3,172,CH Blue City,3 min,Al. Bohaterów Września 01,,2024-12-25 09:07:44.539544
Autobus,1535,3,251,Metro Wilanowska,3 min,Konstancin-Jeziorna Chopina 02,,2024-12-25 09:07:44.539544
Autobus,9328,3,142,Aleksandrów,3 min,Mrągowska 02,,2024-12-25 09:07:44.539544
Autobus,1427,1,115,PKP Mokry Ług,3 min,Klasztorna 01,,2024-12-25 09:07:44.539544
Autobus,4503,2,220,Nowe Bemowo,3 min,WKD Opacz 03,,2024-12-25 09:07:44.539544
Tramwaj,4240,6,16,Miasteczko Wilanów,3 min,Kostrzewskiego 01,,2024-12-25 09:07:44.539544
Autobus,2013,1,189,Sadyba,3 min,PKP Włochy 01,,2024-12-25 09:07:44.539544
Autobus,5968,605,111,Esperanto,3 min,Adampolska 02,,2024-12-25 09:07:44.539544
Autobus,7217,6,105,Rondo Daszyńskiego,3 min,Drzeworytników 01,,2024-12-25 09:07:44.539544
Autobus,7863,9,148,Lotnisko Chopina,3 min,Kopcińskiego 01,,2024-12-25 09:07:44.539544
Autobus,9328,3,142,Aleksandrów,3 min,Mrągowska 02,,2024-12-25 09:07:44.539544
Autobus,1427,1,115,PKP Mokry Ług,3 min,Klasztorna 01,,2024-12-25 09:07:44.539544
Autobus,4503,2,220,Nowe Bemowo,3 min,WKD Opacz 03,,2024-12-25 09:07:44.539544
Tramwaj,4240,6,16,Miasteczko Wilanów,3 min,Kostrzewskiego 01,,2024-12-25 09:07:44.539544
Autobus,2013,1,189,Sadyba,3 min,PKP Włochy 01,,2024-12-25 09:07:44.539544
Autobus,5968,605,111,Esperanto,3 min,Adampolska 02,,2024-12-25 09:07:44.539544
Autobus,7217,6,105,Rondo Daszyńskiego,3 min,Drzeworytników 01,,2024-12-25 09:07:44.539544
Autobus,7863,9,148,Lotnisko Chopina,3 min,Kopcińskiego 01,,2024-12-25 09:07:44.539544
Tramwaj,3156,1,6,Metro Młociny,3 min,Al. Zieleniecka 05,,2024-12-25 09:07:44.539544
Autobus,8534,4,148,Wiatraczna,2 min,Tor Stegny 54,,2024-12-25 09:07:44.539544
Tramwaj,4226,7,16,Muranowska,2 min,Telewizja Polska 03,,2024-12-25 09:07:44.539544
Autobus,2217,6,136,Ostroroga,2 min,Bitwy Warszawskiej 1920 r. 06,,2024-12-25 09:07:44.539544
Autobus,1219,633,218,Metro Wierzbno,2 min,Maklakiewicza 01,,2024-12-25 09:07:44.539544
Tramwaj,3146,545,1,Banacha,2 min,Bitwy Warszawskiej 1920 r. 07,,2024-12-25 09:07:44.539544
Autobus,4520,5,157,Szczęśliwice,2 min,Nowolipie 01,,2024-12-25 09:07:44.539544
Tramwaj,3283,5,26,Metro Młociny,2 min,Al. Reymonta 08,,2024-12-25 09:07:44.539544
Autobus,7747,6,143,Rembertów-Kolonia,2 min,Topograficzna 02,,2024-12-25 09:07:44.539544
Autobus,8558,1,162,EC Siekierki,2 min,Os. Panieńska 01,,2024-12-25 09:07:44.539544
Autobus,772,4,750,Izabelin-Dziekanówek Dziekanówek,2 min,Łomianki Kościół 02,,2024-12-25 09:07:44.539544
Autobus,9328,3,142,Aleksandrów,3 min,Mrągowska 02,,2024-12-25 09:07:44.539544
Autobus,2217,6,136,Ostroroga,3 min,Bitwy Warszawskiej 1920 r. 06,,2024-12-25 09:07:44.539544
Autobus,8534,4,148,Wiatraczna,3 min,Tor Stegny 54,,2024-12-25 09:07:44.539544
Autobus,1427,1,115,PKP Mokry Ług,3 min,Klasztorna 01,,2024-12-25 09:07:44.539544
Autobus,4520,5,157,Szczęśliwice,3 min,Nowolipie 01,,2024-12-25 09:07:44.539544
Autobus,7863,9,148,Lotnisko Chopina,3 min,Kopcińskiego 01,,2024-12-25 09:07:44.539544
Autobus,5968,605,111,Esperanto,3 min,Adampolska 02,,2024-12-25 09:07:44.539544
Tramwaj,3283,5,26,Metro Młociny,3 min,Al. Reymonta 08,,2024-12-25 09:07:44.539544
Tramwaj,3156,1,6,Metro Młociny,3 min,Al. Zieleniecka 05,,2024-12-25 09:07:44.539544
Tramwaj,4240,6,16,Miasteczko Wilanów,2 min,Kostrzewskiego 01,,2024-12-25 09:07:44.539544
Autobus,8558,1,162,EC Siekierki,2 min,Os. Panieńska 01,,2024-12-25 09:07:44.539544
Autobus,2013,1,189,Sadyba,2 min,PKP Włochy 01,,2024-12-25 09:07:44.539544
Autobus,1219,633,218,Metro Wierzbno,2 min,Maklakiewicza 01,,2024-12-25 09:07:44.539544
Autobus,4503,2,220,Nowe Bemowo,2 min,WKD Opacz 03,,2024-12-25 09:07:44.539544
Autobus,1204,632,218,Metro Wilanowska,2 min,Królikarnia 08,,2024-12-25 09:07:44.539544
Autobus,2249,10,189,Sadyba,2 min,Sasanki 03,,2024-12-25 09:07:44.539544
Autobus,5894,400,175,Pl. Piłsudskiego,2 min,Lotnisko Chopina-Przyloty 02,,2024-12-25 09:07:44.539544
Autobus,6207,2,189,Sadyba,2 min,Os. Górczewska 01,,2024-12-25 09:07:44.539544
Autobus,8558,1,162,EC Siekierki,2 min,Os. Panieńska 01,,2024-12-25 09:07:44.539544
Autobus,2013,1,189,Sadyba,2 min,PKP Włochy 01,,2024-12-25 09:07:44.539544
Autobus,5894,400,175,Pl. Piłsudskiego,3 min,Lotnisko Chopina-Przyloty 02,,2024-12-25 09:07:44.539544
Autobus,8558,1,162,EC Siekierki,2 min,Os. Panieńska 01,,2024-12-25 09:07:44.539544
Tramwaj,3157,8,9,P+R Al. Krakowska,2 min,Dw. Centralny 08,,2024-12-25 09:07:44.539544
Tramwaj,3156,1,6,Metro Młociny,2 min,Al. Zieleniecka 05,,2024-12-25 09:07:44.539544
Autobus,1219,633,218,Metro Wierzbno,2 min,Maklakiewicza 01,,2024-12-25 09:07:44.539544
Autobus,2013,1,189,Sadyba,2 min,Ryżowa 03,,2024-12-25 09:07:44.539544
Autobus,2249,10,189,Sadyba,2 min,PKP Służewiec 01,,2024-12-25 09:07:44.539544
Autobus,4503,2,220,Nowe Bemowo,2 min,Starodęby 04,,2024-12-25 09:07:44.539544
Autobus,4223,3,154,P+R Al. Krakowska,2 min,Bitwy Warszawskiej 1920 r. 02,,2024-12-25 09:07:44.539544
Autobus,6207,2,189,Sadyba,2 min,Szobera 01,,2024-12-25 09:07:44.539544
Autobus,4218,5,197,Cm. Wolski,2 min,Kochanowskiego 01,,2024-12-25 09:07:44.539544
Autobus,5968,605,111,Esperanto,2 min,Rondo Waszyngtona 01,,2024-12-25 09:07:44.539544
Autobus,1550,439,146,Falenica,2 min,Rzymska 01,,2024-12-25 09:07:44.539544
Autobus,7747,6,143,Rembertów-Kolonia,2 min,Czerwonych Beretów 02,,2024-12-25 09:07:44.539544
Autobus,70006,693,L32,Grochowa,2 min,Piaseczno Wojska Polskiego 03,,2024-12-25 09:07:44.539544
Autobus,3412,2,738,P+R Radzymin,2 min,Bystra 02,,2024-12-25 09:07:44.539544
Autobus,772,4,750,Izabelin-Dziekanówek Dziekanówek,2 min,Łomianki ICDS 02,,2024-12-25 09:07:44.539544
Autobus,4218,5,197,Cm. Wolski,2 min,Kochanowskiego 01,,2024-12-25 09:07:44.539544
Autobus,5968,605,111,Esperanto,2 min,Rondo Waszyngtona 01,,2024-12-25 09:07:44.539544
Autobus,1550,439,146,Falenica,2 min,Rzymska 01,,2024-12-25 09:07:44.539544
Autobus,7747,6,143,Rembertów-Kolonia,2 min,Czerwonych Beretów 02,,2024-12-25 09:07:44.539544
Autobus,70006,693,L32,Grochowa,2 min,Piaseczno Wojska Polskiego 03,,2024-12-25 09:07:44.539544
Autobus,3412,2,738,P+R Radzymin,2 min,Bystra 02,,2024-12-25 09:07:44.539544
Autobus,772,4,750,Izabelin-Dziekanówek Dziekanówek,2 min,Łomianki ICDS 02,,2024-12-25 09:07:44.539544
Autobus,3449,3,162,Pl. Hallera,2 min,Szwoleżerów 04,,2024-12-25 09:07:44.539544
Autobus,5909,405,128,Pl. Piłsudskiego,2 min,Jasielska 01,,2024-12-25 09:07:44.539544
Autobus,5936,442,180,Wilanów,2 min,Gen. Maczka 01,,2024-12-25 09:07:44.539544
Autobus,8556,7,143,Rembertów-Kolonia,2 min,Os. Majdańska 02,,2024-12-25 09:07:44.539544
Autobus,1552,6,157,Szczęśliwice,2 min,Rudzka 03,,2024-12-25 09:07:44.539544
Autobus,8590,3,738,Metro Trocka,2 min,Młodzieńcza 01,,2024-12-25 09:07:44.539544
Autobus,1211,3,166,Os. Kabaty,2 min,Solec 02,,2024-12-25 09:07:44.539544
Autobus,9907,1,114,Bródno-Podgrodzie,2 min,Bartnicza 04,,2024-12-25 09:07:44.539544
Autobus,5446,11,116,Wilanów,2 min,Pl. Wilsona 01,,2024-12-25 09:07:44.539544
Autobus,3401,5,120,Olesin,2 min,Knapika 02,,2024-12-25 09:07:44.539544
Autobus,9351,1,135,Pl. Hallera,2 min,Ząbkowska 06,,2024-12-25 09:07:44.539544
Autobus,9844,4,185,CH Ursynów,2 min,Teligi 01,,2024-12-25 09:07:44.539544
Autobus,9081,1,104,Brzeziny,1 min,Kopijników 02,,2024-12-25 09:07:44.539544
Tramwaj,4234,2,11,Cm. Wolski,1 min,Sielecka 02,,2024-12-25 09:07:44.539544
Autobus,4418,3,212,Pl. Hallera,1 min,Kołowa 01,,2024-12-25 09:07:44.539544
Autobus,775,2,250,Metro Młociny,1 min,Estrady 03,,2024-12-25 09:07:44.539544
Autobus,9803,1,185,Gwiaździsta,1 min,Sielce 02,,2024-12-25 09:07:44.539544
Tramwaj,3260,7,17,Winnica,1 min,Kulskiego 04,,2024-12-25 09:07:44.539544
Autobus,1064,2,164,Metro Wilanowska,1 min,Os. Arbuzowa 02,,2024-12-25 09:07:44.539544
Autobus,70002,2,L39,Mysiadło Dąbrówka,1 min,Piaseczno Kościelna 02,,2024-12-25 09:07:44.539544
Autobus,7248,1,177,Ursus-Niedźwiadek,1 min,Posag 7 Panien 03,,2024-12-25 09:07:44.539544
Tramwaj,4283,4,16,Piaski,1 min,Św. Bonifacego 06,,2024-12-25 09:07:44.539544
Autobus,5414,801,409,Cm. Północny-Brama Zach.,1 min,Rondo Starzyńskiego 01,,2024-12-25 09:07:44.539544
Autobus,5420,803,409,Cm. Północny-Brama Zach.,1 min,Prozy 02,,2024-12-25 09:07:44.539544
Autobus,7744,1,704,Wiatraczna,1 min,PKP Halinów 01,,2024-12-25 09:07:44.539544
Autobus,8457,3,723,Żerań FSO,1 min,Legionowo Rondo WOŚP 01,,2024-12-25 09:07:44.539544
Autobus,8818,7,136,Ostroroga,1 min,Domaniewska 02,,2024-12-25 09:07:44.539544
Autobus,9312,1,202,Metro Stadion Narodowy,1 min,Przeworska 01,,2024-12-25 09:07:44.539544
Tramwaj,3251,5,17,Winnica,1 min,Przy Agorze 04,,2024-12-25 09:07:44.539544
Autobus,15082,1,L34,Olszewnica Stara,1 min,PKP Legionowo Przystanek 01,,2024-12-25 09:07:44.539544
Autobus,4231,1,194,Cm. Wolski,1 min,Ursus-Sanktuarium 01,,2024-12-25 09:07:44.539544
Tramwaj,3286,4,33,Kielecka,1 min,Bogusławskiego 03,,2024-12-25 09:07:44.539544
Autobus,4418,3,212,Pl. Hallera,1 min,Rogowska 01,,2024-12-25 09:07:44.539544
Autobus,4227,1,220,Nowe Bemowo,1 min,Os. Górczewska 02,,2024-12-25 09:07:44.539544
Tramwaj,3221,3,33,Kielecka,1 min,Romaszewskiego 03,,2024-12-25 09:07:44.539544
Tramwaj,4277,11,16,Miasteczko Wilanów,1 min,Oś Królewska 05,,2024-12-25 09:07:44.539544
Autobus,3401,5,120,Olesin,1 min,Malborska 02,,2024-12-25 09:07:44.539544
Autobus,5942,606,111,Esperanto,1 min,Umińskiego 04,,2024-12-25 09:07:44.539544
Autobus,5420,803,409,Cm. Północny-Brama Zach.,1 min,Prozy 02,,2024-12-25 09:07:44.539544
Autobus,775,2,250,Metro Młociny,1 min,Wólczyńska 01,,2024-12-25 09:07:44.539544
Autobus,8457,3,723,Żerań FSO,1 min,Arena Legionowo 01,,2024-12-25 09:07:44.539544
Autobus,9312,1,202,Metro Stadion Narodowy,1 min,Przeworska 01,,2024-12-25 09:07:44.539544
Autobus,15082,1,L34,Olszewnica Stara,1 min,PKP Legionowo Przystanek 01,,2024-12-25 09:07:44.539544
Autobus,9330,2,153,Rembertów-Kolonia,1 min,Rembertów-Ratusz 01,,2024-12-25 09:07:44.539544
Tramwaj,4234,2,11,Cm. Wolski,1 min,Spacerowa 06,,2024-12-25 09:07:44.539544
Autobus,8501,1,738,P+R Radzymin,1 min,Radzymin Hallera 02,,2024-12-25 09:07:44.539544
Autobus,9910,6,114,Młociny-UKSW,1 min,Most Grota-Roweckiego 01,,2024-12-25 09:07:44.539544
Tramwaj,3225,1,9,P+R Al. Krakowska,1 min,Pl. Narutowicza 08,,2024-12-25 09:07:44.539544
Autobus,1530,2,115,PKP Mokry Ług,1 min,Tomaszowska 02,,2024-12-25 09:07:44.539544
Tramwaj,3284,3,3,Gocławek,1 min,Ząbkowska 03,,2024-12-25 09:07:44.539544
Autobus,15082,1,L34,Olszewnica Stara,1 min,PKP Legionowo Przystanek 01,,2024-12-25 09:07:44.539544
Autobus,9330,2,153,Rembertów-Kolonia,1 min,Rembertów-Ratusz 01,,2024-12-25 09:07:44.539544
Tramwaj,4234,2,11,Cm. Wolski,1 min,Spacerowa 06,,2024-12-25 09:07:44.539544
Autobus,8501,1,738,P+R Radzymin,1 min,Radzymin Hallera 02,,2024-12-25 09:07:44.539544
Autobus,9910,6,114,Młociny-UKSW,1 min,Most Grota-Roweckiego 01,,2024-12-25 09:07:44.539544
Tramwaj,3225,1,9,P+R Al. Krakowska,1 min,Pl. Narutowicza 08,,2024-12-25 09:07:44.539544
Autobus,1530,2,115,PKP Mokry Ług,1 min,Tomaszowska 02,,2024-12-25 09:07:44.539544
Tramwaj,3284,3,3,Gocławek,1 min,Ząbkowska 03,,2024-12-25 09:07:44.539544
Autobus,5403,3,140,Metro Trocka,1 min,Marki-Ratusz 01,,2024-12-25 09:07:44.539544
Autobus,9810,6,185,CH Ursynów,1 min,Most Gdański 01,,2024-12-25 09:07:44.539544
Autobus,5414,801,409,Cm. Północny-Brama Zach.,1 min,Rondo Starzyńskiego 01,,2024-12-25 09:07:44.539544
Autobus,9346,644,199,Bródno-Podgrodzie,1 min,Zawodowa 02,,2024-12-25 09:07:44.539544
Tramwaj,3828,3,6,Gocławek,1 min,Międzyborska 04,,2024-12-25 09:07:44.539544
Autobus,5889,2,127,Nowe Włochy,1 min,Pl. Starynkiewicza 02,,2024-12-25 09:07:44.539544
Autobus,6200,2,517,Ursus-Niedźwiadek,1 min,PKP WKD Al. Jerozolimskie 02,,2024-12-25 09:07:44.539544
Autobus,7248,1,177,Ursus-Niedźwiadek,1 min,Czerwona Droga 01,,2024-12-25 09:07:44.539544
Autobus,1064,2,164,Metro Wilanowska,1 min,Patkowskiego 02,,2024-12-25 09:07:44.539544
Autobus,4231,1,194,Cm. Wolski,1 min,Orląt Lwowskich 01,,2024-12-25 09:07:44.539544
Autobus,5883,1,127,Nowe Włochy,1 min,Sympatyczna 02,,2024-12-25 09:07:44.539544
Autobus,5403,3,140,Metro Trocka,1 min,Marki-Ratusz 01,,2024-12-25 09:07:44.539544
Autobus,5435,61,735,Metro Marymont,1 min,Rembelszczyzna 01,,2024-12-25 09:07:44.539544
Autobus,9910,6,114,Młociny-UKSW,1 min,Most Grota-Roweckiego 01,,2024-12-25 09:07:44.539544
Tramwaj,4210,6,2,Winnica,1 min,Stefanika 06,,2024-12-25 09:07:44.539544
Autobus,1812,2,212,CH Targówek,1 min,Jórskiego 04,,2024-12-25 09:07:44.539544
Autobus,7248,1,177,Ursus-Niedźwiadek,1 min,Czerwona Droga 01,,2024-12-25 09:07:44.539544
Autobus,9812,5,185,CH Ursynów,1 min,Gołkowska 01,,2024-12-25 09:07:44.539544
Autobus,3408,62,705,Metro Marymont,1 min,Załubice-Poczta 01,,2024-12-25 09:07:44.539544
Autobus,5889,2,127,Nowe Włochy,1 min,Pl. Starynkiewicza 02,,2024-12-25 09:07:44.539544
Autobus,8516,3,174,Rondo ONZ,1 min,Metro Pole Mokotowskie 02,,2024-12-25 09:07:44.539544
Autobus,5446,11,116,Wilanów,1 min,Pl. Wilsona 07,,2024-12-25 09:07:44.539544
Autobus,9322,1,153,Pastuszków,1 min,Mokry Ług-Leśniczówka 02,,2024-12-25 09:07:44.539544
Autobus,1064,2,164,Metro Wilanowska,1 min,Patkowskiego 02,,2024-12-25 09:07:44.539544
Autobus,6226,5,105,Rondo Daszyńskiego,1 min,Rondo Daszyńskiego 09,,2024-12-25 09:07:44.539544
Autobus,8336,1,148,Lotnisko Chopina,1 min,Małe Siekierki 01,,2024-12-25 09:07:44.539544
Autobus,4426,8,138,Utrata,1 min,Kryniczna 02,,2024-12-25 09:07:44.539544
Autobus,1527,3,173,Dw. Wschodni (Lubelska),1 min,Marysin 01,,2024-12-25 09:07:44.539544
Autobus,7872,3,151,Pl. Konstytucji,1 min,Rozbrat 02,,2024-12-25 09:07:44.539544
Tramwaj,3826,5,6,Gocławek,0 min,Cm. Włoski 03,,2024-12-25 09:07:44.539544
Tramwaj,4234,2,11,Cm. Wolski,1 min,Spacerowa 06,,2024-12-25 09:07:44.539544
Autobus,5414,801,409,Cm. Północny-Brama Zach.,1 min,Rondo Starzyńskiego 01,,2024-12-25 09:07:44.539544
Autobus,6244,509,728,Złotokłos,1 min,Raszyn Szkolna 02,,2024-12-25 09:07:44.539544
Autobus,7248,1,177,Ursus-Niedźwiadek,1 min,Czerwona Droga 01,,2024-12-25 09:07:44.539544
Autobus,9806,2,185,Gwiaździsta,1 min,Ursynów Płn. 02,,2024-12-25 09:07:44.539544
Autobus,1064,2,164,Metro Wilanowska,1 min,Patkowskiego 02,,2024-12-25 09:07:44.539544
Autobus,9918,498,186,Szczęśliwice,1 min,Mehoffera 01,,2024-12-25 09:07:44.539544
Tramwaj,3241,7,26,Metro Młociny,1 min,Okopowa 04,,2024-12-25 09:07:44.539544
Autobus,1906,4,106,Ostroroga,1 min,Ostroroga 02,,2024-12-25 09:07:44.539544
Autobus,4322,3,152,Os. Derby,1 min,Tarchomin 01,,2024-12-25 09:07:44.539544
Autobus,4526,5,220,Opacz-Kolonia Rebusowa,1 min,Nowe Bemowo 12,,2024-12-25 09:07:44.539544
Tramwaj,3813,3,23,Nowe Bemowo,1 min,Marynin 02,,2024-12-25 09:07:44.539544
Autobus,8516,3,174,Rondo ONZ,1 min,Metro Pole Mokotowskie 02,,2024-12-25 09:07:44.539544
Autobus,9910,6,114,Młociny-UKSW,1 min,Most Grota-Roweckiego 01,,2024-12-25 09:07:44.539544
Tramwaj,3190,8,26,Metro Młociny,0 min,Międzyborska 03,,2024-12-25 09:07:44.539544
Tramwaj,3206,4,24,Nowe Bemowo,0 min,Zajezdnia Wola 06,,2024-12-25 09:07:44.539544
Autobus,1528,1,183,Wiatraczna,0 min,Zielona 01,,2024-12-25 09:07:44.539544
Autobus,9820,1,710,Os. Kabaty,0 min,Konstancin-Jeziorna Sobieskiego 02,,2024-12-25 09:07:44.539544
Autobus,2233,3,141,Witolin,0 min,P+R Al. Krakowska 07,,2024-12-25 09:07:44.539544
Autobus,9355,4,142,Aleksandrów,0 min,Wspólna Droga 02,,2024-12-25 09:07:44.539544
Autobus,9823,M5,710,Os. Kabaty,0 min,Stare Kabaty 02,,2024-12-25 09:07:44.539544
Tramwaj,4019,4,15,P+R Al. Krakowska,0 min,Pl. Wilsona 13,,2024-12-25 09:07:44.539544
Autobus,4328,2,152,Os. Derby,0 min,Ostródzka-Szkoła 04,,2024-12-25 09:07:44.539544
Tramwaj,3215,3,7,P+R Al. Krakowska,0 min,Och-Teatr 04,,2024-12-25 09:07:44.539544
Autobus,1539,441,147,Dw. Wschodni (Lubelska),0 min,Kadetów 02,,2024-12-25 09:07:44.539544
Tramwaj,4268,3,16,Piaski,0 min,Centrum 08,,2024-12-25 09:07:44.539544
Autobus,4238,1,154,Dw. Zachodni,0 min,Krakowiaków 05,,2024-12-25 09:07:44.539544
Tramwaj,3179,4,10,Wyścigi,0 min,Metro Bemowo 07,,2024-12-25 09:07:44.539544
Autobus,1011,4,213,Błota,0 min,Umińskiego 01,,2024-12-25 09:07:44.539544
Autobus,1814,1,123,Dw. Wschodni (Lubelska),0 min,Przeworska 01,,2024-12-25 09:07:44.539544
Autobus,9205,1,239,Os. Kabaty,0 min,Zaruby 02,,2024-12-25 09:07:44.539544
Tramwaj,3272,4,4,Żerań Wschodni,0 min,Morskie Oko 04,,2024-12-25 09:07:44.539544
Tramwaj,3819,1,28,Dw. Wschodni (Kijowska),0 min,Piastów Śląskich 05,,2024-12-25 09:07:44.539544
Tramwaj,4010,5,22,Wiatraczna,0 min,Włościańska 03,,2024-12-25 09:07:44.539544
Tramwaj,4104,547,4,Żerań Wschodni,0 min,Poborzańska 02,,2024-12-25 09:07:44.539544
Autobus,5979,6,518,Nowodwory,0 min,Pl. Wilsona 08,,2024-12-25 09:07:44.539544
Autobus,8353,1,217,Natolin Płn.,0 min,Patkowskiego 01,,2024-12-25 09:07:44.539544
Tramwaj,3179,4,10,Wyścigi,0 min,Metro Bemowo 07,,2024-12-25 09:07:44.539544
Autobus,1011,4,213,Błota,0 min,Umińskiego 01,,2024-12-25 09:07:44.539544
Autobus,1814,1,123,Dw. Wschodni (Lubelska),0 min,Przeworska 01,,2024-12-25 09:07:44.539544
Autobus,9205,1,239,Os. Kabaty,0 min,Zaruby 02,,2024-12-25 09:07:44.539544
Tramwaj,3272,4,4,Żerań Wschodni,0 min,Morskie Oko 04,,2024-12-25 09:07:44.539544
Tramwaj,3819,1,28,Dw. Wschodni (Kijowska),0 min,Piastów Śląskich 05,,2024-12-25 09:07:44.539544
Tramwaj,4010,5,22,Wiatraczna,0 min,Włościańska 03,,2024-12-25 09:07:44.539544
Tramwaj,4104,547,4,Żerań Wschodni,0 min,Poborzańska 02,,2024-12-25 09:07:44.539544
Autobus,5979,6,518,Nowodwory,0 min,Pl. Wilsona 08,,2024-12-25 09:07:44.539544
Autobus,8353,1,217,Natolin Płn.,0 min,Patkowskiego 01,,2024-12-25 09:07:44.539544
Autobus,9804,3,167,Stare Bemowo,0 min,Bartycka 05,,2024-12-25 09:07:44.539544
Tramwaj,3028,4,28,Os. Górczewska,0 min,Piaski 04,,2024-12-25 09:07:44.539544
Autobus,5980,3,518,Bielańska,0 min,Nowodwory 03,,2024-12-25 09:07:44.539544
Autobus,8369,2,217,Metro Wilanowska,0 min,Os. Arbuzowa 02,,2024-12-25 09:07:44.539544
Autobus,1074,M2,130,Metro Wilanowska,0 min,Idzikowskiego 04,,2024-12-25 09:07:44.539544
Autobus,1520,435,146,Dw. Wschodni (Lubelska),0 min,Sitowie 02,,2024-12-25 09:07:44.539544
Autobus,80115,1,L44,CH Marki,0 min,Marki Strefa Przemysłowa 01,,2024-12-25 09:07:44.539544
Autobus,9917,8,186,Nowodwory,0 min,Białołęka-Ratusz 03,,2024-12-25 09:07:44.539544
Tramwaj,3239,6,26,Metro Młociny,0 min,Czumy 06,,2024-12-25 09:07:44.539544
Autobus,2236,3,517,Ursus-Niedźwiadek,0 min,Dw. Centralny 02,,2024-12-25 09:07:44.539544
Autobus,5256,1,191,Pl. Narutowicza,0 min,Regulska 01,,2024-12-25 09:07:44.539544
Autobus,5449,446,500,Bródno-Podgrodzie,0 min,Rondo „Radosława” 04,,2024-12-25 09:07:44.539544
Autobus,5921,10,180,Wilanów,0 min,Centrum 15,,2024-12-25 09:07:44.539544
Autobus,5980,3,518,Bielańska,0 min,Nowodwory 03,,2024-12-25 09:07:44.539544
Autobus,7817,7,523,Stare Bemowo,0 min,Wiatraczna 09,,2024-12-25 09:07:44.539544
Autobus,9942,3,190,CH Marki,0 min,Park Praski 02,,2024-12-25 09:07:44.539544
Tramwaj,3179,4,10,Wyścigi,0 min,Metro Bemowo 07,,2024-12-25 09:07:44.539544
Tramwaj,3226,544,1,Annopol,0 min,Rondo Daszyńskiego 06,,2024-12-25 09:07:44.539544
Autobus,1072,1,108,Pl. Trzech Krzyży,0 min,Łososiowa 53,,2024-12-25 09:07:44.539544
Autobus,3400,3,120,Dw. Wschodni (Kijowska),0 min,CH Targówek 01,,2024-12-25 09:07:44.539544
Autobus,5437,6,145,Żerań FSO,0 min,Wiatraczna 16,,2024-12-25 09:07:44.539544
Autobus,7844,3,143,Dw. Zachodni,0 min,Torwar 02,,2024-12-25 09:07:44.539544
Autobus,8369,2,217,Metro Wilanowska,0 min,Os. Arbuzowa 02,,2024-12-25 09:07:44.539544
Autobus,9519,3,103,Brylowska,0 min,Metro Płocka 05,,2024-12-25 09:07:44.539544
Autobus,1520,435,146,Dw. Wschodni (Lubelska),0 min,Sitowie 02,,2024-12-25 09:07:44.539544
Autobus,1540,4,141,P+R Al. Krakowska,0 min,P+R Al. Krakowska 07,,2024-12-25 09:07:44.539544
Autobus,5929,403,175,Lotnisko Chopina,0 min,Pl. Teatralny 01,,2024-12-25 09:07:44.539544
Autobus,70033,1,L25,Piaseczno Zgoda,0 min,Góra Kalwaria Kalwaryjska 02,,2024-12-25 09:07:44.539544
Autobus,7844,3,143,Dw. Zachodni,0 min,Torwar 02,,2024-12-25 09:07:44.539544
Autobus,8369,2,217,Metro Wilanowska,0 min,Os. Arbuzowa 02,,2024-12-25 09:07:44.539544
Autobus,9519,3,103,Brylowska,0 min,Metro Płocka 05,,2024-12-25 09:07:44.539544
Autobus,1520,435,146,Dw. Wschodni (Lubelska),0 min,Sitowie 02,,2024-12-25 09:07:44.539544
Autobus,1540,4,141,P+R Al. Krakowska,0 min,P+R Al. Krakowska 07,,2024-12-25 09:07:44.539544
Autobus,5929,403,175,Lotnisko Chopina,0 min,Pl. Teatralny 01,,2024-12-25 09:07:44.539544
Autobus,70033,1,L25,Piaseczno Zgoda,0 min,Góra Kalwaria Kalwaryjska 02,,2024-12-25 09:07:44.539544
Autobus,80115,1,L44,CH Marki,0 min,Marki Strefa Przemysłowa 01,,2024-12-25 09:07:44.539544
Autobus,9352,2,135,Pl. Hallera,0 min,PKP Olszynka Grochowska 03,,2024-12-25 09:07:44.539544
Autobus,9804,3,167,Stare Bemowo,0 min,Bartycka 05,,2024-12-25 09:07:44.539544
Tramwaj,3190,8,26,Metro Młociny,0 min,Praga-Płd.-Ratusz 03,,2024-12-25 09:07:44.539544
Tramwaj,3239,6,26,Metro Młociny,0 min,Czumy 06,,2024-12-25 09:07:44.539544
Autobus,8813,1,511,Dąbrówka Wiślana,0 min,Metro Młociny 18,,2024-12-25 09:07:44.539544
Autobus,70033,1,L25,Piaseczno Zgoda,0 min,Góra Kalwaria Kalwaryjska 02,,2024-12-25 09:07:44.539544
Autobus,80115,1,L44,CH Marki,0 min,Marki Strefa Przemysłowa 01,,2024-12-25 09:07:44.539544
Autobus,9352,2,135,Pl. Hallera,0 min,PKP Olszynka Grochowska 03,,2024-12-25 09:07:44.539544
Autobus,9804,3,167,Stare Bemowo,0 min,Bartycka 05,,2024-12-25 09:07:44.539544
Tramwaj,3275,7,15,Marymont-Potok,0 min,Instytut Lotnictwa 03,,2024-12-25 09:07:44.539544
Autobus,1520,435,146,Dw. Wschodni (Lubelska),0 min,Sitowie 02,,2024-12-25 09:07:44.539544
Autobus,1540,4,141,P+R Al. Krakowska,0 min,P+R Al. Krakowska 07,,2024-12-25 09:07:44.539544
Autobus,5929,403,175,Lotnisko Chopina,0 min,Pl. Teatralny 01,,2024-12-25 09:07:44.539544
Autobus,70033,1,L25,Piaseczno Zgoda,0 min,Góra Kalwaria Kalwaryjska 02,,2024-12-25 09:07:44.539544
Autobus,80115,1,L44,CH Marki,0 min,Marki Strefa Przemysłowa 01,,2024-12-25 09:07:44.539544
Autobus,9352,2,135,Pl. Hallera,0 min,PKP Olszynka Grochowska 03,,2024-12-25 09:07:44.539544
Autobus,9804,3,167,Stare Bemowo,0 min,Bartycka 05,,2024-12-25 09:07:44.539544
Tramwaj,3275,7,15,Marymont-Potok,0 min,Instytut Lotnictwa 03,,2024-12-25 09:07:44.539544
Tramwaj,4015,4,22,Wiatraczna,0 min,Pl. Zawiszy 05,,2024-12-25 09:07:44.539544
Autobus,8813,1,511,Dąbrówka Wiślana,0 min,Metro Młociny 18,,2024-12-25 09:07:44.539544
Autobus,9933,5,114,Młociny-UKSW,0 min,Conrada 04,,2024-12-25 09:07:44.539544
Tramwaj,3117,5,4,Żerań Wschodni,0 min,Wyścigi 06,,2024-12-25 09:07:44.539544
Tramwaj,3134,1,10,Os. Górczewska,0 min,Wyścigi 07,,2024-12-25 09:07:44.539544
Tramwaj,3137,3,26,Metro Młociny,0 min,Wiatraczna 13,,2024-12-25 09:07:44.539544
Tramwaj,3140,6,6,Gocławek,0 min,Metro Młociny 12,,2024-12-25 09:07:44.539544
Tramwaj,3149,542,1,Annopol,0 min,Banacha 04,,2024-12-25 09:07:44.539544
Tramwaj,3150,9,26,Metro Młociny,0 min,Wiatraczna 13,,2024-12-25 09:07:44.539544
Tramwaj,3155,3,24,Gocławek,0 min,Nowe Bemowo 07,,2024-12-25 09:07:44.539544
Tramwaj,3158,2,3,Annopol,0 min,Gocławek 04,,2024-12-25 09:07:44.539544
Autobus,2041,3,519,Metro Wilanowska,0 min,Powsin-Park Kultury 01,,2024-12-25 09:07:44.539544
Autobus,2218,1,716,Piastów Ogińskiego,0 min,Cm. Wolski 06,,2024-12-25 09:07:44.539544
Autobus,3418,3,145,Wiatraczna,0 min,Żerań FSO 11,,2024-12-25 09:07:44.539544
Autobus,3442,3,509,Winnica,0 min,Gocław 03,,2024-12-25 09:07:44.539544
Autobus,3445,1,731,Żerań FSO,0 min,Legionowo Os. Młodych 01,,2024-12-25 09:07:44.539544
Autobus,3447,63,735,Metro Marymont,0 min,Zegrze Płd. 03,,2024-12-25 09:07:44.539544
Autobus,3458,802,409,Cm. Północny-Brama Zach.,0 min,Bródno-Podgrodzie 04,,2024-12-25 09:07:44.539544
Autobus,3459,3,132,Metro Marymont,0 min,Os. Derby 02,,2024-12-25 09:07:44.539544
Autobus,35132,688,L-2,Piaseczno Zgoda,0 min,Złotokłos 02,,2024-12-25 09:07:44.539544
Autobus,35137,2,L49,Winnica,0 min,Chotomów 01,,2024-12-25 09:07:44.539544
Autobus,35138,1,L49,Chotomów,0 min,Winnica 06,,2024-12-25 09:07:44.539544
Autobus,35141,689,L12,Złotokłos,0 min,Piaseczno Urząd Miasta 03,,2024-12-25 09:07:44.539544
Autobus,4201,3,717,Dw. Zachodni,0 min,Piastów Ogińskiego 02,,2024-12-25 09:07:44.539544
Autobus,4202,3,177,Ursus-Niedźwiadek,0 min,Os. Górczewska 53,,2024-12-25 09:07:44.539544
Autobus,4207,3,713,Cm. Wolski,0 min,Koprki Agricoop 01,,2024-12-25 09:07:44.539544
Autobus,4301,549,110,Cm. Północny-Brama Zach.,0 min,Metro Marymont 12,,2024-12-25 09:07:44.539544
Autobus,4302,3,134,Olesin,0 min,Metro Marymont 17,,2024-12-25 09:07:44.539544
Autobus,4308,550,110,Cm. Północny-Brama Zach.,0 min,Metro Marymont 12,,2024-12-25 09:07:44.539544
Autobus,4309,1,110,Metro Marymont,0 min,Cm. Północny-Brama Zach. 01,,2024-12-25 09:07:44.539544
Autobus,35141,689,L12,Złotokłos,0 min,Piaseczno Urząd Miasta 03,,2024-12-25 09:07:44.539544
Autobus,4201,3,717,Dw. Zachodni,0 min,Piastów Ogińskiego 02,,2024-12-25 09:07:44.539544
Autobus,4202,3,177,Ursus-Niedźwiadek,0 min,Os. Górczewska 53,,2024-12-25 09:07:44.539544
Autobus,4207,3,713,Cm. Wolski,0 min,Koprki Agricoop 01,,2024-12-25 09:07:44.539544
Autobus,4301,549,110,Cm. Północny-Brama Zach.,0 min,Metro Marymont 12,,2024-12-25 09:07:44.539544
Autobus,4302,3,134,Olesin,0 min,Metro Marymont 17,,2024-12-25 09:07:44.539544
Autobus,4308,550,110,Cm. Północny-Brama Zach.,0 min,Metro Marymont 12,,2024-12-25 09:07:44.539544
Autobus,4309,1,110,Metro Marymont,0 min,Cm. Północny-Brama Zach. 01,,2024-12-25 09:07:44.539544
Autobus,35141,689,L12,Złotokłos,0 min,Piaseczno Urząd Miasta 03,,2024-12-25 09:07:44.539544
Autobus,35158,692,L19,Pieczyska,0 min,Piaseczno Urząd Miasta 03,,2024-12-25 09:07:44.539544
Autobus,4201,3,717,Dw. Zachodni,0 min,Piastów Ogińskiego 02,,2024-12-25 09:07:44.539544
Autobus,4202,3,177,Ursus-Niedźwiadek,0 min,Os. Górczewska 53,,2024-12-25 09:07:44.539544
Autobus,4207,3,713,Cm. Wolski,0 min,Koprki Agricoop 01,,2024-12-25 09:07:44.539544
Autobus,4246,6,220,Opacz-Kolonia Rebusowa,0 min,Nowe Bemowo 12,,2024-12-25 09:07:44.539544
Autobus,4301,549,110,Cm. Północny-Brama Zach.,0 min,Metro Marymont 12,,2024-12-25 09:07:44.539544
Autobus,4302,3,134,Olesin,0 min,Metro Marymont 17,,2024-12-25 09:07:44.539544
Autobus,4308,550,110,Cm. Północny-Brama Zach.,0 min,Metro Marymont 12,,2024-12-25 09:07:44.539544
Autobus,4309,1,110,Metro Marymont,0 min,Cm. Północny-Brama Zach. 01,,2024-12-25 09:07:44.539544
Autobus,4201,3,717,Dw. Zachodni,0 min,Piastów Ogińskiego 02,,2024-12-25 09:07:44.539544
Autobus,4202,3,177,Ursus-Niedźwiadek,0 min,Os. Górczewska 53,,2024-12-25 09:07:44.539544
Autobus,4207,3,713,Cm. Wolski,0 min,Koprki Agricoop 01,,2024-12-25 09:07:44.539544
Autobus,4246,6,220,Opacz-Kolonia Rebusowa,0 min,Nowe Bemowo 12,,2024-12-25 09:07:44.539544
Autobus,4301,549,110,Cm. Północny-Brama Zach.,0 min,Metro Marymont 12,,2024-12-25 09:07:44.539544
Autobus,4302,3,134,Olesin,0 min,Metro Marymont 17,,2024-12-25 09:07:44.539544
Autobus,4308,550,110,Cm. Północny-Brama Zach.,0 min,Metro Marymont 12,,2024-12-25 09:07:44.539544
Autobus,4309,1,110,Metro Marymont,0 min,Cm. Północny-Brama Zach. 01,,2024-12-25 09:07:44.539544
Autobus,4316,1,134,Metro Marymont,0 min,Olesin 01,,2024-12-25 09:07:44.539544
Autobus,4402,2,170,Rondo Starzyńskiego,0 min,PKP Zacisze-Wilno 02,,2024-12-25 09:07:44.539544
Autobus,4404,1,170,PKP Zacisze-Wilno,0 min,Rondo Starzyńskiego 09,,2024-12-25 09:07:44.539544
Autobus,4408,4,197,Gwiaździsta,0 min,Cm. Wolski 08,,2024-12-25 09:07:44.539544
Autobus,4411,3,181,Cm. Północny-Brama Gł.,0 min,Pl. Wilsona 18,,2024-12-25 09:07:44.539544
Autobus,4423,1,169,Dw. Wschodni (Kijowska),0 min,Bródno-Podgrodzie 06,,2024-12-25 09:07:44.539544
Autobus,4513,1,733,Młochów,0 min,P+R Al. Krakowska 15,,2024-12-25 09:07:44.539544
Autobus,5204,5,136,Natolin Płn.,0 min,Ostroroga 03,,2024-12-25 09:07:44.539544
Autobus,5232,1,136,Ostroroga,0 min,Natolin Płn. 08,,2024-12-25 09:07:44.539544
Autobus,4215,4,154,P+R Al. Krakowska,0 min,Dw. Zachodni 01,,2024-12-25 09:07:44.539544
Autobus,35158,692,L19,Pieczyska,0 min,Piaseczno Urząd Miasta 03,,2024-12-25 09:07:44.539544
Autobus,4201,3,717,Dw. Zachodni,0 min,Piastów Ogińskiego 02,,2024-12-25 09:07:44.539544
Autobus,4202,3,177,Ursus-Niedźwiadek,0 min,Os. Górczewska 53,,2024-12-25 09:07:44.539544
Autobus,4203,536,194,PKP Gołąbki,0 min,Cm. Wolski 08,,2024-12-25 09:07:44.539544
Autobus,4207,3,713,Cm. Wolski,0 min,Koprki Agricoop 01,,2024-12-25 09:07:44.539544
Autobus,4215,4,154,P+R Al. Krakowska,0 min,Dw. Zachodni 01,,2024-12-25 09:07:44.539544
Autobus,4216,2,154,Dw. Zachodni,0 min,P+R Al. Krakowska 09,,2024-12-25 09:07:44.539544
Autobus,4246,6,220,Opacz-Kolonia Rebusowa,0 min,Nowe Bemowo 12,,2024-12-25 09:07:44.539544
Autobus,4301,549,110,Cm. Północny-Brama Zach.,0 min,Metro Marymont 12,,2024-12-25 09:07:44.539544
Autobus,4302,3,134,Olesin,0 min,Metro Marymont 17,,2024-12-25 09:07:44.539544
Autobus,4308,550,110,Cm. Północny-Brama Zach.,0 min,Metro Marymont 12,,2024-12-25 09:07:44.539544
Autobus,4309,1,110,Metro Marymont,0 min,Cm. Północny-Brama Zach. 01,,2024-12-25 09:07:44.539544
Autobus,4316,1,134,Metro Marymont,0 min,Olesin 01,,2024-12-25 09:07:44.539544
Autobus,4402,2,170,Rondo Starzyńskiego,0 min,PKP Zacisze-Wilno 02,,2024-12-25 09:07:44.539544
Autobus,4404,1,170,PKP Zacisze-Wilno,0 min,Rondo Starzyńskiego 09,,2024-12-25 09:07:44.539544
Autobus,4408,4,197,Gwiaździsta,0 min,Cm. Wolski 08,,2024-12-25 09:07:44.539544
Autobus,4411,3,181,Cm. Północny-Brama Gł.,0 min,Pl. Wilsona 18,,2024-12-25 09:07:44.539544
Autobus,4417,3,169,Bródno-Podgrodzie,0 min,Dw. Wschodni (Kijowska) 07,,2024-12-25 09:07:44.539544
Autobus,4423,1,169,Dw. Wschodni (Kijowska),0 min,Bródno-Podgrodzie 06,,2024-12-25 09:07:44.539544
Autobus,4309,1,110,Metro Marymont,0 min,Cm. Północny-Brama Zach. 01,,2024-12-25 09:07:44.539544
Autobus,4316,1,134,Metro Marymont,0 min,Olesin 01,,2024-12-25 09:07:44.539544
Autobus,4402,2,170,Rondo Starzyńskiego,0 min,PKP Zacisze-Wilno 02,,2024-12-25 09:07:44.539544
Autobus,4404,1,170,PKP Zacisze-Wilno,0 min,Rondo Starzyńskiego 09,,2024-12-25 09:07:44.539544
Autobus,4408,4,197,Gwiaździsta,0 min,Cm. Wolski 08,,2024-12-25 09:07:44.539544
Autobus,4411,3,181,Cm. Północny-Brama Gł.,0 min,Pl. Wilsona 18,,2024-12-25 09:07:44.539544
Autobus,4417,3,169,Bródno-Podgrodzie,0 min,Dw. Wschodni (Kijowska) 07,,2024-12-25 09:07:44.539544
Autobus,4423,1,169,Dw. Wschodni (Kijowska),0 min,Bródno-Podgrodzie 06,,2024-12-25 09:07:44.539544
Autobus,4513,1,733,Młochów,0 min,P+R Al. Krakowska 15,,2024-12-25 09:07:44.539544
Autobus,5204,5,136,Natolin Płn.,0 min,Ostroroga 03,,2024-12-25 09:07:44.539544
Autobus,5232,1,136,Ostroroga,0 min,Natolin Płn. 08,,2024-12-25 09:07:44.539544
Autobus,5234,5,191,Regulska,0 min,Pl. Narutowicza 15,,2024-12-25 09:07:44.539544
Autobus,5258,4,517,Ursus-Niedźwiadek,0 min,Pl. Trzech Krzyży 06,,2024-12-25 09:07:44.539544
Autobus,5258,4,517,Ursus-Niedźwiadek,0 min,Pl. Trzech Krzyży 06,,2024-12-25 09:07:44.539544
Autobus,5421,2,723,PKP Legionowo Przystanek,0 min,Żerań FSO 10,,2024-12-25 09:07:44.539544
Autobus,5422,2,112,CH Marki,0 min,Nowe Bemowo 10,,2024-12-25 09:07:44.539544
Autobus,5442,65,735,Zegrze Płd.,0 min,Metro Marymont 15,,2024-12-25 09:07:44.539544
Autobus,5454,4,120,Dw. Wschodni (Kijowska),0 min,Olesin 01,,2024-12-25 09:07:44.539544
Autobus,5455,7,509,Gocław,0 min,Winnica 06,,2024-12-25 09:07:44.539544
Autobus,5232,1,136,Ostroroga,0 min,Natolin Płn. 08,,2024-12-25 09:07:44.539544
Autobus,5258,4,517,Ursus-Niedźwiadek,0 min,Pl. Trzech Krzyży 06,,2024-12-25 09:07:44.539544
Autobus,5421,2,723,PKP Legionowo Przystanek,0 min,Żerań FSO 10,,2024-12-25 09:07:44.539544
Autobus,5422,2,112,CH Marki,0 min,Nowe Bemowo 10,,2024-12-25 09:07:44.539544
Autobus,5442,65,735,Zegrze Płd.,0 min,Metro Marymont 15,,2024-12-25 09:07:44.539544
Autobus,5454,4,120,Dw. Wschodni (Kijowska),0 min,Olesin 01,,2024-12-25 09:07:44.539544
Autobus,5455,7,509,Gocław,0 min,Winnica 06,,2024-12-25 09:07:44.539544
Autobus,5459,2,140,Marki Czarna Struga,0 min,Metro Trocka 09,,2024-12-25 09:07:44.539544
Autobus,5871,406,128,Szczęśliwice,0 min,Pl. Piłsudskiego 04,,2024-12-25 09:07:44.539544
Autobus,5873,404,175,Lotnisko Chopina,0 min,Pl. Piłsudskiego 06,,2024-12-25 09:07:44.539544
Autobus,5882,409,128,Pl. Piłsudskiego,0 min,Szczęśliwice 05,,2024-12-25 09:07:44.539544
Autobus,5884,6,127,Browarna,0 min,Nowe Włochy 01,,2024-12-25 09:07:44.539544
Autobus,5892,5,503,Konwiktorska,0 min,Natolin Płn. 22,,2024-12-25 09:07:44.539544
Autobus,5910,2,158,Witolin,0 min,CH Reduta 01,,2024-12-25 09:07:44.539544
Autobus,5912,408,128,Pl. Piłsudskiego,0 min,Szczęśliwice 05,,2024-12-25 09:07:44.539544
Autobus,5914,4,158,CH Reduta,0 min,Witolin 02,,2024-12-25 09:07:44.539544
Autobus,5923,7,116,Chomiczówka,0 min,Wilanów 07,,2024-12-25 09:07:44.539544
Autobus,5914,4,158,CH Reduta,0 min,Witolin 02,,2024-12-25 09:07:44.539544
Autobus,7215,8,523,Stare Bemowo,0 min,PKP Olszynka Grochowska 01,,2024-12-25 09:07:44.539544
Autobus,7225,M6,172,CH Blue City,0 min,Sadyba 06,,2024-12-25 09:07:44.539544
Autobus,7226,M9,517,Pl. Trzech Krzyży,0 min,Ursus-Niedźwiadek 03,,2024-12-25 09:07:44.539544
Autobus,7241,4,523,PKP Olszynka Grochowska,0 min,Stare Bemowo 07,,2024-12-25 09:07:44.539544
Autobus,7242,508,728,P+R Al. Krakowska,0 min,Wólka Kosowska Wygoda 01,,2024-12-25 09:07:44.539544
Autobus,7245,8,517,Pl. Trzech Krzyży,0 min,Ursus-Niedźwiadek 03,,2024-12-25 09:07:44.539544
Autobus,7259,5,184,Szczęśliwice,0 min,Metro Młociny 24,,2024-12-25 09:07:44.539544
Autobus,7711,6,509,Gocław,0 min,Winnica 06,,2024-12-25 09:07:44.539544
Autobus,7732,1,151,Pl. Konstytucji,0 min,Rechniewskiego 02,,2024-12-25 09:07:44.539544
Autobus,7747,6,143,Dw. Zachodni,0 min,Rembertów-Kolonia 01,,2024-12-25 09:07:44.539544
Autobus,778,1,250,Łomianki Dąbrowa Zachodnia,0 min,Metro Młociny 22,,2024-12-25 09:07:44.539544
Autobus,779,3,250,Metro Młociny,0 min,Łomianki Dąbrowa Zachodnia 01,,2024-12-25 09:07:44.539544
Autobus,7808,1,143,Dw. Zachodni,0 min,Rembertów-Kolonia 01,,2024-12-25 09:07:44.539544
Autobus,7809,2,521,Falenica,0 min,Wiatraczna 22,,2024-12-25 09:07:44.539544
Autobus,7816,7,520,Marysin,0 min,Dw. Centralny 27,,2024-12-25 09:07:44.539544
Autobus,7849,3,523,PKP Olszynka Grochowska,0 min,Stare Bemowo 07,,2024-12-25 09:07:44.539544
Autobus,7869,1,520,Marysin,0 min,Dw. Centralny 27,,2024-12-25 09:07:44.539544
Autobus,80102,2,L45,CH Marki,0 min,PKP Dąbkowizna 01,,2024-12-25 09:07:44.539544
Autobus,80122,1,L38,Leśniakowizna Majdan,0 min,Wołomin Szpital Powiatowy 02,,2024-12-25 09:07:44.539544
Autobus,9323,469,142,Aleksandrów,0 min,Wiatraczna 14,,2024-12-25 09:07:44.539544
Autobus,9330,2,153,Pastuszków,0 min,Rembertów-Kolonia 02,,2024-12-25 09:07:44.539544
Autobus,9333,4,179,Ursynów Płn.,0 min,Os. Kabaty 02,,2024-12-25 09:07:44.539544
Autobus,9340,1,198,PKP Wesoła,0 min,Stara Miłosna (Ułańska) 04,,2024-12-25 09:07:44.539544
Autobus,9344,643,199,Rembertów-Strzelnica,0 min,Bródno-Podgrodzie 08,,2024-12-25 09:07:44.539544
Autobus,9348,8,179,Os. Kabaty,0 min,Ursynów Płn. 05,,2024-12-25 09:07:44.539544
Autobus,9354,4,135,PKP Olszynka Grochowska,0 min,Pl. Hallera 11,,2024-12-25 09:07:44.539544
Autobus,9508,5,159,Małe Siekierki,0 min,CH Blue City 01,,2024-12-25 09:07:44.539544
Autobus,9509,1,178,Skorosze,0 min,Konwiktorska 03,,2024-12-25 09:07:44.539544
Autobus,9525,52,715,Ursynów Płn.,0 min,P+R Al. Krakowska 13,,2024-12-25 09:07:44.539544
Autobus,9549,1,743,Wolica k. Płochocina,0 min,Os. Górczewska 53,,2024-12-25 09:07:44.539544
Autobus,9550,4,178,Konwiktorska,0 min,Skorosze 04,,2024-12-25 09:07:44.539544
Autobus,9802,4,167,Fort Radiowo,0 min,Siekierki-Sanktuarium 03,,2024-12-25 09:07:44.539544
Autobus,9808,3,185,Gwiaździsta,0 min,CH Ursynów 04,,2024-12-25 09:07:44.539544
Autobus,9817,3,502,Stara Miłosna (Graniczna),0 min,Metro Politechnika 12,,2024-12-25 09:07:44.539544
Autobus,9829,6,502,Metro Politechnika,0 min,Stara Miłosna (Graniczna) 05,,2024-12-25 09:07:44.539544
Autobus,9835,7,167,Siekierki-Sanktuarium,0 min,Stare Bemowo 05,,2024-12-25 09:07:44.539544
Autobus,9846,1,742,Os. Kabaty,0 min,Góra Kalwaria Rynek 02,,2024-12-25 09:07:44.539544
Autobus,9904,1,190,Znana,0 min,CH Marki 01,,2024-12-25 09:07:44.539544
Autobus,9549,1,743,Wolica k. Płochocina,0 min,Os. Górczewska 53,,2024-12-25 09:07:44.539544
Autobus,9550,4,178,Konwiktorska,0 min,Skorosze 04,,2024-12-25 09:07:44.539544
Autobus,9802,4,167,Fort Radiowo,0 min,Siekierki-Sanktuarium 03,,2024-12-25 09:07:44.539544
Autobus,9808,3,185,Gwiaździsta,0 min,CH Ursynów 04,,2024-12-25 09:07:44.539544
Autobus,9817,3,502,Stara Miłosna (Graniczna),0 min,Metro Politechnika 12,,2024-12-25 09:07:44.539544
Autobus,9829,6,502,Metro Politechnika,0 min,Stara Miłosna (Graniczna) 05,,2024-12-25 09:07:44.539544
Autobus,9835,7,167,Siekierki-Sanktuarium,0 min,Stare Bemowo 05,,2024-12-25 09:07:44.539544
Autobus,9846,1,742,Os. Kabaty,0 min,Góra Kalwaria Rynek 02,,2024-12-25 09:07:44.539544
Autobus,9904,1,190,Znana,0 min,CH Marki 01,,2024-12-25 09:07:44.539544
Autobus,9908,7,186,Szczęśliwice,0 min,Nowodwory 09,,2024-12-25 09:07:44.539544
Autobus,9935,7,114,Młociny-UKSW,0 min,Bródno-Podgrodzie 05,,2024-12-25 09:07:44.539544
Autobus,9940,4,114,Bródno-Podgrodzie,0 min,Młociny-UKSW 01,,2024-12-25 09:07:44.539544
Autobus,9946,3,186,Szczęśliwice,0 min,Nowodwory 09,,2024-12-25 09:07:44.539544
Autobus,9316,6,N03,Ursynów Płn.,0 min,Tarchomin 01,,2024-12-25 09:07:44.539544
Autobus,9317,4,202,PKP Gocławek,0 min,Metro Stadion Narodowy 07,,2024-12-25 09:07:44.539544
Autobus,9323,469,142,Aleksandrów,0 min,Wiatraczna 14,,2024-12-25 09:07:44.539544
Autobus,9330,2,153,Pastuszków,0 min,Rembertów-Kolonia 02,,2024-12-25 09:07:44.539544
Autobus,9333,4,179,Ursynów Płn.,0 min,Os. Kabaty 02,,2024-12-25 09:07:44.539544
Autobus,9311,646,245,Ząbki Maczka,0 min,Bródno-Podgrodzie 03,,2024-12-25 09:07:44.539544
Autobus,9315,2,202,Metro Stadion Narodowy,0 min,PKP Gocławek 03,,2024-12-25 09:07:44.539544
Autobus,9316,6,N03,Ursynów Płn.,0 min,Tarchomin 01,,2024-12-25 09:07:44.539544
Autobus,9317,4,202,PKP Gocławek,0 min,Metro Stadion Narodowy 07,,2024-12-25 09:07:44.539544
Autobus,9323,469,142,Aleksandrów,0 min,Wiatraczna 14,,2024-12-25 09:07:44.539544
Autobus,9330,2,153,Pastuszków,0 min,Rembertów-Kolonia 02,,2024-12-25 09:07:44.539544
Autobus,9333,4,179,Ursynów Płn.,0 min,Os. Kabaty 02,,2024-12-25 09:07:44.539544
Autobus,9340,1,198,PKP Wesoła,0 min,Stara Miłosna (Ułańska) 04,,2024-12-25 09:07:44.539544
Autobus,9344,643,199,Rembertów-Strzelnica,0 min,Bródno-Podgrodzie 08,,2024-12-25 09:07:44.539544
Autobus,9348,8,179,Os. Kabaty,0 min,Ursynów Płn. 05,,2024-12-25 09:07:44.539544
Autobus,9354,4,135,PKP Olszynka Grochowska,0 min,Pl. Hallera 11,,2024-12-25 09:07:44.539544
Autobus,9508,5,159,Małe Siekierki,0 min,CH Blue City 01,,2024-12-25 09:07:44.539544
Autobus,9509,1,178,Skorosze,0 min,Konwiktorska 03,,2024-12-25 09:07:44.539544
Autobus,9521,3,159,CH Blue City,0 min,Małe Siekierki 03,,2024-12-25 09:07:44.539544
Autobus,9525,52,715,Ursynów Płn.,0 min,P+R Al. Krakowska 13,,2024-12-25 09:07:44.539544
Autobus,9549,1,743,Wolica k. Płochocina,0 min,Os. Górczewska 53,,2024-12-25 09:07:44.539544
Autobus,9550,4,178,Konwiktorska,0 min,Skorosze 04,,2024-12-25 09:07:44.539544
Autobus,9802,4,167,Fort Radiowo,0 min,Siekierki-Sanktuarium 03,,2024-12-25 09:07:44.539544
Autobus,9808,3,185,Gwiaździsta,0 min,CH Ursynów 04,,2024-12-25 09:07:44.539544
Autobus,9508,5,159,Małe Siekierki,0 min,CH Blue City 01,,2024-12-25 09:07:44.539544
Autobus,9509,1,178,Skorosze,0 min,Konwiktorska 03,,2024-12-25 09:07:44.539544
Autobus,9521,3,159,CH Blue City,0 min,Małe Siekierki 03,,2024-12-25 09:07:44.539544
Autobus,9525,52,715,Ursynów Płn.,0 min,P+R Al. Krakowska 13,,2024-12-25 09:07:44.539544
Autobus,9549,1,743,Wolica k. Płochocina,0 min,Os. Górczewska 53,,2024-12-25 09:07:44.539544
Autobus,9550,4,178,Konwiktorska,0 min,Skorosze 04,,2024-12-25 09:07:44.539544
Autobus,9509,1,178,Skorosze,0 min,Konwiktorska 03,,2024-12-25 09:07:44.539544
Autobus,9521,3,159,CH Blue City,0 min,Małe Siekierki 03,,2024-12-25 09:07:44.539544
Autobus,9525,52,715,Ursynów Płn.,0 min,P+R Al. Krakowska 13,,2024-12-25 09:07:44.539544
Autobus,9549,1,743,Wolica k. Płochocina,0 min,Os. Górczewska 53,,2024-12-25 09:07:44.539544
Autobus,9550,4,178,Konwiktorska,0 min,Skorosze 04,,2024-12-25 09:07:44.539544
Autobus,9802,4,167,Fort Radiowo,0 min,Siekierki-Sanktuarium 03,,2024-12-25 09:07:44.539544
Autobus,9808,3,185,Gwiaździsta,0 min,CH Ursynów 04,,2024-12-25 09:07:44.539544
Autobus,9817,3,502,Stara Miłosna (Graniczna),0 min,Metro Politechnika 12,,2024-12-25 09:07:44.539544
Autobus,9829,6,502,Metro Politechnika,0 min,Stara Miłosna (Graniczna) 05,,2024-12-25 09:07:44.539544
Autobus,9835,7,167,Siekierki-Sanktuarium,0 min,Stare Bemowo 05,,2024-12-25 09:07:44.539544
Autobus,9846,1,742,Os. Kabaty,0 min,Góra Kalwaria Rynek 02,,2024-12-25 09:07:44.539544
Autobus,9904,1,190,Znana,0 min,CH Marki 01,,2024-12-25 09:07:44.539544
Autobus,9908,7,186,Szczęśliwice,0 min,Nowodwory 09,,2024-12-25 09:07:44.539544
Autobus,4205,1,717,Piastów Ogińskiego,0 min,Łopuszańska 02,,2024-12-25 09:07:44.539544
Autobus,758,2,150,Dziekanów Leśny,0 min,Łomianki 11 listopada 02,,2024-12-25 09:07:44.539544
Autobus,1550,439,146,Falenica,0 min,Most Siekierkowski 01,,2024-12-25 09:07:44.539544
Autobus,1007,2,213,Gocław,0 min,PKP Falenica 02,,2024-12-25 09:07:44.539544
Autobus,1206,428,727,Metro Wilanowska,0 min,Piaseczno Szkolna 02,,2024-12-25 09:07:44.539544
Autobus,8527,2,174,Bokserska,0 min,Metro Pole Mokotowskie 01,,2024-12-25 09:07:44.539544
Autobus,9949,4,190,CH Marki,0 min,Leszno 01,,2024-12-25 09:07:44.539544
Tramwaj,4104,547,4,Żerań Wschodni,0 min,Inowłodzka 04,,2024-12-25 09:07:44.539544
Autobus,5899,410,128,Szczęśliwice,0 min,Dw. Centralny 02,,2024-12-25 09:07:44.539544
Autobus,9093,2,161,Zbójna Góra,0 min,Tawułkowa 04,,2024-12-25 09:07:44.539544
Autobus,1550,439,146,Falenica,0 min,Most Siekierkowski 01,,2024-12-25 09:07:44.539544
Autobus,8586,1,120,Olesin,0 min,Ząbkowska 02,,2024-12-25 09:07:44.539544
Tramwaj,3148,6,10,Os. Górczewska,0 min,P+R Połczyńska 04,,2024-12-25 09:07:44.539544
Tramwaj,3269,2,9,P+R Al. Krakowska,0 min,Kinowa 03,,2024-12-25 09:07:44.539544
Autobus,3412,2,738,P+R Radzymin,0 min,Marki Szpitalna 02,,2024-12-25 09:07:44.539544
Tramwaj,3179,4,10,Wyścigi,0 min,Hala Wola 05,,2024-12-25 09:07:44.539544
Tramwaj,3259,521,3,Annopol,0 min,Staniewicka 04,,2024-12-25 09:07:44.539544
Tramwaj,3286,4,33,Kielecka,0 min,Al. Reymonta 03,,2024-12-25 09:07:44.539544
Autobus,1550,439,146,Falenica,0 min,Most Siekierkowski 01,,2024-12-25 09:07:44.539544
Autobus,8586,1,120,Olesin,0 min,Ząbkowska 02,,2024-12-25 09:07:44.539544
Tramwaj,3148,6,10,Os. Górczewska,0 min,P+R Połczyńska 04,,2024-12-25 09:07:44.539544
Tramwaj,3269,2,9,P+R Al. Krakowska,0 min,Kinowa 03,,2024-12-25 09:07:44.539544
Autobus,3412,2,738,P+R Radzymin,0 min,Marki Szpitalna 02,,2024-12-25 09:07:44.539544
Tramwaj,3179,4,10,Wyścigi,0 min,Hala Wola 05,,2024-12-25 09:07:44.539544
Tramwaj,3259,521,3,Annopol,0 min,Staniewicka 04,,2024-12-25 09:07:44.539544
Tramwaj,3286,4,33,Kielecka,0 min,Al. Reymonta 03,,2024-12-25 09:07:44.539544
Tramwaj,4228,13,16,Miasteczko Wilanów,0 min,Metro Ratusz Arsenał 03,,2024-12-25 09:07:44.539544
Tramwaj,3193,3,10,Wyścigi,0 min,Rondo ONZ 03,,2024-12-25 09:07:44.539544
Tramwaj,4007,3,15,P+R Al. Krakowska,0 min,Metro Politechnika 04,,2024-12-25 09:07:44.539544
Autobus,4205,1,717,Piastów Ogińskiego,0 min,Łopuszańska 02,,2024-12-25 09:07:44.539544
Autobus,8501,1,738,P+R Radzymin,0 min,Radzymin Norwida 02,,2024-12-25 09:07:44.539544
Autobus,9520,51,737,Ursynów Płn.,0 min,Wilcza Góra 01,,2024-12-25 09:07:44.539544
Autobus,5976,601,111,Gocław,0 min,Anielewicza 03,,2024-12-25 09:07:44.539544
Autobus,7844,3,143,Dw. Zachodni,0 min,Marszałkowska 02,,2024-12-25 09:07:44.539544
Autobus,7888,6,520,Marysin,0 min,Saska 02,,2024-12-25 09:07:44.539544
Autobus,9220,1,133,Tarchomin,0 min,Henryków 03,,2024-12-25 09:07:44.539544
Autobus,4205,1,717,Piastów Ogińskiego,0 min,Łopuszańska 02,,2024-12-25 09:07:44.539544
Autobus,8501,1,738,P+R Radzymin,0 min,Radzymin Norwida 02,,2024-12-25 09:07:44.539544
Autobus,4513,1,733,Młochów,0 min,Szyszkowa 02,,2024-12-25 09:07:44.539544
Autobus,8463,6,112,CH Marki,0 min,Geodezyjna 02,,2024-12-25 09:07:44.539544
Autobus,5896,8,503,Natolin Płn.,0 min,Zachęta 02,,2024-12-25 09:07:44.539544
Autobus,7251,7,517,Pl. Trzech Krzyży,0 min,Dzieci Warszawy 01,,2024-12-25 09:07:44.539544
Autobus,2236,3,517,Ursus-Niedźwiadek,0 min,Pl. Zawiszy 04,,2024-12-25 09:07:44.539544
Autobus,1064,2,164,Metro Wilanowska,0 min,Podbipięty 02,,2024-12-25 09:07:44.539544
Autobus,7714,5,520,Marysin,0 min,Płowiecka 04,,2024-12-25 09:07:44.539544
Autobus,4418,3,212,Pl. Hallera,0 min,Szymanowskiego 01,,2024-12-25 09:07:44.539544
Autobus,4513,1,733,Młochów,0 min,Szyszkowa 02,,2024-12-25 09:07:44.539544
Autobus,8463,6,112,CH Marki,0 min,Geodezyjna 02,,2024-12-25 09:07:44.539544
Autobus,5896,8,503,Natolin Płn.,0 min,Zachęta 02,,2024-12-25 09:07:44.539544
Autobus,7251,7,517,Pl. Trzech Krzyży,0 min,Dzieci Warszawy 01,,2024-12-25 09:07:44.539544
Tramwaj,4117,3,17,PKP Służewiec,0 min,Myśliborska 05,,2024-12-25 09:07:44.539544
Autobus,3467,2,132,Metro Marymont,0 min,Żerań FSO 03,,2024-12-25 09:07:44.539544
Tramwaj,3226,544,1,Annopol,0 min,Okopowa 08,,2024-12-25 09:07:44.539544
Autobus,7714,5,520,Marysin,0 min,Płowiecka 04,,2024-12-25 09:07:44.539544
Autobus,5976,601,111,Gocław,0 min,Anielewicza 03,,2024-12-25 09:07:44.539544
Autobus,1416,1,173,Stara Miłosna (Graniczna),0 min,Płowiecka 04,,2024-12-25 09:07:44.539544
Autobus,5878,3,503,Konwiktorska,0 min,Spacerowa 52,,2024-12-25 09:07:44.539544
Autobus,5986,11,180,Wilanów,0 min,Pl. Teatralny 01,,2024-12-25 09:07:44.539544
Tramwaj,3806,4,23,Nowe Bemowo,0 min,Okopowa 04,,2024-12-25 09:07:44.539544
Tramwaj,3188,7,24,Gocławek,0 min,Kwatery Głównej 04,,2024-12-25 09:07:44.539544
Tramwaj,3226,544,1,Annopol,0 min,Okopowa 08,,2024-12-25 09:07:44.539544
Autobus,7714,5,520,Marysin,0 min,Płowiecka 04,,2024-12-25 09:07:44.539544
Autobus,5976,601,111,Gocław,0 min,Anielewicza 03,,2024-12-25 09:07:44.539544
Autobus,1416,1,173,Stara Miłosna (Graniczna),0 min,Płowiecka 04,,2024-12-25 09:07:44.539544
Autobus,5878,3,503,Konwiktorska,0 min,Spacerowa 52,,2024-12-25 09:07:44.539544
Autobus,5986,11,180,Wilanów,0 min,Pl. Teatralny 01,,2024-12-25 09:07:44.539544
Tramwaj,3806,4,23,Nowe Bemowo,0 min,Okopowa 04,,2024-12-25 09:07:44.539544
Tramwaj,3188,7,24,Gocławek,0 min,Kwatery Głównej 04,,2024-12-25 09:07:44.539544
Autobus,1524,3,119,Rakowiecka-Sanktuarium,0 min,PKP Anin 03,,2024-12-25 09:07:44.539544
Autobus,1030,1,163,Metro Wilanowska,0 min,Stegny 02,,2024-12-25 09:07:44.539544
Autobus,1064,2,164,Metro Wilanowska,0 min,Podbipięty 02,,2024-12-25 09:07:44.539544
Autobus,5238,2,716,Cm. Wolski,0 min,Śmigielska 01,,2024-12-25 09:07:44.539544
Autobus,5911,5,158,Witolin,0 min,Zamieniecka 04,,2024-12-25 09:07:44.539544
Tramwaj,3206,4,24,Nowe Bemowo,1 min przed czasem,Wawrzyszewska 04,,2024-12-25 09:07:44.539544
Autobus,9311,646,199,Rembertów-Strzelnica,1 min przed czasem,Łojewska 01,,2024-12-25 09:07:44.539544
Autobus,9520,51,737,Ursynów Płn.,1 min przed czasem,Wilcza Góra 01,,2024-12-25 09:07:44.539544
Autobus,1013,3,213,Błota,1 min przed czasem,Czekanowska 01,,2024-12-25 09:07:44.539544
Tramwaj,3121,3,4,Żerań Wschodni,1 min przed czasem,Park Praski 02,,2024-12-25 09:07:44.539544
Autobus,4418,3,212,Pl. Hallera,1 min przed czasem,Szymanowskiego 01,,2024-12-25 09:07:44.539544
Autobus,5238,2,716,Cm. Wolski,0 min,Śmigielska 01,,2024-12-25 09:07:44.539544
Autobus,5911,5,158,Witolin,0 min,Zamieniecka 04,,2024-12-25 09:07:44.539544
Tramwaj,3206,4,24,Nowe Bemowo,1 min przed czasem,Wawrzyszewska 04,,2024-12-25 09:07:44.539544
Autobus,9311,646,199,Rembertów-Strzelnica,1 min przed czasem,Łojewska 01,,2024-12-25 09:07:44.539544
Autobus,9520,51,737,Ursynów Płn.,1 min przed czasem,Wilcza Góra 01,,2024-12-25 09:07:44.539544
Tramwaj,4117,3,17,PKP Służewiec,1 min przed czasem,Myśliborska 05,,2024-12-25 09:07:44.539544
Autobus,5927,6,503,Natolin Płn.,1 min przed czasem,Strzeleckiego 01,,2024-12-25 09:07:44.539544
Autobus,7802,4,145,Żerań FSO,1 min przed czasem,Pelcowizna 06,,2024-12-25 09:07:44.539544
Autobus,1429,4,115,Aleksandrów,1 min przed czasem,Lawinowa 01,,2024-12-25 09:07:44.539544
Autobus,1525,5,141,P+R Al. Krakowska,1 min przed czasem,Do Fortu 02,,2024-12-25 09:07:44.539544
Autobus,5896,8,503,Natolin Płn.,1 min przed czasem,Zachęta 02,,2024-12-25 09:07:44.539544
Autobus,5889,2,127,Nowe Włochy,1 min przed czasem,Białobrzeska 02,,2024-12-25 09:07:44.539544
Autobus,70002,2,L39,Mysiadło Dąbrówka,1 min przed czasem,Piaseczno Strumykowa 02,,2024-12-25 09:07:44.539544
Autobus,7230,1,711,P+R Al. Krakowska,1 min przed czasem,Na Skraju 01,,2024-12-25 09:07:44.539544
Tramwaj,3028,4,28,Os. Górczewska,1 min przed czasem,Conrada 05,,2024-12-25 09:07:44.539544
Autobus,4418,3,212,Pl. Hallera,1 min przed czasem,Szymanowskiego 01,,2024-12-25 09:07:44.539544
Autobus,5407,4,731,Żerań FSO,1 min przed czasem,Poetów 01,,2024-12-25 09:07:44.539544
Autobus,5954,7,503,Natolin Płn.,1 min przed czasem,Spacerowa 51,,2024-12-25 09:07:44.539544
Autobus,5911,5,158,Witolin,1 min przed czasem,Zamieniecka 04,,2024-12-25 09:07:44.539544
Autobus,1545,62,722,Os. Radiówek,1 min przed czasem,Majdan 03,,2024-12-25 09:07:44.539544
Autobus,2248,3,105,Os. Górczewska,1 min przed czasem,Człuchowska 02,,2024-12-25 09:07:44.539544
Autobus,7800,2,145,Wiatraczna,1 min przed czasem,Szpital Bródnowski 02,,2024-12-25 09:07:44.539544
Autobus,9930,8,190,Znana,1 min przed czasem,Szwedzka 01,,2024-12-25 09:07:44.539544
Autobus,1416,1,173,Stara Miłosna (Graniczna),1 min przed czasem,Płowiecka 04,,2024-12-25 09:07:44.539544
Autobus,4412,M3,170,Elsnerów,1 min przed czasem,Dw. Wileński 01,,2024-12-25 09:07:44.539544
Autobus,5986,11,180,Wilanów,1 min przed czasem,Pl. Teatralny 01,,2024-12-25 09:07:44.539544
Tramwaj,3028,4,28,Os. Górczewska,1 min przed czasem,Conrada 05,,2024-12-25 09:07:44.539544
Autobus,1074,M2,130,Metro Wilanowska,1 min przed czasem,Bukowińska 01,,2024-12-25 09:07:44.539544
Autobus,1223,5,251,Konstancin-Jeziorna Pańska,1 min przed czasem,Konstancin-Jeziorna Polna 01,,2024-12-25 09:07:44.539544
Tramwaj,3823,1,20,Żerań FSO,1 min przed czasem,Stare Miasto 01,,2024-12-25 09:07:44.539544
Autobus,4239,4,220,Opacz-Kolonia Rebusowa,1 min przed czasem,Lazurowa 03,,2024-12-25 09:07:44.539544
Tramwaj,3801,4,6,Gocławek,1 min przed czasem,Pl. Hallera 03,,2024-12-25 09:07:44.539544
Autobus,4232,672,712,Klaudyn,1 min przed czasem,Kwirynów 01,,2024-12-25 09:07:44.539544
Tramwaj,3817,2,20,Żerań FSO,1 min przed czasem,Koło 01,,2024-12-25 09:07:44.539544
Autobus,1063,1,164,Kępa Zawadowska,1 min przed czasem,Sobieskiego 01,,2024-12-25 09:07:44.539544
Autobus,1223,5,251,Konstancin-Jeziorna Pańska,1 min przed czasem,Konstancin-Jeziorna Polna 01,,2024-12-25 09:07:44.539544
Tramwaj,3823,1,20,Żerań FSO,1 min przed czasem,Stare Miasto 01,,2024-12-25 09:07:44.539544
Autobus,4239,4,220,Opacz-Kolonia Rebusowa,1 min przed czasem,Lazurowa 03,,2024-12-25 09:07:44.539544
Tramwaj,3801,4,6,Gocławek,1 min przed czasem,Pl. Hallera 03,,2024-12-25 09:07:44.539544
Autobus,4232,672,712,Klaudyn,1 min przed czasem,Kwirynów 01,,2024-12-25 09:07:44.539544
Tramwaj,3817,2,20,Żerań FSO,1 min przed czasem,Koło 01,,2024-12-25 09:07:44.539544
Autobus,1063,1,164,Kępa Zawadowska,1 min przed czasem,Sobieskiego 01,,2024-12-25 09:07:44.539544
Autobus,1060,1,139,Ogród Botaniczny,1 min przed czasem,Konstancin-Jeziorna Borowa 01,,2024-12-25 09:07:44.539544
Autobus,7253,2,191,Regulska,1 min przed czasem,Sosnkowskiego 02,,2024-12-25 09:07:44.539544
Autobus,3414,444,409,Bródno-Podgrodzie,1 min przed czasem,Galla Anonima 01,,2024-12-25 09:07:44.539544
Autobus,5972,3,116,Chomiczówka,1 min przed czasem,Przybyszewskiego 02,,2024-12-25 09:07:44.539544
Tramwaj,3262,543,1,Annopol,1 min przed czasem,Staniewicka 04,,2024-12-25 09:07:44.539544
Autobus,5956,3,180,Chomiczówka,1 min przed czasem,PKP Powązki 02,,2024-12-25 09:07:44.539544
Autobus,9811,8,185,Gwiaździsta,1 min przed czasem,Sobocka 02,,2024-12-25 09:07:44.539544
Autobus,8592,1,509,Winnica,1 min przed czasem,Rondo Starzyńskiego 10,,2024-12-25 09:07:44.539544
Tramwaj,3827,7,6,Metro Młociny,1 min przed czasem,Szpital Bielański 04,,2024-12-25 09:07:44.539544
Autobus,1903,5,106,Ostroroga,1 min przed czasem,Mennica 02,,2024-12-25 09:07:44.539544
Autobus,3433,4,509,Gocław,1 min przed czasem,Wał Gocławski 01,,2024-12-25 09:07:44.539544
Autobus,9811,8,185,Gwiaździsta,1 min przed czasem,Sobocka 02,,2024-12-25 09:07:44.539544
Tramwaj,3262,543,1,Annopol,1 min przed czasem,Staniewicka 04,,2024-12-25 09:07:44.539544
Tramwaj,3270,10,33,Metro Młociny,1 min przed czasem,Metro Pole Mokotowskie 04,,2024-12-25 09:07:44.539544
Autobus,8592,1,509,Winnica,1 min przed czasem,Rondo Starzyńskiego 10,,2024-12-25 09:07:44.539544
Autobus,1903,5,106,Ostroroga,1 min przed czasem,Mennica 02,,2024-12-25 09:07:44.539544
Autobus,3433,4,509,Gocław,1 min przed czasem,Wał Gocławski 01,,2024-12-25 09:07:44.539544
Tramwaj,3193,3,10,Wyścigi,1 min przed czasem,Dw. Centralny 09,,2024-12-25 09:07:44.539544
Tramwaj,3823,1,20,Żerań FSO,1 min przed czasem,Stare Miasto 01,,2024-12-25 09:07:44.539544
Autobus,5958,9,180,Wilanów,1 min przed czasem,Goraszewska 01,,2024-12-25 09:07:44.539544
Autobus,8843,4,504,Dw. Centralny,1 min przed czasem,Pl. Zawiszy 03,,2024-12-25 09:07:44.539544
Autobus,1553,2,169,Bródno-Podgrodzie,1 min przed czasem,Żuromińska 02,,2024-12-25 09:07:44.539544
Autobus,7701,2,151,Rechniewskiego,1 min przed czasem,Bohaterewicza 02,,2024-12-25 09:07:44.539544
Autobus,8521,1,709,PKP Piaseczno,1 min przed czasem,Mysiadło Dąbrówka 01,,2024-12-25 09:07:44.539544
Autobus,9327,2,142,Wiatraczna,1 min przed czasem,Spadowa 02,,2024-12-25 09:07:44.539544
Autobus,2234,4,191,Regulska,1 min przed czasem,PKP WKD Al. Jerozolimskie 02,,2024-12-25 09:07:44.539544
Autobus,9824,1,719,Leszno,1 min przed czasem,Borzęcin Duży-Wieś 01,,2024-12-25 09:07:44.539544
Tramwaj,3809,7,28,Dw. Wschodni (Kijowska),1 min przed czasem,Park Traugutta 05,,2024-12-25 09:07:44.539544
Autobus,8308,4,136,Natolin Płn.,1 min przed czasem,PKP Wola (Kasprzaka) 05,,2024-12-25 09:07:44.539544
Autobus,9850,6,167,Siekierki-Sanktuarium,1 min przed czasem,Ordona-WSA 01,,2024-12-25 09:07:44.539544
Autobus,7701,2,151,Rechniewskiego,1 min przed czasem,Bohaterewicza 02,,2024-12-25 09:07:44.539544
Autobus,8521,1,709,PKP Piaseczno,1 min przed czasem,Mysiadło Dąbrówka 01,,2024-12-25 09:07:44.539544
Autobus,4322,3,152,Os. Derby,1 min przed czasem,Braci Zawadzkich 02,,2024-12-25 09:07:44.539544
Autobus,8306,3,504,Os. Kabaty,1 min przed czasem,Banacha-Szpital 01,,2024-12-25 09:07:44.539544
Autobus,8307,2,504,Os. Kabaty,1 min przed czasem,Centrum Onkologii 01,,2024-12-25 09:07:44.539544
Autobus,5890,2,503,Konwiktorska,2 min przed czasem,Pl. Teatralny 04,,2024-12-25 09:07:44.539544
Autobus,4238,1,154,Dw. Zachodni,2 min przed czasem,Komitetu Obrony Robotników 02,,2024-12-25 09:07:44.539544
Tramwaj,3270,10,33,Metro Młociny,2 min przed czasem,Metro Pole Mokotowskie 04,,2024-12-25 09:07:44.539544
Tramwaj,3809,7,28,Dw. Wschodni (Kijowska),2 min przed czasem,Park Traugutta 05,,2024-12-25 09:07:44.539544
Autobus,4232,672,712,Klaudyn,2 min przed czasem,Janów 01,,2024-12-25 09:07:44.539544
Tramwaj,3806,4,23,Nowe Bemowo,2 min przed czasem,Okopowa 04,,2024-12-25 09:07:44.539544
Autobus,1812,2,212,CH Targówek,2 min przed czasem,Gilarska 01,,2024-12-25 09:07:44.539544
Autobus,70001,1,L39,Piaseczno Szpital,2 min przed czasem,Piaseczno Pawia 01,,2024-12-25 09:07:44.539544
Autobus,7800,2,145,Wiatraczna,2 min przed czasem,Szpital Bródnowski 02,,2024-12-25 09:07:44.539544
Autobus,9070,456,211,Dąbrówka Wiślana,2 min przed czasem,Porajów 02,,2024-12-25 09:07:44.539544
Tramwaj,4006,5,28,Os. Górczewska,2 min przed czasem,Baseny Inflancka 04,,2024-12-25 09:07:44.539544
Autobus,7258,4,105,Os. Górczewska,2 min przed czasem,Sowińskiego 53,,2024-12-25 09:07:44.539544
Autobus,1413,6,141,P+R Al. Krakowska,2 min przed czasem,Bartycka 01,,2024-12-25 09:07:44.539544
Autobus,70001,1,L39,Piaseczno Szpital,2 min przed czasem,Piaseczno Pawia 01,,2024-12-25 09:07:44.539544
Autobus,7800,2,145,Wiatraczna,2 min przed czasem,Szpital Bródnowski 02,,2024-12-25 09:07:44.539544
Autobus,9070,456,211,Dąbrówka Wiślana,2 min przed czasem,Porajów 02,,2024-12-25 09:07:44.539544
Tramwaj,4006,5,28,Os. Górczewska,2 min przed czasem,Baseny Inflancka 04,,2024-12-25 09:07:44.539544
Autobus,7258,4,105,Os. Górczewska,2 min przed czasem,Sowińskiego 53,,2024-12-25 09:07:44.539544
Autobus,1413,6,141,P+R Al. Krakowska,2 min przed czasem,Bartycka 01,,2024-12-25 09:07:44.539544
Autobus,8522,4,143,Dw. Zachodni,2 min przed czasem,Wiatraczna 09,,2024-12-25 09:07:44.539544
Autobus,4305,4,134,Metro Marymont,2 min przed czasem,Verdiego 01,,2024-12-25 09:07:44.539544
Autobus,9945,7,190,Znana,2 min przed czasem,Młynarska 02,,2024-12-25 09:07:44.539544
Autobus,9208,1,Z12,Metro Młociny,2 min przed czasem,Bogusławskiego 08,,2024-12-25 09:07:44.539544
Autobus,4510,2,197,Gwiaździsta,2 min przed czasem,Perzyńskiego 04,,2024-12-25 09:07:44.539544
Autobus,15090,2,L11,PKP Legionowo,2 min przed czasem,Wieliszew Przedpełskiego 01,,2024-12-25 09:07:44.539544
Autobus,7701,2,151,Rechniewskiego,2 min przed czasem,Bohaterewicza 02,,2024-12-25 09:07:44.539544
Autobus,8452,7,145,Wiatraczna,2 min przed czasem,Wiatraczna 23,,2024-12-25 09:07:44.539544
Autobus,9560,3,178,Konwiktorska,2 min przed czasem,Popularna 01,,2024-12-25 09:07:44.539544
Autobus,1063,1,164,Kępa Zawadowska,2 min przed czasem,Sobieskiego 01,,2024-12-25 09:07:44.539544
Autobus,1907,2,106,Mariensztat,2 min przed czasem,Topiel 01,,2024-12-25 09:07:44.539544
Autobus,5931,407,175,Pl. Piłsudskiego,2 min przed czasem,Królewska 03,,2024-12-25 09:07:44.539544
Autobus,7750,5,523,Stare Bemowo,2 min przed czasem,Konarskiego 02,,2024-12-25 09:07:44.539544
Tramwaj,3809,7,28,Dw. Wschodni (Kijowska),2 min przed czasem,Park Traugutta 05,,2024-12-25 09:07:44.539544
Tramwaj,4237,3,11,Sielce,2 min przed czasem,Goworka 03,,2024-12-25 09:07:44.539544
Autobus,1063,1,164,Kępa Zawadowska,2 min przed czasem,Sobieskiego 01,,2024-12-25 09:07:44.539544
Autobus,1812,2,212,CH Targówek,2 min przed czasem,Gilarska 01,,2024-12-25 09:07:44.539544
Autobus,4424,2,166,Os. Kabaty,2 min przed czasem,SGGW-Klinika 01,,2024-12-25 09:07:44.539544
Autobus,70001,1,L39,Piaseczno Szpital,2 min przed czasem,Piaseczno Pawia 01,,2024-12-25 09:07:44.539544
Autobus,1907,2,106,Mariensztat,2 min przed czasem,Topiel 01,,2024-12-25 09:07:44.539544
Autobus,7701,2,151,Rechniewskiego,2 min przed czasem,Bohaterewicza 02,,2024-12-25 09:07:44.539544
Autobus,8452,7,145,Wiatraczna,2 min przed czasem,Wiatraczna 16,,2024-12-25 09:07:44.539544
Autobus,9208,1,Z12,Metro Młociny,2 min przed czasem,Bogusławskiego 08,,2024-12-25 09:07:44.539544
Tramwaj,4282,1,17,PKP Służewiec,2 min przed czasem,Kino Femina 09,,2024-12-25 09:07:44.539544
Autobus,1413,6,141,P+R Al. Krakowska,2 min przed czasem,Bartycka 01,,2024-12-25 09:07:44.539544
Autobus,9204,471,203,Metro Młociny,2 min przed czasem,Fort Wawrzyszew 02,,2024-12-25 09:07:44.539544
Autobus,1064,2,164,Metro Wilanowska,2 min przed czasem,Metro Wilanowska 09,,2024-12-25 09:07:44.539544
Autobus,4305,4,134,Metro Marymont,2 min przed czasem,Verdiego 01,,2024-12-25 09:07:44.539544
Tramwaj,3242,5,15,Marymont-Potok,2 min przed czasem,Pl. Wilsona 14,,2024-12-25 09:07:44.539544
Autobus,8895,2,138,Utrata,2 min przed czasem,Bokserska 05,,2024-12-25 09:07:44.539544
Autobus,5931,407,175,Pl. Piłsudskiego,2 min przed czasem,Królewska 03,,2024-12-25 09:07:44.539544
Autobus,7209,5,172,CH Blue City,2 min przed czasem,Park Dreszera 01,,2024-12-25 09:07:44.539544
Tramwaj,4237,3,11,Sielce,2 min przed czasem,Goworka 03,,2024-12-25 09:07:44.539544
Autobus,5960,5,518,Nowodwory,2 min przed czasem,Pancera 02,,2024-12-25 09:07:44.539544
Autobus,7208,6,523,Stare Bemowo,2 min przed czasem,PKP Wola (Kasprzaka) 06,,2024-12-25 09:07:44.539544
Autobus,1533,2,251,Metro Wilanowska,2 min przed czasem,Os. Arbuzowa 02,,2024-12-25 09:07:44.539544
Autobus,5402,443,409,Bródno-Podgrodzie,2 min przed czasem,Łojewska 02,,2024-12-25 09:07:44.539544
Autobus,5906,600,111,Gocław,2 min przed czasem,Centrum 15,,2024-12-25 09:07:44.539544
Autobus,9920,5,186,Szczęśliwice,2 min przed czasem,Park Olszyna 06,,2024-12-25 09:07:44.539544
Autobus,8528,8,143,Rembertów-Kolonia,2 min przed czasem,Wał Miedzeszyński 02,,2024-12-25 09:07:44.539544
Autobus,8898,8,189,Sadyba,2 min przed czasem,Sadyba 03,,2024-12-25 09:07:44.539544
Autobus,1525,5,141,P+R Al. Krakowska,2 min przed czasem,Baleya 01,,2024-12-25 09:07:44.539544
Autobus,5434,1,723,PKP Legionowo Przystanek,2 min przed czasem,Jabłonna Buchnik 02,,2024-12-25 09:07:44.539544
Autobus,7258,4,105,Os. Górczewska,2 min przed czasem,Sowińskiego 53,,2024-12-25 09:07:44.539544
Autobus,6216,2,523,PKP Olszynka Grochowska,2 min przed czasem,PKP Wola (Wolska) 05,,2024-12-25 09:07:44.539544
Autobus,1070,2,163,Metro Wilanowska,2 min przed czasem,Sarmacka 01,,2024-12-25 09:07:44.539544
Autobus,9801,1,167,Fort Radiowo,2 min przed czasem,Narwik 02,,2024-12-25 09:07:44.539544
Autobus,4244,4,122,Os. Górczewska,2 min przed czasem,Gwiaździsta 01,,2024-12-25 09:07:44.539544
Autobus,1208,635,165,Metro Wilanowska,2 min przed czasem,Instytut Fizyki 03,,2024-12-25 09:07:44.539544
Autobus,7240,4,172,CH Blue City,2 min przed czasem,Szczęśliwicka 52,,2024-12-25 09:07:44.539544
Autobus,7737,8,509,Winnica,2 min przed czasem,Milenijna 02,,2024-12-25 09:07:44.539544
Autobus,7258,4,105,Os. Górczewska,2 min przed czasem,Sowińskiego 53,,2024-12-25 09:07:44.539544
Autobus,6216,2,523,PKP Olszynka Grochowska,2 min przed czasem,PKP Wola (Wolska) 05,,2024-12-25 09:07:44.539544
Autobus,1070,2,163,Metro Wilanowska,2 min przed czasem,Sarmacka 01,,2024-12-25 09:07:44.539544
Autobus,9801,1,167,Fort Radiowo,2 min przed czasem,Narwik 02,,2024-12-25 09:07:44.539544
Autobus,4244,4,122,Os. Górczewska,2 min przed czasem,Gwiaździsta 01,,2024-12-25 09:07:44.539544
Autobus,1208,635,165,Metro Wilanowska,2 min przed czasem,Instytut Fizyki 03,,2024-12-25 09:07:44.539544
Autobus,7240,4,172,CH Blue City,2 min przed czasem,Szczęśliwicka 52,,2024-12-25 09:07:44.539544
Autobus,7737,8,509,Winnica,2 min przed czasem,Milenijna 02,,2024-12-25 09:07:44.539544
Autobus,9504,862,714,Koczargi Stare,2 min przed czasem,Metro Bemowo 02,,2024-12-25 09:07:44.539544
Autobus,9338,7,179,Os. Kabaty,2 min przed czasem,Centrum Onkologii 02,,2024-12-25 09:07:44.539544
Autobus,3455,64,705,Rynia,3 min przed czasem,Rembelszczyzna 02,,2024-12-25 09:07:44.539544
Autobus,1118,5,166,Pl. Hallera,3 min przed czasem,Pl. Hallera 07,,2024-12-25 09:07:44.539544
Autobus,5910,2,158,Witolin,3 min przed czasem,Śmigłowca 01,,2024-12-25 09:07:44.539544
Autobus,5973,4,116,Chomiczówka,3 min przed czasem,Pl. Inwalidów 02,,2024-12-25 09:07:44.539544
Autobus,5220,2,141,Witolin,3 min przed czasem,Zakrzewska 01,,2024-12-25 09:07:44.539544
Autobus,1209,422,727,Władysławów,3 min przed czasem,Gołków-Wieś 01,,2024-12-25 09:07:44.539544
Autobus,9853,5,167,Siekierki-Sanktuarium,3 min przed czasem,Spacerowa 03,,2024-12-25 09:07:44.539544
Tramwaj,4210,6,2,Metro Młociny,3 min przed czasem,Winnica 03,,2024-12-25 09:07:44.539544
Tramwaj,4006,5,28,Os. Górczewska,2 min przed czasem,Rondo „Radosława” 10,,2024-12-25 09:07:44.539544
Autobus,5910,2,158,Witolin,2 min przed czasem,Śmigłowca 01,,2024-12-25 09:07:44.539544
Autobus,5973,4,116,Chomiczówka,2 min przed czasem,Pl. Inwalidów 02,,2024-12-25 09:07:44.539544
Autobus,4510,2,197,Gwiaździsta,2 min przed czasem,Bielany-Ratusz 04,,2024-12-25 09:07:44.539544
Autobus,9338,7,179,Os. Kabaty,2 min przed czasem,Łukaszczyka 02,,2024-12-25 09:07:44.539544
Autobus,6216,2,523,PKP Olszynka Grochowska,2 min przed czasem,PKP Wola (Wolska) 05,,2024-12-25 09:07:44.539544
Autobus,7240,4,172,CH Blue City,3 min przed czasem,Szczęśliwicka 04,,2024-12-25 09:07:44.539544
Autobus,7258,4,105,Os. Górczewska,3 min przed czasem,Jana Kazimierza 02,,2024-12-25 09:07:44.539544
Autobus,7737,8,509,Winnica,3 min przed czasem,Myśliborska 02,,2024-12-25 09:07:44.539544
Autobus,9930,8,190,Znana,3 min przed czasem,Dw. Wileński 03,,2024-12-25 09:07:44.539544
Autobus,5220,2,141,Witolin,3 min przed czasem,Zakrzewska 01,,2024-12-25 09:07:44.539544
Autobus,1070,2,163,Metro Wilanowska,3 min przed czasem,Vogla 03,,2024-12-25 09:07:44.539544
Autobus,3455,64,705,Rynia,3 min przed czasem,Rembelszczyzna 02,,2024-12-25 09:07:44.539544
Autobus,1118,5,166,Pl. Hallera,3 min przed czasem,Pl. Hallera 07,,2024-12-25 09:07:44.539544
Autobus,5929,403,175,Lotnisko Chopina,3 min przed czasem,Metro Świętokrzyska 01,,2024-12-25 09:07:44.539544
Autobus,4429,8,122,Gwiaździsta,3 min przed czasem,Os. Górczewska 01,,2024-12-25 09:07:44.539544
Autobus,70007,694,L24,Konstancin-Jeziorna Wierzbnowska,3 min przed czasem,Piaseczno Urząd Miasta 03,,2024-12-25 09:07:44.539544
Autobus,9503,5,103,Brylowska,3 min przed czasem,Metro Młociny 01,,2024-12-25 09:07:44.539544
Autobus,776,1,150,Metro Młociny,3 min przed czasem,Dziekanów Leśny 01,,2024-12-25 09:07:44.539544
Autobus,1208,635,165,Metro Wilanowska,3 min przed czasem,Smoluchowskiego 03,,2024-12-25 09:07:44.539544
Autobus,8889,2,136,Natolin Płn.,4 min przed czasem,Malinowskiego 01,,2024-12-25 09:07:44.539544
Autobus,5405,9,509,Gocław,4 min przed czasem,Al. Zieleniecka 01,,2024-12-25 09:07:44.539544
Autobus,15087,1,L11,Nowy Dwór Mazowiecki Urząd Miasta,4 min przed czasem,Nowy Dwór Mazowiecki Straż 02,,2024-12-25 09:07:44.539544
Autobus,5425,3,112,Nowe Bemowo,4 min przed czasem,Piastów Śląskich 02,,2024-12-25 09:07:44.539544
Autobus,9353,3,135,PKP Olszynka Grochowska,4 min przed czasem,Kakowskiego 02,,2024-12-25 09:07:44.539544
Autobus,9532,55,715,Ursynów Płn.,6 min przed czasem,Dunikowskiego 01,,2024-12-25 09:07:44.539544
Autobus,6237,3,189,Sadyba,6 min przed czasem,Os. Górczewska 01,,2024-12-25 09:07:44.539544
Autobus,1207,426,739,Piaseczno Julianowska-Cmentarz,6 min przed czasem,Piaseczno Urbanistów 01,,2024-12-25 09:07:44.539544
Autobus,7821,1,523,PKP Olszynka Grochowska,6 min przed czasem,Rozbrat 01,,2024-12-25 09:07:44.539544
Autobus,6240,9,523,PKP Olszynka Grochowska,7 min przed czasem,Chłopickiego 02,,2024-12-25 09:07:44.539544
Autobus,4215,4,154,P+R Al. Krakowska,7 min przed czasem,Dw. Zachodni 01,,2024-12-25 09:07:44.539544
Autobus,1069,2,108,Łososiowa,7 min przed czasem,Pl. Trzech Krzyży 02,,2024-12-25 09:07:44.539544
Autobus,9512,653,149,Groty,8 min przed czasem,Metro Bemowo 02,,2024-12-25 09:07:44.539544
Autobus,4409,1,157,Szczęśliwice,9 min przed czasem,Gwiaździsta 04,,2024-12-25 09:07:44.539544
Tramwaj,4254,11,33,Metro Młociny,9 min przed czasem,Kielecka 02,,2024-12-25 09:07:44.539544
Autobus,5872,401,175,Pl. Piłsudskiego,11 min przed czasem,Lotnisko Chopina-Przyloty 02,,2024-12-25 09:07:44.539544
Autobus,1068,3,130,Metro Wilanowska,12 min przed czasem,Ananasowa 51,,2024-12-25 09:07:44.539544
Autobus,5240,2,105,Rondo Daszyńskiego,13 min przed czasem,Os. Górczewska 01,,2024-12-25 09:07:44.539544
Autobus,6240,9,523,PKP Olszynka Grochowska,7 min przed czasem,Chłopickiego 02,,2024-12-25 09:07:44.539544
Autobus,4215,4,154,P+R Al. Krakowska,7 min przed czasem,Dw. Zachodni 01,,2024-12-25 09:07:44.539544
Autobus,1069,2,108,Łososiowa,7 min przed czasem,Pl. Trzech Krzyży 02,,2024-12-25 09:07:44.539544
Autobus,9512,653,149,Groty,8 min przed czasem,Metro Bemowo 02,,2024-12-25 09:07:44.539544
Autobus,4409,1,157,Szczęśliwice,9 min przed czasem,Gwiaździsta 04,,2024-12-25 09:07:44.539544
Tramwaj,4254,11,33,Metro Młociny,9 min przed czasem,Kielecka 02,,2024-12-25 09:07:44.539544
Autobus,5872,401,175,Pl. Piłsudskiego,11 min przed czasem,Lotnisko Chopina-Przyloty 02,,2024-12-25 09:07:44.539544
Autobus,1068,3,130,Metro Wilanowska,12 min przed czasem,Ananasowa 51,,2024-12-25 09:07:44.539544
Autobus,5240,2,105,Rondo Daszyńskiego,13 min przed czasem,Os. Górczewska 01,,2024-12-25 09:07:44.539544
Autobus,9821,2,710,Os. Kabaty,14 min przed czasem,Piaseczno Targowisko 02,,2024-12-25 09:07:44.539544
Autobus,8897,1,174,Rondo ONZ,14 min przed czasem,Bokserska 05,,2024-12-25 09:07:44.539544
Autobus,8328,8,148,Wiatraczna,15 min przed czasem,Lotnisko Chopina-Przyloty 02,,2024-12-25 09:07:44.539544
Autobus,8894,3,138,Utrata,21 min przed czasem,Bokserska 05,,2024-12-25 09:07:44.539544
Autobus,5236,5,122,Os. Górczewska,22 min przed czasem,Gwiaździsta 01,,2024-12-25 09:07:44.539544
Autobus,9553,6,103,Brylowska,23 min przed czasem,Metro Młociny 01,,2024-12-25 09:07:44.539544
Autobus,1554,1,122,Gwiaździsta,23 min przed czasem,Os. Górczewska 01,,2024-12-25 09:07:44.539544
Autobus,9530,651,149,Groty,28 min przed czasem,Metro Bemowo 02,,2024-12-25 09:07:44.539544
Autobus,1222,4,251,Metro Wilanowska,33 min przed czasem,Konstancin-Jeziorna CH Stara Papiernia 02,,2024-12-25 09:07:44.539544
