Type,Vehicle No,Brigade,Route,Trip Headsign,Delay,Stop Name,Outside,Timestamp
Autobus,6238,3,172,CH Blue City,22 min,Pruszkowska 04,,2024-12-25 11:07:45.225056
Autobus,7240,4,172,CH Blue City,20 min,Kostrzewskiego 52,,2024-12-25 11:07:45.225056
Tramwaj,4257,9,17,PKP Służewiec,19 min,Nowodwory 05,,2024-12-25 11:07:45.225056
Autobus,4526,5,220,Opacz-Kolonia Rebusowa,19 min,Nowe Bemowo 12,,2024-12-25 11:07:45.225056
Autobus,9950,9,186,Nowodwory,18 min,Bitwy Warszawskiej 1920 r. 06,,2024-12-25 11:07:45.225056
Autobus,7881,4,520,Marysin,17 min,Potockich 02,,2024-12-25 11:07:45.225056
Autobus,9917,8,186,Nowodwory,16 min,Gen. Maczka 03,,2024-12-25 11:07:45.225056
Autobus,7248,1,177,Os. Górczewska,14 min,Ursus-Niedźwiadek 01,,2024-12-25 11:07:45.225056
Autobus,5976,601,507,Gocław,14 min,Bora-Komorowskiego 01,,2024-12-25 11:07:45.225056
Autobus,8367,6,709,Metro Wilanowska,13 min,Piaseczno Energetyczna 02,,2024-12-25 11:07:45.225056
Autobus,70047,2,L33,Piaseczno Wilanowska,10 min,Zamienie 01,,2024-12-25 11:07:45.225056
Autobus,7209,5,172,CH Blue City,10 min,Sadyba 06,,2024-12-25 11:07:45.225056
Autobus,8521,1,709,Metro Wilanowska,6 min,Piaseczno Dworcowa 01,,2024-12-25 11:07:45.225056
Pociąg,2012,,WKD,Komorów,6 min,Milanówek Grudów,,2024-12-25 11:07:45.225056
Autobus,15087,1,L11,PKP Legionowo,5 min,Kałuszyn Warszawska 01,,2024-12-25 11:07:45.225056
Autobus,7711,6,509,Winnica,5 min,Myśliborska 02,,2024-12-25 11:07:45.225056
Autobus,6219,3,122,Gwiaździsta,5 min,Suzina 01,,2024-12-25 11:07:45.225056
Autobus,4227,1,220,Nowe Bemowo,5 min,Sternicza 02,,2024-12-25 11:07:45.225056
Autobus,2002,4,162,Pl. Hallera,5 min,Sielce 02,,2024-12-25 11:07:45.225056
Autobus,8521,1,709,Metro Wilanowska,6 min,Piaseczno Dworcowa 01,,2024-12-25 11:07:45.225056
Pociąg,2012,,WKD,Komorów,6 min,Milanówek Grudów,,2024-12-25 11:07:45.225056
Autobus,15087,1,L11,PKP Legionowo,5 min,Kałuszyn Warszawska 01,,2024-12-25 11:07:45.225056
Autobus,7711,6,509,Winnica,5 min,Myśliborska 02,,2024-12-25 11:07:45.225056
Autobus,6219,3,122,Gwiaździsta,5 min,Suzina 01,,2024-12-25 11:07:45.225056
Autobus,4227,1,220,Nowe Bemowo,5 min,Sternicza 02,,2024-12-25 11:07:45.225056
Autobus,2002,4,162,Pl. Hallera,5 min,Sielce 02,,2024-12-25 11:07:45.225056
Autobus,2021,4,709,Piaseczno Szkolna,5 min,Metro Wilanowska 18,,2024-12-25 11:07:45.225056
Autobus,8336,1,148,Wiatraczna,5 min,Bukowskiego 02,,2024-12-25 11:07:45.225056
Autobus,8528,8,143,Rembertów-Kolonia,5 min,Wawelska 05,,2024-12-25 11:07:45.225056
Tramwaj,4225,9,16,Piaski,4 min,Spacerowa 06,,2024-12-25 11:07:45.225056
Autobus,8532,4,189,Os. Górczewska,4 min,Wróbla 02,,2024-12-25 11:07:45.225056
Autobus,1554,1,122,Os. Górczewska,4 min,Pl. Wilsona 03,,2024-12-25 11:07:45.225056
Autobus,7714,5,520,Dw. Centralny,4 min,Marysin 03,,2024-12-25 11:07:45.225056
Autobus,7230,1,711,P+R Al. Krakowska,4 min,Janki Małe 01,Poza trasą,2024-12-25 11:07:45.225056
Autobus,4215,4,154,P+R Al. Krakowska,3 min,Komitetu Obrony Robotników 04,,2024-12-25 11:07:45.225056
Autobus,5240,2,105,Rondo Daszyńskiego,3 min,Sternicza 01,,2024-12-25 11:07:45.225056
Autobus,3449,3,162,Pl. Hallera,3 min,Dw. Wileński 02,,2024-12-25 11:07:45.225056
Autobus,4218,5,197,Cm. Wolski,3 min,Reduta Wolska 02,,2024-12-25 11:07:45.225056
Autobus,8532,4,189,Os. Górczewska,4 min,Wróbla 02,,2024-12-25 11:07:45.225056
Autobus,1554,1,122,Os. Górczewska,4 min,Pl. Wilsona 03,,2024-12-25 11:07:45.225056
Autobus,7714,5,520,Dw. Centralny,4 min,Marysin 03,,2024-12-25 11:07:45.225056
Autobus,7230,1,711,P+R Al. Krakowska,4 min,Janki Małe 01,Poza trasą,2024-12-25 11:07:45.225056
Autobus,4215,4,154,P+R Al. Krakowska,3 min,Komitetu Obrony Robotników 04,,2024-12-25 11:07:45.225056
Autobus,5240,2,105,Rondo Daszyńskiego,3 min,Sternicza 01,,2024-12-25 11:07:45.225056
Autobus,3449,3,162,Pl. Hallera,3 min,Dw. Wileński 02,,2024-12-25 11:07:45.225056
Autobus,4218,5,197,Cm. Wolski,3 min,Reduta Wolska 02,,2024-12-25 11:07:45.225056
Autobus,9252,472,203,Metro Młociny,3 min,Metro Młociny 04,,2024-12-25 11:07:45.225056
Autobus,9087,72,204,Metro Bródno,3 min,Gryfitów 01,,2024-12-25 11:07:45.225056
Autobus,1203,424,727,Metro Wilanowska,3 min,Piaseczno Zalesie Dolne 02,,2024-12-25 11:07:45.225056
Autobus,5909,405,175,Pl. Piłsudskiego,3 min,Pl. Zawiszy 03,,2024-12-25 11:07:45.225056
Autobus,9518,671,712,Klaudyn,3 min,Blizne Łaszczyńskiego 04,,2024-12-25 11:07:45.225056
Autobus,8526,371,174,Bokserska,3 min,Dw. Centralny 05,,2024-12-25 11:07:45.225056
Autobus,1803,1,212,Pl. Hallera,3 min,DKS Targówek 03,,2024-12-25 11:07:45.225056
Autobus,9806,2,185,CH Ursynów,3 min,Strzeleckiego 01,,2024-12-25 11:07:45.225056
Autobus,6208,7,172,Sadyba,2 min,Wiślicka 02,,2024-12-25 11:07:45.225056
Autobus,70002,2,L39,Mysiadło Dąbrówka,2 min,Piaseczno Wojska Polskiego 02,,2024-12-25 11:07:45.225056
Autobus,7806,2,148,Wiatraczna,2 min,Tor Stegny 54,,2024-12-25 11:07:45.225056
Autobus,1803,1,212,Pl. Hallera,3 min,DKS Targówek 03,,2024-12-25 11:07:45.225056
Autobus,9518,671,712,Klaudyn,3 min,Blizne Łaszczyńskiego 04,,2024-12-25 11:07:45.225056
Tramwaj,4102,6,17,PKP Służewiec,3 min,Domaniewska 03,,2024-12-25 11:07:45.225056
Autobus,4520,5,157,Szczęśliwice,3 min,Nowolipie 01,,2024-12-25 11:07:45.225056
Autobus,1203,424,727,Metro Wilanowska,3 min,Piaseczno Pomorska 02,,2024-12-25 11:07:45.225056
Autobus,6208,7,172,Sadyba,3 min,Wiślicka 02,,2024-12-25 11:07:45.225056
Autobus,8552,2,162,EC Siekierki,3 min,Os. Panieńska 01,,2024-12-25 11:07:45.225056
Autobus,7806,2,148,Wiatraczna,2 min,Tor Stegny 54,,2024-12-25 11:07:45.225056
Autobus,70002,2,L39,Mysiadło Dąbrówka,2 min,Piaseczno Wojska Polskiego 02,,2024-12-25 11:07:45.225056
Autobus,8452,7,145,Wiatraczna,2 min,Lewinów 02,,2024-12-25 11:07:45.225056
Autobus,1428,436,147,Stara Miłosna (Ułańska),2 min,Bronowska 04,,2024-12-25 11:07:45.225056
Autobus,4218,5,197,Cm. Wolski,2 min,Reduta Wolska 02,,2024-12-25 11:07:45.225056
Autobus,5979,6,518,Nowodwory,2 min,Muranowska 04,,2024-12-25 11:07:45.225056
Autobus,5968,605,507,Dw. Centralny,2 min,Saska 04,,2024-12-25 11:07:45.225056
Tramwaj,3826,5,6,Gocławek,2 min,Metro Młociny 12,,2024-12-25 11:07:45.225056
Autobus,5974,438,180,Wilanów,2 min,Obrońców Tobruku 01,,2024-12-25 11:07:45.225056
Autobus,9252,472,203,Metro Młociny,2 min,Metro Młociny 04,,2024-12-25 11:07:45.225056
Autobus,4201,3,717,Dw. Zachodni,2 min,Popularna 01,,2024-12-25 11:07:45.225056
Autobus,5912,408,175,Pl. Piłsudskiego,2 min,Lotnisko Chopina-Przyloty 02,,2024-12-25 11:07:45.225056
Autobus,9913,4,186,Szczęśliwice,3 min,Płochocińska 01,,2024-12-25 11:07:45.225056
Autobus,8552,2,162,EC Siekierki,3 min,Os. Panieńska 01,,2024-12-25 11:07:45.225056
Tramwaj,3826,5,6,Gocławek,2 min,Metro Młociny 12,,2024-12-25 11:07:45.225056
Autobus,5979,6,518,Nowodwory,2 min,Muranowska 04,,2024-12-25 11:07:45.225056
Autobus,70002,2,L39,Mysiadło Dąbrówka,2 min,Piaseczno Wojska Polskiego 02,,2024-12-25 11:07:45.225056
Tramwaj,3239,6,26,Metro Młociny,2 min,Wiatraczna 13,,2024-12-25 11:07:45.225056
Autobus,4201,3,717,Dw. Zachodni,2 min,PKP WKD Al. Jerozolimskie 01,,2024-12-25 11:07:45.225056
Autobus,1203,424,727,Metro Wilanowska,2 min,Piaseczno Pomorska 02,,2024-12-25 11:07:45.225056
Autobus,5968,605,507,Dw. Centralny,2 min,Saska 04,,2024-12-25 11:07:45.225056
Autobus,1424,450,146,Falenica,2 min,Wersalska 01,,2024-12-25 11:07:45.225056
Autobus,9252,472,203,Metro Młociny,2 min,Metro Młociny 17,,2024-12-25 11:07:45.225056
Autobus,8452,7,145,Wiatraczna,2 min,Klamrowa 02,,2024-12-25 11:07:45.225056
Autobus,1030,1,163,Metro Wilanowska,2 min,Goraszewska 04,,2024-12-25 11:07:45.225056
Autobus,5894,400,128,Pl. Piłsudskiego,2 min,Jasielska 01,,2024-12-25 11:07:45.225056
Autobus,5951,612,111,Esperanto,2 min,Pl. Teatralny 02,,2024-12-25 11:07:45.225056
Autobus,80115,1,L44,PKP Wołomin,2 min,Marki Struga-Kościół 02,,2024-12-25 11:07:45.225056
Tramwaj,3237,4,9,Wiatraczna,2 min,Pl. Zawiszy 05,,2024-12-25 11:07:45.225056
Autobus,1414,1,119,Rakowiecka-Sanktuarium,2 min,Bobrowiecka 02,,2024-12-25 11:07:45.225056
Autobus,2014,6,148,Lotnisko Chopina,2 min,Nugat 01,,2024-12-25 11:07:45.225056
Autobus,8452,7,145,Wiatraczna,2 min,Klamrowa 02,,2024-12-25 11:07:45.225056
Autobus,1030,1,163,Metro Wilanowska,2 min,Goraszewska 04,,2024-12-25 11:07:45.225056
Autobus,5894,400,128,Pl. Piłsudskiego,2 min,Jasielska 01,,2024-12-25 11:07:45.225056
Autobus,5951,612,111,Esperanto,2 min,Pl. Teatralny 02,,2024-12-25 11:07:45.225056
Autobus,80115,1,L44,PKP Wołomin,2 min,Marki Struga-Kościół 02,,2024-12-25 11:07:45.225056
Tramwaj,3237,4,9,Wiatraczna,2 min,Pl. Zawiszy 05,,2024-12-25 11:07:45.225056
Autobus,1414,1,119,Rakowiecka-Sanktuarium,2 min,Bobrowiecka 02,,2024-12-25 11:07:45.225056
Autobus,2014,6,148,Lotnisko Chopina,2 min,Nugat 01,,2024-12-25 11:07:45.225056
Autobus,9079,M3,161,Zbójna Góra,2 min,Falenica 01,,2024-12-25 11:07:45.225056
Autobus,1070,2,163,Metro Wilanowska,2 min,Metro Imielin 01,,2024-12-25 11:07:45.225056
Autobus,5974,438,180,Wilanów,2 min,Gen. Maczka 01,,2024-12-25 11:07:45.225056
Autobus,4503,2,220,Nowe Bemowo,2 min,Starodęby 04,,2024-12-25 11:07:45.225056
Autobus,5909,405,175,Pl. Piłsudskiego,2 min,Pl. Starynkiewicza 01,,2024-12-25 11:07:45.225056
Autobus,1552,6,157,Szczęśliwice,2 min,Rudzka 03,,2024-12-25 11:07:45.225056
Autobus,7872,3,151,Pl. Konstytucji,2 min,Wał Miedzeszyński 01,,2024-12-25 11:07:45.225056
Autobus,5415,1,527,Grodzisk,2 min,Jesiennych Liści 04,,2024-12-25 11:07:45.225056
Tramwaj,4285,10,16,Piaski,2 min,Sobieskiego 06,,2024-12-25 11:07:45.225056
Autobus,9808,3,185,CH Ursynów,2 min,Chełmska 01,,2024-12-25 11:07:45.225056
Autobus,8897,1,174,Rondo ONZ,2 min,Madalińskiego 02,,2024-12-25 11:07:45.225056
Tramwaj,3262,543,1,Annopol,1 min,Baseny Inflancka 03,,2024-12-25 11:07:45.225056
Autobus,9550,4,178,Skorosze,1 min,Rondo ONZ 06,,2024-12-25 11:07:45.225056
Autobus,9805,2,719,Metro Bemowo,1 min,Zaborów Wiosenna 02,,2024-12-25 11:07:45.225056
Autobus,7241,4,523,Stare Bemowo,1 min,Metro Młynów 02,,2024-12-25 11:07:45.225056
Autobus,4247,7,122,Os. Górczewska,1 min,Batalionów Chłopskich 02,,2024-12-25 11:07:45.225056
Autobus,1529,4,119,Wiśniowa Góra,1 min,Beethovena 02,,2024-12-25 11:07:45.225056
Tramwaj,4210,6,2,Winnica,1 min,Śreniawitów 02,,2024-12-25 11:07:45.225056
Autobus,5402,443,409,Cm. Północny-Brama Zach.,1 min,Rondo Starzyńskiego 01,,2024-12-25 11:07:45.225056
Autobus,772,4,750,Palmiry,1 min,Łomianki Pilcha 02,,2024-12-25 11:07:45.225056
Autobus,4413,1,197,Cm. Wolski,1 min,Ogrody Działkowe Piaski 02,,2024-12-25 11:07:45.225056
Autobus,9343,642,199,Bródno-Podgrodzie,1 min,Rembertów-Akademia 01,,2024-12-25 11:07:45.225056
Autobus,9824,1,719,Leszno,1 min,Koczargi Nowe 01,,2024-12-25 11:07:45.225056
Autobus,9212,573,192,Ursynów Płd.,1 min,Poleczki 02,,2024-12-25 11:07:45.225056
Autobus,4434,2,181,Pl. Wilsona,1 min,Przy Agorze 01,,2024-12-25 11:07:45.225056
Autobus,9349,845,245,Bródno-Podgrodzie,1 min,Ząbki Cmentarz 02,,2024-12-25 11:07:45.225056
Autobus,8540,2,519,Powsin-Park Kultury,1 min,Wilanów 01,,2024-12-25 11:07:45.225056
Autobus,9320,3,179,Ursynów Płn.,1 min,Os. Wyżyny 01,,2024-12-25 11:07:45.225056
Autobus,9942,3,190,CH Marki,1 min,Park Praski 02,,2024-12-25 11:07:45.225056
Autobus,4434,2,181,Pl. Wilsona,1 min,Przy Agorze 01,,2024-12-25 11:07:45.225056
Autobus,4404,1,170,Elsnerów,1 min,Rondo Starzyńskiego 09,,2024-12-25 11:07:45.225056
Autobus,9322,1,153,Pastuszków,1 min,PKP Mokry Ług 01,,2024-12-25 11:07:45.225056
Autobus,4418,3,212,CH Targówek,1 min,Bieżuńska 02,,2024-12-25 11:07:45.225056
Autobus,7239,1,105,Rondo Daszyńskiego,1 min,Rondo Daszyńskiego 09,,2024-12-25 11:07:45.225056
Autobus,9320,3,179,Ursynów Płn.,1 min,Os. Wyżyny 01,,2024-12-25 11:07:45.225056
Autobus,9942,3,190,CH Marki,1 min,Park Praski 02,,2024-12-25 11:07:45.225056
Tramwaj,3290,4,26,Metro Młociny,1 min,Wola-Ratusz 04,,2024-12-25 11:07:45.225056
Autobus,1843,61,730,Wiatraczna,1 min,Wiązowna Urząd Gminy 01,,2024-12-25 11:07:45.225056
Autobus,7241,4,523,Stare Bemowo,1 min,Metro Młynów 02,,2024-12-25 11:07:45.225056
Autobus,8522,4,143,Dw. Zachodni,1 min,PKP Gocławek 01,,2024-12-25 11:07:45.225056
Tramwaj,4111,2,33,Kielecka,1 min,Pl. Grunwaldzki 07,,2024-12-25 11:07:45.225056
Autobus,8457,3,723,Żerań FSO,1 min,Arena Legionowo 01,,2024-12-25 11:07:45.225056
Autobus,9343,642,199,Bródno-Podgrodzie,1 min,Eskulapów 01,,2024-12-25 11:07:45.225056
Autobus,1206,428,739,Metro Wilanowska,1 min,Jagielska 02,,2024-12-25 11:07:45.225056
Autobus,4413,1,197,Cm. Wolski,1 min,Ogrody Działkowe Piaski 02,,2024-12-25 11:07:45.225056
Autobus,8562,3,521,Wiatraczna,1 min,Pl. Szembeka 01,,2024-12-25 11:07:45.225056
Autobus,9852,4,185,CH Ursynów,1 min,Cytadela 01,,2024-12-25 11:07:45.225056
Tramwaj,3293,6,22,Piaski,1 min,Powązkowska 03,,2024-12-25 11:07:45.225056
Tramwaj,4111,2,33,Kielecka,1 min,Pl. Grunwaldzki 07,,2024-12-25 11:07:45.225056
Autobus,8457,3,723,Żerań FSO,1 min,Arena Legionowo 01,,2024-12-25 11:07:45.225056
Autobus,9343,642,199,Bródno-Podgrodzie,1 min,Eskulapów 01,,2024-12-25 11:07:45.225056
Autobus,1206,428,739,Metro Wilanowska,1 min,Jagielska 02,,2024-12-25 11:07:45.225056
Autobus,4413,1,197,Cm. Wolski,1 min,Ogrody Działkowe Piaski 02,,2024-12-25 11:07:45.225056
Autobus,8562,3,521,Wiatraczna,1 min,Pl. Szembeka 01,,2024-12-25 11:07:45.225056
Autobus,9852,4,185,CH Ursynów,1 min,Cytadela 01,,2024-12-25 11:07:45.225056
Tramwaj,3293,6,22,Piaski,1 min,Powązkowska 03,,2024-12-25 11:07:45.225056
Tramwaj,4015,4,22,Wiatraczna,1 min,Park Olszyna 03,,2024-12-25 11:07:45.225056
Autobus,5961,1,518,Bielańska,1 min,Kapitulna 01,,2024-12-25 11:07:45.225056
Tramwaj,3824,5,23,Nowe Bemowo,1 min,Metro Ratusz Arsenał 10,,2024-12-25 11:07:45.225056
Autobus,9316,3,202,Metro Stadion Narodowy,1 min,Przeworska 01,,2024-12-25 11:07:45.225056
Autobus,9351,1,135,Pl. Hallera,1 min,Ząbkowska 06,,2024-12-25 11:07:45.225056
Autobus,3450,1,140,Metro Trocka,1 min,Marki-Ratusz 01,,2024-12-25 11:07:45.225056
Autobus,8540,2,519,Powsin-Park Kultury,1 min,Wilanów 01,,2024-12-25 11:07:45.225056
Autobus,9343,642,199,Bródno-Podgrodzie,1 min,Eskulapów 01,,2024-12-25 11:07:45.225056
Autobus,1206,428,739,Metro Wilanowska,1 min,Jagielska 02,,2024-12-25 11:07:45.225056
Autobus,4413,1,197,Cm. Wolski,1 min,Ogrody Działkowe Piaski 02,,2024-12-25 11:07:45.225056
Autobus,8562,3,521,Wiatraczna,1 min,Pl. Szembeka 01,,2024-12-25 11:07:45.225056
Autobus,9852,4,185,CH Ursynów,1 min,Cytadela 01,,2024-12-25 11:07:45.225056
Autobus,5961,1,518,Bielańska,1 min,Kapitulna 01,,2024-12-25 11:07:45.225056
Autobus,9316,3,202,Metro Stadion Narodowy,1 min,Przeworska 01,,2024-12-25 11:07:45.225056
Autobus,9351,1,135,Pl. Hallera,1 min,Ząbkowska 06,,2024-12-25 11:07:45.225056
Autobus,3450,1,140,Metro Trocka,1 min,Marki-Ratusz 01,,2024-12-25 11:07:45.225056
Autobus,8540,2,519,Powsin-Park Kultury,1 min,Wilanów 01,,2024-12-25 11:07:45.225056
Autobus,777,3,150,Dziekanów Leśny,1 min,Dzierżoniowska 02,,2024-12-25 11:07:45.225056
Autobus,9815,1,502,Stara Miłosna (Graniczna),1 min,Trakt Lubelski 02,,2024-12-25 11:07:45.225056
Autobus,9349,845,245,Bródno-Podgrodzie,1 min,Ząbki Szwoleżerów 02,,2024-12-25 11:07:45.225056
Autobus,1427,1,115,PKP Mokry Ług,1 min,PKP Radość 08,,2024-12-25 11:07:45.225056
Autobus,9341,2,198,Stara Miłosna (Ułańska),1 min,Wesoła-Ratusz 03,,2024-12-25 11:07:45.225056
Autobus,3445,1,731,Legionowo Os. Młodych,1 min,Legionowo Siwińskiego 04,,2024-12-25 11:07:45.225056
Autobus,8807,1,504,Os. Kabaty,1 min,Metro Kabaty 02,,2024-12-25 11:07:45.225056
Autobus,1058,591,208,Bitwy Warszawskiej 1920 r.,1 min,Dickensa 02,,2024-12-25 11:07:45.225056
Autobus,1429,4,115,Aleksandrów,1 min,Eskulapów 01,,2024-12-25 11:07:45.225056
Autobus,9320,3,179,Ursynów Płn.,1 min,Małcużyńskiego 01,,2024-12-25 11:07:45.225056
Autobus,1058,591,208,Bitwy Warszawskiej 1920 r.,1 min,Dickensa 02,,2024-12-25 11:07:45.225056
Autobus,1421,2,173,Dw. Wschodni (Lubelska),1 min,Marysin 01,,2024-12-25 11:07:45.225056
Autobus,4223,3,154,Dw. Zachodni,1 min,Instytut Lotnictwa 01,,2024-12-25 11:07:45.225056
Tramwaj,4268,3,16,Miasteczko Wilanów,1 min,Św. Bonifacego 05,,2024-12-25 11:07:45.225056
Autobus,1220,423,709,Metro Wilanowska,1 min,Metro Wilanowska 11,,2024-12-25 11:07:45.225056
Autobus,5435,61,705,Metro Marymont,1 min,Załubice-Poczta 01,,2024-12-25 11:07:45.225056
Autobus,8454,4,738,Metro Trocka,1 min,Słupno 01,,2024-12-25 11:07:45.225056
Tramwaj,3134,1,10,Wyścigi,1 min,Karolkowa 03,,2024-12-25 11:07:45.225056
Tramwaj,3644,5,11,Sielce,1 min,Sowińskiego 01,,2024-12-25 11:07:45.225056
Autobus,5906,600,111,Esperanto,1 min,Umińskiego 04,,2024-12-25 11:07:45.225056
Tramwaj,4265,12,16,Miasteczko Wilanów,1 min,Spacerowa 01,,2024-12-25 11:07:45.225056
Autobus,5960,5,518,Nowodwory,1 min,Ekspresowa 02,,2024-12-25 11:07:45.225056
Autobus,4327,1,152,Os. Derby,1 min,Tarchomin 01,,2024-12-25 11:07:45.225056
Autobus,5974,438,180,Wilanów,1 min,Powązki-Cm. Wojskowy 01,,2024-12-25 11:07:45.225056
Autobus,15088,2,L41,PKP Legionowo,1 min,Legionowo Urząd Miasta 02,,2024-12-25 11:07:45.225056
Autobus,4202,3,177,Ursus-Niedźwiadek,1 min,Metro Bemowo 03,,2024-12-25 11:07:45.225056
Autobus,5234,5,191,Regulska,1 min,Zapustna 02,,2024-12-25 11:07:45.225056
Autobus,5928,1,158,CH Reduta,1 min,Berestecka 02,,2024-12-25 11:07:45.225056
Autobus,1073,1,130,Ananasowa,0 min,Ogrody Działkowe Budowlani II 02,,2024-12-25 11:07:45.225056
Autobus,4309,1,110,Metro Marymont,0 min,Park Kaskada 01,,2024-12-25 11:07:45.225056
Autobus,5978,2,518,Bielańska,0 min,Os. Potok 04,,2024-12-25 11:07:45.225056
Autobus,9328,3,142,Aleksandrów,0 min,Wspólna Droga 02,,2024-12-25 11:07:45.225056
Tramwaj,3821,6,20,Żerań FSO,0 min,Śliwice 04,,2024-12-25 11:07:45.225056
Autobus,2040,3,709,PKP Piaseczno,0 min,Łagiewnicka 01,,2024-12-25 11:07:45.225056
Autobus,5937,1,503,Konwiktorska,0 min,Centrum 04,,2024-12-25 11:07:45.225056
Autobus,5950,1,180,Chomiczówka,0 min,Pl. Na Rozdrożu 02,,2024-12-25 11:07:45.225056
Tramwaj,3260,7,17,PKP Służewiec,0 min,Koszykowa 03,,2024-12-25 11:07:45.225056
Autobus,4429,8,122,Os. Górczewska,0 min,Widawska 02,,2024-12-25 11:07:45.225056
Autobus,5883,1,127,Nowe Włochy,0 min,Pl. Starynkiewicza 02,,2024-12-25 11:07:45.225056
Tramwaj,4237,3,11,Cm. Wolski,0 min,Spacerowa 06,,2024-12-25 11:07:45.225056
Autobus,5883,1,127,Nowe Włochy,0 min,Pl. Starynkiewicza 02,,2024-12-25 11:07:45.225056
Autobus,5938,9,116,Wilanów,0 min,Cm. Wawrzyszewski 01,,2024-12-25 11:07:45.225056
Tramwaj,3644,5,11,Sielce,0 min,Sowińskiego 01,,2024-12-25 11:07:45.225056
Autobus,5978,2,518,Bielańska,0 min,Os. Potok 04,,2024-12-25 11:07:45.225056
Autobus,9331,1,179,Ursynów Płn.,0 min,Metro Ursynów 04,,2024-12-25 11:07:45.225056
Autobus,9535,4,103,Brylowska,0 min,Bielany-Ratusz 03,,2024-12-25 11:07:45.225056
Autobus,70046,1,L-1,Janki Pl. Szwedzki,0 min,Władysławów Zielona 02,,2024-12-25 11:07:45.225056
Autobus,6239,3,184,Szczęśliwice,0 min,PKP Wola (Kasprzaka) 05,,2024-12-25 11:07:45.225056
Autobus,5883,1,127,Nowe Włochy,0 min,Pl. Starynkiewicza 02,,2024-12-25 11:07:45.225056
Autobus,5938,9,116,Wilanów,0 min,Cm. Wawrzyszewski 01,,2024-12-25 11:07:45.225056
Tramwaj,3644,5,11,Sielce,0 min,Sowińskiego 01,,2024-12-25 11:07:45.225056
Autobus,5978,2,518,Bielańska,0 min,Os. Potok 04,,2024-12-25 11:07:45.225056
Autobus,1816,7,138,Utrata,0 min,Wołoska-Szpital 02,,2024-12-25 11:07:45.225056
Autobus,3459,3,132,Metro Marymont,0 min,KS Polonez 01,,2024-12-25 11:07:45.225056
Tramwaj,3802,2,23,Czynszowa,0 min,Zajezdnia Wola 03,,2024-12-25 11:07:45.225056
Autobus,7744,1,704,Wiatraczna,0 min,Stary Konik Warszawska 01,,2024-12-25 11:07:45.225056
Tramwaj,3176,1,3,Annopol,0 min,Bródnowska 02,,2024-12-25 11:07:45.225056
Tramwaj,4275,4,2,Metro Młociny,0 min,Myśliborska 05,,2024-12-25 11:07:45.225056
Autobus,15092,1,L41,Nowy Dwór Mazowiecki Urząd Miasta,0 min,Nowy Dwór Mazowiecki Urząd Miasta 01,,2024-12-25 11:07:45.225056
Autobus,2006,3,217,Metro Wilanowska,0 min,Os. Arbuzowa 02,,2024-12-25 11:07:45.225056
Autobus,7226,M9,517,Ursus-Niedźwiadek,0 min,Spisaka 04,,2024-12-25 11:07:45.225056
Autobus,1002,5,213,Gocław,0 min,PKP Anin 03,,2024-12-25 11:07:45.225056
Tramwaj,4117,3,17,Winnica,0 min,Rondo „Radosława” 06,,2024-12-25 11:07:45.225056
Tramwaj,4104,547,4,Żerań Wschodni,0 min,Morskie Oko 04,,2024-12-25 11:07:45.225056
Autobus,15092,1,L41,Nowy Dwór Mazowiecki Urząd Miasta,0 min,Nowy Dwór Mazowiecki Urząd Miasta 01,,2024-12-25 11:07:45.225056
Autobus,3459,3,132,Metro Marymont,0 min,KS Polonez 01,,2024-12-25 11:07:45.225056
Autobus,5878,3,503,Konwiktorska,0 min,Metro Imielin 01,,2024-12-25 11:07:45.225056
Autobus,5883,1,127,Nowe Włochy,0 min,Pl. Starynkiewicza 02,,2024-12-25 11:07:45.225056
Autobus,5978,2,518,Bielańska,0 min,Os. Potok 04,,2024-12-25 11:07:45.225056
Autobus,1816,7,138,Utrata,0 min,Wołoska-Szpital 02,,2024-12-25 11:07:45.225056
Tramwaj,4275,4,2,Metro Młociny,0 min,Myśliborska 05,,2024-12-25 11:07:45.225056
Autobus,777,3,150,Dziekanów Leśny,0 min,Park Młociński 02,,2024-12-25 11:07:45.225056
Tramwaj,3292,6,24,Gocławek,0 min,Pl. Szembeka 04,,2024-12-25 11:07:45.225056
Autobus,8898,8,189,Sadyba,0 min,Rondo Unii Europejskiej 01,,2024-12-25 11:07:45.225056
Autobus,9085,1,161,Olecka,0 min,Izbicka-Cmentarz 03,,2024-12-25 11:07:45.225056
Tramwaj,4273,22,17,Metro Marymont,0 min,Domaniewska 04,,2024-12-25 11:07:45.225056
Autobus,1002,5,213,Gocław,0 min,PKP Anin 03,,2024-12-25 11:07:45.225056
Autobus,1068,3,130,Metro Wilanowska,0 min,Idzikowskiego 04,,2024-12-25 11:07:45.225056
Autobus,1415,434,147,Dw. Wschodni (Lubelska),0 min,Narodowa 02,,2024-12-25 11:07:45.225056
Autobus,2006,3,217,Metro Wilanowska,0 min,Os. Arbuzowa 02,,2024-12-25 11:07:45.225056
Autobus,7226,M9,517,Ursus-Niedźwiadek,0 min,Spisaka 04,,2024-12-25 11:07:45.225056
Autobus,8898,8,189,Sadyba,0 min,Rondo Unii Europejskiej 01,,2024-12-25 11:07:45.225056
Autobus,9085,1,161,Olecka,0 min,Izbicka-Cmentarz 03,,2024-12-25 11:07:45.225056
Tramwaj,4273,22,17,Metro Marymont,0 min,Domaniewska 04,,2024-12-25 11:07:45.225056
Autobus,1002,5,213,Gocław,0 min,PKP Anin 03,,2024-12-25 11:07:45.225056
Autobus,1068,3,130,Metro Wilanowska,0 min,Idzikowskiego 04,,2024-12-25 11:07:45.225056
Autobus,1415,434,147,Dw. Wschodni (Lubelska),0 min,Narodowa 02,,2024-12-25 11:07:45.225056
Autobus,2006,3,217,Metro Wilanowska,0 min,Os. Arbuzowa 02,,2024-12-25 11:07:45.225056
Autobus,7226,M9,517,Ursus-Niedźwiadek,0 min,Spisaka 04,,2024-12-25 11:07:45.225056
Autobus,9330,2,153,Rembertów-Kolonia,0 min,Przebieg 02,,2024-12-25 11:07:45.225056
Tramwaj,3176,1,3,Annopol,0 min,Bródnowska 02,,2024-12-25 11:07:45.225056
Autobus,9070,456,211,Kępa Tarchomińska,0 min,Tłuchowska 02,,2024-12-25 11:07:45.225056
Tramwaj,3249,5,9,Wiatraczna,0 min,Krakowiaków 03,,2024-12-25 11:07:45.225056
Autobus,5425,3,112,Nowe Bemowo,0 min,Perzyńskiego 02,,2024-12-25 11:07:45.225056
Autobus,9220,1,133,Tarchomin,0 min,Parcelacyjna 01,,2024-12-25 11:07:45.225056
Autobus,3459,3,132,Metro Marymont,0 min,KS Polonez 01,,2024-12-25 11:07:45.225056
Tramwaj,3250,25,17,PKP Służewiec,0 min,Anielewicza 05,,2024-12-25 11:07:45.225056
Autobus,5937,1,503,Konwiktorska,0 min,Centrum 04,,2024-12-25 11:07:45.225056
Autobus,9919,2,114,Bródno-Podgrodzie,0 min,Prozy 04,,2024-12-25 11:07:45.225056
Autobus,777,3,150,Dziekanów Leśny,0 min,Park Młociński 02,,2024-12-25 11:07:45.225056
Autobus,9815,1,502,Stara Miłosna (Graniczna),0 min,Trakt Lubelski 02,,2024-12-25 11:07:45.225056
Autobus,1072,1,108,Pl. Trzech Krzyży,0 min,Figowa 02,,2024-12-25 11:07:45.225056
Autobus,3459,3,132,Metro Marymont,0 min,KS Polonez 01,,2024-12-25 11:07:45.225056
Tramwaj,3250,25,17,PKP Służewiec,0 min,Anielewicza 05,,2024-12-25 11:07:45.225056
Autobus,5937,1,503,Konwiktorska,0 min,Centrum 04,,2024-12-25 11:07:45.225056
Autobus,9919,2,114,Bródno-Podgrodzie,0 min,Prozy 04,,2024-12-25 11:07:45.225056
Tramwaj,3292,6,24,Gocławek,0 min,Pl. Szembeka 04,,2024-12-25 11:07:45.225056
Tramwaj,4275,4,2,Metro Młociny,0 min,Śreniawitów 01,,2024-12-25 11:07:45.225056
Tramwaj,3262,543,1,Annopol,0 min,Park Traugutta 05,,2024-12-25 11:07:45.225056
Autobus,4414,5,169,Dw. Wschodni (Kijowska),0 min,Kijowska 08,,2024-12-25 11:07:45.225056
Autobus,5446,11,116,Chomiczówka,0 min,Metro Słodowiec 04,,2024-12-25 11:07:45.225056
Autobus,7844,3,143,Dw. Zachodni,0 min,Rozbrat 02,,2024-12-25 11:07:45.225056
Autobus,8534,4,148,Wiatraczna,0 min,Lotnisko Chopina-Przyloty 02,,2024-12-25 11:07:45.225056
Tramwaj,3131,1,22,Piaski,0 min,Wiatraczna 05,,2024-12-25 11:07:45.225056
Tramwaj,3176,1,3,Annopol,0 min,Bródnowska 02,,2024-12-25 11:07:45.225056
Autobus,9352,2,135,Pl. Hallera,0 min,Chłopickiego 01,,2024-12-25 11:07:45.225056
Tramwaj,3267,6,4,Wyścigi,0 min,Bródnowska 01,,2024-12-25 11:07:45.225056
Autobus,6232,M5,189,Os. Górczewska,0 min,Batumi 52,,2024-12-25 11:07:45.225056
Tramwaj,3292,6,24,Gocławek,0 min,Pl. Szembeka 04,,2024-12-25 11:07:45.225056
Autobus,5425,3,112,Nowe Bemowo,0 min,Bielany-Ratusz 02,,2024-12-25 11:07:45.225056
Tramwaj,3215,3,7,P+R Al. Krakowska,0 min,Bitwy Warszawskiej 1920 r. 04,,2024-12-25 11:07:45.225056
Autobus,7844,3,143,Dw. Zachodni,0 min,Rozbrat 02,,2024-12-25 11:07:45.225056
Tramwaj,3150,9,26,Wiatraczna,0 min,Nowe Bemowo 04,,2024-12-25 11:07:45.225056
Autobus,1072,1,108,Pl. Trzech Krzyży,0 min,Figowa 02,,2024-12-25 11:07:45.225056
Autobus,6232,M5,189,Os. Górczewska,0 min,Batumi 52,,2024-12-25 11:07:45.225056
Autobus,9089,71,176,Choszczówka,0 min,Śpiewaków 02,,2024-12-25 11:07:45.225056
Autobus,9349,845,245,Bródno-Podgrodzie,0 min,Klamrowa 01,,2024-12-25 11:07:45.225056
Autobus,9813,2,502,Stara Miłosna (Graniczna),0 min,Metro Politechnika 07,,2024-12-25 11:07:45.225056
Tramwaj,3191,3,22,Wiatraczna,0 min,Pl. Zawiszy 05,,2024-12-25 11:07:45.225056
Tramwaj,3216,24,17,PKP Służewiec,0 min,Wołoska 03,,2024-12-25 11:07:45.225056
Tramwaj,3809,7,28,Dw. Wschodni (Kijowska),0 min,Piastów Śląskich 05,,2024-12-25 11:07:45.225056
Autobus,1219,633,218,Metro Wierzbno,0 min,Woronicza 05,,2024-12-25 11:07:45.225056
Autobus,80111,1,L46,Zielonka 11 Listopada,0 min,Zielonka Os. Wituś 02,,2024-12-25 11:07:45.225056
Tramwaj,3262,543,1,Annopol,0 min,Park Traugutta 05,,2024-12-25 11:07:45.225056
Autobus,6217,5,517,Pl. Trzech Krzyży,0 min,Dw. Zachodni 01,,2024-12-25 11:07:45.225056
Autobus,7226,M9,517,Ursus-Niedźwiadek,0 min,Malinowa 02,,2024-12-25 11:07:45.225056
Autobus,9335,6,179,Os. Kabaty,0 min,Metro Imielin 01,,2024-12-25 11:07:45.225056
Tramwaj,3819,1,28,Dw. Wschodni (Kijowska),0 min,Os. Górczewska 13,,2024-12-25 11:07:45.225056
Tramwaj,3830,5,20,Boernerowo,0 min,Żerań FSO 05,,2024-12-25 11:07:45.225056
Tramwaj,4010,5,22,Wiatraczna,0 min,Piaski 05,,2024-12-25 11:07:45.225056
Tramwaj,4201,2,16,Muranowska,0 min,Miasteczko Wilanów 05,,2024-12-25 11:07:45.225056
Tramwaj,4219,1,11,Sielce,0 min,Cm. Wolski 05,,2024-12-25 11:07:45.225056
Tramwaj,4226,7,16,Miasteczko Wilanów,0 min,Piaski 06,,2024-12-25 11:07:45.225056
Autobus,11202,1,L45,CH Marki,0 min,PKP Dąbkowizna 01,,2024-12-25 11:07:45.225056
Autobus,1200,425,739,Metro Wilanowska,0 min,Piaseczno Julianowska-Cmentarz 01,,2024-12-25 11:07:45.225056
Autobus,1214,634,218,Metro Wierzbno,0 min,Metro Wilanowska 16,,2024-12-25 11:07:45.225056
Autobus,1217,427,709,Metro Wilanowska,0 min,Piaseczno Szkolna 01,,2024-12-25 11:07:45.225056
Autobus,1218,631,165,Wyczółki,0 min,Metro Wilanowska 16,,2024-12-25 11:07:45.225056
Autobus,1223,5,251,Konstancin-Jeziorna CH Stara Papiernia,0 min,Metro Wilanowska 15,,2024-12-25 11:07:45.225056
Autobus,1413,6,141,P+R Al. Krakowska,0 min,Witolin 01,,2024-12-25 11:07:45.225056
Autobus,1416,1,173,Stara Miłosna (Graniczna),0 min,Dw. Wschodni (Lubelska) 06,,2024-12-25 11:07:45.225056
Autobus,15081,M5,L10,PKP Legionowo,0 min,Komornica-Szkoła 01,,2024-12-25 11:07:45.225056
Autobus,15082,1,L34,Olszewnica Stara,0 min,PKP Legionowo 01,,2024-12-25 11:07:45.225056
Autobus,15086,3,L-9,Wieliszew-Plaża,0 min,PKP Legionowo 01,,2024-12-25 11:07:45.225056
Autobus,15092,1,L41,PKP Legionowo,0 min,Nowy Dwór Mazowiecki Urząd Miasta 01,,2024-12-25 11:07:45.225056
Autobus,1223,5,251,Konstancin-Jeziorna CH Stara Papiernia,0 min,Metro Wilanowska 15,,2024-12-25 11:07:45.225056
Autobus,1413,6,141,P+R Al. Krakowska,0 min,Witolin 01,,2024-12-25 11:07:45.225056
Autobus,1416,1,173,Stara Miłosna (Graniczna),0 min,Dw. Wschodni (Lubelska) 06,,2024-12-25 11:07:45.225056
Autobus,15081,M5,L10,PKP Legionowo,0 min,Komornica-Szkoła 01,,2024-12-25 11:07:45.225056
Autobus,15082,1,L34,Olszewnica Stara,0 min,PKP Legionowo 01,,2024-12-25 11:07:45.225056
Autobus,15086,3,L-9,Wieliszew-Plaża,0 min,PKP Legionowo 01,,2024-12-25 11:07:45.225056
Autobus,15092,1,L41,PKP Legionowo,0 min,Nowy Dwór Mazowiecki Urząd Miasta 01,,2024-12-25 11:07:45.225056
Autobus,1524,3,119,Rakowiecka-Sanktuarium,0 min,Wiśniowa Góra 03,,2024-12-25 11:07:45.225056
Autobus,1528,1,183,Zielona,0 min,Wiatraczna 15,,2024-12-25 11:07:45.225056
Autobus,1530,2,115,PKP Mokry Ług,0 min,Aleksandrów 01,,2024-12-25 11:07:45.225056
Autobus,1536,5,119,Wiśniowa Góra,0 min,Rakowiecka-Sanktuarium 06,,2024-12-25 11:07:45.225056
Autobus,1545,62,722,Os. Radiówek,0 min,Wiatraczna 14,,2024-12-25 11:07:45.225056
Autobus,1546,449,146,Dw. Wschodni (Lubelska),0 min,Falenica 04,,2024-12-25 11:07:45.225056
Autobus,1074,M2,130,Ananasowa,0 min,Metro Wilanowska 17,,2024-12-25 11:07:45.225056
Autobus,11202,1,L45,CH Marki,0 min,PKP Dąbkowizna 01,,2024-12-25 11:07:45.225056
Autobus,1200,425,739,Metro Wilanowska,0 min,Piaseczno Julianowska-Cmentarz 01,,2024-12-25 11:07:45.225056
Autobus,1214,634,218,Metro Wierzbno,0 min,Metro Wilanowska 16,,2024-12-25 11:07:45.225056
Autobus,1217,427,709,Metro Wilanowska,0 min,Piaseczno Szkolna 01,,2024-12-25 11:07:45.225056
Tramwaj,4282,1,17,PKP Służewiec,0 min,Winnica 05,,2024-12-25 11:07:45.225056
Autobus,1011,4,213,Błota,0 min,Gocław 04,,2024-12-25 11:07:45.225056
Autobus,1052,2,208,Bitwy Warszawskiej 1920 r.,0 min,Bitwy Warszawskiej 1920 r. 10,,2024-12-25 11:07:45.225056
Autobus,1063,1,164,Metro Wilanowska,0 min,Kępa Zawadowska 01,,2024-12-25 11:07:45.225056
Autobus,1074,M2,130,Ananasowa,0 min,Metro Wilanowska 17,,2024-12-25 11:07:45.225056
Autobus,11202,1,L45,CH Marki,0 min,PKP Dąbkowizna 01,,2024-12-25 11:07:45.225056
Autobus,1200,425,739,Metro Wilanowska,0 min,Piaseczno Julianowska-Cmentarz 01,,2024-12-25 11:07:45.225056
Autobus,1214,634,218,Metro Wierzbno,0 min,Metro Wilanowska 16,,2024-12-25 11:07:45.225056
Autobus,1217,427,709,Metro Wilanowska,0 min,Piaseczno Szkolna 01,,2024-12-25 11:07:45.225056
Autobus,1218,631,165,Wyczółki,0 min,Metro Wilanowska 16,,2024-12-25 11:07:45.225056
Autobus,1223,5,251,Konstancin-Jeziorna CH Stara Papiernia,0 min,Metro Wilanowska 15,,2024-12-25 11:07:45.225056
Autobus,1413,6,141,P+R Al. Krakowska,0 min,Witolin 01,,2024-12-25 11:07:45.225056
Autobus,1416,1,173,Stara Miłosna (Graniczna),0 min,Dw. Wschodni (Lubelska) 06,,2024-12-25 11:07:45.225056
Autobus,15081,M5,L10,PKP Legionowo,0 min,Komornica-Szkoła 01,,2024-12-25 11:07:45.225056
Autobus,15082,1,L34,Olszewnica Stara,0 min,PKP Legionowo 01,,2024-12-25 11:07:45.225056
Autobus,15086,3,L-9,Wieliszew-Plaża,0 min,PKP Legionowo 01,,2024-12-25 11:07:45.225056
Autobus,15092,1,L41,PKP Legionowo,0 min,Nowy Dwór Mazowiecki Urząd Miasta 01,,2024-12-25 11:07:45.225056
Autobus,1524,3,119,Rakowiecka-Sanktuarium,0 min,Wiśniowa Góra 03,,2024-12-25 11:07:45.225056
Autobus,1528,1,183,Zielona,0 min,Wiatraczna 15,,2024-12-25 11:07:45.225056
Autobus,15081,M5,L10,PKP Legionowo,0 min,Komornica-Szkoła 01,,2024-12-25 11:07:45.225056
Autobus,15082,1,L34,Olszewnica Stara,0 min,PKP Legionowo 01,,2024-12-25 11:07:45.225056
Autobus,15086,3,L-9,Wieliszew-Plaża,0 min,PKP Legionowo 01,,2024-12-25 11:07:45.225056
Autobus,15092,1,L41,PKP Legionowo,0 min,Nowy Dwór Mazowiecki Urząd Miasta 01,,2024-12-25 11:07:45.225056
Autobus,1524,3,119,Rakowiecka-Sanktuarium,0 min,Wiśniowa Góra 03,,2024-12-25 11:07:45.225056
Autobus,1528,1,183,Zielona,0 min,Wiatraczna 15,,2024-12-25 11:07:45.225056
Autobus,1530,2,115,PKP Mokry Ług,0 min,Aleksandrów 01,,2024-12-25 11:07:45.225056
Autobus,1545,62,722,Os. Radiówek,0 min,Wiatraczna 14,,2024-12-25 11:07:45.225056
Autobus,1545,62,722,Os. Radiówek,0 min,Wiatraczna 14,,2024-12-25 11:07:45.225056
Autobus,1546,449,146,Dw. Wschodni (Lubelska),0 min,Falenica 04,,2024-12-25 11:07:45.225056
Autobus,1548,437,146,Falenica,0 min,Dw. Wschodni (Lubelska) 01,,2024-12-25 11:07:45.225056
Autobus,1549,3,183,Zielona,0 min,Wiatraczna 15,,2024-12-25 11:07:45.225056
Autobus,1553,2,169,Dw. Wschodni (Kijowska),0 min,Bródno-Podgrodzie 06,,2024-12-25 11:07:45.225056
Autobus,1810,343,166,Pl. Hallera,0 min,Os. Kabaty 03,,2024-12-25 11:07:45.225056
Autobus,1812,2,212,Pl. Hallera,0 min,CH Targówek 05,,2024-12-25 11:07:45.225056
Autobus,1859,4,123,Dw. Wschodni (Lubelska),0 min,Dw. Wschodni (Kijowska) 05,,2024-12-25 11:07:45.225056
Autobus,1903,5,106,Mariensztat,0 min,Ostroroga 05,,2024-12-25 11:07:45.225056
Autobus,1906,4,106,Mariensztat,0 min,Ostroroga 05,,2024-12-25 11:07:45.225056
Autobus,1548,437,146,Falenica,0 min,Dw. Wschodni (Lubelska) 01,,2024-12-25 11:07:45.225056
Autobus,1549,3,183,Zielona,0 min,Wiatraczna 15,,2024-12-25 11:07:45.225056
Autobus,1553,2,169,Dw. Wschodni (Kijowska),0 min,Bródno-Podgrodzie 06,,2024-12-25 11:07:45.225056
Autobus,1810,343,166,Pl. Hallera,0 min,Os. Kabaty 03,,2024-12-25 11:07:45.225056
Autobus,1812,2,212,Pl. Hallera,0 min,CH Targówek 05,,2024-12-25 11:07:45.225056
Autobus,1859,4,123,Dw. Wschodni (Lubelska),0 min,Dw. Wschodni (Kijowska) 05,,2024-12-25 11:07:45.225056
Autobus,1903,5,106,Mariensztat,0 min,Ostroroga 05,,2024-12-25 11:07:45.225056
Autobus,1906,4,106,Mariensztat,0 min,Ostroroga 05,,2024-12-25 11:07:45.225056
Autobus,1907,2,106,Ostroroga,0 min,Mariensztat 01,,2024-12-25 11:07:45.225056
Autobus,2041,3,519,Powsin-Park Kultury,0 min,Metro Wilanowska 15,,2024-12-25 11:07:45.225056
Autobus,2233,3,141,Witolin,0 min,P+R Al. Krakowska 07,,2024-12-25 11:07:45.225056
Autobus,2234,4,191,Pl. Narutowicza,0 min,Regulska 01,,2024-12-25 11:07:45.225056
Autobus,2236,3,517,Ursus-Niedźwiadek,0 min,Pl. Trzech Krzyży 06,,2024-12-25 11:07:45.225056
Autobus,25188,1,L20,Otwock Orla,0 min,Rzakta 01,,2024-12-25 11:07:45.225056
Autobus,3400,3,120,Dw. Wschodni (Kijowska),0 min,Olesin 01,,2024-12-25 11:07:45.225056
Autobus,3408,62,735,Metro Marymont,0 min,Zegrze Płd. 03,,2024-12-25 11:07:45.225056
Autobus,4407,4,169,Bródno-Podgrodzie,0 min,Dw. Wschodni (Kijowska) 07,,2024-12-25 11:07:45.225056
Autobus,4412,M3,170,Rondo Starzyńskiego,0 min,PKP Zacisze-Wilno 02,,2024-12-25 11:07:45.225056
Autobus,6243,512,124,Paluch,0 min,P+R Al. Krakowska 12,,2024-12-25 11:07:45.225056
Autobus,70006,693,L24,Konstancin-Jeziorna Wierzbnowska,0 min,Piaseczno Urząd Miasta 03,,2024-12-25 11:07:45.225056
Autobus,70032,1,L-4,Antoninów Cm. Południowy-Brama Płd.,0 min,Piaseczno Mysiadło 05,,2024-12-25 11:07:45.225056
Autobus,70042,1,L-3,Jastrzębiec,0 min,PKP Piaseczno 07,,2024-12-25 11:07:45.225056
Autobus,7204,6,189,Os. Górczewska,0 min,Sadyba 03,,2024-12-25 11:07:45.225056
Autobus,7245,8,517,Pl. Trzech Krzyży,0 min,Ursus-Niedźwiadek 03,,2024-12-25 11:07:45.225056
Autobus,7251,7,517,Pl. Trzech Krzyży,0 min,Ursus-Niedźwiadek 03,,2024-12-25 11:07:45.225056
Autobus,7259,5,184,Szczęśliwice,0 min,Metro Młociny 24,,2024-12-25 11:07:45.225056
Autobus,7716,5,509,Gocław,0 min,Winnica 06,,2024-12-25 11:07:45.225056
Autobus,7732,1,151,Pl. Konstytucji,0 min,Rechniewskiego 02,,2024-12-25 11:07:45.225056
Autobus,775,2,250,Łomianki Dąbrowa Zachodnia,0 min,Metro Młociny 22,,2024-12-25 11:07:45.225056
Autobus,7759,2,143,Dw. Zachodni,0 min,Rembertów-Kolonia 01,,2024-12-25 11:07:45.225056
Autobus,778,1,250,Metro Młociny,0 min,Łomianki Dąbrowa Zachodnia 01,,2024-12-25 11:07:45.225056
Autobus,7800,2,145,Wiatraczna,0 min,Żerań FSO 11,,2024-12-25 11:07:45.225056
Autobus,7817,7,523,Stare Bemowo,0 min,PKP Olszynka Grochowska 01,,2024-12-25 11:07:45.225056
Autobus,7830,2,520,Marysin,0 min,Dw. Centralny 27,,2024-12-25 11:07:45.225056
Autobus,7849,3,523,PKP Olszynka Grochowska,0 min,Stare Bemowo 07,,2024-12-25 11:07:45.225056
Autobus,7863,9,148,Lotnisko Chopina,0 min,Wiatraczna 17,,2024-12-25 11:07:45.225056
Autobus,7869,1,520,Marysin,0 min,Dw. Centralny 27,,2024-12-25 11:07:45.225056
Autobus,7759,2,143,Dw. Zachodni,0 min,Rembertów-Kolonia 01,,2024-12-25 11:07:45.225056
Autobus,775,2,250,Łomianki Dąbrowa Zachodnia,0 min,Metro Młociny 22,,2024-12-25 11:07:45.225056
Autobus,7759,2,143,Dw. Zachodni,0 min,Rembertów-Kolonia 01,,2024-12-25 11:07:45.225056
Autobus,778,1,250,Metro Młociny,0 min,Łomianki Dąbrowa Zachodnia 01,,2024-12-25 11:07:45.225056
Autobus,7800,2,145,Wiatraczna,0 min,Żerań FSO 11,,2024-12-25 11:07:45.225056
Autobus,7809,2,521,Wiatraczna,0 min,Falenica 03,,2024-12-25 11:07:45.225056
Autobus,7817,7,523,Stare Bemowo,0 min,PKP Olszynka Grochowska 01,,2024-12-25 11:07:45.225056
Autobus,7830,2,520,Marysin,0 min,Dw. Centralny 27,,2024-12-25 11:07:45.225056
Autobus,7849,3,523,PKP Olszynka Grochowska,0 min,Stare Bemowo 07,,2024-12-25 11:07:45.225056
Autobus,7863,9,148,Lotnisko Chopina,0 min,Wiatraczna 17,,2024-12-25 11:07:45.225056
Autobus,7869,1,520,Marysin,0 min,Dw. Centralny 27,,2024-12-25 11:07:45.225056
Autobus,80120,1,L37,Kobyłka Kościół,0 min,Wołomin Szpital Powiatowy 02,,2024-12-25 11:07:45.225056
Autobus,80122,1,L38,Leśniakowizna Majdan,0 min,Wołomin Szpital Powiatowy 02,,2024-12-25 11:07:45.225056
Autobus,8312,3,136,Natolin Płn.,0 min,Ostroroga 03,,2024-12-25 11:07:45.225056
Autobus,8324,2,131,Dw. Centralny,0 min,Sadyba 05,,2024-12-25 11:07:45.225056
Autobus,8345,2,709,Metro Wilanowska,0 min,PKP Piaseczno 04,,2024-12-25 11:07:45.225056
Autobus,8353,1,217,Metro Wilanowska,0 min,Natolin Płn. 04,,2024-12-25 11:07:45.225056
Autobus,8355,2,172,Sadyba,0 min,CH Blue City 02,,2024-12-25 11:07:45.225056
Autobus,8447,5,112,Nowe Bemowo,0 min,CH Marki 04,,2024-12-25 11:07:45.225056
Autobus,80120,1,L37,Kobyłka Kościół,0 min,Wołomin Szpital Powiatowy 02,,2024-12-25 11:07:45.225056
Autobus,80122,1,L38,Leśniakowizna Majdan,0 min,Wołomin Szpital Powiatowy 02,,2024-12-25 11:07:45.225056
Autobus,8312,3,136,Natolin Płn.,0 min,Ostroroga 03,,2024-12-25 11:07:45.225056
Autobus,8324,2,131,Dw. Centralny,0 min,Sadyba 05,,2024-12-25 11:07:45.225056
Autobus,8345,2,709,Metro Wilanowska,0 min,PKP Piaseczno 04,,2024-12-25 11:07:45.225056
Autobus,8353,1,217,Metro Wilanowska,0 min,Natolin Płn. 04,,2024-12-25 11:07:45.225056
Autobus,8355,2,172,Sadyba,0 min,CH Blue City 02,,2024-12-25 11:07:45.225056
Autobus,8447,5,112,Nowe Bemowo,0 min,CH Marki 04,,2024-12-25 11:07:45.225056
Autobus,8459,1,210,Metro Młociny,0 min,Truskaw Skibińskiego 01,,2024-12-25 11:07:45.225056
Autobus,8515,5,131,Sadyba,0 min,Dw. Centralny 25,,2024-12-25 11:07:45.225056
Autobus,8515,5,131,Sadyba,0 min,Dw. Centralny 25,,2024-12-25 11:07:45.225056
Autobus,8538,3,131,Dw. Centralny,0 min,Sadyba 05,,2024-12-25 11:07:45.225056
Autobus,8581,2,527,Metro Kondratowicza,0 min,Grodzisk 06,,2024-12-25 11:07:45.225056
Autobus,8586,1,120,Olesin,0 min,Dw. Wschodni (Kijowska) 05,,2024-12-25 11:07:45.225056
Autobus,8590,3,738,P+R Radzymin,0 min,Metro Trocka 08,,2024-12-25 11:07:45.225056
Autobus,8591,2,509,Winnica,0 min,Gocław 03,,2024-12-25 11:07:45.225056
Autobus,8807,1,504,Dw. Centralny,0 min,Os. Kabaty 04,,2024-12-25 11:07:45.225056
Autobus,8809,4,138,Utrata,0 min,Bokserska 05,,2024-12-25 11:07:45.225056
Autobus,8818,7,136,Ostroroga,0 min,Natolin Płn. 08,,2024-12-25 11:07:45.225056
Autobus,8581,2,527,Metro Kondratowicza,0 min,Grodzisk 06,,2024-12-25 11:07:45.225056
Autobus,8586,1,120,Olesin,0 min,Dw. Wschodni (Kijowska) 05,,2024-12-25 11:07:45.225056
Autobus,8590,3,738,P+R Radzymin,0 min,Metro Trocka 08,,2024-12-25 11:07:45.225056
Autobus,8591,2,509,Winnica,0 min,Gocław 03,,2024-12-25 11:07:45.225056
Autobus,8807,1,504,Dw. Centralny,0 min,Os. Kabaty 04,,2024-12-25 11:07:45.225056
Autobus,8809,4,138,Utrata,0 min,Bokserska 05,,2024-12-25 11:07:45.225056
Autobus,8818,7,136,Ostroroga,0 min,Natolin Płn. 08,,2024-12-25 11:07:45.225056
Autobus,8860,3,511,Metro Młociny,0 min,Dąbrówka Wiślana 02,,2024-12-25 11:07:45.225056
Autobus,9068,457,211,Kępa Tarchomińska,0 min,Żerań FSO 14,,2024-12-25 11:07:45.225056
Autobus,9073,458,211,Żerań FSO,0 min,Dąbrówka Wiślana 02,,2024-12-25 11:07:45.225056
Autobus,9093,2,161,Olecka,0 min,Zbójna Góra 01,,2024-12-25 11:07:45.225056
Autobus,9201,2,133,Choszczówka,0 min,Tarchomin 07,,2024-12-25 11:07:45.225056
Autobus,9202,571,209,Ursynów Płd.,0 min,Dawidy 03,,2024-12-25 11:07:45.225056
Autobus,9208,1,Z12,Klaudyn,0 min,Metro Młociny 23,,2024-12-25 11:07:45.225056
Autobus,9229,574,192,Ursynów Płd.,0 min,Krasnowola 51,,2024-12-25 11:07:45.225056
Autobus,9252,472,203,Fort Wawrzyszew,0 min,Metro Młociny 17,,2024-12-25 11:07:45.225056
Autobus,9315,2,202,PKP Gocławek,0 min,Metro Stadion Narodowy 07,,2024-12-25 11:07:45.225056
Autobus,9317,4,202,Metro Stadion Narodowy,0 min,PKP Gocławek 03,,2024-12-25 11:07:45.225056
Autobus,9322,1,153,Rembertów-Kolonia,0 min,Pastuszków 01,,2024-12-25 11:07:45.225056
Autobus,9201,2,133,Choszczówka,0 min,Tarchomin 07,,2024-12-25 11:07:45.225056
Autobus,9202,571,209,Ursynów Płd.,0 min,Dawidy 03,,2024-12-25 11:07:45.225056
Autobus,9208,1,Z12,Klaudyn,0 min,Metro Młociny 23,,2024-12-25 11:07:45.225056
Autobus,9229,574,192,Ursynów Płd.,0 min,Krasnowola 51,,2024-12-25 11:07:45.225056
Autobus,9252,472,203,Fort Wawrzyszew,0 min,Metro Młociny 17,,2024-12-25 11:07:45.225056
Autobus,9340,1,198,PKP Wesoła,0 min,Stara Miłosna (Ułańska) 04,,2024-12-25 11:07:45.225056
Autobus,9348,8,179,Os. Kabaty,0 min,Ursynów Płn. 05,,2024-12-25 11:07:45.225056
Autobus,9354,4,135,PKP Olszynka Grochowska,0 min,Pl. Hallera 11,,2024-12-25 11:07:45.225056
Autobus,9355,4,142,Aleksandrów,0 min,Wiatraczna 14,,2024-12-25 11:07:45.225056
Autobus,9505,1,159,Małe Siekierki,0 min,CH Blue City 01,,2024-12-25 11:07:45.225056
Autobus,9507,4,159,CH Blue City,0 min,Małe Siekierki 03,,2024-12-25 11:07:45.225056
Autobus,9514,5,178,Skorosze,0 min,Konwiktorska 03,,2024-12-25 11:07:45.225056
Autobus,9520,51,715,Ursynów Płn.,0 min,P+R Al. Krakowska 13,,2024-12-25 11:07:45.225056
Autobus,9560,3,178,Konwiktorska,0 min,Skorosze 04,,2024-12-25 11:07:45.225056
Autobus,9803,1,185,Gwiaździsta,0 min,CH Ursynów 04,,2024-12-25 11:07:45.225056
Autobus,9817,3,502,Stara Miłosna (Graniczna),0 min,Metro Politechnika 12,,2024-12-25 11:07:45.225056
Autobus,9829,6,502,Metro Politechnika,0 min,Stara Miłosna (Graniczna) 05,,2024-12-25 11:07:45.225056
Autobus,9837,2,167,Fort Radiowo,0 min,Siekierki-Sanktuarium 03,,2024-12-25 11:07:45.225056
Autobus,9844,4,185,Gwiaździsta,0 min,CH Ursynów 04,,2024-12-25 11:07:45.225056
Autobus,9520,51,715,Ursynów Płn.,0 min,P+R Al. Krakowska 13,,2024-12-25 11:07:45.225056
Autobus,9560,3,178,Konwiktorska,0 min,Skorosze 04,,2024-12-25 11:07:45.225056
Autobus,9803,1,185,Gwiaździsta,0 min,CH Ursynów 04,,2024-12-25 11:07:45.225056
Autobus,9817,3,502,Stara Miłosna (Graniczna),0 min,Metro Politechnika 12,,2024-12-25 11:07:45.225056
Autobus,9829,6,502,Metro Politechnika,0 min,Stara Miłosna (Graniczna) 05,,2024-12-25 11:07:45.225056
Autobus,9837,2,167,Fort Radiowo,0 min,Siekierki-Sanktuarium 03,,2024-12-25 11:07:45.225056
Autobus,9844,4,185,Gwiaździsta,0 min,CH Ursynów 04,,2024-12-25 11:07:45.225056
Autobus,9846,1,742,Os. Kabaty,0 min,Góra Kalwaria Rynek 02,,2024-12-25 11:07:45.225056
Autobus,9853,5,167,Siekierki-Sanktuarium,0 min,Stare Bemowo 05,,2024-12-25 11:07:45.225056
Autobus,9901,473,114,Bródno-Podgrodzie,0 min,Młociny-UKSW 01,,2024-12-25 11:07:45.225056
Autobus,9904,1,190,Znana,0 min,CH Marki 01,,2024-12-25 11:07:45.225056
Autobus,9844,4,185,Gwiaździsta,0 min,CH Ursynów 04,,2024-12-25 11:07:45.225056
Autobus,9846,1,742,Os. Kabaty,0 min,Góra Kalwaria Rynek 02,,2024-12-25 11:07:45.225056
Autobus,9849,6,167,Siekierki-Sanktuarium,0 min,Stare Bemowo 05,,2024-12-25 11:07:45.225056
Autobus,9850,6,167,Siekierki-Sanktuarium,0 min,Stare Bemowo 05,,2024-12-25 11:07:45.225056
Autobus,9853,5,167,Siekierki-Sanktuarium,0 min,Stare Bemowo 05,,2024-12-25 11:07:45.225056
Autobus,9901,473,114,Bródno-Podgrodzie,0 min,Młociny-UKSW 01,,2024-12-25 11:07:45.225056
Autobus,9904,1,190,Znana,0 min,CH Marki 01,,2024-12-25 11:07:45.225056
Autobus,6217,5,517,Pl. Trzech Krzyży,0 min,Hala Kopińska 01,,2024-12-25 11:07:45.225056
Autobus,9335,6,179,Os. Kabaty,0 min,Teligi 03,,2024-12-25 11:07:45.225056
Autobus,9512,653,714,Metro Bemowo,0 min,Blizne Łaszczyńskiego 01,,2024-12-25 11:07:45.225056
Tramwaj,3128,4,7,P+R Al. Krakowska,0 min,Muzeum Narodowe 06,,2024-12-25 11:07:45.225056
Tramwaj,4281,9,33,Metro Młociny,0 min,Stawki 06,,2024-12-25 11:07:45.225056
Autobus,7229,6,191,Regulska,0 min,Berestecka 02,,2024-12-25 11:07:45.225056
Autobus,9532,55,737,Ursynów Płn.,0 min,Wilcza Góra 01,,2024-12-25 11:07:45.225056
Autobus,1555,3,240,Metro Kondratowicza,0 min,Os. Lewandów II 01,,2024-12-25 11:07:45.225056
Autobus,8897,1,174,Rondo ONZ,0 min,Nowowiejska 02,,2024-12-25 11:07:45.225056
Autobus,4204,2,713,Koprki Agricoop,0 min,Mory Instytut Energetyki 02,,2024-12-25 11:07:45.225056
Autobus,5960,5,518,Nowodwory,0 min,Porajów 04,,2024-12-25 11:07:45.225056
Autobus,1013,3,213,Błota,0 min,Meissnera 01,,2024-12-25 11:07:45.225056
Tramwaj,3131,1,22,Piaski,0 min,Międzyborska 03,,2024-12-25 11:07:45.225056
Tramwaj,3150,9,26,Wiatraczna,0 min,Radiowa 05,,2024-12-25 11:07:45.225056
Tramwaj,3270,10,33,Metro Młociny,0 min,Dw. Centralny 10,,2024-12-25 11:07:45.225056
Autobus,1540,4,141,P+R Al. Krakowska,0 min,Miłobędzka 02,,2024-12-25 11:07:45.225056
Autobus,9815,1,502,Stara Miłosna (Graniczna),0 min,Trawiasta 02,,2024-12-25 11:07:45.225056
Autobus,777,3,150,Dziekanów Leśny,0 min,Łomianki 11 listopada 02,,2024-12-25 11:07:45.225056
Autobus,9951,2,190,CH Marki,0 min,CH Marki 01,,2024-12-25 11:07:45.225056
Autobus,8897,1,174,Rondo ONZ,0 min,Nowowiejska 02,,2024-12-25 11:07:45.225056
Autobus,4204,2,713,Koprki Agricoop,0 min,Mory Instytut Energetyki 02,,2024-12-25 11:07:45.225056
Autobus,5960,5,518,Nowodwory,0 min,Porajów 04,,2024-12-25 11:07:45.225056
Autobus,1013,3,213,Błota,0 min,Meissnera 01,,2024-12-25 11:07:45.225056
Autobus,1540,4,141,P+R Al. Krakowska,0 min,Miłobędzka 02,,2024-12-25 11:07:45.225056
Autobus,9815,1,502,Stara Miłosna (Graniczna),0 min,Trawiasta 02,,2024-12-25 11:07:45.225056
Tramwaj,4103,4,17,Winnica,0 min,GUS 04,,2024-12-25 11:07:45.225056
Autobus,777,3,150,Dziekanów Leśny,0 min,Łomianki 11 listopada 02,,2024-12-25 11:07:45.225056
Autobus,9951,2,190,CH Marki,0 min,CH Marki 01,,2024-12-25 11:07:45.225056
Tramwaj,3190,8,26,Wiatraczna,0 min,PKP Wola (Wolska) 03,,2024-12-25 11:07:45.225056
Tramwaj,3148,6,10,Os. Górczewska,0 min,Bukowińska 04,,2024-12-25 11:07:45.225056
Autobus,1056,3,194,Cm. Wolski,0 min,PKP Ursus 01,,2024-12-25 11:07:45.225056
Autobus,1522,2,123,Dw. Wschodni (Lubelska),0 min,Gocław 08,,2024-12-25 11:07:45.225056
Tramwaj,3290,4,26,Metro Młociny,0 min,Zajezdnia Wola 04,,2024-12-25 11:07:45.225056
Autobus,5405,9,509,Gocław,0 min,Ekspresowa 01,,2024-12-25 11:07:45.225056
Autobus,776,1,150,Metro Młociny,0 min,Zajezdnia Żoliborz 02,,2024-12-25 11:07:45.225056
Autobus,7888,6,520,Marysin,0 min,Zajezdnia Ostrobramska 02,,2024-12-25 11:07:45.225056
Autobus,9205,1,239,Os. Kabaty,0 min,Os. Kabaty 01,,2024-12-25 11:07:45.225056
Tramwaj,3226,544,1,Annopol,0 min,Pl. Zawiszy 14,,2024-12-25 11:07:45.225056
Autobus,1056,3,194,Cm. Wolski,0 min,PKP Ursus 01,,2024-12-25 11:07:45.225056
Autobus,1522,2,123,Dw. Wschodni (Lubelska),0 min,Gocław 08,,2024-12-25 11:07:45.225056
Tramwaj,3290,4,26,Metro Młociny,0 min,Zajezdnia Wola 04,,2024-12-25 11:07:45.225056
Autobus,5405,9,509,Gocław,0 min,Ekspresowa 01,,2024-12-25 11:07:45.225056
Autobus,776,1,150,Metro Młociny,0 min,Zajezdnia Żoliborz 02,,2024-12-25 11:07:45.225056
Autobus,7888,6,520,Marysin,0 min,Zajezdnia Ostrobramska 02,,2024-12-25 11:07:45.225056
Autobus,8897,1,174,Rondo ONZ,0 min,Nowowiejska 02,,2024-12-25 11:07:45.225056
Autobus,9334,5,179,Os. Kabaty,0 min,Metro Kabaty 02,,2024-12-25 11:07:45.225056
Autobus,4418,3,212,CH Targówek,0 min,Rolanda 02,,2024-12-25 11:07:45.225056
Autobus,7229,6,191,Regulska,0 min,Śmigłowca 02,,2024-12-25 11:07:45.225056
Tramwaj,3207,24,1,Annopol,0 min,Rembielińska 04,,2024-12-25 11:07:45.225056
Autobus,4423,1,169,Dw. Wschodni (Kijowska),0 min,Żuromińska 01,,2024-12-25 11:07:45.225056
Autobus,9346,644,199,Rembertów-Strzelnica,0 min,Łojewska 01,,2024-12-25 11:07:45.225056
Autobus,9521,3,159,CH Blue City,0 min,Rozbrat 06,,2024-12-25 11:07:45.225056
Autobus,1843,61,730,Wiatraczna,0 min,Majdan Góraszka 01,,2024-12-25 11:07:45.225056
Autobus,8897,1,174,Rondo ONZ,0 min,Nowowiejska 02,,2024-12-25 11:07:45.225056
Autobus,9334,5,179,Os. Kabaty,0 min,Metro Kabaty 02,,2024-12-25 11:07:45.225056
Autobus,4418,3,212,CH Targówek,0 min,Rolanda 02,,2024-12-25 11:07:45.225056
Autobus,7229,6,191,Regulska,0 min,Śmigłowca 02,,2024-12-25 11:07:45.225056
Tramwaj,3207,24,1,Annopol,0 min,Rembielińska 04,,2024-12-25 11:07:45.225056
Tramwaj,3205,2,22,Wiatraczna,0 min,Kickiego 02,,2024-12-25 11:07:45.225056
Tramwaj,3226,544,1,Annopol,0 min,Rondo Daszyńskiego 06,,2024-12-25 11:07:45.225056
Tramwaj,3290,4,26,Metro Młociny,0 min,Metro Płocka 04,,2024-12-25 11:07:45.225056
Tramwaj,3806,4,23,Nowe Bemowo,0 min,Nowe Bemowo 03,,2024-12-25 11:07:45.225056
Autobus,1064,2,164,Kępa Zawadowska,0 min,Os. Arbuzowa 01,,2024-12-25 11:07:45.225056
Tramwaj,3216,24,17,PKP Służewiec,0 min,Woronicza 03,,2024-12-25 11:07:45.225056
Autobus,9516,1,707,Piaseczno Targowisko,0 min,Piaseczno Kusocińskiego 01,,2024-12-25 11:07:45.225056
Autobus,9081,1,104,Brzeziny,0 min,Echa Leśne 01,,2024-12-25 11:07:45.225056
Autobus,1030,1,163,Metro Wilanowska,0 min,Stegny 02,,2024-12-25 11:07:45.225056
Autobus,7331,2,525,Dw. Centralny,0 min,Dw. Centralny 21,,2024-12-25 11:07:45.225056
Autobus,1064,2,164,Kępa Zawadowska,0 min,Os. Arbuzowa 01,,2024-12-25 11:07:45.225056
Tramwaj,3216,24,17,PKP Służewiec,0 min,Woronicza 03,,2024-12-25 11:07:45.225056
Autobus,9516,1,707,Piaseczno Targowisko,0 min,Piaseczno Kusocińskiego 01,,2024-12-25 11:07:45.225056
Autobus,9081,1,104,Brzeziny,0 min,Echa Leśne 01,,2024-12-25 11:07:45.225056
Autobus,1030,1,163,Metro Wilanowska,0 min,Stegny 02,,2024-12-25 11:07:45.225056
Autobus,7331,2,525,Dw. Centralny,0 min,Dw. Centralny 21,,2024-12-25 11:07:45.225056
Autobus,9323,469,142,Wiatraczna,0 min,Dzielnicowa 02,,2024-12-25 11:07:45.225056
Autobus,2006,3,217,Metro Wilanowska,0 min,Dolina Służewiecka 04,,2024-12-25 11:07:45.225056
Autobus,4204,2,713,Koprki Agricoop,0 min,Mory 02,,2024-12-25 11:07:45.225056
Autobus,6202,2,177,Ursus-Niedźwiadek,0 min,Ursus-Niedźwiadek 01,,2024-12-25 11:07:45.225056
Tramwaj,3150,9,26,Wiatraczna,0 min,Radiowa 05,,2024-12-25 11:07:45.225056
Autobus,1819,2,240,Marki Pustelnik,0 min,Marki Kościuszki 02,,2024-12-25 11:07:45.225056
Autobus,5425,3,112,Nowe Bemowo,0 min,Andersena 03,,2024-12-25 11:07:45.225056
Autobus,8501,1,738,P+R Radzymin,0 min,Radzymin Norwida 02,,2024-12-25 11:07:45.225056
Tramwaj,3241,7,26,Wiatraczna,0 min,Ząbkowska 03,,2024-12-25 11:07:45.225056
Tramwaj,3827,7,6,Metro Młociny,0 min,Ratuszowa-Zoo 02,,2024-12-25 11:07:45.225056
Autobus,1216,657,166,Os. Kabaty,0 min,Zaruby 02,,2024-12-25 11:07:45.225056
Autobus,3467,2,132,Os. Derby,0 min,Toruńska 06,,2024-12-25 11:07:45.225056
Autobus,5972,3,116,Chomiczówka,0 min,Tor Stegny 02,,2024-12-25 11:07:45.225056
Tramwaj,3502,1,24,Gocławek,1 min przed czasem,Długosza 01,,2024-12-25 11:07:45.225056
Autobus,7816,7,520,Marysin,1 min przed czasem,Międzynarodowa 02,,2024-12-25 11:07:45.225056
Autobus,7844,3,143,Dw. Zachodni,1 min przed czasem,Metro Politechnika 02,,2024-12-25 11:07:45.225056
Autobus,8592,1,509,Winnica,1 min przed czasem,Saska 04,,2024-12-25 11:07:45.225056
Autobus,5205,3,716,Cm. Wolski,1 min przed czasem,Lalki 03,,2024-12-25 11:07:45.225056
Autobus,9827,7,185,Gwiaździsta,1 min przed czasem,Pomnik Sapera 02,,2024-12-25 11:07:45.225056
Tramwaj,3828,3,6,Gocławek,1 min przed czasem,Pl. Hallera 03,,2024-12-25 11:07:45.225056
Autobus,4424,2,166,Os. Kabaty,1 min przed czasem,Pl. Hallera 08,,2024-12-25 11:07:45.225056
Tramwaj,3290,4,26,Metro Młociny,1 min przed czasem,Metro Płocka 04,,2024-12-25 11:07:45.225056
Tramwaj,4266,8,33,Metro Młociny,1 min przed czasem,Park Olszyna 04,,2024-12-25 11:07:45.225056
Autobus,1068,3,130,Metro Wilanowska,1 min przed czasem,Bukowińska 01,,2024-12-25 11:07:45.225056
Autobus,4421,5,138,Utrata,1 min przed czasem,Zabraniecka 02,,2024-12-25 11:07:45.225056
Autobus,776,1,150,Metro Młociny,1 min przed czasem,Metro Młociny 21,,2024-12-25 11:07:45.225056
Tramwaj,4109,548,4,Żerań Wschodni,1 min przed czasem,Park Praski 02,,2024-12-25 11:07:45.225056
Autobus,1538,5,115,PKP Mokry Ług,1 min przed czasem,Buchalteryjna 02,,2024-12-25 11:07:45.225056
Autobus,5455,7,509,Winnica,1 min przed czasem,Białołęka-Ratusz 03,,2024-12-25 11:07:45.225056
Tramwaj,3120,7,9,P+R Al. Krakowska,1 min przed czasem,Pl. Narutowicza 08,,2024-12-25 11:07:45.225056
Autobus,4421,5,138,Utrata,1 min przed czasem,Zabraniecka 02,,2024-12-25 11:07:45.225056
Autobus,776,1,150,Metro Młociny,1 min przed czasem,Metro Młociny 21,,2024-12-25 11:07:45.225056
Tramwaj,4109,548,4,Żerań Wschodni,1 min przed czasem,Park Praski 02,,2024-12-25 11:07:45.225056
Autobus,1538,5,115,PKP Mokry Ług,1 min przed czasem,Buchalteryjna 02,,2024-12-25 11:07:45.225056
Autobus,5455,7,509,Winnica,1 min przed czasem,Białołęka-Ratusz 03,,2024-12-25 11:07:45.225056
Tramwaj,3120,7,9,P+R Al. Krakowska,1 min przed czasem,Pl. Narutowicza 08,,2024-12-25 11:07:45.225056
Autobus,7737,8,509,Winnica,1 min przed czasem,Rondo Starzyńskiego 10,,2024-12-25 11:07:45.225056
Autobus,9339,592,179,Ursynów Płn.,1 min przed czasem,Centrum Onkologii 01,,2024-12-25 11:07:45.225056
Tramwaj,3260,7,17,PKP Służewiec,1 min przed czasem,Metro Pole Mokotowskie 03,,2024-12-25 11:07:45.225056
Autobus,3442,3,509,Gocław,1 min przed czasem,Wał Gocławski 01,,2024-12-25 11:07:45.225056
Autobus,5937,1,503,Konwiktorska,1 min przed czasem,Zachęta 01,,2024-12-25 11:07:45.225056
Autobus,9509,1,178,Konwiktorska,1 min przed czasem,Kapitulna 02,,2024-12-25 11:07:45.225056
Autobus,9811,8,185,Gwiaździsta,1 min przed czasem,Bergamotki 02,,2024-12-25 11:07:45.225056
Tramwaj,3269,2,9,P+R Al. Krakowska,1 min przed czasem,Dw. Centralny 08,,2024-12-25 11:07:45.225056
Autobus,1216,657,166,Os. Kabaty,1 min przed czasem,Metro Kabaty 02,,2024-12-25 11:07:45.225056
Autobus,3412,2,738,P+R Radzymin,1 min przed czasem,Marki Szkolna 02,,2024-12-25 11:07:45.225056
Autobus,5883,1,127,Nowe Włochy,1 min przed czasem,Białobrzeska 02,,2024-12-25 11:07:45.225056
Autobus,15081,M5,L10,Komornica-Szkoła,1 min przed czasem,Wieliszew-Plaża 01,,2024-12-25 11:07:45.225056
Autobus,8843,4,504,Dw. Centralny,1 min przed czasem,Pl. Zawiszy 03,,2024-12-25 11:07:45.225056
Autobus,9827,7,185,Gwiaździsta,1 min przed czasem,Pomnik Sapera 02,,2024-12-25 11:07:45.225056
Tramwaj,3120,7,9,P+R Al. Krakowska,1 min przed czasem,Pl. Narutowicza 08,,2024-12-25 11:07:45.225056
Autobus,4424,2,166,Os. Kabaty,1 min przed czasem,Pl. Hallera 08,,2024-12-25 11:07:45.225056
Tramwaj,3122,1,7,Kawęczyńska-Bazylika,1 min przed czasem,Och-Teatr 03,,2024-12-25 11:07:45.225056
Tramwaj,3141,11,9,Gocławek,1 min przed czasem,Pl. Zawiszy 05,,2024-12-25 11:07:45.225056
Autobus,1068,3,130,Metro Wilanowska,1 min przed czasem,Bukowińska 01,,2024-12-25 11:07:45.225056
Autobus,4421,5,138,Utrata,1 min przed czasem,Zabraniecka 02,,2024-12-25 11:07:45.225056
Autobus,776,1,150,Metro Młociny,1 min przed czasem,Metro Młociny 21,,2024-12-25 11:07:45.225056
Autobus,1538,5,115,PKP Mokry Ług,1 min przed czasem,Buchalteryjna 02,,2024-12-25 11:07:45.225056
Autobus,5455,7,509,Winnica,1 min przed czasem,Białołęka-Ratusz 03,,2024-12-25 11:07:45.225056
Tramwaj,4103,4,17,Winnica,1 min przed czasem,Nowowiejska 04,,2024-12-25 11:07:45.225056
Autobus,7737,8,509,Winnica,1 min przed czasem,Rondo Starzyńskiego 10,,2024-12-25 11:07:45.225056
Autobus,9339,592,179,Ursynów Płn.,1 min przed czasem,Centrum Onkologii 01,,2024-12-25 11:07:45.225056
Autobus,3442,3,509,Gocław,1 min przed czasem,Wał Gocławski 01,,2024-12-25 11:07:45.225056
Autobus,5937,1,503,Konwiktorska,1 min przed czasem,Zachęta 01,,2024-12-25 11:07:45.225056
Autobus,9509,1,178,Konwiktorska,1 min przed czasem,Kapitulna 02,,2024-12-25 11:07:45.225056
Autobus,9811,8,185,Gwiaździsta,1 min przed czasem,Bergamotki 02,,2024-12-25 11:07:45.225056
Autobus,1216,657,166,Os. Kabaty,1 min przed czasem,Metro Kabaty 02,,2024-12-25 11:07:45.225056
Autobus,3412,2,738,P+R Radzymin,1 min przed czasem,Marki Szkolna 02,,2024-12-25 11:07:45.225056
Autobus,7737,8,509,Winnica,1 min przed czasem,Rondo Starzyńskiego 10,,2024-12-25 11:07:45.225056
Autobus,9339,592,179,Ursynów Płn.,1 min przed czasem,Centrum Onkologii 01,,2024-12-25 11:07:45.225056
Autobus,3442,3,509,Gocław,1 min przed czasem,Wał Gocławski 01,,2024-12-25 11:07:45.225056
Autobus,5937,1,503,Konwiktorska,1 min przed czasem,Zachęta 01,,2024-12-25 11:07:45.225056
Tramwaj,4208,5,10,Os. Górczewska,1 min przed czasem,Dw. Centralny 10,,2024-12-25 11:07:45.225056
Autobus,8307,2,504,Os. Kabaty,1 min przed czasem,Centrum Onkologii 01,,2024-12-25 11:07:45.225056
Tramwaj,3806,4,23,Nowe Bemowo,1 min przed czasem,Nowe Bemowo 08,,2024-12-25 11:07:45.225056
Autobus,5940,6,180,Wilanów,1 min przed czasem,Łazienki Królewskie 01,,2024-12-25 11:07:45.225056
Autobus,1422,3,115,Aleksandrów,1 min przed czasem,Gruntowa 01,,2024-12-25 11:07:45.225056
Autobus,1427,1,115,PKP Mokry Ług,1 min przed czasem,Wawer-Ratusz 02,,2024-12-25 11:07:45.225056
Autobus,9847,4,710,Os. Kabaty,1 min przed czasem,Metro Kabaty 02,,2024-12-25 11:07:45.225056
Autobus,1904,1,106,Ostroroga,1 min przed czasem,Mennica 02,,2024-12-25 11:07:45.225056
Autobus,5435,61,705,Metro Marymont,1 min przed czasem,Rynia Siwek 01,,2024-12-25 11:07:45.225056
Autobus,1063,1,164,Metro Wilanowska,1 min przed czasem,Bruzdowa-Kościół 01,,2024-12-25 11:07:45.225056
Autobus,1533,2,251,Metro Wilanowska,1 min przed czasem,Konstancin-Jeziorna Park Zdrojowy 02,,2024-12-25 11:07:45.225056
Autobus,721,2,750,Metro Młociny,1 min przed czasem,Łomianki Lwowska 01,,2024-12-25 11:07:45.225056
Autobus,1005,1,213,Gocław,1 min przed czasem,Podkowy 02,,2024-12-25 11:07:45.225056
Autobus,1206,428,739,Metro Wilanowska,1 min przed czasem,Sójki 02,,2024-12-25 11:07:45.225056
Autobus,1904,1,106,Ostroroga,1 min przed czasem,Mennica 02,,2024-12-25 11:07:45.225056
Autobus,5435,61,705,Metro Marymont,1 min przed czasem,Rynia Siwek 01,,2024-12-25 11:07:45.225056
Autobus,1063,1,164,Metro Wilanowska,1 min przed czasem,Bruzdowa-Kościół 01,,2024-12-25 11:07:45.225056
Autobus,1533,2,251,Metro Wilanowska,1 min przed czasem,Konstancin-Jeziorna Park Zdrojowy 02,,2024-12-25 11:07:45.225056
Autobus,721,2,750,Metro Młociny,1 min przed czasem,Łomianki Lwowska 01,,2024-12-25 11:07:45.225056
Autobus,1005,1,213,Gocław,1 min przed czasem,Podkowy 02,,2024-12-25 11:07:45.225056
Autobus,1206,428,739,Metro Wilanowska,1 min przed czasem,Sójki 02,,2024-12-25 11:07:45.225056
Autobus,9506,2,159,CH Blue City,1 min przed czasem,Na Bateryjce 01,,2024-12-25 11:07:45.225056
Tramwaj,4221,14,16,Muranowska,1 min przed czasem,Muranów 06,,2024-12-25 11:07:45.225056
Tramwaj,4232,1,16,Muranowska,1 min przed czasem,Goworka 02,,2024-12-25 11:07:45.225056
Autobus,1538,5,115,PKP Mokry Ług,1 min przed czasem,PKP Mokry Ług 03,,2024-12-25 11:07:45.225056
Autobus,7226,M9,517,Ursus-Niedźwiadek,1 min przed czasem,Śmigielska 02,,2024-12-25 11:07:45.225056
Autobus,1801,6,138,Utrata,1 min przed czasem,Al. Zieleniecka 02,,2024-12-25 11:07:45.225056
Autobus,3412,2,738,P+R Radzymin,1 min przed czasem,Marki Szkolna 02,,2024-12-25 11:07:45.225056
Autobus,3442,3,509,Gocław,1 min przed czasem,Abrahama 01,,2024-12-25 11:07:45.225056
Autobus,6212,497,184,Szczęśliwice,1 min przed czasem,Orlich Gniazd 03,,2024-12-25 11:07:45.225056
Tramwaj,3117,5,4,Wyścigi,1 min przed czasem,Trasa Łazienkowska 01,,2024-12-25 11:07:45.225056
Autobus,35132,688,L-5,Piaseczno Zgoda,1 min przed czasem,Piaseczno Zalesie Dolne 02,,2024-12-25 11:07:45.225056
Autobus,9311,646,245,Ząbki Maczka,1 min przed czasem,Ząbki Warszawska 02,,2024-12-25 11:07:45.225056
Tramwaj,4232,1,16,Muranowska,1 min przed czasem,Goworka 02,,2024-12-25 11:07:45.225056
Autobus,1538,5,115,PKP Mokry Ług,1 min przed czasem,PKP Mokry Ług 03,,2024-12-25 11:07:45.225056
Autobus,7226,M9,517,Ursus-Niedźwiadek,1 min przed czasem,Śmigielska 02,,2024-12-25 11:07:45.225056
Autobus,1801,6,138,Utrata,1 min przed czasem,Al. Zieleniecka 02,,2024-12-25 11:07:45.225056
Autobus,3412,2,738,P+R Radzymin,1 min przed czasem,Marki Szkolna 02,,2024-12-25 11:07:45.225056
Autobus,3442,3,509,Gocław,1 min przed czasem,Abrahama 01,,2024-12-25 11:07:45.225056
Autobus,6212,497,184,Szczęśliwice,1 min przed czasem,Orlich Gniazd 03,,2024-12-25 11:07:45.225056
Tramwaj,3117,5,4,Wyścigi,1 min przed czasem,Trasa Łazienkowska 01,,2024-12-25 11:07:45.225056
Autobus,35132,688,L-5,Piaseczno Zgoda,1 min przed czasem,Piaseczno Zalesie Dolne 02,,2024-12-25 11:07:45.225056
Autobus,9311,646,245,Ząbki Maczka,1 min przed czasem,Ząbki Warszawska 02,,2024-12-25 11:07:45.225056
Tramwaj,3243,12,9,Gocławek,1 min przed czasem,P+R Al. Krakowska 04,,2024-12-25 11:07:45.225056
Tramwaj,3279,22,1,Pl. Narutowicza,1 min przed czasem,Powązkowska 04,,2024-12-25 11:07:45.225056
Autobus,8502,3,731,Żerań FSO,1 min przed czasem,Winnica 11,,2024-12-25 11:07:45.225056
Tramwaj,4013,3,28,Os. Górczewska,1 min przed czasem,Conrada 05,,2024-12-25 11:07:45.225056
Autobus,5232,1,136,Natolin Płn.,1 min przed czasem,Zajezdnia Woronicza 01,,2024-12-25 11:07:45.225056
Autobus,4203,536,194,PKP Gołąbki,1 min przed czasem,Ursus-Sanktuarium 02,,2024-12-25 11:07:45.225056
Autobus,5236,5,122,Gwiaździsta,1 min przed czasem,Radiowa 03,,2024-12-25 11:07:45.225056
Autobus,5978,2,518,Bielańska,1 min przed czasem,Metro Marymont 01,,2024-12-25 11:07:45.225056
Autobus,7888,6,520,Marysin,1 min przed czasem,Płowiecka 04,,2024-12-25 11:07:45.225056
Autobus,4426,8,138,Utrata,2 min przed czasem,Bokserska 05,,2024-12-25 11:07:45.225056
Autobus,1216,657,166,Os. Kabaty,2 min przed czasem,Metro Kabaty 02,,2024-12-25 11:07:45.225056
Autobus,5923,7,116,Wilanów,2 min przed czasem,Centrum 15,,2024-12-25 11:07:45.225056
Autobus,1066,3,164,Metro Wilanowska,2 min przed czasem,Metro Wilanowska 15,,2024-12-25 11:07:45.225056
Autobus,7701,2,151,Rechniewskiego,2 min przed czasem,Bohaterewicza 02,,2024-12-25 11:07:45.225056
Autobus,9204,471,203,Metro Młociny,2 min przed czasem,Fort Wawrzyszew 02,,2024-12-25 11:07:45.225056
Autobus,7744,1,704,Wiatraczna,2 min przed czasem,Sulejówek Ogrodnicza 01,,2024-12-25 11:07:45.225056
Autobus,1809,4,166,Pl. Hallera,2 min przed czasem,Piękna 02,,2024-12-25 11:07:45.225056
Autobus,9807,M8,167,Stare Bemowo,2 min przed czasem,PKP Wola (Kasprzaka) 02,,2024-12-25 11:07:45.225056
Autobus,9339,592,179,Ursynów Płn.,2 min przed czasem,Ursynów Płd. 04,,2024-12-25 11:07:45.225056
Autobus,8359,7,189,Sadyba,2 min przed czasem,Sadyba 03,,2024-12-25 11:07:45.225056
Autobus,4212,2,717,Piastów Ogińskiego,2 min przed czasem,Salomea 02,,2024-12-25 11:07:45.225056
Autobus,1532,1,251,Metro Wilanowska,2 min przed czasem,Os. Arbuzowa 02,,2024-12-25 11:07:45.225056
Autobus,1862,1,720,Rzakta,2 min przed czasem,Malcanów 02,,2024-12-25 11:07:45.225056
Tramwaj,3253,8,10,Wyścigi,2 min przed czasem,Bukowińska 03,,2024-12-25 11:07:45.225056
Autobus,7256,6,184,Metro Młociny,3 min przed czasem,Sokratesa 04,,2024-12-25 11:07:45.225056
Autobus,5963,609,111,Gocław,3 min przed czasem,Centrum 15,,2024-12-25 11:07:45.225056
Autobus,70001,1,L39,Piaseczno Szpital,3 min przed czasem,Piaseczno Jarząbka 01,,2024-12-25 11:07:45.225056
Autobus,9835,7,167,Fort Radiowo,3 min przed czasem,Narwik 02,,2024-12-25 11:07:45.225056
Autobus,7750,5,523,Stare Bemowo,2 min przed czasem,Dw. Zachodni 02,,2024-12-25 11:07:45.225056
Autobus,4307,2,134,Olesin,2 min przed czasem,Berensona 02,,2024-12-25 11:07:45.225056
Autobus,5414,801,409,Bródno-Podgrodzie,2 min przed czasem,Szpital Bródnowski 04,,2024-12-25 11:07:45.225056
Autobus,5923,7,116,Wilanów,2 min przed czasem,Centrum 15,,2024-12-25 11:07:45.225056
Autobus,7701,2,151,Rechniewskiego,2 min przed czasem,Bohaterewicza 02,,2024-12-25 11:07:45.225056
Autobus,9204,471,203,Metro Młociny,2 min przed czasem,Fort Wawrzyszew 02,,2024-12-25 11:07:45.225056
Autobus,15090,2,L11,Nowy Dwór Mazowiecki Urząd Miasta,2 min przed czasem,Nowy Dwór Mazowiecki Przemysłowa 02,,2024-12-25 11:07:45.225056
Autobus,8522,4,143,Dw. Zachodni,2 min przed czasem,Wiatraczna 09,,2024-12-25 11:07:45.225056
Tramwaj,4013,3,28,Os. Górczewska,2 min przed czasem,Ogrody Działkowe Bemowo 06,,2024-12-25 11:07:45.225056
Autobus,1216,657,166,Os. Kabaty,2 min przed czasem,Metro Kabaty 02,,2024-12-25 11:07:45.225056
Autobus,7821,1,523,PKP Olszynka Grochowska,2 min przed czasem,PKP Wola (Wolska) 05,,2024-12-25 11:07:45.225056
Autobus,9807,M8,167,Stare Bemowo,2 min przed czasem,PKP Wola (Kasprzaka) 02,,2024-12-25 11:07:45.225056
Autobus,3468,1,112,CH Marki,2 min przed czasem,Bazyliańska 04,,2024-12-25 11:07:45.225056
Autobus,7744,1,704,Wiatraczna,2 min przed czasem,Sulejówek Ogrodnicza 01,,2024-12-25 11:07:45.225056
Autobus,8463,6,112,CH Marki,3 min przed czasem,CH Marki 04,,2024-12-25 11:07:45.225056
Autobus,4233,2,194,Cm. Wolski,3 min przed czasem,Cm. Wolski 08,,2024-12-25 11:07:45.225056
Autobus,758,2,150,Metro Młociny,3 min przed czasem,Dziekanów Leśny 01,,2024-12-25 11:07:45.225056
Autobus,7249,6,122,Gwiaździsta,3 min przed czasem,Os. Górczewska 01,,2024-12-25 11:07:45.225056
Autobus,9804,3,167,Siekierki-Sanktuarium,3 min przed czasem,Spacerowa 03,,2024-12-25 11:07:45.225056
Autobus,4212,2,717,Piastów Ogińskiego,3 min przed czasem,Salomea 02,,2024-12-25 11:07:45.225056
Autobus,6240,9,523,PKP Olszynka Grochowska,3 min przed czasem,Marszałkowska 01,,2024-12-25 11:07:45.225056
Autobus,6239,3,184,Szczęśliwice,3 min przed czasem,Szczęśliwicka 03,,2024-12-25 11:07:45.225056
Autobus,8463,6,112,CH Marki,3 min przed czasem,CH Marki 04,,2024-12-25 11:07:45.225056
Autobus,4233,2,194,Cm. Wolski,3 min przed czasem,Cm. Wolski 08,,2024-12-25 11:07:45.225056
Autobus,758,2,150,Metro Młociny,3 min przed czasem,Dziekanów Leśny 01,,2024-12-25 11:07:45.225056
Autobus,7249,6,122,Gwiaździsta,3 min przed czasem,Os. Górczewska 01,,2024-12-25 11:07:45.225056
Autobus,9503,5,103,Brylowska,3 min przed czasem,Metro Młociny 01,,2024-12-25 11:07:45.225056
Autobus,5434,1,723,PKP Legionowo Przystanek,3 min przed czasem,Jabłonna Szkolna 02,,2024-12-25 11:07:45.225056
Autobus,1207,426,727,Władysławów,4 min przed czasem,Gołków Zielona 03,,2024-12-25 11:07:45.225056
Autobus,1523,1,702,Wiatraczna,4 min przed czasem,Wędkarska 02,,2024-12-25 11:07:45.225056
Autobus,6226,5,105,Os. Górczewska,4 min przed czasem,Os. Górczewska 03,,2024-12-25 11:07:45.225056
Tramwaj,4205,2,2,Winnica,4 min przed czasem,Metro Młociny 28,,2024-12-25 11:07:45.225056
Autobus,9527,54,715,Ursynów Płn.,4 min przed czasem,Herbsta 03,,2024-12-25 11:07:45.225056
Autobus,1209,422,739,Piaseczno Julianowska-Cmentarz,5 min przed czasem,Julianów Nadziei 01,,2024-12-25 11:07:45.225056
Autobus,6222,8,136,Natolin Płn.,5 min przed czasem,Miklaszewskiego 03,,2024-12-25 11:07:45.225056
Tramwaj,3127,26,17,PKP Służewiec,6 min przed czasem,Metro Marymont 03,,2024-12-25 11:07:45.225056
Autobus,2013,1,189,Sadyba,6 min przed czasem,Os. Górczewska 01,,2024-12-25 11:07:45.225056
Autobus,1862,1,720,Rzakta,3 min przed czasem,Malcanów Kotliny 02,,2024-12-25 11:07:45.225056
Autobus,70001,1,L39,Piaseczno Szpital,3 min przed czasem,Piaseczno Jarząbka 01,,2024-12-25 11:07:45.225056
Autobus,1532,1,251,Metro Wilanowska,3 min przed czasem,Os. Arbuzowa 02,,2024-12-25 11:07:45.225056
Autobus,1211,3,166,Pl. Hallera,3 min przed czasem,Pl. Hallera 07,,2024-12-25 11:07:45.225056
Autobus,6240,9,523,PKP Olszynka Grochowska,3 min przed czasem,Marszałkowska 01,,2024-12-25 11:07:45.225056
Autobus,4428,1,736,Żerań FSO,3 min przed czasem,Żerań FSO 12,,2024-12-25 11:07:45.225056
Autobus,7249,6,122,Gwiaździsta,3 min przed czasem,Os. Górczewska 01,,2024-12-25 11:07:45.225056
Autobus,5891,4,127,Browarna,3 min przed czasem,Metro Centrum Nauki Kopernik 04,,2024-12-25 11:07:45.225056
Autobus,4233,2,194,Cm. Wolski,3 min przed czasem,Cm. Wolski 08,,2024-12-25 11:07:45.225056
Autobus,758,2,150,Metro Młociny,3 min przed czasem,Dziekanów Leśny 01,,2024-12-25 11:07:45.225056
Autobus,9503,5,103,Brylowska,3 min przed czasem,Metro Młociny 01,,2024-12-25 11:07:45.225056
Autobus,9807,M8,167,Stare Bemowo,3 min przed czasem,PKP Wola (Kasprzaka) 02,,2024-12-25 11:07:45.225056
Autobus,4212,2,717,Piastów Ogińskiego,3 min przed czasem,Salomea 02,,2024-12-25 11:07:45.225056
Autobus,9804,3,167,Siekierki-Sanktuarium,3 min przed czasem,Spacerowa 03,,2024-12-25 11:07:45.225056
Autobus,6239,3,184,Szczęśliwice,3 min przed czasem,Szczęśliwicka 03,,2024-12-25 11:07:45.225056
Autobus,5434,1,723,PKP Legionowo Przystanek,3 min przed czasem,Jabłonna Szkolna 02,,2024-12-25 11:07:45.225056
Autobus,8463,6,112,CH Marki,3 min przed czasem,CH Marki 04,,2024-12-25 11:07:45.225056
Autobus,1207,426,727,Władysławów,4 min przed czasem,Gołków Zielona 03,,2024-12-25 11:07:45.225056
Autobus,1523,1,702,Wiatraczna,4 min przed czasem,Wędkarska 02,,2024-12-25 11:07:45.225056
Autobus,9807,M8,167,Stare Bemowo,3 min przed czasem,PKP Wola (Kasprzaka) 02,,2024-12-25 11:07:45.225056
Autobus,4212,2,717,Piastów Ogińskiego,3 min przed czasem,Salomea 02,,2024-12-25 11:07:45.225056
Autobus,9804,3,167,Siekierki-Sanktuarium,3 min przed czasem,Spacerowa 03,,2024-12-25 11:07:45.225056
Autobus,6239,3,184,Szczęśliwice,3 min przed czasem,Szczęśliwicka 03,,2024-12-25 11:07:45.225056
Autobus,5434,1,723,PKP Legionowo Przystanek,3 min przed czasem,Jabłonna Szkolna 02,,2024-12-25 11:07:45.225056
Autobus,8463,6,112,CH Marki,3 min przed czasem,CH Marki 04,,2024-12-25 11:07:45.225056
Autobus,1207,426,727,Władysławów,4 min przed czasem,Gołków Zielona 03,,2024-12-25 11:07:45.225056
Autobus,1523,1,702,Wiatraczna,4 min przed czasem,Wędkarska 02,,2024-12-25 11:07:45.225056
Tramwaj,4205,2,2,Winnica,4 min przed czasem,Metro Młociny 28,,2024-12-25 11:07:45.225056
Autobus,6226,5,105,Os. Górczewska,4 min przed czasem,Os. Górczewska 03,,2024-12-25 11:07:45.225056
Autobus,9527,54,715,Ursynów Płn.,4 min przed czasem,Herbsta 03,,2024-12-25 11:07:45.225056
Autobus,1209,422,739,Piaseczno Julianowska-Cmentarz,5 min przed czasem,Julianów Nadziei 01,,2024-12-25 11:07:45.225056
Autobus,6222,8,136,Natolin Płn.,5 min przed czasem,Miklaszewskiego 03,,2024-12-25 11:07:45.225056
Autobus,2013,1,189,Sadyba,6 min przed czasem,Os. Górczewska 01,,2024-12-25 11:07:45.225056
Tramwaj,3127,26,17,PKP Służewiec,6 min przed czasem,Metro Marymont 03,,2024-12-25 11:07:45.225056
Autobus,7215,8,523,PKP Olszynka Grochowska,7 min przed czasem,Chłopickiego 02,,2024-12-25 11:07:45.225056
Autobus,4216,2,154,P+R Al. Krakowska,7 min przed czasem,Dw. Zachodni 01,,2024-12-25 11:07:45.225056
Autobus,1069,2,108,Łososiowa,7 min przed czasem,Pl. Trzech Krzyży 02,,2024-12-25 11:07:45.225056
Autobus,9504,862,149,Groty,8 min przed czasem,Metro Bemowo 02,,2024-12-25 11:07:45.225056
