Type,Vehicle No,Brigade,Route,Trip Headsign,Delay,Stop Name,Outside,Timestamp
Autobus,9319,4,N03,Winnica,3 min,Płochocińska 02,,2024-12-25 00:02:26.410863
Autobus,9521,3,N02,Marysin,3 min,Zamieniecka 02,,2024-12-25 00:02:26.410863
Autobus,8543,3,N01,Nowodwory,2 min,Prozy 03,,2024-12-25 00:02:26.410863
Autobus,1119,187,N91,Dw. Centralny,2 min,Estrady 03,,2024-12-25 00:02:26.410863
Autobus,5968,4,N43,Chomiczówka,2 min,Rondo Zesłańców Syberyjskich 06,,2024-12-25 00:02:26.410863
Autobus,6232,237,N35,Centrum,2 min,Wawelska 01,,2024-12-25 00:02:26.410863
Autobus,5414,245,N63,Dw. Centralny,2 min,Mehoffera 01,,2024-12-25 00:02:26.410863
Autobus,4408,212,N11,Os. Derby,2 min,Rzeszotarskiej 02,,2024-12-25 00:02:26.410863
Autobus,4420,128,N12,Dw. Centralny,2 min,Rondo ONZ 01,,2024-12-25 00:02:26.410863
Autobus,8578,184,N22,Aleksandrów,2 min,Saska 03,,2024-12-25 00:02:26.410863
Autobus,4520,181,N41,Dw. Centralny,2 min,Metro Ratusz Arsenał 01,,2024-12-25 00:02:26.410863
Autobus,2015,2,N01,Ursynów Płn.,2 min,Metro Młociny 01,,2024-12-25 00:02:26.410863
Autobus,8563,214,N72,Dw. Centralny,2 min,Krucza 02,,2024-12-25 00:02:26.410863
Autobus,1537,4,N02,Marysin,1 min,PKP Targówek 01,,2024-12-25 00:02:26.410863
Autobus,5960,2,N43,Dw. Centralny,1 min,Piastów Śląskich 02,,2024-12-25 00:02:26.410863
Autobus,8349,257,N34,Dw. Centralny,1 min,Stryjeńskich 04,,2024-12-25 00:02:26.410863
Autobus,5414,245,N63,Dw. Centralny,2 min,Tarchomin 04,,2024-12-25 00:02:26.410863
Autobus,1119,187,N91,Dw. Centralny,2 min,Wólczyńska-Bocznica 01,,2024-12-25 00:02:26.410863
Autobus,8563,214,N72,Dw. Centralny,2 min,Centrum 06,,2024-12-25 00:02:26.410863
Autobus,8578,184,N22,Aleksandrów,2 min,Ateńska 03,,2024-12-25 00:02:26.410863
Autobus,4420,128,N12,Dw. Centralny,2 min,Dw. Centralny 21,,2024-12-25 00:02:26.410863
Autobus,8349,257,N34,Dw. Centralny,1 min,Pileckiego 03,,2024-12-25 00:02:26.410863
Autobus,4432,227,N62,PKP Wołomin,1 min,Wybrzeże Helskie 02,,2024-12-25 00:02:26.410863
Autobus,4424,131,N14,Dw. Centralny,1 min,Budowlana 01,,2024-12-25 00:02:26.410863
Autobus,2015,2,N01,Ursynów Płn.,1 min,Sokratesa 01,,2024-12-25 00:02:26.410863
Autobus,9210,2,N50,Waflowa,1 min,Waflowa 03,,2024-12-25 00:02:26.410863
Autobus,7887,213,N71,Wola Grzybowska,1 min,Kijowska 08,,2024-12-25 00:02:26.410863
Autobus,1537,4,N02,Marysin,1 min,Szwedzka 04,,2024-12-25 00:02:26.410863
Autobus,9914,218,N42,Os. Górczewska,1 min,Okopowa 02,,2024-12-25 00:02:26.410863
Autobus,4207,1,N44,Dw. Centralny,1 min,Dw. Centralny 23,Poza trasą,2024-12-25 00:02:26.410863
Autobus,9314,2,N02,Metro Młociny,1 min,Horbaczewskiego 02,,2024-12-25 00:02:26.410863
Autobus,7858,185,N21,Dw. Centralny,1 min,PKP Gocławek 01,,2024-12-25 00:02:26.410863
Autobus,9814,136,N35,Centrum,1 min,Keniga 02,,2024-12-25 00:02:26.410863
Autobus,9833,140,N32,Centrum,1 min,Pl. Zawiszy 03,,2024-12-25 00:02:26.410863
Autobus,8515,259,N34,Os. Kabaty,1 min,Woronicza 01,,2024-12-25 00:02:26.410863
Autobus,1537,4,N02,Marysin,1 min,Szwedzka 04,,2024-12-25 00:02:26.410863
Autobus,9914,218,N42,Os. Górczewska,1 min,Okopowa 02,,2024-12-25 00:02:26.410863
Autobus,4207,1,N44,Dw. Centralny,1 min,Dw. Centralny 23,Poza trasą,2024-12-25 00:02:26.410863
Autobus,9314,2,N02,Metro Młociny,1 min,Horbaczewskiego 02,,2024-12-25 00:02:26.410863
Autobus,7858,185,N21,Dw. Centralny,1 min,PKP Gocławek 01,,2024-12-25 00:02:26.410863
Autobus,9814,136,N35,Centrum,1 min,Keniga 02,,2024-12-25 00:02:26.410863
Autobus,9833,140,N32,Centrum,1 min,Pl. Zawiszy 03,,2024-12-25 00:02:26.410863
Autobus,8515,259,N34,Os. Kabaty,1 min,Woronicza 01,,2024-12-25 00:02:26.410863
Pociąg,1005,,WKD,Grodzisk Mazowiecki Radońska,1 min,Warszawa Aleje Jerozolimskie,,2024-12-25 00:02:26.410863
Autobus,4412,182,N41,Młociny-UKSW,1 min,Powązkowska 02,,2024-12-25 00:02:26.410863
Autobus,8517,172,N83,PKP Piaseczno,1 min,Al. Witosa 01,,2024-12-25 00:02:26.410863
Autobus,8351,169,N37,Dw. Centralny,1 min,Płaskowickiej 02,,2024-12-25 00:02:26.410863
Autobus,9928,216,N42,Os. Górczewska,1 min,Os. Górczewska 53,,2024-12-25 00:02:26.410863
Autobus,7841,174,N33,Dw. Centralny,1 min,Dw. Centralny 14,,2024-12-25 00:02:26.410863
Autobus,8828,203,N71,Dw. Centralny,1 min,Dw. Centralny 25,,2024-12-25 00:02:26.410863
Autobus,8368,173,N33,Dw. Centralny,1 min,Domaniewska 01,,2024-12-25 00:02:26.410863
Autobus,8560,267,N31,Sadyba,1 min,Sielce 01,,2024-12-25 00:02:26.410863
Autobus,7209,206,N88,Centrum,1 min,Falenty Duże 02,,2024-12-25 00:02:26.410863
Autobus,8517,172,N83,PKP Piaseczno,1 min,Al. Witosa 01,,2024-12-25 00:02:26.410863
Autobus,8351,169,N37,Dw. Centralny,1 min,Płaskowickiej 02,,2024-12-25 00:02:26.410863
Autobus,9928,216,N42,Os. Górczewska,1 min,Os. Górczewska 53,,2024-12-25 00:02:26.410863
Autobus,7841,174,N33,Dw. Centralny,1 min,Dw. Centralny 14,,2024-12-25 00:02:26.410863
Autobus,8828,203,N71,Dw. Centralny,1 min,Dw. Centralny 25,,2024-12-25 00:02:26.410863
Autobus,8368,173,N33,Dw. Centralny,1 min,Domaniewska 01,,2024-12-25 00:02:26.410863
Autobus,8560,267,N31,Sadyba,1 min,Sielce 01,,2024-12-25 00:02:26.410863
Autobus,7209,206,N88,Centrum,1 min,Falenty Duże 02,,2024-12-25 00:02:26.410863
Autobus,8524,264,N37,Os. Kabaty,1 min,Park Dreszera 01,,2024-12-25 00:02:26.410863
Autobus,9302,6,N03,Winnica,1 min,Ursynów Płn. 05,,2024-12-25 00:02:26.410863
Autobus,4335,134,N64,Choszczówka,1 min,Dw. Wileński 02,,2024-12-25 00:02:26.410863
Autobus,9094,5,N03,Winnica,0 min,Al. Zieleniecka 03,,2024-12-25 00:02:26.410863
Autobus,9814,136,N35,Centrum,0 min,Śmigielska 01,,2024-12-25 00:02:26.410863
Autobus,9226,472,N58,Metro Młociny,0 min,Truskaw 3 Maja 01,,2024-12-25 00:02:26.410863
Autobus,7876,1,N24,Dw. Centralny,0 min,Kordiana 01,,2024-12-25 00:02:26.410863
Autobus,8356,262,N36,Bokserska,0 min,Woronicza 06,,2024-12-25 00:02:26.410863
Autobus,7860,215,N72,Karczew Stare Miasto,0 min,Mera-Pnefal 02,,2024-12-25 00:02:26.410863
Autobus,4411,225,N62,Dw. Centralny,0 min,Wołomin Urząd Miasta 01,,2024-12-25 00:02:26.410863
Autobus,8524,264,N37,Os. Kabaty,1 min,Park Dreszera 01,,2024-12-25 00:02:26.410863
Autobus,9226,472,N58,Metro Młociny,1 min,Truskaw 3 Maja 01,,2024-12-25 00:02:26.410863
Autobus,9814,136,N35,Centrum,0 min,Śmigielska 01,,2024-12-25 00:02:26.410863
Autobus,7876,1,N24,Dw. Centralny,0 min,Kordiana 01,,2024-12-25 00:02:26.410863
Autobus,1417,207,N44,Zajezdnia Żoliborz,0 min,Pl. Wilsona 08,,2024-12-25 00:02:26.410863
Autobus,4411,225,N62,Dw. Centralny,0 min,Wołomin Urząd Miasta 01,,2024-12-25 00:02:26.410863
Autobus,8356,262,N36,Bokserska,0 min,Woronicza 06,,2024-12-25 00:02:26.410863
Autobus,7860,215,N72,Karczew Stare Miasto,0 min,Mera-Pnefal 02,,2024-12-25 00:02:26.410863
Autobus,4432,227,N62,PKP Wołomin,0 min,Rondo Starzyńskiego 12,,2024-12-25 00:02:26.410863
Autobus,1527,3,N03,Ursynów Płn.,0 min,Winnica 06,,2024-12-25 00:02:26.410863
Autobus,4426,121,N16,Dw. Centralny,0 min,Nowy Świat 02,,2024-12-25 00:02:26.410863
Autobus,8555,265,N31,Dw. Centralny,0 min,Pl. Konstytucji 08,,2024-12-25 00:02:26.410863
Autobus,4202,295,N45,Lazurowa,0 min,PKP Koło 02,,2024-12-25 00:02:26.410863
Autobus,1555,222,N16,Dw. Centralny,0 min,PKP Zacisze-Wilno 02,,2024-12-25 00:02:26.410863
Autobus,4220,194,N25,Międzylesie,0 min,Dw. Centralny 25,,2024-12-25 00:02:26.410863
Autobus,4223,186,N46,Dw. Centralny,0 min,Metro Młociny 23,,2024-12-25 00:02:26.410863
Autobus,4231,1,N45,Lazurowa,0 min,Dw. Centralny 29,,2024-12-25 00:02:26.410863
Autobus,4336,135,N14,Olesin,0 min,Dw. Centralny 21,,2024-12-25 00:02:26.410863
Autobus,4429,226,N12,Dw. Centralny,0 min,Metro Trocka 12,,2024-12-25 00:02:26.410863
Autobus,8555,265,N31,Dw. Centralny,0 min,Pl. Konstytucji 08,,2024-12-25 00:02:26.410863
Autobus,4220,194,N25,Międzylesie,0 min,Dw. Centralny 25,,2024-12-25 00:02:26.410863
Autobus,4223,186,N46,Dw. Centralny,0 min,Metro Młociny 23,,2024-12-25 00:02:26.410863
Autobus,4231,1,N45,Lazurowa,0 min,Dw. Centralny 29,,2024-12-25 00:02:26.410863
Autobus,4336,135,N14,Olesin,0 min,Dw. Centralny 21,,2024-12-25 00:02:26.410863
Autobus,4429,226,N12,Dw. Centralny,0 min,Metro Trocka 12,,2024-12-25 00:02:26.410863
Autobus,5420,2,N13,Dw. Centralny,0 min,Nowodwory 08,,2024-12-25 00:02:26.410863
Autobus,5425,246,N63,Dw. Centralny,0 min,Chotomów 01,,2024-12-25 00:02:26.410863
Autobus,5994,1,N13,Nowodwory,0 min,Dw. Centralny 23,,2024-12-25 00:02:26.410863
Autobus,6239,208,N32,Centrum,0 min,Lotnisko Chopina-Przyloty 02,,2024-12-25 00:02:26.410863
Autobus,7217,138,N85,Centrum,0 min,Pruszków Os. Staszica /pętla 01,,2024-12-25 00:02:26.410863
Autobus,7225,3,N43,Dw. Centralny,0 min,Chomiczówka 05,,2024-12-25 00:02:26.410863
Autobus,7838,219,N72,Dw. Centralny,0 min,Otwock Orla 02,,2024-12-25 00:02:26.410863
Autobus,7879,189,N71,Dw. Centralny,0 min,Wola Grzybowska 03,,2024-12-25 00:02:26.410863
Autobus,8341,166,N81,Dw. Centralny,0 min,Sarmacka 02,,2024-12-25 00:02:26.410863
Autobus,8541,270,N37,Dw. Centralny,0 min,Os. Kabaty 04,,2024-12-25 00:02:26.410863
Autobus,8544,171,N83,Dw. Centralny,0 min,PKP Piaseczno 04,,2024-12-25 00:02:26.410863
Autobus,8545,258,N34,Dw. Centralny,0 min,Os. Kabaty 03,,2024-12-25 00:02:26.410863
Autobus,7220,101,N32,Lotnisko Chopina,1 min przed czasem,Komitetu Obrony Robotników 01,,2024-12-25 00:02:26.410863
Autobus,9071,1,N03,Ursynów Płn.,1 min przed czasem,Małe Siekierki 01,,2024-12-25 00:02:26.410863
Autobus,8355,260,N86,Dw. Centralny,2 min przed czasem,Metro Pole Mokotowskie 02,,2024-12-25 00:02:26.410863
Autobus,1540,6,N02,Metro Młociny,2 min przed czasem,Metro Młociny 03,,2024-12-25 00:02:26.410863
Autobus,4333,6,N01,Ursynów Płn.,2 min przed czasem,Ursynów Płn. 06,,2024-12-25 00:02:26.410863
Autobus,7215,239,N85,Pruszków Os. Staszica /pętla,2 min przed czasem,Popularna 04,,2024-12-25 00:02:26.410863
Autobus,4421,123,N16,PKP Zacisze-Wilno,2 min przed czasem,Naczelnikowska 02,,2024-12-25 00:02:26.410863
Autobus,7882,204,N21,Stara Miłosna (Ułańska),2 min przed czasem,1. Praskiego Pułku 04,,2024-12-25 00:02:26.410863
Autobus,9510,2,N03,Ursynów Płn.,3 min przed czasem,Kijowska 08,,2024-12-25 00:02:26.410863
Autobus,1553,188,N46,Dw. Centralny,3 min przed czasem,Dw. Centralny 23,,2024-12-25 00:02:26.410863
Autobus,4416,183,N46,Metro Młociny,1 min przed czasem,Bohomolca 02,,2024-12-25 00:02:26.410863
Autobus,9071,1,N03,Ursynów Płn.,1 min przed czasem,Małe Siekierki 01,,2024-12-25 00:02:26.410863
Autobus,7220,101,N32,Lotnisko Chopina,1 min przed czasem,Komitetu Obrony Robotników 01,,2024-12-25 00:02:26.410863
Autobus,4333,6,N01,Ursynów Płn.,2 min przed czasem,Ursynów Płn. 06,,2024-12-25 00:02:26.410863
Autobus,8355,260,N86,Dw. Centralny,2 min przed czasem,Metro Pole Mokotowskie 02,,2024-12-25 00:02:26.410863
Autobus,1540,6,N02,Metro Młociny,2 min przed czasem,Metro Młociny 03,,2024-12-25 00:02:26.410863
Autobus,7215,239,N85,Pruszków Os. Staszica /pętla,2 min przed czasem,Popularna 04,,2024-12-25 00:02:26.410863
Autobus,7882,204,N21,Stara Miłosna (Ułańska),2 min przed czasem,1. Praskiego Pułku 04,,2024-12-25 00:02:26.410863
Autobus,4421,123,N16,PKP Zacisze-Wilno,2 min przed czasem,Księcia Ziemowita 04,,2024-12-25 00:02:26.410863
Autobus,1553,188,N46,Dw. Centralny,3 min przed czasem,Dw. Centralny 23,,2024-12-25 00:02:26.410863
Autobus,9510,2,N03,Ursynów Płn.,3 min przed czasem,Kijowska 08,,2024-12-25 00:02:26.410863
Autobus,4416,183,N46,Metro Młociny,1 min przed czasem,Bohomolca 02,,2024-12-25 00:02:26.410863
Autobus,9071,1,N03,Ursynów Płn.,1 min przed czasem,Małe Siekierki 01,,2024-12-25 00:02:26.410863
Autobus,7220,101,N32,Lotnisko Chopina,1 min przed czasem,Komitetu Obrony Robotników 01,,2024-12-25 00:02:26.410863
Autobus,4333,6,N01,Ursynów Płn.,2 min przed czasem,Ursynów Płn. 06,,2024-12-25 00:02:26.410863
Autobus,8355,260,N86,Dw. Centralny,2 min przed czasem,Metro Pole Mokotowskie 02,,2024-12-25 00:02:26.410863
Autobus,1540,6,N02,Metro Młociny,2 min przed czasem,Metro Młociny 03,,2024-12-25 00:02:26.410863
Autobus,7215,239,N85,Pruszków Os. Staszica /pętla,2 min przed czasem,Popularna 04,,2024-12-25 00:02:26.410863
Autobus,7882,204,N21,Stara Miłosna (Ułańska),2 min przed czasem,1. Praskiego Pułku 04,,2024-12-25 00:02:26.410863
Autobus,4421,123,N16,PKP Zacisze-Wilno,2 min przed czasem,Księcia Ziemowita 04,,2024-12-25 00:02:26.410863
Autobus,1553,188,N46,Dw. Centralny,3 min przed czasem,Dw. Centralny 23,,2024-12-25 00:02:26.410863
Autobus,9510,2,N03,Ursynów Płn.,3 min przed czasem,Kijowska 08,,2024-12-25 00:02:26.410863
Autobus,7215,239,N85,Pruszków Os. Staszica /pętla,2 min przed czasem,Popularna 04,,2024-12-25 00:02:26.410863
Autobus,8355,260,N86,Dw. Centralny,2 min przed czasem,Metro Pole Mokotowskie 02,,2024-12-25 00:02:26.410863
Autobus,7882,204,N21,Stara Miłosna (Ułańska),2 min przed czasem,Sagalli 02,,2024-12-25 00:02:26.410863
Autobus,1540,6,N02,Metro Młociny,2 min przed czasem,Metro Młociny 03,,2024-12-25 00:02:26.410863
Autobus,9510,2,N03,Ursynów Płn.,2 min przed czasem,Kijowska 08,,2024-12-25 00:02:26.410863
Autobus,4421,123,N16,PKP Zacisze-Wilno,3 min przed czasem,Księcia Ziemowita 04,,2024-12-25 00:02:26.410863
Autobus,1553,188,N46,Dw. Centralny,3 min przed czasem,Dw. Centralny 23,,2024-12-25 00:02:26.410863
Autobus,7215,239,N85,Pruszków Os. Staszica /pętla,2 min przed czasem,Popularna 04,,2024-12-25 00:02:26.410863
Autobus,8355,260,N86,Dw. Centralny,2 min przed czasem,Metro Pole Mokotowskie 02,,2024-12-25 00:02:26.410863
Autobus,7882,204,N21,Stara Miłosna (Ułańska),2 min przed czasem,Sagalli 02,,2024-12-25 00:02:26.410863
Autobus,1540,6,N02,Metro Młociny,2 min przed czasem,Metro Młociny 03,,2024-12-25 00:02:26.410863
Autobus,9510,2,N03,Ursynów Płn.,2 min przed czasem,Kijowska 08,,2024-12-25 00:02:26.410863
Autobus,4421,123,N16,PKP Zacisze-Wilno,3 min przed czasem,Księcia Ziemowita 04,,2024-12-25 00:02:26.410863
Autobus,1553,188,N46,Dw. Centralny,3 min przed czasem,Dw. Centralny 23,,2024-12-25 00:02:26.410863
Autobus,7215,239,N85,Pruszków Os. Staszica /pętla,2 min przed czasem,Popularna 04,,2024-12-25 00:02:26.410863
Autobus,8355,260,N86,Dw. Centralny,2 min przed czasem,Metro Pole Mokotowskie 02,,2024-12-25 00:02:26.410863
Autobus,7882,204,N21,Stara Miłosna (Ułańska),2 min przed czasem,Sagalli 02,,2024-12-25 00:02:26.410863
Autobus,1540,6,N02,Metro Młociny,2 min przed czasem,Metro Młociny 03,,2024-12-25 00:02:26.410863
Autobus,7882,204,N21,Stara Miłosna (Ułańska),1 min przed czasem,Sagalli 02,,2024-12-25 00:02:26.410863
Autobus,7215,239,N85,Pruszków Os. Staszica /pętla,1 min przed czasem,Popularna 04,,2024-12-25 00:02:26.410863
Autobus,8355,260,N86,Dw. Centralny,2 min przed czasem,Metro Pole Mokotowskie 02,,2024-12-25 00:02:26.410863
Autobus,4416,183,N46,Metro Młociny,1 min przed czasem,Marymont-Potok 06,,2024-12-25 00:02:26.410863
Autobus,4244,4,N01,Nowodwory,1 min przed czasem,Metro Bemowo 04,,2024-12-25 00:02:26.410863
Autobus,4333,6,N01,Ursynów Płn.,1 min przed czasem,Ursynów Płn. 06,,2024-12-25 00:02:26.410863
Autobus,4222,2,N44,Dw. Centralny,1 min przed czasem,Metro Wawrzyszew 05,,2024-12-25 00:02:26.410863
Autobus,7882,204,N21,Stara Miłosna (Ułańska),1 min przed czasem,Sagalli 02,,2024-12-25 00:02:26.410863
Autobus,7215,239,N85,Pruszków Os. Staszica /pętla,1 min przed czasem,Popularna 04,,2024-12-25 00:02:26.410863
Autobus,8355,260,N86,Dw. Centralny,2 min przed czasem,Metro Pole Mokotowskie 02,,2024-12-25 00:02:26.410863
Autobus,1540,6,N02,Metro Młociny,2 min przed czasem,Metro Młociny 03,,2024-12-25 00:02:26.410863
Autobus,9510,2,N03,Ursynów Płn.,2 min przed czasem,Kijowska 08,,2024-12-25 00:02:26.410863
Autobus,4421,123,N16,PKP Zacisze-Wilno,2 min przed czasem,Chemiczna 02,,2024-12-25 00:02:26.410863
Autobus,1553,188,N46,Dw. Centralny,3 min przed czasem,Dw. Centralny 23,,2024-12-25 00:02:26.410863
Autobus,4416,183,N46,Metro Młociny,1 min przed czasem,Marymont-Potok 06,,2024-12-25 00:02:26.410863
Autobus,4244,4,N01,Nowodwory,1 min przed czasem,Metro Bemowo 04,,2024-12-25 00:02:26.410863
Autobus,4333,6,N01,Ursynów Płn.,1 min przed czasem,Ursynów Płn. 06,,2024-12-25 00:02:26.410863
Autobus,4222,2,N44,Dw. Centralny,1 min przed czasem,Metro Wawrzyszew 05,,2024-12-25 00:02:26.410863
Autobus,7882,204,N21,Stara Miłosna (Ułańska),1 min przed czasem,Sagalli 02,,2024-12-25 00:02:26.410863
Autobus,7215,239,N85,Pruszków Os. Staszica /pętla,1 min przed czasem,Popularna 04,,2024-12-25 00:02:26.410863
Autobus,8355,260,N86,Dw. Centralny,2 min przed czasem,Metro Pole Mokotowskie 02,,2024-12-25 00:02:26.410863
Autobus,1540,6,N02,Metro Młociny,2 min przed czasem,Metro Młociny 03,,2024-12-25 00:02:26.410863
Autobus,9510,2,N03,Ursynów Płn.,2 min przed czasem,Kijowska 08,,2024-12-25 00:02:26.410863
Autobus,4421,123,N16,PKP Zacisze-Wilno,2 min przed czasem,Chemiczna 02,,2024-12-25 00:02:26.410863
Autobus,1553,188,N46,Dw. Centralny,3 min przed czasem,Dw. Centralny 23,,2024-12-25 00:02:26.410863
Autobus,4416,183,N46,Metro Młociny,1 min przed czasem,Marymont-Potok 06,,2024-12-25 00:02:26.410863
Autobus,4244,4,N01,Nowodwory,1 min przed czasem,Metro Bemowo 04,,2024-12-25 00:02:26.410863
Autobus,4333,6,N01,Ursynów Płn.,1 min przed czasem,Ursynów Płn. 06,,2024-12-25 00:02:26.410863
Autobus,4222,2,N44,Dw. Centralny,1 min przed czasem,Metro Wawrzyszew 05,,2024-12-25 00:02:26.410863
Autobus,7882,204,N21,Stara Miłosna (Ułańska),1 min przed czasem,Sagalli 02,,2024-12-25 00:02:26.410863
Autobus,7215,239,N85,Pruszków Os. Staszica /pętla,1 min przed czasem,Popularna 04,,2024-12-25 00:02:26.410863
Autobus,8355,260,N86,Dw. Centralny,2 min przed czasem,Metro Pole Mokotowskie 02,,2024-12-25 00:02:26.410863
Autobus,1540,6,N02,Metro Młociny,2 min przed czasem,Metro Młociny 03,,2024-12-25 00:02:26.410863
Autobus,9510,2,N03,Ursynów Płn.,2 min przed czasem,Kijowska 08,,2024-12-25 00:02:26.410863
Autobus,4421,123,N16,PKP Zacisze-Wilno,2 min przed czasem,Chemiczna 02,,2024-12-25 00:02:26.410863
Autobus,1553,188,N46,Dw. Centralny,3 min przed czasem,Dw. Centralny 23,,2024-12-25 00:02:26.410863
Autobus,4416,183,N46,Metro Młociny,1 min przed czasem,Marymont-Potok 06,,2024-12-25 00:02:26.410863
Autobus,4244,4,N01,Nowodwory,1 min przed czasem,Metro Bemowo 04,,2024-12-25 00:02:26.410863
Autobus,4333,6,N01,Ursynów Płn.,1 min przed czasem,Ursynów Płn. 06,,2024-12-25 00:02:26.410863
Autobus,4222,2,N44,Dw. Centralny,1 min przed czasem,Metro Wawrzyszew 05,,2024-12-25 00:02:26.410863
Autobus,7882,204,N21,Stara Miłosna (Ułańska),1 min przed czasem,Sagalli 02,,2024-12-25 00:02:26.410863
Autobus,7215,239,N85,Pruszków Os. Staszica /pętla,1 min przed czasem,Popularna 04,,2024-12-25 00:02:26.410863
Autobus,8355,260,N86,Dw. Centralny,2 min przed czasem,Metro Pole Mokotowskie 02,,2024-12-25 00:02:26.410863
Autobus,1540,6,N02,Metro Młociny,2 min przed czasem,Metro Młociny 03,,2024-12-25 00:02:26.410863
Autobus,9510,2,N03,Ursynów Płn.,2 min przed czasem,Kijowska 08,,2024-12-25 00:02:26.410863
Autobus,4421,123,N16,PKP Zacisze-Wilno,2 min przed czasem,Chemiczna 02,,2024-12-25 00:02:26.410863
Autobus,1553,188,N46,Dw. Centralny,3 min przed czasem,Dw. Centralny 23,,2024-12-25 00:02:26.410863
