Type,Vehicle No,Brigade,Route,Trip Headsign,Delay,Stop Name,Outside,Timestamp
Autobus,5981,4,518,Nowodwory,32 min,Metro Marymont 11,,2024-12-25 15:07:35.554737
Autobus,5960,5,518,Nowodwory,26 min,Kapitulna 02,,2024-12-25 15:07:35.554737
Autobus,5926,2,180,Chomiczówka,25 min,Kapitulna 02,,2024-12-25 15:07:35.554737
Tramwaj,4257,9,17,PKP Służewiec,22 min,Domaniewska 03,,2024-12-25 15:07:35.554737
Autobus,8520,1,172,CH Blue City,22 min,Pruszkowska 04,,2024-12-25 15:07:35.554737
Autobus,7819,5,525,Międzylesie,21 min,IX Poprzeczna 01,,2024-12-25 15:07:35.554737
Tramwaj,3190,8,26,Metro Młociny,21 min,Wiatraczna 05,,2024-12-25 15:07:35.554737
Tramwaj,3239,6,26,Metro Młociny,21 min,Synów Pułku 04,,2024-12-25 15:07:35.554737
Autobus,5927,6,503,Konwiktorska,20 min,Pl. Krasińskich 02,,2024-12-25 15:07:35.554737
Tramwaj,3224,2,17,PKP Służewiec,20 min,Metro Słodowiec 05,,2024-12-25 15:07:35.554737
Autobus,5446,11,116,Wilanów,20 min,Pl. Teatralny 01,,2024-12-25 15:07:35.554737
Tramwaj,3827,7,6,Gocławek,19 min,Międzyborska 04,,2024-12-25 15:07:35.554737
Tramwaj,4117,3,17,PKP Służewiec,19 min,Nowodwory 05,,2024-12-25 15:07:35.554737
Autobus,4526,5,220,Opacz-Kolonia Rebusowa,19 min,Nowe Bemowo 12,,2024-12-25 15:07:35.554737
Autobus,7730,319,525,Międzylesie,19 min,Saska 02,,2024-12-25 15:07:35.554737
Autobus,4239,4,220,Opacz-Kolonia Rebusowa,19 min,Batalionów Chłopskich 01,,2024-12-25 15:07:35.554737
Autobus,7888,6,520,Marysin,17 min,Potockich 02,,2024-12-25 15:07:35.554737
Autobus,5942,606,507,Gocław,16 min,Centrum 15,,2024-12-25 15:07:35.554737
Autobus,2040,3,709,Metro Wilanowska,15 min,Żołny 02,,2024-12-25 15:07:35.554737
Tramwaj,3224,2,17,PKP Służewiec,20 min,Metro Słodowiec 05,,2024-12-25 15:07:35.554737
Autobus,5446,11,116,Wilanów,20 min,Pl. Teatralny 01,,2024-12-25 15:07:35.554737
Autobus,4526,5,220,Opacz-Kolonia Rebusowa,19 min,Nowe Bemowo 12,,2024-12-25 15:07:35.554737
Tramwaj,4117,3,17,PKP Służewiec,19 min,Nowodwory 05,,2024-12-25 15:07:35.554737
Autobus,7730,319,525,Międzylesie,19 min,Międzynarodowa 02,,2024-12-25 15:07:35.554737
Autobus,4239,4,220,Opacz-Kolonia Rebusowa,19 min,Batalionów Chłopskich 01,,2024-12-25 15:07:35.554737
Tramwaj,3827,7,6,Gocławek,19 min,Kickiego 02,,2024-12-25 15:07:35.554737
Autobus,7888,6,520,Marysin,18 min,Potockich 02,,2024-12-25 15:07:35.554737
Autobus,5942,606,507,Gocław,16 min,Centrum 15,,2024-12-25 15:07:35.554737
Autobus,2040,3,709,Metro Wilanowska,15 min,Sójki 02,,2024-12-25 15:07:35.554737
Autobus,7748,1,525,Międzylesie,14 min,Centrum 01,,2024-12-25 15:07:35.554737
Autobus,2021,4,709,Metro Wilanowska,14 min,Piaseczno Energetyczna 02,,2024-12-25 15:07:35.554737
Autobus,8528,8,143,Rembertów-Kolonia,14 min,Marszałkowska 01,,2024-12-25 15:07:35.554737
Autobus,5915,5,116,Chomiczówka,14 min,Kapitulna 02,,2024-12-25 15:07:35.554737
Autobus,5973,4,116,Chomiczówka,13 min,Park Kaskada 02,,2024-12-25 15:07:35.554737
Autobus,5977,4,503,Natolin Płn.,13 min,Kapitulna 01,,2024-12-25 15:07:35.554737
Autobus,5923,7,116,Chomiczówka,13 min,Św. Bonifacego 02,,2024-12-25 15:07:35.554737
Autobus,8505,445,500,Rondo „Radosława”,11 min,Dw. Gdański 04,,2024-12-25 15:07:35.554737
Autobus,5956,3,180,Chomiczówka,11 min,Pl. Teatralny 04,,2024-12-25 15:07:35.554737
Autobus,7748,1,525,Międzylesie,14 min,Centrum 01,,2024-12-25 15:07:35.554737
Autobus,2021,4,709,Metro Wilanowska,14 min,Piaseczno Energetyczna 02,,2024-12-25 15:07:35.554737
Autobus,8528,8,143,Rembertów-Kolonia,14 min,Marszałkowska 01,,2024-12-25 15:07:35.554737
Autobus,5915,5,116,Chomiczówka,14 min,Kapitulna 02,,2024-12-25 15:07:35.554737
Autobus,5973,4,116,Chomiczówka,13 min,Park Kaskada 02,,2024-12-25 15:07:35.554737
Autobus,5977,4,503,Natolin Płn.,13 min,Kapitulna 01,,2024-12-25 15:07:35.554737
Autobus,5923,7,116,Chomiczówka,13 min,Św. Bonifacego 02,,2024-12-25 15:07:35.554737
Autobus,8505,445,500,Rondo „Radosława”,11 min,Dw. Gdański 04,,2024-12-25 15:07:35.554737
Autobus,5956,3,180,Chomiczówka,11 min,Pl. Teatralny 04,,2024-12-25 15:07:35.554737
Autobus,5958,9,180,Wilanów,11 min,Pl. Trzech Krzyży 01,,2024-12-25 15:07:35.554737
Autobus,9560,3,178,Skorosze,11 min,Pl. Teatralny 01,,2024-12-25 15:07:35.554737
Autobus,6238,3,172,CH Blue City,10 min,Sadyba 06,,2024-12-25 15:07:35.554737
Autobus,5890,2,503,Natolin Płn.,10 min,Ursynów Płn. 01,,2024-12-25 15:07:35.554737
Autobus,9917,8,186,Nowodwory,9 min,Szczęśliwice 04,,2024-12-25 15:07:35.554737
Tramwaj,4109,548,4,Wyścigi,8 min,Metro Ratusz Arsenał 10,,2024-12-25 15:07:35.554737
Autobus,8523,5,709,Metro Wilanowska,7 min,Piaseczno Dworcowa 01,,2024-12-25 15:07:35.554737
Autobus,5974,438,180,Wilanów,7 min,Sadyba 01,,2024-12-25 15:07:35.554737
Autobus,5979,6,518,Nowodwory,7 min,Kapitulna 02,,2024-12-25 15:07:35.554737
Autobus,5873,404,128,Szczęśliwice,7 min,Pl. Teatralny 01,,2024-12-25 15:07:35.554737
Tramwaj,4109,548,4,Wyścigi,8 min,Metro Ratusz Arsenał 10,,2024-12-25 15:07:35.554737
Autobus,8523,5,709,Metro Wilanowska,7 min,Piaseczno Dworcowa 01,,2024-12-25 15:07:35.554737
Autobus,5979,6,518,Nowodwory,7 min,Kapitulna 02,,2024-12-25 15:07:35.554737
Autobus,5873,404,128,Szczęśliwice,7 min,Pl. Teatralny 01,,2024-12-25 15:07:35.554737
Autobus,5954,7,503,Konwiktorska,7 min,Pl. Teatralny 04,,2024-12-25 15:07:35.554737
Autobus,5974,438,180,Wilanów,6 min,Sadyba 01,,2024-12-25 15:07:35.554737
Autobus,5964,1,116,Wilanów,6 min,Kapitulna 01,,2024-12-25 15:07:35.554737
Autobus,5976,601,111,Esperanto,6 min,Królewska 03,,2024-12-25 15:07:35.554737
Autobus,5941,607,507,Gocław,5 min,Dw. Centralny 16,,2024-12-25 15:07:35.554737
Pociąg,2020,,WKD,,5 min,,,2024-12-25 15:07:35.554737
Autobus,6222,8,136,Ostroroga,5 min,Banacha-Szpital 04,,2024-12-25 15:07:35.554737
Autobus,5405,9,509,Winnica,5 min,Tarchomin 02,,2024-12-25 15:07:35.554737
Autobus,8897,1,174,Rondo ONZ,5 min,Odyńca 02,,2024-12-25 15:07:35.554737
Autobus,5943,448,116,Chomiczówka,5 min,Królowej Marysieńki 02,,2024-12-25 15:07:35.554737
Autobus,9824,1,719,Leszno,5 min,Zielonki 01,,2024-12-25 15:07:35.554737
Autobus,7816,7,520,Dw. Centralny,5 min,Marysin 03,,2024-12-25 15:07:35.554737
Autobus,6219,3,122,Os. Górczewska,5 min,Raginisa 02,,2024-12-25 15:07:35.554737
Autobus,4246,6,220,Nowe Bemowo,4 min,Zachodzącego Słońca 01,,2024-12-25 15:07:35.554737
Autobus,5871,406,175,Lotnisko Chopina,4 min,Pl. Zawiszy 15,,2024-12-25 15:07:35.554737
Autobus,6222,8,136,Ostroroga,5 min,Banacha-Szpital 04,,2024-12-25 15:07:35.554737
Autobus,5405,9,509,Winnica,5 min,Tarchomin 02,,2024-12-25 15:07:35.554737
Autobus,8897,1,174,Rondo ONZ,5 min,Odyńca 02,,2024-12-25 15:07:35.554737
Autobus,8897,1,174,Rondo ONZ,5 min,Odyńca 02,,2024-12-25 15:07:35.554737
Autobus,5943,448,116,Chomiczówka,5 min,Królowej Marysieńki 02,,2024-12-25 15:07:35.554737
Autobus,7816,7,520,Dw. Centralny,5 min,Marysin 03,,2024-12-25 15:07:35.554737
Autobus,6219,3,122,Os. Górczewska,5 min,Raginisa 02,,2024-12-25 15:07:35.554737
Autobus,4246,6,220,Nowe Bemowo,5 min,Rodła 01,,2024-12-25 15:07:35.554737
Autobus,5878,3,503,Natolin Płn.,4 min,Warneńska 01,,2024-12-25 15:07:35.554737
Autobus,9824,1,719,Leszno,4 min,Zielonki-Wieś Warszawska 01,,2024-12-25 15:07:35.554737
Autobus,9344,643,199,Bródno-Podgrodzie,4 min,Metro Kondratowicza 01,,2024-12-25 15:07:35.554737
Autobus,5871,406,175,Lotnisko Chopina,4 min,Pl. Zawiszy 15,,2024-12-25 15:07:35.554737
Autobus,9339,592,179,Ursynów Płn.,4 min,Miklaszewskiego 04,,2024-12-25 15:07:35.554737
Autobus,1216,657,166,Pl. Hallera,4 min,Rondo Waszyngtona 04,,2024-12-25 15:07:35.554737
Autobus,7747,6,143,Rembertów-Kolonia,4 min,Okularowa 02,,2024-12-25 15:07:35.554737
Autobus,1203,424,727,Metro Wilanowska,4 min,Piaseczno Zalesie Dolne 02,,2024-12-25 15:07:35.554737
Autobus,1554,1,122,Gwiaździsta,4 min,Hala Wola 02,,2024-12-25 15:07:35.554737
Autobus,9850,6,167,Siekierki-Sanktuarium,4 min,Budexpo 01,,2024-12-25 15:07:35.554737
Autobus,8463,6,112,CH Marki,4 min,Szpital Bródnowski 02,,2024-12-25 15:07:35.554737
Autobus,5871,406,175,Lotnisko Chopina,4 min,Pl. Zawiszy 15,,2024-12-25 15:07:35.554737
Autobus,9339,592,179,Ursynów Płn.,4 min,Miklaszewskiego 04,,2024-12-25 15:07:35.554737
Autobus,1216,657,166,Pl. Hallera,4 min,Rondo Waszyngtona 04,,2024-12-25 15:07:35.554737
Autobus,7747,6,143,Rembertów-Kolonia,4 min,Okularowa 02,,2024-12-25 15:07:35.554737
Autobus,1203,424,727,Metro Wilanowska,4 min,Piaseczno Zalesie Dolne 02,,2024-12-25 15:07:35.554737
Autobus,1554,1,122,Gwiaździsta,4 min,Hala Wola 02,,2024-12-25 15:07:35.554737
Autobus,9850,6,167,Siekierki-Sanktuarium,4 min,Budexpo 01,,2024-12-25 15:07:35.554737
Autobus,8463,6,112,CH Marki,4 min,Szpital Bródnowski 02,,2024-12-25 15:07:35.554737
Tramwaj,3823,1,20,Boernerowo,3 min,Pl. Pole Elekcyjne 04,,2024-12-25 15:07:35.554737
Autobus,1550,439,146,Dw. Wschodni (Lubelska),3 min,Francuska 02,,2024-12-25 15:07:35.554737
Autobus,5896,8,503,Konwiktorska,3 min,Krucza 02,,2024-12-25 15:07:35.554737
Autobus,5947,10,116,Wilanów,3 min,Truskawiecka 51,,2024-12-25 15:07:35.554737
Autobus,9810,6,185,CH Ursynów,3 min,Strzeleckiego 01,,2024-12-25 15:07:35.554737
Autobus,1219,633,218,Metro Wierzbno,3 min,Maklakiewicza 01,,2024-12-25 15:07:35.554737
Autobus,8526,371,174,Bokserska,3 min,Dw. Centralny 05,,2024-12-25 15:07:35.554737
Autobus,9093,2,161,Zbójna Góra,3 min,PKP Falenica 07,,2024-12-25 15:07:35.554737
Autobus,4418,3,212,Pl. Hallera,3 min,Metro Targówek Mieszkaniowy 01,,2024-12-25 15:07:35.554737
Tramwaj,4211,3,2,Metro Młociny,3 min,Zajezdnia Żoliborz 06,,2024-12-25 15:07:35.554737
Autobus,8558,1,162,Pl. Hallera,3 min,Szwoleżerów 04,,2024-12-25 15:07:35.554737
Autobus,9094,M63,204,Metro Bródno,2 min,KS Polonez 03,,2024-12-25 15:07:35.554737
Tramwaj,4281,9,33,Metro Młociny,2 min,Hala Mirowska 04,,2024-12-25 15:07:35.554737
Tramwaj,3275,7,15,P+R Al. Krakowska,2 min,Hoża 03,,2024-12-25 15:07:35.554737
Autobus,5934,602,111,Esperanto,2 min,Rondo Waszyngtona 01,,2024-12-25 15:07:35.554737
Autobus,8534,4,148,Wiatraczna,2 min,Łukowska 02,,2024-12-25 15:07:35.554737
Autobus,9825,2,719,Metro Bemowo,2 min,Zaborów-Szkoła 02,,2024-12-25 15:07:35.554737
Autobus,4227,1,220,Nowe Bemowo,2 min,Szobera 02,,2024-12-25 15:07:35.554737
Autobus,80122,1,L38,Wołomin Szpital Powiatowy,2 min,Wołomin Waryńskiego 02,,2024-12-25 15:07:35.554737
Autobus,9811,8,185,CH Ursynów,2 min,Centrum Olimpijskie 01,,2024-12-25 15:07:35.554737
Autobus,4215,4,154,P+R Al. Krakowska,2 min,Okęcie Business Park 02,,2024-12-25 15:07:35.554737
Autobus,9808,3,185,Gwiaździsta,2 min,Chełmska 02,,2024-12-25 15:07:35.554737
Tramwaj,3206,4,24,Gocławek,2 min,Czapelska 02,,2024-12-25 15:07:35.554737
Tramwaj,3212,522,3,Annopol,2 min,Kwatery Głównej 03,,2024-12-25 15:07:35.554737
Autobus,6202,2,177,Os. Górczewska,2 min,Nowe Włochy 06,,2024-12-25 15:07:35.554737
Autobus,9317,4,202,PKP Gocławek,2 min,Hetmańska 02,,2024-12-25 15:07:35.554737
Autobus,6237,3,189,Sadyba,2 min,Dolina Służewiecka 02,,2024-12-25 15:07:35.554737
Autobus,8559,1,519,Powsin-Park Kultury,2 min,Królowej Marysieńki 01,,2024-12-25 15:07:35.554737
Autobus,1814,1,123,Dw. Wschodni (Lubelska),2 min,Wiatraczna 08,,2024-12-25 15:07:35.554737
Autobus,8530,8,166,Pl. Hallera,2 min,Kostrzewskiego 52,,2024-12-25 15:07:35.554737
Autobus,4215,4,154,P+R Al. Krakowska,2 min,Okęcie Business Park 02,,2024-12-25 15:07:35.554737
Autobus,8559,1,519,Powsin-Park Kultury,2 min,Królowej Marysieńki 01,,2024-12-25 15:07:35.554737
Autobus,9811,8,185,CH Ursynów,2 min,Centrum Olimpijskie 01,,2024-12-25 15:07:35.554737
Autobus,9945,7,190,Znana,2 min,Metro Ratusz Arsenał 10,,2024-12-25 15:07:35.554737
Tramwaj,3275,7,15,P+R Al. Krakowska,2 min,Hoża 03,,2024-12-25 15:07:35.554737
Autobus,1859,4,123,Dw. Wschodni (Kijowska),2 min,Rondo Waszyngtona 04,,2024-12-25 15:07:35.554737
Autobus,9808,3,185,Gwiaździsta,2 min,Chełmska 02,,2024-12-25 15:07:35.554737
Autobus,1210,836,165,Wyczółki,2 min,Smoluchowskiego 04,,2024-12-25 15:07:35.554737
Autobus,5912,408,175,Pl. Piłsudskiego,2 min,Pl. Starynkiewicza 01,,2024-12-25 15:07:35.554737
Autobus,9933,5,114,Bródno-Podgrodzie,2 min,Bartnicza 04,,2024-12-25 15:07:35.554737
Autobus,2014,6,148,Wiatraczna,2 min,Szpital Południowy 03,,2024-12-25 15:07:35.554737
Autobus,5939,608,507,Dw. Centralny,2 min,Stacja Krwiodawstwa 04,,2024-12-25 15:07:35.554737
Autobus,9518,671,712,Klaudyn,2 min,Blizne Łaszczyńskiego 04,,2024-12-25 15:07:35.554737
Autobus,5896,8,503,Konwiktorska,2 min,Krucza 02,,2024-12-25 15:07:35.554737
Autobus,9336,641,245,Bródno-Podgrodzie,2 min,Ząbki Cmentarz 02,,2024-12-25 15:07:35.554737
Autobus,1030,1,163,Metro Wilanowska,2 min,Goraszewska 04,,2024-12-25 15:07:35.554737
Autobus,7241,4,523,Stare Bemowo,2 min,Szaserów-Szpital 01,,2024-12-25 15:07:35.554737
Autobus,8530,8,166,Pl. Hallera,2 min,Kostrzewskiego 52,,2024-12-25 15:07:35.554737
Autobus,1903,5,106,Mariensztat,2 min,Królewska 03,,2024-12-25 15:07:35.554737
Autobus,2014,6,148,Wiatraczna,2 min,Szpital Południowy 03,,2024-12-25 15:07:35.554737
Autobus,5939,608,507,Dw. Centralny,2 min,Stacja Krwiodawstwa 04,,2024-12-25 15:07:35.554737
Autobus,9518,671,712,Klaudyn,2 min,Blizne Łaszczyńskiego 04,,2024-12-25 15:07:35.554737
Autobus,5896,8,503,Konwiktorska,2 min,Krucza 02,,2024-12-25 15:07:35.554737
Autobus,9336,641,245,Bródno-Podgrodzie,2 min,Ząbki Cmentarz 02,,2024-12-25 15:07:35.554737
Autobus,1030,1,163,Metro Wilanowska,2 min,Goraszewska 04,,2024-12-25 15:07:35.554737
Autobus,7241,4,523,Stare Bemowo,2 min,Szaserów-Szpital 01,,2024-12-25 15:07:35.554737
Autobus,8530,8,166,Pl. Hallera,2 min,Kostrzewskiego 52,,2024-12-25 15:07:35.554737
Autobus,1903,5,106,Mariensztat,2 min,Królewska 03,,2024-12-25 15:07:35.554737
Tramwaj,3284,3,3,Annopol,2 min,Dw. Wileński 08,,2024-12-25 15:07:35.554737
Autobus,1807,3,197,Cm. Wolski,2 min,Kochanowskiego 01,,2024-12-25 15:07:35.554737
Autobus,9206,572,209,Dawidy,2 min,Żołny 01,,2024-12-25 15:07:35.554737
Autobus,9514,5,178,Konwiktorska,2 min,Dzieci Warszawy 01,,2024-12-25 15:07:35.554737
Autobus,1546,449,146,Falenica,2 min,Rzymska 01,,2024-12-25 15:07:35.554737
Autobus,4205,1,717,Piastów Ogińskiego,2 min,Berestecka 02,,2024-12-25 15:07:35.554737
Autobus,721,2,750,Metro Młociny,2 min,Kiełpin-Cmentarz 01,,2024-12-25 15:07:35.554737
Autobus,9079,M3,161,Olecka,2 min,Cygańska 01,,2024-12-25 15:07:35.554737
Autobus,15088,2,L41,PKP Legionowo,2 min,Legionowo Siwińskiego 04,,2024-12-25 15:07:35.554737
Autobus,5961,1,518,Bielańska,2 min,Kapitulna 01,,2024-12-25 15:07:35.554737
Autobus,5912,408,175,Pl. Piłsudskiego,2 min,Dw. Centralny 01,,2024-12-25 15:07:35.554737
Autobus,1030,1,163,Metro Wilanowska,2 min,Klarysewska 02,,2024-12-25 15:07:35.554737
Autobus,721,2,750,Metro Młociny,2 min,Łomianki Weteranów 01,,2024-12-25 15:07:35.554737
Tramwaj,3275,7,15,P+R Al. Krakowska,2 min,Hoża 03,,2024-12-25 15:07:35.554737
Autobus,7209,5,172,Sadyba,2 min,Mołdawska 02,,2024-12-25 15:07:35.554737
Autobus,15088,2,L41,PKP Legionowo,2 min,Legionowo Siwińskiego 04,,2024-12-25 15:07:35.554737
Autobus,4510,2,197,Cm. Wolski,2 min,Fort Wola 06,,2024-12-25 15:07:35.554737
Autobus,1807,3,197,Cm. Wolski,2 min,Ogrody Działkowe Piaski 02,,2024-12-25 15:07:35.554737
Autobus,9206,572,209,Dawidy,2 min,Żołny 01,,2024-12-25 15:07:35.554737
Autobus,5884,6,127,Nowe Włochy,2 min,Dw. Centralny 02,,2024-12-25 15:07:35.554737
Autobus,9094,M63,204,Metro Bródno,2 min,Suwalska 01,,2024-12-25 15:07:35.554737
Autobus,6226,5,105,Rondo Daszyńskiego,2 min,Rondo Daszyńskiego 09,,2024-12-25 15:07:35.554737
Tramwaj,3806,4,23,Czynszowa,2 min,Długosza 01,,2024-12-25 15:07:35.554737
Autobus,4209,1,154,P+R Al. Krakowska,2 min,Dickensa 02,,2024-12-25 15:07:35.554737
Autobus,5403,3,140,Metro Trocka,2 min,Marki Słoneczna 01,,2024-12-25 15:07:35.554737
Tramwaj,4275,4,2,Metro Młociny,2 min,Tarchomin 05,,2024-12-25 15:07:35.554737
Autobus,4305,4,134,Metro Marymont,2 min,Jarzębinowa 03,,2024-12-25 15:07:35.554737
Autobus,3449,3,162,EC Siekierki,2 min,Gołkowska 03,,2024-12-25 15:07:35.554737
Tramwaj,4275,4,2,Metro Młociny,2 min,Tarchomin 05,,2024-12-25 15:07:35.554737
Autobus,4209,1,154,P+R Al. Krakowska,2 min,Dickensa 02,,2024-12-25 15:07:35.554737
Tramwaj,3137,7,22,Wiatraczna,2 min,Al. Zieleniecka 06,,2024-12-25 15:07:35.554737
Autobus,5236,5,122,Os. Górczewska,2 min,Ks. Popiełuszki 06,,2024-12-25 15:07:35.554737
Autobus,9206,572,209,Dawidy,2 min,Żołny 01,,2024-12-25 15:07:35.554737
Autobus,5932,6,116,Chomiczówka,2 min,Pl. Piłsudskiego 02,,2024-12-25 15:07:35.554737
Autobus,9346,644,199,Bródno-Podgrodzie,2 min,Eskulapów 01,,2024-12-25 15:07:35.554737
Autobus,758,2,150,Dziekanów Leśny,2 min,Dzierżoniowska 02,,2024-12-25 15:07:35.554737
Autobus,9942,3,190,CH Marki,2 min,Stare Miasto 01,,2024-12-25 15:07:35.554737
Tramwaj,3275,7,15,P+R Al. Krakowska,2 min,Hoża 03,,2024-12-25 15:07:35.554737
Autobus,4503,2,220,Nowe Bemowo,2 min,Starodęby 04,,2024-12-25 15:07:35.554737
Autobus,5919,610,111,Gocław,2 min,Umińskiego 03,,2024-12-25 15:07:35.554737
Autobus,1807,3,197,Cm. Wolski,2 min,Ogrody Działkowe Piaski 02,,2024-12-25 15:07:35.554737
Autobus,1843,61,730,Brzeziny,2 min,Nizinna 02,,2024-12-25 15:07:35.554737
Tramwaj,3802,2,23,Nowe Bemowo,2 min,Stare Miasto 02,,2024-12-25 15:07:35.554737
Tramwaj,4210,6,2,Winnica,2 min,Śreniawitów 02,,2024-12-25 15:07:35.554737
Autobus,1905,3,106,Ostroroga,2 min,Pl. Małachowskiego 02,,2024-12-25 15:07:35.554737
Autobus,9819,5,502,Metro Politechnika,2 min,Kajki 01,,2024-12-25 15:07:35.554737
Tramwaj,3157,8,9,P+R Al. Krakowska,1 min,Czapelska 01,,2024-12-25 15:07:35.554737
Autobus,1056,3,194,Cm. Wolski,1 min,Orląt Lwowskich 01,,2024-12-25 15:07:35.554737
Autobus,1425,5,173,Dw. Wschodni (Lubelska),1 min,Marysin 01,,2024-12-25 15:07:35.554737
Autobus,4328,2,152,Os. Derby,1 min,Os. Derby III 01,,2024-12-25 15:07:35.554737
Autobus,7256,6,184,Metro Młociny,1 min,Ogrody Działkowe Bemowo 01,,2024-12-25 15:07:35.554737
Tramwaj,3156,1,6,Gocławek,1 min,Park Traugutta 05,,2024-12-25 15:07:35.554737
Autobus,4215,4,154,P+R Al. Krakowska,1 min,Krakowiaków 02,,2024-12-25 15:07:35.554737
Autobus,9550,4,178,Konwiktorska,1 min,Pl. Małachowskiego 02,,2024-12-25 15:07:35.554737
Autobus,5917,603,111,Esperanto,1 min,Umińskiego 04,,2024-12-25 15:07:35.554737
Autobus,8328,8,148,Lotnisko Chopina,1 min,Lotnisko Chopina-Odloty 01,,2024-12-25 15:07:35.554737
Tramwaj,3119,8,4,Wyścigi,1 min,Królikarnia 03,,2024-12-25 15:07:35.554737
Tramwaj,3284,3,3,Annopol,1 min,Inżynierska 04,,2024-12-25 15:07:35.554737
Tramwaj,4285,10,16,Miasteczko Wilanów,1 min,Spacerowa 01,,2024-12-25 15:07:35.554737
Autobus,1064,2,164,Metro Wilanowska,1 min,Patkowskiego 02,,2024-12-25 15:07:35.554737
Autobus,7863,9,148,Lotnisko Chopina,1 min,Polinezyjska 04,,2024-12-25 15:07:35.554737
Autobus,1002,5,213,Błota,1 min,Drohobycka 02,,2024-12-25 15:07:35.554737
Autobus,5404,5,162,Pl. Hallera,1 min,Pl. Hallera 07,,2024-12-25 15:07:35.554737
Autobus,7258,4,105,Os. Górczewska,1 min,Szpital Wolski 02,,2024-12-25 15:07:35.554737
Autobus,9910,6,114,Bródno-Podgrodzie,1 min,Włościańska 01,,2024-12-25 15:07:35.554737
Autobus,1070,2,163,Metro Wilanowska,1 min,Szolc-Rogozińskiego 01,,2024-12-25 15:07:35.554737
Autobus,1064,2,164,Metro Wilanowska,1 min,Patkowskiego 02,,2024-12-25 15:07:35.554737
Autobus,7863,9,148,Lotnisko Chopina,1 min,Polinezyjska 04,,2024-12-25 15:07:35.554737
Autobus,1002,5,213,Błota,1 min,Drohobycka 02,,2024-12-25 15:07:35.554737
Autobus,5404,5,162,Pl. Hallera,1 min,Pl. Hallera 07,,2024-12-25 15:07:35.554737
Autobus,7258,4,105,Os. Górczewska,1 min,Szpital Wolski 02,,2024-12-25 15:07:35.554737
Autobus,9910,6,114,Bródno-Podgrodzie,1 min,Włościańska 01,,2024-12-25 15:07:35.554737
Autobus,1070,2,163,Metro Wilanowska,1 min,Szolc-Rogozińskiego 01,,2024-12-25 15:07:35.554737
Autobus,5931,407,175,Lotnisko Chopina,1 min,Pl. Piłsudskiego 06,,2024-12-25 15:07:35.554737
Autobus,7702,1,145,Żerań FSO,1 min,Wyszogrodzka 01,,2024-12-25 15:07:35.554737
Autobus,9206,572,209,Dawidy,1 min,Bogatki 01,,2024-12-25 15:07:35.554737
Autobus,7230,1,711,P+R Al. Krakowska,1 min,Falenty Puchały 01,,2024-12-25 15:07:35.554737
Autobus,4216,2,154,Dw. Zachodni,1 min,Bitwy Warszawskiej 1920 r. 06,,2024-12-25 15:07:35.554737
Autobus,4403,3,157,Gwiaździsta,1 min,Pl. Zawiszy 03,,2024-12-25 15:07:35.554737
Autobus,7811,5,143,Dw. Zachodni,1 min,Rembertów-Akademia 01,,2024-12-25 15:07:35.554737
Autobus,80111,1,L46,Marki Fabryczna,1 min,Zielonka Mickiewicza 01,,2024-12-25 15:07:35.554737
Autobus,9815,1,502,Stara Miłosna (Graniczna),1 min,Trakt Lubelski 02,,2024-12-25 15:07:35.554737
Tramwaj,3809,7,28,Os. Górczewska,1 min,Metro Bemowo 06,,2024-12-25 15:07:35.554737
Autobus,9935,7,114,Bródno-Podgrodzie,1 min,Muzealna 01,,2024-12-25 15:07:35.554737
Tramwaj,4019,4,15,Marymont-Potok,1 min,P+R Al. Krakowska 02,,2024-12-25 15:07:35.554737
Autobus,5931,407,175,Lotnisko Chopina,1 min,Pl. Piłsudskiego 06,,2024-12-25 15:07:35.554737
Autobus,80111,1,L46,Marki Fabryczna,1 min,Zielonka Mickiewicza 01,,2024-12-25 15:07:35.554737
Autobus,4223,3,154,Dw. Zachodni,1 min,Krakowiaków 05,,2024-12-25 15:07:35.554737
Autobus,7702,1,145,Żerań FSO,1 min,Rembielińska 01,,2024-12-25 15:07:35.554737
Tramwaj,4013,3,28,Dw. Wschodni (Kijowska),1 min,Dw. Wschodni (Kijowska) 02,,2024-12-25 15:07:35.554737
Autobus,4419,2,157,Gwiaździsta,1 min,Pl. Inwalidów 02,,2024-12-25 15:07:35.554737
Autobus,9935,7,114,Bródno-Podgrodzie,1 min,Muzealna 01,,2024-12-25 15:07:35.554737
Tramwaj,3215,3,7,P+R Al. Krakowska,1 min,Och-Teatr 04,,2024-12-25 15:07:35.554737
Tramwaj,3644,5,11,Cm. Wolski,1 min,Spacerowa 06,,2024-12-25 15:07:35.554737
Tramwaj,3813,3,23,Czynszowa,1 min,Konopacka 02,,2024-12-25 15:07:35.554737
Autobus,8527,2,174,Rondo ONZ,1 min,Bokserska 05,,2024-12-25 15:07:35.554737
Autobus,9815,1,502,Stara Miłosna (Graniczna),1 min,Trakt Lubelski 02,,2024-12-25 15:07:35.554737
Autobus,9910,6,114,Bródno-Podgrodzie,1 min,Sady Żoliborskie 05,,2024-12-25 15:07:35.554737
Tramwaj,4104,547,4,Wyścigi,1 min,Rondo Żaba 03,,2024-12-25 15:07:35.554737
Autobus,4328,2,152,Os. Derby,1 min,Os. Derby 01,,2024-12-25 15:07:35.554737
Autobus,1533,2,251,Konstancin-Jeziorna Pańska,1 min,Konstancin-Jeziorna Warszawska 01,,2024-12-25 15:07:35.554737
Autobus,7863,9,148,Lotnisko Chopina,1 min,Metro Imielin 02,,2024-12-25 15:07:35.554737
Autobus,7811,5,143,Dw. Zachodni,1 min,Rembertów-Akademia 01,,2024-12-25 15:07:35.554737
Autobus,1030,1,163,Metro Wilanowska,1 min,Św. Bonifacego 59,,2024-12-25 15:07:35.554737
Autobus,9910,6,114,Bródno-Podgrodzie,1 min,Sady Żoliborskie 05,,2024-12-25 15:07:35.554737
Tramwaj,4104,547,4,Wyścigi,1 min,Rondo Żaba 03,,2024-12-25 15:07:35.554737
Autobus,4328,2,152,Os. Derby,1 min,Os. Derby 01,,2024-12-25 15:07:35.554737
Autobus,1533,2,251,Konstancin-Jeziorna Pańska,1 min,Konstancin-Jeziorna Warszawska 01,,2024-12-25 15:07:35.554737
Autobus,7863,9,148,Lotnisko Chopina,1 min,Metro Imielin 02,,2024-12-25 15:07:35.554737
Autobus,7811,5,143,Dw. Zachodni,1 min,Rembertów-Akademia 01,,2024-12-25 15:07:35.554737
Autobus,1030,1,163,Metro Wilanowska,1 min,Św. Bonifacego 59,,2024-12-25 15:07:35.554737
Autobus,1002,5,213,Błota,1 min,Jachtowa 01,,2024-12-25 15:07:35.554737
Autobus,1543,440,146,Dw. Wschodni (Lubelska),1 min,Sitowie 02,,2024-12-25 15:07:35.554737
Autobus,70007,694,L32,Grochowa,1 min,PKP Piaseczno 01,,2024-12-25 15:07:35.554737
Autobus,9522,53,737,Ursynów Płn.,1 min,Władysławów 01,,2024-12-25 15:07:35.554737
Autobus,9815,1,502,Stara Miłosna (Graniczna),1 min,Trakt Lubelski 02,,2024-12-25 15:07:35.554737
Autobus,9823,M5,710,Piaseczno Targowisko,1 min,Chylice 01,,2024-12-25 15:07:35.554737
Autobus,1553,2,169,Dw. Wschodni (Kijowska),1 min,Kijowska 08,,2024-12-25 15:07:35.554737
Autobus,3455,64,705,Metro Marymont,1 min,Załubice-Szkoła 01,,2024-12-25 15:07:35.554737
Autobus,8328,8,148,Lotnisko Chopina,1 min,Terminal Autokarowy 01,,2024-12-25 15:07:35.554737
Autobus,4216,2,154,Dw. Zachodni,1 min,Szczęśliwicka 52,,2024-12-25 15:07:35.554737
Autobus,7863,9,148,Lotnisko Chopina,1 min,Metro Imielin 02,,2024-12-25 15:07:35.554737
Autobus,8457,3,723,Żerań FSO,1 min,Legionowo Rycerska 04,,2024-12-25 15:07:35.554737
Autobus,9815,1,502,Stara Miłosna (Graniczna),1 min,Trakt Lubelski 02,,2024-12-25 15:07:35.554737
Autobus,9823,M5,710,Piaseczno Targowisko,1 min,Chylice 01,,2024-12-25 15:07:35.554737
Autobus,1553,2,169,Dw. Wschodni (Kijowska),1 min,Kijowska 08,,2024-12-25 15:07:35.554737
Autobus,3455,64,705,Metro Marymont,1 min,Załubice-Szkoła 01,,2024-12-25 15:07:35.554737
Autobus,8328,8,148,Lotnisko Chopina,1 min,Terminal Autokarowy 01,,2024-12-25 15:07:35.554737
Autobus,4216,2,154,Dw. Zachodni,1 min,Szczęśliwicka 52,,2024-12-25 15:07:35.554737
Autobus,7863,9,148,Lotnisko Chopina,1 min,Metro Imielin 02,,2024-12-25 15:07:35.554737
Autobus,8457,3,723,Żerań FSO,1 min,Legionowo Rycerska 04,,2024-12-25 15:07:35.554737
Autobus,4302,3,134,Metro Marymont,1 min,Metro Marymont 17,,2024-12-25 15:07:35.554737
Autobus,80118,2,L44,CH Marki,1 min,Marki Strefa Przemysłowa 01,,2024-12-25 15:07:35.554737
Autobus,3456,1,132,Os. Derby,1 min,Żerań FSO 04,,2024-12-25 15:07:35.554737
Tramwaj,3278,7,33,Metro Młociny,1 min,Al. Reymonta 04,,2024-12-25 15:07:35.554737
Autobus,7844,3,143,Dw. Zachodni,1 min,Torwar 02,,2024-12-25 15:07:35.554737
Autobus,8898,8,189,Os. Górczewska,1 min,Rozłogi 02,,2024-12-25 15:07:35.554737
Autobus,9206,572,209,Dawidy,1 min,Bogatki 01,,2024-12-25 15:07:35.554737
Autobus,9932,8,190,Znana,1 min,Bieżuńska 01,,2024-12-25 15:07:35.554737
Autobus,1068,3,130,Ananasowa,1 min,Ogrody Działkowe Budowlani II 02,,2024-12-25 15:07:35.554737
Tramwaj,3156,1,6,Gocławek,1 min,Park Traugutta 05,,2024-12-25 15:07:35.554737
Autobus,9355,4,142,Wiatraczna,1 min,Złotej Jesieni 01,,2024-12-25 15:07:35.554737
Autobus,9512,653,149,Metro Bemowo,0 min,Os. Górczewska 03,,2024-12-25 15:07:35.554737
Tramwaj,3253,8,10,Os. Górczewska,0 min,Fort Wola 04,,2024-12-25 15:07:35.554737
Tramwaj,4232,1,16,Miasteczko Wilanów,0 min,Nałęczowska 05,,2024-12-25 15:07:35.554737
Autobus,8529,1,166,Pl. Hallera,0 min,Grzegorzewskiej 02,,2024-12-25 15:07:35.554737
Autobus,9328,3,142,Wiatraczna,0 min,Trakt Lubelski-Las 02,,2024-12-25 15:07:35.554737
Tramwaj,4228,13,16,Muranowska,0 min,Dolna 02,,2024-12-25 15:07:35.554737
Autobus,1527,3,173,Stara Miłosna (Graniczna),0 min,Kwatery Głównej 02,,2024-12-25 15:07:35.554737
Autobus,4327,1,152,Tarchomin,0 min,Areszt Śledczy Białołęka 01,,2024-12-25 15:07:35.554737
Autobus,9341,2,198,Stara Miłosna (Ułańska),0 min,Staszica 02,,2024-12-25 15:07:35.554737
Autobus,1549,3,183,Wiatraczna,0 min,Brata Alberta 04,,2024-12-25 15:07:35.554737
Autobus,9932,8,190,Znana,0 min,Gorzykowska 01,,2024-12-25 15:07:35.554737
Autobus,5986,11,180,Wilanów,0 min,Pl. Krasińskich 01,,2024-12-25 15:07:35.554737
Autobus,9330,2,153,Rembertów-Kolonia,0 min,Przebieg 02,,2024-12-25 15:07:35.554737
Tramwaj,3143,2,26,Wiatraczna,0 min,Elekcyjna 03,,2024-12-25 15:07:35.554737
Autobus,4216,2,154,Dw. Zachodni,0 min,Szczęśliwicka 52,,2024-12-25 15:07:35.554737
Autobus,2013,1,189,Os. Górczewska,0 min,Batumi 52,,2024-12-25 15:07:35.554737
Autobus,8516,3,174,Bokserska,0 min,Bokserska 04,,2024-12-25 15:07:35.554737
Autobus,9320,3,179,Ursynów Płn.,0 min,Metro Natolin 01,,2024-12-25 15:07:35.554737
Tramwaj,3141,11,9,Gocławek,0 min,Pl. Narutowicza 07,,2024-12-25 15:07:35.554737
Autobus,9932,8,190,Znana,0 min,Gorzykowska 01,,2024-12-25 15:07:35.554737
Autobus,5986,11,180,Wilanów,0 min,Pl. Krasińskich 01,,2024-12-25 15:07:35.554737
Autobus,9330,2,153,Rembertów-Kolonia,0 min,Przebieg 02,,2024-12-25 15:07:35.554737
Tramwaj,3143,2,26,Wiatraczna,0 min,Elekcyjna 03,,2024-12-25 15:07:35.554737
Autobus,4216,2,154,Dw. Zachodni,0 min,Szczęśliwicka 52,,2024-12-25 15:07:35.554737
Autobus,2013,1,189,Os. Górczewska,0 min,Batumi 52,,2024-12-25 15:07:35.554737
Autobus,8516,3,174,Bokserska,0 min,Bokserska 04,,2024-12-25 15:07:35.554737
Autobus,9320,3,179,Ursynów Płn.,0 min,Metro Natolin 01,,2024-12-25 15:07:35.554737
Tramwaj,3141,11,9,Gocławek,0 min,Pl. Narutowicza 07,,2024-12-25 15:07:35.554737
Autobus,4429,8,122,Gwiaździsta,0 min,Galla Anonima 01,,2024-12-25 15:07:35.554737
Autobus,8813,1,511,Dąbrówka Wiślana,0 min,Metro Młociny 03,,2024-12-25 15:07:35.554737
Autobus,9813,2,502,Stara Miłosna (Graniczna),0 min,Metro Politechnika 07,,2024-12-25 15:07:35.554737
Tramwaj,3801,4,6,Metro Młociny,0 min,Park Kaskada 04,,2024-12-25 15:07:35.554737
Autobus,8454,4,738,Metro Trocka,0 min,Nadma Ceglana 01,,2024-12-25 15:07:35.554737
Autobus,9323,469,142,Aleksandrów,0 min,Prasowa 01,,2024-12-25 15:07:35.554737
Tramwaj,3250,25,17,PKP Służewiec,0 min,Anielewicza 05,,2024-12-25 15:07:35.554737
Tramwaj,4274,1,33,Kielecka,0 min,Hala Mirowska 03,,2024-12-25 15:07:35.554737
Autobus,1118,5,166,Os. Kabaty,0 min,Książęca 04,,2024-12-25 15:07:35.554737
Tramwaj,3801,4,6,Metro Młociny,0 min,Park Kaskada 04,,2024-12-25 15:07:35.554737
Autobus,8454,4,738,Metro Trocka,0 min,Nadma Ceglana 01,,2024-12-25 15:07:35.554737
Autobus,9323,469,142,Aleksandrów,0 min,Prasowa 01,,2024-12-25 15:07:35.554737
Tramwaj,3250,25,17,PKP Służewiec,0 min,Anielewicza 05,,2024-12-25 15:07:35.554737
Tramwaj,4274,1,33,Kielecka,0 min,Hala Mirowska 03,,2024-12-25 15:07:35.554737
Autobus,1118,5,166,Os. Kabaty,0 min,Książęca 04,,2024-12-25 15:07:35.554737
Autobus,1801,6,138,Bokserska,0 min,Marszałkowska 02,,2024-12-25 15:07:35.554737
Autobus,1419,5,123,Dw. Wschodni (Kijowska),0 min,Gocław 07,,2024-12-25 15:07:35.554737
Autobus,9508,5,159,CH Blue City,0 min,Zaruskiego 02,,2024-12-25 15:07:35.554737
Autobus,9806,2,185,Gwiaździsta,0 min,Marymont-Potok 06,,2024-12-25 15:07:35.554737
Autobus,9818,4,502,Metro Politechnika,0 min,Rozbrat 02,,2024-12-25 15:07:35.554737
Tramwaj,3293,6,22,Piaski,0 min,Wiatraczna 05,,2024-12-25 15:07:35.554737
Autobus,1809,4,166,Os. Kabaty,0 min,Dolina Służewiecka 01,,2024-12-25 15:07:35.554737
Autobus,9220,1,133,Tarchomin,0 min,Orchowiecka 01,,2024-12-25 15:07:35.554737
Autobus,9530,651,714,Metro Bemowo,0 min,Blizne Łaszczyńskiego Fortowa 01,,2024-12-25 15:07:35.554737
Tramwaj,3253,8,10,Os. Górczewska,0 min,Fort Wola 04,,2024-12-25 15:07:35.554737
Autobus,5925,6,158,Witolin,0 min,Dw. Centralny 01,,2024-12-25 15:07:35.554737
Autobus,6212,497,184,Szczęśliwice,0 min,Nowe Bemowo 02,,2024-12-25 15:07:35.554737
Autobus,9220,1,133,Tarchomin,0 min,Orchowiecka 01,,2024-12-25 15:07:35.554737
Autobus,9330,2,153,Rembertów-Kolonia,0 min,Buławy 02,,2024-12-25 15:07:35.554737
Tramwaj,4019,4,15,Marymont-Potok,0 min,Instytut Lotnictwa 03,,2024-12-25 15:07:35.554737
Autobus,1206,428,739,Metro Wilanowska,0 min,Pelikanów 02,,2024-12-25 15:07:35.554737
Autobus,4244,4,122,Os. Górczewska,0 min,Orlich Gniazd 02,,2024-12-25 15:07:35.554737
Tramwaj,4240,6,16,Piaski,0 min,Rondo „Radosława” 06,,2024-12-25 15:07:35.554737
Autobus,1549,3,183,Wiatraczna,0 min,Brata Alberta 04,,2024-12-25 15:07:35.554737
Autobus,4322,3,152,Os. Derby,0 min,Myśliborska 01,,2024-12-25 15:07:35.554737
Autobus,8890,5,504,Dw. Centralny,0 min,Poleczki 02,,2024-12-25 15:07:35.554737
Tramwaj,3801,4,6,Metro Młociny,0 min,Park Kaskada 04,,2024-12-25 15:07:35.554737
Tramwaj,4274,1,33,Kielecka,0 min,Hala Mirowska 03,,2024-12-25 15:07:35.554737
Autobus,1118,5,166,Os. Kabaty,0 min,Książęca 04,,2024-12-25 15:07:35.554737
Autobus,4416,6,123,Dw. Wschodni (Kijowska),0 min,Chodakowska 02,,2024-12-25 15:07:35.554737
Autobus,5256,1,191,Pl. Narutowicza,0 min,Piastowska 02,,2024-12-25 15:07:35.554737
Autobus,7230,1,711,P+R Al. Krakowska,0 min,Raszyn Kościół 01,,2024-12-25 15:07:35.554737
Autobus,9508,5,159,CH Blue City,0 min,Zaruskiego 02,,2024-12-25 15:07:35.554737
Autobus,9516,1,707,Piaseczno Targowisko,0 min,Stara Iwiczna Kielecka 02,,2024-12-25 15:07:35.554737
Tramwaj,3801,4,6,Metro Młociny,0 min,Park Kaskada 04,,2024-12-25 15:07:35.554737
Tramwaj,4274,1,33,Kielecka,0 min,Hala Mirowska 03,,2024-12-25 15:07:35.554737
Autobus,1118,5,166,Os. Kabaty,0 min,Książęca 04,,2024-12-25 15:07:35.554737
Autobus,4416,6,123,Dw. Wschodni (Kijowska),0 min,Chodakowska 02,,2024-12-25 15:07:35.554737
Autobus,5256,1,191,Pl. Narutowicza,0 min,Piastowska 02,,2024-12-25 15:07:35.554737
Autobus,7230,1,711,P+R Al. Krakowska,0 min,Raszyn Kościół 01,,2024-12-25 15:07:35.554737
Autobus,9508,5,159,CH Blue City,0 min,Zaruskiego 02,,2024-12-25 15:07:35.554737
Autobus,9516,1,707,Piaseczno Targowisko,0 min,Stara Iwiczna Kielecka 02,,2024-12-25 15:07:35.554737
Tramwaj,3158,2,3,Gocławek,0 min,Toruńska 03,,2024-12-25 15:07:35.554737
Autobus,4414,5,169,Bródno-Podgrodzie,0 min,Cm. Bródnowski 02,,2024-12-25 15:07:35.554737
Autobus,4417,3,169,Dw. Wschodni (Kijowska),0 min,Metro Kondratowicza 02,,2024-12-25 15:07:35.554737
Autobus,5933,613,111,Gocław,0 min,Smocza 03,,2024-12-25 15:07:35.554737
Autobus,9330,2,153,Rembertów-Kolonia,0 min,Rembertów-Kolonia 02,,2024-12-25 15:07:35.554737
Autobus,2013,1,189,Os. Górczewska,0 min,Batumi 52,,2024-12-25 15:07:35.554737
Autobus,4223,3,154,Dw. Zachodni,0 min,Ogród Działkowy im. Warneńczyka 01,,2024-12-25 15:07:35.554737
Autobus,9328,3,142,Wiatraczna,0 min,Trakt Lubelski-Las 02,,2024-12-25 15:07:35.554737
Autobus,1118,5,166,Os. Kabaty,0 min,Pl. Trzech Krzyży 01,,2024-12-25 15:07:35.554737
Autobus,8345,2,709,PKP Piaseczno,0 min,Al. Lotników 01,,2024-12-25 15:07:35.554737
Autobus,4417,3,169,Dw. Wschodni (Kijowska),0 min,Metro Kondratowicza 02,,2024-12-25 15:07:35.554737
Autobus,5933,613,111,Gocław,0 min,Smocza 03,,2024-12-25 15:07:35.554737
Autobus,9330,2,153,Rembertów-Kolonia,0 min,Rembertów-Kolonia 02,,2024-12-25 15:07:35.554737
Autobus,2013,1,189,Os. Górczewska,0 min,Batumi 52,,2024-12-25 15:07:35.554737
Autobus,4223,3,154,Dw. Zachodni,0 min,Ogród Działkowy im. Warneńczyka 01,,2024-12-25 15:07:35.554737
Autobus,9328,3,142,Wiatraczna,0 min,Trakt Lubelski-Las 02,,2024-12-25 15:07:35.554737
Autobus,1118,5,166,Os. Kabaty,0 min,Pl. Trzech Krzyży 01,,2024-12-25 15:07:35.554737
Autobus,8345,2,709,PKP Piaseczno,0 min,Al. Lotników 01,,2024-12-25 15:07:35.554737
Autobus,8454,4,738,Metro Trocka,0 min,Nadma Ceglana 01,,2024-12-25 15:07:35.554737
Autobus,1809,4,166,Os. Kabaty,0 min,Nowoursynowska 03,,2024-12-25 15:07:35.554737
Autobus,4434,2,181,Cm. Północny-Brama Gł.,0 min,Dzierżoniowska 04,,2024-12-25 15:07:35.554737
Tramwaj,3121,3,4,Wyścigi,0 min,Żerań Wschodni 01,,2024-12-25 15:07:35.554737
Tramwaj,3146,545,1,Annopol,0 min,Banacha 04,,2024-12-25 15:07:35.554737
Tramwaj,3155,3,24,Nowe Bemowo,0 min,Gocławek 03,,2024-12-25 15:07:35.554737
Tramwaj,3174,7,10,Wyścigi,0 min,Os. Górczewska 12,,2024-12-25 15:07:35.554737
Tramwaj,3204,523,1,Pl. Narutowicza,0 min,Annopol 04,,2024-12-25 15:07:35.554737
Tramwaj,3210,2,7,Kawęczyńska-Bazylika,0 min,P+R Al. Krakowska 03,,2024-12-25 15:07:35.554737
Tramwaj,3222,7,4,Żerań Wschodni,0 min,Wyścigi 06,,2024-12-25 15:07:35.554737
Tramwaj,3223,3,7,Kawęczyńska-Bazylika,0 min,P+R Al. Krakowska 03,,2024-12-25 15:07:35.554737
Autobus,1524,3,119,Wiśniowa Góra,0 min,Rakowiecka-Sanktuarium 06,,2024-12-25 15:07:35.554737
Autobus,1528,1,183,Wiatraczna,0 min,Zielona 01,,2024-12-25 15:07:35.554737
Autobus,1535,3,251,Konstancin-Jeziorna CH Stara Papiernia,0 min,Metro Wilanowska 15,,2024-12-25 15:07:35.554737
Autobus,1538,5,115,PKP Mokry Ług,0 min,Aleksandrów 01,,2024-12-25 15:07:35.554737
Autobus,1539,441,146,Dw. Wschodni (Lubelska),0 min,Falenica 04,,2024-12-25 15:07:35.554737
Autobus,1540,4,141,P+R Al. Krakowska,0 min,Witolin 01,,2024-12-25 15:07:35.554737
Autobus,1542,4,173,Stara Miłosna (Graniczna),0 min,Dw. Wschodni (Lubelska) 06,,2024-12-25 15:07:35.554737
Autobus,1545,62,722,Wiatraczna,0 min,Os. Radiówek 01,,2024-12-25 15:07:35.554737
Autobus,1555,3,240,Metro Kondratowicza,0 min,Marki Pustelnik 03,,2024-12-25 15:07:35.554737
Autobus,1803,1,212,Pl. Hallera,0 min,CH Targówek 05,,2024-12-25 15:07:35.554737
Autobus,1810,343,166,Os. Kabaty,0 min,Pl. Hallera 18,,2024-12-25 15:07:35.554737
Autobus,1835,2,702,Wiatraczna,0 min,Otwock Orla 02,,2024-12-25 15:07:35.554737
Autobus,1906,4,106,Ostroroga,0 min,Mariensztat 01,,2024-12-25 15:07:35.554737
Autobus,1907,2,106,Mariensztat,0 min,Ostroroga 05,,2024-12-25 15:07:35.554737
Autobus,2006,3,217,Metro Wilanowska,0 min,Natolin Płn. 04,,2024-12-25 15:07:35.554737
Autobus,2007,1,131,Dw. Centralny,0 min,Sadyba 05,,2024-12-25 15:07:35.554737
Autobus,2216,1,517,Ursus-Niedźwiadek,0 min,Pl. Trzech Krzyży 06,,2024-12-25 15:07:35.554737
Autobus,2218,1,716,Piastów Ogińskiego,0 min,Cm. Wolski 06,,2024-12-25 15:07:35.554737
Autobus,3408,62,735,Zegrze Płd.,0 min,Metro Marymont 15,,2024-12-25 15:07:35.554737
Autobus,1907,2,106,Mariensztat,0 min,Ostroroga 05,,2024-12-25 15:07:35.554737
Autobus,2006,3,217,Metro Wilanowska,0 min,Natolin Płn. 04,,2024-12-25 15:07:35.554737
Autobus,2007,1,131,Dw. Centralny,0 min,Sadyba 05,,2024-12-25 15:07:35.554737
Autobus,2216,1,517,Ursus-Niedźwiadek,0 min,Pl. Trzech Krzyży 06,,2024-12-25 15:07:35.554737
Autobus,2218,1,716,Piastów Ogińskiego,0 min,Cm. Wolski 06,,2024-12-25 15:07:35.554737
Autobus,3408,62,735,Zegrze Płd.,0 min,Metro Marymont 15,,2024-12-25 15:07:35.554737
Autobus,3414,444,500,Rondo „Radosława”,0 min,Bródno-Podgrodzie 04,,2024-12-25 15:07:35.554737
Autobus,3433,4,509,Gocław,0 min,Winnica 06,,2024-12-25 15:07:35.554737
Autobus,3434,2,731,Żerań FSO,0 min,Legionowo Os. Młodych 01,,2024-12-25 15:07:35.554737
Autobus,3459,3,132,Metro Marymont,0 min,Os. Derby 02,,2024-12-25 15:07:35.554737
Autobus,3469,3,520,Marysin,0 min,Dw. Centralny 27,,2024-12-25 15:07:35.554737
Autobus,35137,2,L49,Winnica,0 min,Chotomów 01,,2024-12-25 15:07:35.554737
Autobus,35138,1,L49,Chotomów,0 min,Winnica 06,,2024-12-25 15:07:35.554737
Autobus,35141,689,L-2,Piaseczno Zgoda,0 min,Złotokłos 02,,2024-12-25 15:07:35.554737
Autobus,35158,692,L19,Pieczyska,0 min,Piaseczno Urząd Miasta 03,,2024-12-25 15:07:35.554737
Autobus,4201,3,717,Dw. Zachodni,0 min,Piastów Ogińskiego 02,,2024-12-25 15:07:35.554737
Autobus,5449,446,409,Bródno-Podgrodzie,0 min,Cm. Północny-Brama Zach. 03,,2024-12-25 15:07:35.554737
Autobus,5454,4,120,Olesin,0 min,Dw. Wschodni (Kijowska) 05,,2024-12-25 15:07:35.554737
Autobus,4510,2,197,Gwiaździsta,0 min,Cm. Wolski 08,,2024-12-25 15:07:35.554737
Autobus,5234,5,191,Regulska,0 min,Pl. Narutowicza 15,,2024-12-25 15:07:35.554737
Autobus,5404,5,162,EC Siekierki,0 min,Pl. Hallera 09,,2024-12-25 15:07:35.554737
Autobus,5407,4,731,Legionowo Os. Młodych,0 min,Żerań FSO 10,,2024-12-25 15:07:35.554737
Autobus,5421,2,723,PKP Legionowo Przystanek,0 min,Żerań FSO 10,,2024-12-25 15:07:35.554737
Autobus,5422,2,112,CH Marki,0 min,Nowe Bemowo 10,,2024-12-25 15:07:35.554737
Autobus,5442,65,735,Metro Marymont,0 min,Zegrze Płd. 03,,2024-12-25 15:07:35.554737
Autobus,4207,3,713,Cm. Wolski,0 min,Koprki Agricoop 01,,2024-12-25 15:07:35.554737
Autobus,4231,1,194,PKP Gołąbki,0 min,Cm. Wolski 08,,2024-12-25 15:07:35.554737
Autobus,4302,3,134,Olesin,0 min,Metro Marymont 17,,2024-12-25 15:07:35.554737
Autobus,4309,1,110,Metro Marymont,0 min,Cm. Północny-Brama Zach. 01,,2024-12-25 15:07:35.554737
Autobus,4316,1,134,Metro Marymont,0 min,Olesin 01,,2024-12-25 15:07:35.554737
Autobus,4328,2,152,Tarchomin,0 min,Os. Derby 02,,2024-12-25 15:07:35.554737
Autobus,4404,1,170,PKP Zacisze-Wilno,0 min,Rondo Starzyńskiego 09,,2024-12-25 15:07:35.554737
Autobus,4407,4,169,Dw. Wschodni (Kijowska),0 min,Bródno-Podgrodzie 06,,2024-12-25 15:07:35.554737
Autobus,4411,3,181,Cm. Północny-Brama Gł.,0 min,Pl. Wilsona 18,,2024-12-25 15:07:35.554737
Autobus,4423,1,169,Bródno-Podgrodzie,0 min,Dw. Wschodni (Kijowska) 07,,2024-12-25 15:07:35.554737
Autobus,4424,2,166,Pl. Hallera,0 min,Os. Kabaty 03,,2024-12-25 15:07:35.554737
Autobus,4316,1,134,Metro Marymont,0 min,Olesin 01,,2024-12-25 15:07:35.554737
Autobus,4328,2,152,Tarchomin,0 min,Os. Derby 02,,2024-12-25 15:07:35.554737
Autobus,4404,1,170,PKP Zacisze-Wilno,0 min,Rondo Starzyńskiego 09,,2024-12-25 15:07:35.554737
Autobus,4407,4,169,Dw. Wschodni (Kijowska),0 min,Bródno-Podgrodzie 06,,2024-12-25 15:07:35.554737
Autobus,4411,3,181,Cm. Północny-Brama Gł.,0 min,Pl. Wilsona 18,,2024-12-25 15:07:35.554737
Autobus,4423,1,169,Bródno-Podgrodzie,0 min,Dw. Wschodni (Kijowska) 07,,2024-12-25 15:07:35.554737
Autobus,4424,2,166,Pl. Hallera,0 min,Os. Kabaty 03,,2024-12-25 15:07:35.554737
Autobus,4426,8,138,Bokserska,0 min,Utrata 01,,2024-12-25 15:07:35.554737
Autobus,4510,2,197,Gwiaździsta,0 min,Cm. Wolski 08,,2024-12-25 15:07:35.554737
Autobus,4513,1,733,Młochów,0 min,P+R Al. Krakowska 15,,2024-12-25 15:07:35.554737
Autobus,5234,5,191,Regulska,0 min,Pl. Narutowicza 15,,2024-12-25 15:07:35.554737
Autobus,5404,5,162,EC Siekierki,0 min,Pl. Hallera 09,,2024-12-25 15:07:35.554737
Autobus,5407,4,731,Legionowo Os. Młodych,0 min,Żerań FSO 10,,2024-12-25 15:07:35.554737
Autobus,5421,2,723,PKP Legionowo Przystanek,0 min,Żerań FSO 10,,2024-12-25 15:07:35.554737
Autobus,5422,2,112,CH Marki,0 min,Nowe Bemowo 10,,2024-12-25 15:07:35.554737
Autobus,5442,65,735,Metro Marymont,0 min,Zegrze Płd. 03,,2024-12-25 15:07:35.554737
Autobus,5449,446,409,Bródno-Podgrodzie,0 min,Cm. Północny-Brama Zach. 03,,2024-12-25 15:07:35.554737
Autobus,5454,4,120,Olesin,0 min,Dw. Wschodni (Kijowska) 05,,2024-12-25 15:07:35.554737
Autobus,5234,5,191,Regulska,0 min,Pl. Narutowicza 15,,2024-12-25 15:07:35.554737
Autobus,5404,5,162,EC Siekierki,0 min,Pl. Hallera 09,,2024-12-25 15:07:35.554737
Autobus,5407,4,731,Legionowo Os. Młodych,0 min,Żerań FSO 10,,2024-12-25 15:07:35.554737
Autobus,5421,2,723,PKP Legionowo Przystanek,0 min,Żerań FSO 10,,2024-12-25 15:07:35.554737
Autobus,5891,4,127,Browarna,0 min,Nowe Włochy 01,,2024-12-25 15:07:35.554737
Autobus,5904,403,128,Pl. Piłsudskiego,0 min,Szczęśliwice 05,,2024-12-25 15:07:35.554737
Autobus,5906,600,111,Gocław,0 min,Esperanto 05,,2024-12-25 15:07:35.554737
Autobus,5909,405,128,Szczęśliwice,0 min,Pl. Piłsudskiego 04,,2024-12-25 15:07:35.554737
Autobus,5919,610,507,Dw. Centralny,0 min,Gocław 02,,2024-12-25 15:07:35.554737
Autobus,5928,1,158,Witolin,0 min,CH Reduta 01,,2024-12-25 15:07:35.554737
Autobus,5930,3,158,CH Reduta,0 min,Witolin 02,,2024-12-25 15:07:35.554737
Autobus,5938,9,116,Chomiczówka,0 min,Wilanów 07,,2024-12-25 15:07:35.554737
Autobus,5950,1,180,Wilanów,0 min,Chomiczówka 05,,2024-12-25 15:07:35.554737
Autobus,5952,5,180,Chomiczówka,0 min,Pl. Trzech Krzyży 02,,2024-12-25 15:07:35.554737
Autobus,5968,605,507,Dw. Centralny,0 min,Gocław 02,,2024-12-25 15:07:35.554737
Autobus,5985,7,180,Chomiczówka,0 min,Wilanów 04,,2024-12-25 15:07:35.554737
Autobus,5990,M7,127,Nowe Włochy,0 min,Browarna 02,,2024-12-25 15:07:35.554737
Autobus,6200,2,517,Ursus-Niedźwiadek,0 min,Pl. Trzech Krzyży 06,,2024-12-25 15:07:35.554737
Autobus,8807,1,504,Dw. Centralny,0 min,Os. Kabaty 04,,2024-12-25 15:07:35.554737
Autobus,8818,7,136,Natolin Płn.,0 min,Ostroroga 03,,2024-12-25 15:07:35.554737
Autobus,9202,571,209,Ursynów Płd.,0 min,Dawidy 03,,2024-12-25 15:07:35.554737
Autobus,9208,1,Z12,Klaudyn,0 min,Metro Młociny 23,,2024-12-25 15:07:35.554737
Autobus,9229,574,192,Ursynów Płd.,0 min,Krasnowola 51,,2024-12-25 15:07:35.554737
Autobus,9252,472,203,Fort Wawrzyszew,0 min,Metro Młociny 17,,2024-12-25 15:07:35.554737
Autobus,9315,2,202,PKP Gocławek,0 min,Metro Stadion Narodowy 07,,2024-12-25 15:07:35.554737
Autobus,9317,4,202,Metro Stadion Narodowy,0 min,PKP Gocławek 03,,2024-12-25 15:07:35.554737
Autobus,9322,1,153,Rembertów-Kolonia,0 min,Pastuszków 01,,2024-12-25 15:07:35.554737
Autobus,9330,2,153,Pastuszków,0 min,Rembertów-Kolonia 02,,2024-12-25 15:07:35.554737
Autobus,9331,1,179,Os. Kabaty,0 min,Ursynów Płn. 05,,2024-12-25 15:07:35.554737
Autobus,9332,M5,142,Aleksandrów,0 min,Wiatraczna 14,,2024-12-25 15:07:35.554737
Autobus,9333,4,179,Ursynów Płn.,0 min,Os. Kabaty 02,,2024-12-25 15:07:35.554737
Autobus,9340,1,198,PKP Wesoła,0 min,Stara Miłosna (Ułańska) 04,,2024-12-25 15:07:35.554737
Autobus,9348,8,179,Os. Kabaty,0 min,Ursynów Płn. 05,,2024-12-25 15:07:35.554737
Autobus,9354,4,135,PKP Olszynka Grochowska,0 min,Pl. Hallera 11,,2024-12-25 15:07:35.554737
Autobus,9505,1,159,CH Blue City,0 min,Małe Siekierki 03,,2024-12-25 15:07:35.554737
Autobus,9331,1,179,Os. Kabaty,0 min,Ursynów Płn. 05,,2024-12-25 15:07:35.554737
Autobus,9332,M5,142,Aleksandrów,0 min,Wiatraczna 14,,2024-12-25 15:07:35.554737
Autobus,9333,4,179,Ursynów Płn.,0 min,Os. Kabaty 02,,2024-12-25 15:07:35.554737
Autobus,9340,1,198,PKP Wesoła,0 min,Stara Miłosna (Ułańska) 04,,2024-12-25 15:07:35.554737
Autobus,9348,8,179,Os. Kabaty,0 min,Ursynów Płn. 05,,2024-12-25 15:07:35.554737
Autobus,9354,4,135,PKP Olszynka Grochowska,0 min,Pl. Hallera 11,,2024-12-25 15:07:35.554737
Autobus,9505,1,159,CH Blue City,0 min,Małe Siekierki 03,,2024-12-25 15:07:35.554737
Autobus,9519,3,103,Metro Młociny,0 min,Brylowska 01,,2024-12-25 15:07:35.554737
Autobus,9521,3,159,Małe Siekierki,0 min,CH Blue City 01,,2024-12-25 15:07:35.554737
Autobus,9527,54,715,Ursynów Płn.,0 min,P+R Al. Krakowska 13,,2024-12-25 15:07:35.554737
Autobus,9801,1,167,Siekierki-Sanktuarium,0 min,Stare Bemowo 05,,2024-12-25 15:07:35.554737
Autobus,9812,5,185,Gwiaździsta,0 min,CH Ursynów 04,,2024-12-25 15:07:35.554737
Autobus,9817,3,502,Stara Miłosna (Graniczna),0 min,Metro Politechnika 12,,2024-12-25 15:07:35.554737
Autobus,9829,6,502,Metro Politechnika,0 min,Stara Miłosna (Graniczna) 05,,2024-12-25 15:07:35.554737
Autobus,9837,2,167,Siekierki-Sanktuarium,0 min,Stare Bemowo 05,,2024-12-25 15:07:35.554737
Autobus,9846,1,742,Os. Kabaty,0 min,Góra Kalwaria Rynek 02,,2024-12-25 15:07:35.554737
Autobus,9847,4,710,Os. Kabaty,0 min,Piaseczno Targowisko 02,,2024-12-25 15:07:35.554737
Autobus,9849,6,167,Fort Radiowo,0 min,Siekierki-Sanktuarium 03,,2024-12-25 15:07:35.554737
Autobus,9904,1,190,Znana,0 min,CH Marki 01,,2024-12-25 15:07:35.554737
Autobus,9817,3,502,Stara Miłosna (Graniczna),0 min,Metro Politechnika 12,,2024-12-25 15:07:35.554737
Autobus,9829,6,502,Metro Politechnika,0 min,Stara Miłosna (Graniczna) 05,,2024-12-25 15:07:35.554737
Autobus,9837,2,167,Siekierki-Sanktuarium,0 min,Stare Bemowo 05,,2024-12-25 15:07:35.554737
Autobus,9846,1,742,Os. Kabaty,0 min,Góra Kalwaria Rynek 02,,2024-12-25 15:07:35.554737
Autobus,9849,6,167,Fort Radiowo,0 min,Siekierki-Sanktuarium 03,,2024-12-25 15:07:35.554737
Autobus,9904,1,190,Znana,0 min,CH Marki 01,,2024-12-25 15:07:35.554737
Autobus,9907,1,114,Bródno-Podgrodzie,0 min,Młociny-UKSW 01,,2024-12-25 15:07:35.554737
Autobus,9913,4,186,Szczęśliwice,0 min,Nowodwory 09,,2024-12-25 15:07:35.554737
Autobus,9924,5,190,CH Marki,0 min,Znana 06,,2024-12-25 15:07:35.554737
Autobus,9940,4,114,Młociny-UKSW,0 min,Bródno-Podgrodzie 05,,2024-12-25 15:07:35.554737
Autobus,9950,9,186,Nowodwory,0 min,Szczęśliwice 04,,2024-12-25 15:07:35.554737
Autobus,9953,2,210,Metro Młociny,0 min,Truskaw Skibińskiego 01,,2024-12-25 15:07:35.554737
Pociąg,1049,,WKD,Grodzisk Mazowiecki Radońska,0 min,Kazimierówka,,2024-12-25 15:07:35.554737
Pociąg,1051,,WKD,Grodzisk Mazowiecki Radońska,0 min,Warszawa Reduta Ordona,,2024-12-25 15:07:35.554737
Pociąg,1048,,WKD,Warszawa Śródmieście WKD,0 min,Pruszków WKD,,2024-12-25 15:07:35.554737
Pociąg,2022,,WKD,Komorów,0 min,Milanówek Grudów,,2024-12-25 15:07:35.554737
Autobus,1208,635,165,Metro Wilanowska,0 min,Obrzeżna 02,,2024-12-25 15:07:35.554737
Autobus,9328,3,142,Wiatraczna,0 min,Klimontowska 02,,2024-12-25 15:07:35.554737
Autobus,9522,53,737,Ursynów Płn.,0 min,Wilcza Góra 01,,2024-12-25 15:07:35.554737
Autobus,9953,2,210,Metro Młociny,0 min,Truskaw Skibińskiego 01,,2024-12-25 15:07:35.554737
Pociąg,1049,,WKD,Grodzisk Mazowiecki Radońska,0 min,Kazimierówka,,2024-12-25 15:07:35.554737
Pociąg,1051,,WKD,Grodzisk Mazowiecki Radońska,0 min,Warszawa Reduta Ordona,,2024-12-25 15:07:35.554737
Pociąg,1048,,WKD,Warszawa Śródmieście WKD,0 min,Pruszków WKD,,2024-12-25 15:07:35.554737
Pociąg,2022,,WKD,Komorów,0 min,Milanówek Grudów,,2024-12-25 15:07:35.554737
Autobus,9837,2,167,Siekierki-Sanktuarium,0 min,Stare Bemowo 05,,2024-12-25 15:07:35.554737
Autobus,9846,1,742,Os. Kabaty,0 min,Góra Kalwaria Rynek 02,,2024-12-25 15:07:35.554737
Autobus,9907,1,114,Bródno-Podgrodzie,0 min,Młociny-UKSW 01,,2024-12-25 15:07:35.554737
Autobus,9913,4,186,Szczęśliwice,0 min,Nowodwory 09,,2024-12-25 15:07:35.554737
Autobus,9924,5,190,CH Marki,0 min,Znana 06,,2024-12-25 15:07:35.554737
Autobus,9950,9,186,Nowodwory,0 min,Szczęśliwice 04,,2024-12-25 15:07:35.554737
Autobus,9951,2,190,Znana,0 min,CH Marki 01,,2024-12-25 15:07:35.554737
Autobus,9953,2,210,Metro Młociny,0 min,Truskaw Skibińskiego 01,,2024-12-25 15:07:35.554737
Pociąg,1049,,WKD,Grodzisk Mazowiecki Radońska,0 min,Kazimierówka,,2024-12-25 15:07:35.554737
Pociąg,1051,,WKD,Grodzisk Mazowiecki Radońska,0 min,Warszawa Reduta Ordona,,2024-12-25 15:07:35.554737
Pociąg,2021,,WKD,Milanówek Grudów,0 min,Komorów,,2024-12-25 15:07:35.554737
Pociąg,1048,,WKD,Warszawa Śródmieście WKD,0 min,Pruszków WKD,,2024-12-25 15:07:35.554737
Pociąg,2022,,WKD,Komorów,0 min,Milanówek Grudów,,2024-12-25 15:07:35.554737
Autobus,3400,3,120,Olesin,0 min,Ząbkowska 02,,2024-12-25 15:07:35.554737
Autobus,9951,2,190,Znana,0 min,CH Marki 01,,2024-12-25 15:07:35.554737
Autobus,9953,2,210,Metro Młociny,0 min,Truskaw Skibińskiego 01,,2024-12-25 15:07:35.554737
Pociąg,1049,,WKD,Grodzisk Mazowiecki Radońska,0 min,Kazimierówka,,2024-12-25 15:07:35.554737
Pociąg,1051,,WKD,Grodzisk Mazowiecki Radońska,0 min,Warszawa Reduta Ordona,,2024-12-25 15:07:35.554737
Pociąg,2021,,WKD,Milanówek Grudów,0 min,Komorów,,2024-12-25 15:07:35.554737
Pociąg,1048,,WKD,Warszawa Śródmieście WKD,0 min,Pruszków WKD,,2024-12-25 15:07:35.554737
Pociąg,2022,,WKD,Komorów,0 min,Milanówek Grudów,,2024-12-25 15:07:35.554737
Autobus,3400,3,120,Olesin,0 min,Ząbkowska 02,,2024-12-25 15:07:35.554737
Autobus,8592,1,509,Gocław,0 min,Afrykańska 01,,2024-12-25 15:07:35.554737
Tramwaj,3279,22,1,Annopol,0 min,Powązkowska 03,,2024-12-25 15:07:35.554737
Tramwaj,3293,6,22,Piaski,0 min,Międzyborska 03,,2024-12-25 15:07:35.554737
Tramwaj,4010,5,22,Piaski,0 min,Pl. Starynkiewicza 04,,2024-12-25 15:07:35.554737
Autobus,758,2,150,Dziekanów Leśny,0 min,Łomianki POLMO 02,,2024-12-25 15:07:35.554737
Tramwaj,3158,2,3,Gocławek,0 min,Metro Bródno 01,,2024-12-25 15:07:35.554737
Tramwaj,3253,8,10,Os. Górczewska,0 min,P+R Połczyńska 04,,2024-12-25 15:07:35.554737
Autobus,9220,1,133,Tarchomin,0 min,Henryków 03,,2024-12-25 15:07:35.554737
Autobus,9349,845,199,Rembertów-Strzelnica,0 min,Czwartaków 02,,2024-12-25 15:07:35.554737
Tramwaj,4232,1,16,Miasteczko Wilanów,0 min,Sobieskiego 05,,2024-12-25 15:07:35.554737
Autobus,1023,3,163,Centrum Onkologii,0 min,Centrum Onkologii 03,,2024-12-25 15:07:35.554737
Autobus,9206,572,209,Dawidy,0 min,Jeziorki Płn. 02,,2024-12-25 15:07:35.554737
Autobus,9522,53,737,Ursynów Płn.,0 min,Wilcza Góra 01,,2024-12-25 15:07:35.554737
Autobus,70027,51,L15,Kawęczynek Borowina I,0 min,Parcela Od Lasu 03,,2024-12-25 15:07:35.554737
Autobus,7869,1,520,Marysin,0 min,Płowiecka 04,,2024-12-25 15:07:35.554737
Tramwaj,4283,4,16,Miasteczko Wilanów,0 min,Piaski 03,,2024-12-25 15:07:35.554737
Autobus,3401,5,120,Dw. Wschodni (Kijowska),0 min,Knapika 01,,2024-12-25 15:07:35.554737
Tramwaj,3818,2,28,Os. Górczewska,0 min,Dw. Gdański 08,,2024-12-25 15:07:35.554737
Autobus,4417,3,169,Dw. Wschodni (Kijowska),0 min,Żuromińska 01,,2024-12-25 15:07:35.554737
Autobus,4434,2,181,Cm. Północny-Brama Gł.,0 min,Żubrowa-UKSW 02,,2024-12-25 15:07:35.554737
Autobus,7225,M6,172,Sadyba,0 min,Berestecka 01,,2024-12-25 15:07:35.554737
Autobus,8502,3,731,Legionowo Os. Młodych,0 min,Legionowo Sielankowa 02,,2024-12-25 15:07:35.554737
Autobus,8532,4,189,Sadyba,0 min,Bełdan 01,,2024-12-25 15:07:35.554737
Autobus,9853,5,167,Stare Bemowo,0 min,Spacerowa 04,,2024-12-25 15:07:35.554737
Tramwaj,3129,21,1,Annopol,0 min,Rembielińska 04,,2024-12-25 15:07:35.554737
Autobus,7226,M9,517,Ursus-Niedźwiadek,0 min,Pl. Zawiszy 04,,2024-12-25 15:07:35.554737
Tramwaj,3278,7,33,Metro Młociny,0 min,Bogusławskiego 04,,2024-12-25 15:07:35.554737
Autobus,1421,2,173,Stara Miłosna (Graniczna),0 min,Sulejówek Drobiarska 02,,2024-12-25 15:07:35.554737
Autobus,9820,1,710,Piaseczno Targowisko,0 min,Konstancin-Jeziorna Osiedle Mirków 01,,2024-12-25 15:07:35.554737
Autobus,9821,2,710,Os. Kabaty,0 min,Zaruby 02,,2024-12-25 15:07:35.554737
Autobus,1071,4,163,Centrum Onkologii,0 min,Zawodzie 01,,2024-12-25 15:07:35.554737
Autobus,1536,5,119,Rakowiecka-Sanktuarium,0 min,PKP Anin 03,,2024-12-25 15:07:35.554737
Tramwaj,3251,5,17,Winnica,0 min,Śreniawitów 02,,2024-12-25 15:07:35.554737
Tramwaj,3291,3,26,Wiatraczna,0 min,Radiowa 05,,2024-12-25 15:07:35.554737
Tramwaj,3293,6,22,Piaski,0 min,Praga-Płd.-Ratusz 03,,2024-12-25 15:07:35.554737
Autobus,1427,1,115,Aleksandrów,0 min,Lawinowa 01,,2024-12-25 15:07:35.554737
Autobus,3458,802,409,Bródno-Podgrodzie,0 min,Galla Anonima 01,,2024-12-25 15:07:35.554737
Autobus,6232,M5,189,Sadyba,0 min,Przedpole 01,,2024-12-25 15:07:35.554737
Autobus,8538,3,131,Sadyba,0 min,Centrum 15,,2024-12-25 15:07:35.554737
Tramwaj,4232,1,16,Miasteczko Wilanów,0 min,Oś Królewska 05,,2024-12-25 15:07:35.554737
Autobus,7869,1,520,Marysin,0 min,Płowiecka 04,,2024-12-25 15:07:35.554737
Autobus,8369,2,217,Metro Wilanowska,0 min,Dolina Służewiecka 04,,2024-12-25 15:07:35.554737
Autobus,9328,3,142,Wiatraczna,0 min,Dzielnicowa 02,,2024-12-25 15:07:35.554737
Tramwaj,3502,1,24,Nowe Bemowo,1 min przed czasem,Pl. Pole Elekcyjne 04,,2024-12-25 15:07:35.554737
Autobus,7863,9,148,Lotnisko Chopina,1 min przed czasem,Centrum Onkologii 04,,2024-12-25 15:07:35.554737
Autobus,8502,3,731,Legionowo Os. Młodych,1 min przed czasem,Legionowo Sielankowa 02,,2024-12-25 15:07:35.554737
Autobus,8825,6,504,Dw. Centralny,1 min przed czasem,Metro Kabaty 04,,2024-12-25 15:07:35.554737
Autobus,15081,M5,L10,Wieliszew-Plaża,1 min przed czasem,Wieliszew-Plaża 01,,2024-12-25 15:07:35.554737
Autobus,8538,3,131,Sadyba,0 min,Centrum 15,,2024-12-25 15:07:35.554737
Tramwaj,4232,1,16,Miasteczko Wilanów,0 min,Oś Królewska 05,,2024-12-25 15:07:35.554737
Autobus,7869,1,520,Marysin,0 min,Płowiecka 04,,2024-12-25 15:07:35.554737
Autobus,8369,2,217,Metro Wilanowska,0 min,Dolina Służewiecka 04,,2024-12-25 15:07:35.554737
Autobus,9328,3,142,Wiatraczna,0 min,Dzielnicowa 02,,2024-12-25 15:07:35.554737
Tramwaj,3502,1,24,Nowe Bemowo,1 min przed czasem,Pl. Pole Elekcyjne 04,,2024-12-25 15:07:35.554737
Autobus,7863,9,148,Lotnisko Chopina,1 min przed czasem,Centrum Onkologii 04,,2024-12-25 15:07:35.554737
Autobus,8502,3,731,Legionowo Os. Młodych,1 min przed czasem,Legionowo Sielankowa 02,,2024-12-25 15:07:35.554737
Autobus,8825,6,504,Dw. Centralny,1 min przed czasem,Metro Kabaty 04,,2024-12-25 15:07:35.554737
Autobus,15081,M5,L10,Wieliszew-Plaża,1 min przed czasem,Wieliszew-Plaża 01,,2024-12-25 15:07:35.554737
Autobus,7732,1,151,Pl. Konstytucji,1 min przed czasem,Rechniewskiego 01,,2024-12-25 15:07:35.554737
Autobus,3401,5,120,Dw. Wschodni (Kijowska),1 min przed czasem,Metro Kondratowicza 02,,2024-12-25 15:07:35.554737
Autobus,1200,425,709,Piaseczno Szkolna,1 min przed czasem,Bogatki 01,,2024-12-25 15:07:35.554737
Autobus,4401,1,181,Pl. Wilsona,1 min przed czasem,Podleśna-IMGW 06,,2024-12-25 15:07:35.554737
Autobus,8592,1,509,Gocław,1 min przed czasem,Wał Gocławski 01,,2024-12-25 15:07:35.554737
Autobus,1537,7,141,Witolin,1 min przed czasem,Radarowa 01,,2024-12-25 15:07:35.554737
Autobus,4209,1,154,P+R Al. Krakowska,1 min przed czasem,Rakowska 01,,2024-12-25 15:07:35.554737
Autobus,7830,2,520,Marysin,1 min przed czasem,Międzynarodowa 02,,2024-12-25 15:07:35.554737
Autobus,5258,4,517,Pl. Trzech Krzyży,1 min przed czasem,Dzieci Warszawy 01,,2024-12-25 15:07:35.554737
Autobus,1537,7,141,Witolin,1 min przed czasem,Radarowa 01,,2024-12-25 15:07:35.554737
Autobus,7863,9,148,Lotnisko Chopina,1 min przed czasem,Centrum Onkologii 04,,2024-12-25 15:07:35.554737
Autobus,9806,2,185,Gwiaździsta,1 min przed czasem,Sobocka 02,,2024-12-25 15:07:35.554737
Autobus,1118,5,166,Os. Kabaty,1 min przed czasem,Pl. Na Rozdrożu 01,,2024-12-25 15:07:35.554737
Autobus,6244,509,728,Złotokłos,1 min przed czasem,Janki Działkowa 02,,2024-12-25 15:07:35.554737
Tramwaj,3292,6,24,Gocławek,1 min przed czasem,Młynarska 03,,2024-12-25 15:07:35.554737
Tramwaj,3826,5,6,Metro Młociny,1 min przed czasem,Pl. Hallera 04,,2024-12-25 15:07:35.554737
Autobus,5238,2,716,Cm. Wolski,1 min przed czasem,Lalki 03,,2024-12-25 15:07:35.554737
Autobus,3458,802,409,Bródno-Podgrodzie,1 min przed czasem,Galla Anonima 01,,2024-12-25 15:07:35.554737
Tramwaj,4201,2,16,Miasteczko Wilanów,1 min przed czasem,Goworka 03,,2024-12-25 15:07:35.554737
Tramwaj,4232,1,16,Miasteczko Wilanów,1 min przed czasem,Oś Królewska 05,,2024-12-25 15:07:35.554737
Autobus,1200,425,709,Piaseczno Szkolna,1 min przed czasem,Bogatki 01,,2024-12-25 15:07:35.554737
Autobus,3467,2,132,Metro Marymont,1 min przed czasem,Os. Potok 04,,2024-12-25 15:07:35.554737
Autobus,8522,4,143,Dw. Zachodni,1 min przed czasem,Wspólna Droga 01,,2024-12-25 15:07:35.554737
Tramwaj,3262,543,1,Annopol,1 min przed czasem,Rondo Starzyńskiego 08,,2024-12-25 15:07:35.554737
Autobus,1223,5,251,Metro Wilanowska,1 min przed czasem,Konstancin-Jeziorna Park Zdrojowy 02,,2024-12-25 15:07:35.554737
Autobus,9068,457,211,Kępa Tarchomińska,1 min przed czasem,Buków 03,,2024-12-25 15:07:35.554737
Autobus,2217,6,136,Natolin Płn.,1 min przed czasem,PKP Wola (Kasprzaka) 05,,2024-12-25 15:07:35.554737
Autobus,4322,3,152,Os. Derby,1 min przed czasem,Białołęka-Ratusz 02,,2024-12-25 15:07:35.554737
Autobus,1200,425,709,Piaseczno Szkolna,1 min przed czasem,Bogatki 01,,2024-12-25 15:07:35.554737
Autobus,3467,2,132,Metro Marymont,1 min przed czasem,Os. Potok 04,,2024-12-25 15:07:35.554737
Autobus,8522,4,143,Dw. Zachodni,1 min przed czasem,Wspólna Droga 01,,2024-12-25 15:07:35.554737
Tramwaj,3262,543,1,Annopol,1 min przed czasem,Rondo Starzyńskiego 08,,2024-12-25 15:07:35.554737
Autobus,1223,5,251,Metro Wilanowska,1 min przed czasem,Konstancin-Jeziorna Park Zdrojowy 02,,2024-12-25 15:07:35.554737
Autobus,8353,1,217,Natolin Płn.,1 min przed czasem,Świątynia Opatrzności Bożej 01,,2024-12-25 15:07:35.554737
Autobus,8365,4,525,Dw. Centralny,1 min przed czasem,Pożaryskiego 01,,2024-12-25 15:07:35.554737
Autobus,9515,1,103,Metro Młociny,1 min przed czasem,Twardowska 02,,2024-12-25 15:07:35.554737
Autobus,9829,6,502,Metro Politechnika,1 min przed czasem,Stara Miłosna (Graniczna) 02,,2024-12-25 15:07:35.554737
Autobus,9946,3,186,Szczęśliwice,1 min przed czasem,Myśliborska 01,,2024-12-25 15:07:35.554737
Autobus,7714,5,520,Dw. Centralny,1 min przed czasem,Centrum 06,,2024-12-25 15:07:35.554737
Tramwaj,3827,7,6,Gocławek,1 min przed czasem,Pl. Szembeka 04,,2024-12-25 15:07:35.554737
Autobus,1536,5,119,Rakowiecka-Sanktuarium,1 min przed czasem,Pomiechowska 01,,2024-12-25 15:07:35.554737
Autobus,8890,5,504,Dw. Centralny,1 min przed czasem,Gotarda 02,,2024-12-25 15:07:35.554737
Autobus,9206,572,209,Dawidy,1 min przed czasem,Kórnicka 02,,2024-12-25 15:07:35.554737
Autobus,9338,7,179,Os. Kabaty,1 min przed czasem,Ursynów Płd. 02,,2024-12-25 15:07:35.554737
Autobus,8538,3,131,Sadyba,1 min przed czasem,Centrum 15,,2024-12-25 15:07:35.554737
Autobus,9520,51,715,P+R Al. Krakowska,1 min przed czasem,Centrum Onkologii 02,,2024-12-25 15:07:35.554737
Tramwaj,3827,7,6,Gocławek,1 min przed czasem,Pl. Szembeka 04,,2024-12-25 15:07:35.554737
Autobus,1536,5,119,Rakowiecka-Sanktuarium,1 min przed czasem,Pomiechowska 01,,2024-12-25 15:07:35.554737
Autobus,8890,5,504,Dw. Centralny,1 min przed czasem,Gotarda 02,,2024-12-25 15:07:35.554737
Autobus,9206,572,209,Dawidy,1 min przed czasem,Kórnicka 02,,2024-12-25 15:07:35.554737
Autobus,9338,7,179,Os. Kabaty,1 min przed czasem,Ursynów Płd. 02,,2024-12-25 15:07:35.554737
Autobus,8538,3,131,Sadyba,1 min przed czasem,Centrum 15,,2024-12-25 15:07:35.554737
Autobus,9520,51,715,P+R Al. Krakowska,1 min przed czasem,Centrum Onkologii 02,,2024-12-25 15:07:35.554737
Autobus,9803,1,185,CH Ursynów,1 min przed czasem,Gwiaździsta 04,,2024-12-25 15:07:35.554737
Autobus,3458,802,409,Bródno-Podgrodzie,1 min przed czasem,Galla Anonima 01,,2024-12-25 15:07:35.554737
Autobus,4322,3,152,Os. Derby,1 min przed czasem,Białołęka-Ratusz 02,,2024-12-25 15:07:35.554737
Autobus,5207,5,177,Ursus-Niedźwiadek,1 min przed czasem,Raginisa 02,,2024-12-25 15:07:35.554737
Tramwaj,3231,6,15,P+R Al. Krakowska,1 min przed czasem,Lipowczana 02,,2024-12-25 15:07:35.554737
Autobus,2236,3,517,Pl. Trzech Krzyży,1 min przed czasem,Pl. Narutowicza 01,,2024-12-25 15:07:35.554737
Autobus,9508,5,159,CH Blue City,1 min przed czasem,Wiejska 02,,2024-12-25 15:07:35.554737
Tramwaj,3120,7,9,P+R Al. Krakowska,1 min przed czasem,Pl. Narutowicza 08,,2024-12-25 15:07:35.554737
Autobus,8532,4,189,Sadyba,1 min przed czasem,Al. Lotników 05,,2024-12-25 15:07:35.554737
Tramwaj,3122,1,7,Kawęczyńska-Bazylika,1 min przed czasem,Och-Teatr 03,,2024-12-25 15:07:35.554737
Tramwaj,4010,5,22,Piaski,1 min przed czasem,Pl. Zawiszy 08,,2024-12-25 15:07:35.554737
Autobus,7743,3,525,Dw. Centralny,1 min przed czasem,Kanał Gocławski 01,,2024-12-25 15:07:35.554737
Autobus,5978,2,518,Bielańska,1 min przed czasem,Metro Marymont 01,,2024-12-25 15:07:35.554737
Autobus,35132,688,L-5,Antoninów Cm. Południowy-Brama Płd.,1 min przed czasem,Władysławów Zielona 02,,2024-12-25 15:07:35.554737
Autobus,8810,1,138,Utrata,1 min przed czasem,Łubinowa 02,,2024-12-25 15:07:35.554737
Autobus,4422,1,240,Marki Pustelnik,1 min przed czasem,Marki Szkolna 02,,2024-12-25 15:07:35.554737
Autobus,1200,425,709,Piaseczno Szkolna,1 min przed czasem,Bogatki 01,,2024-12-25 15:07:35.554737
Autobus,1812,2,212,CH Targówek,2 min przed czasem,Gilarska 01,,2024-12-25 15:07:35.554737
Tramwaj,3648,4,11,Cm. Wolski,2 min przed czasem,PKP Wola (Kasprzaka) 04,,2024-12-25 15:07:35.554737
Autobus,4223,3,154,Dw. Zachodni,2 min przed czasem,Komitetu Obrony Robotników 02,,2024-12-25 15:07:35.554737
Autobus,5990,M7,127,Nowe Włochy,2 min przed czasem,Zajęcza 01,,2024-12-25 15:07:35.554737
Autobus,80115,1,L44,PKP Wołomin,2 min przed czasem,Kobyłka Zalasek 02,,2024-12-25 15:07:35.554737
Autobus,3412,2,738,P+R Radzymin,2 min przed czasem,Marki Szkolna 02,,2024-12-25 15:07:35.554737
Autobus,3455,64,705,Metro Marymont,2 min przed czasem,Rynia Siwek 01,,2024-12-25 15:07:35.554737
Autobus,4307,2,134,Olesin,2 min przed czasem,Berensona 02,,2024-12-25 15:07:35.554737
Autobus,5911,5,158,Witolin,2 min przed czasem,Łukowska 04,,2024-12-25 15:07:35.554737
Autobus,8809,4,138,Utrata,2 min przed czasem,Bokserska 05,,2024-12-25 15:07:35.554737
Autobus,2233,3,141,P+R Al. Krakowska,2 min przed czasem,Bartycka 01,,2024-12-25 15:07:35.554737
Autobus,5937,1,503,Konwiktorska,2 min przed czasem,Nowoursynowska 02,,2024-12-25 15:07:35.554737
Autobus,4211,1,713,Koprki Agricoop,2 min przed czasem,Jawczyce 02,,2024-12-25 15:07:35.554737
Autobus,4233,2,194,Cm. Wolski,2 min przed czasem,Fort Wola 06,,2024-12-25 15:07:35.554737
Autobus,9204,471,203,Metro Młociny,1 min przed czasem,Fort Wawrzyszew 02,,2024-12-25 15:07:35.554737
Tramwaj,3648,4,11,Cm. Wolski,1 min przed czasem,PKP Wola (Kasprzaka) 04,,2024-12-25 15:07:35.554737
Autobus,8810,1,138,Utrata,1 min przed czasem,Łubinowa 02,,2024-12-25 15:07:35.554737
Autobus,5978,2,518,Bielańska,1 min przed czasem,Metro Marymont 01,,2024-12-25 15:07:35.554737
Autobus,5937,1,503,Konwiktorska,2 min przed czasem,Nowoursynowska 02,,2024-12-25 15:07:35.554737
Tramwaj,4226,7,16,Piaski,2 min przed czasem,Centrum 08,,2024-12-25 15:07:35.554737
Autobus,1812,2,212,CH Targówek,2 min przed czasem,Gilarska 01,,2024-12-25 15:07:35.554737
Autobus,4211,1,713,Koprki Agricoop,2 min przed czasem,Jawczyce 02,,2024-12-25 15:07:35.554737
Autobus,80115,1,L44,PKP Wołomin,2 min przed czasem,Kobyłka Zalasek 02,,2024-12-25 15:07:35.554737
Autobus,8809,4,138,Utrata,2 min przed czasem,Bokserska 05,,2024-12-25 15:07:35.554737
Autobus,3455,64,705,Metro Marymont,2 min przed czasem,Białobrzegi AMW Rewita 01,,2024-12-25 15:07:35.554737
Autobus,5911,5,158,Witolin,2 min przed czasem,Tarnowiecka 02,,2024-12-25 15:07:35.554737
Autobus,9323,469,142,Aleksandrów,2 min przed czasem,Podkowy 02,,2024-12-25 15:07:35.554737
Autobus,3412,2,738,P+R Radzymin,2 min przed czasem,Marki Fabryczna 02,,2024-12-25 15:07:35.554737
Autobus,4307,2,134,Olesin,2 min przed czasem,Ostródzka-Szkoła 02,,2024-12-25 15:07:35.554737
Autobus,5990,M7,127,Nowe Włochy,2 min przed czasem,Jaracza 01,,2024-12-25 15:07:35.554737
Autobus,9340,1,198,PKP Wesoła,2 min przed czasem,Stara Miłosna (Ułańska) 01,,2024-12-25 15:07:35.554737
Autobus,9311,646,199,Rembertów-Strzelnica,2 min przed czasem,Szpital Bródnowski 02,,2024-12-25 15:07:35.554737
Autobus,5966,3,127,Browarna,2 min przed czasem,Białobrzeska 01,,2024-12-25 15:07:35.554737
Autobus,3455,64,705,Metro Marymont,2 min przed czasem,Białobrzegi AMW Rewita 01,,2024-12-25 15:07:35.554737
Autobus,5911,5,158,Witolin,2 min przed czasem,Tarnowiecka 02,,2024-12-25 15:07:35.554737
Autobus,9323,469,142,Aleksandrów,2 min przed czasem,Podkowy 02,,2024-12-25 15:07:35.554737
Autobus,3412,2,738,P+R Radzymin,2 min przed czasem,Marki Fabryczna 02,,2024-12-25 15:07:35.554737
Autobus,4307,2,134,Olesin,2 min przed czasem,Ostródzka-Szkoła 02,,2024-12-25 15:07:35.554737
Autobus,5990,M7,127,Nowe Włochy,2 min przed czasem,Jaracza 01,,2024-12-25 15:07:35.554737
Autobus,9340,1,198,PKP Wesoła,2 min przed czasem,Stara Miłosna (Ułańska) 01,,2024-12-25 15:07:35.554737
Autobus,9311,646,199,Rembertów-Strzelnica,2 min przed czasem,Szpital Bródnowski 02,,2024-12-25 15:07:35.554737
Autobus,5966,3,127,Browarna,2 min przed czasem,Białobrzeska 01,,2024-12-25 15:07:35.554737
Autobus,9901,473,114,Młociny-UKSW,2 min przed czasem,Suzina 02,,2024-12-25 15:07:35.554737
Autobus,2233,3,141,P+R Al. Krakowska,2 min przed czasem,Sielce 01,,2024-12-25 15:07:35.554737
Autobus,7716,5,509,Winnica,2 min przed czasem,Milenijna 02,,2024-12-25 15:07:35.554737
Autobus,4233,2,194,Cm. Wolski,2 min przed czasem,Fort Wola 06,,2024-12-25 15:07:35.554737
Autobus,1413,6,141,Witolin,2 min przed czasem,Dolna 03,,2024-12-25 15:07:35.554737
Autobus,5220,2,141,P+R Al. Krakowska,2 min przed czasem,Baleya 01,,2024-12-25 15:07:35.554737
Autobus,3447,63,735,Metro Marymont,2 min przed czasem,Tomaszew 01,,2024-12-25 15:07:35.554737
Tramwaj,3179,4,10,Wyścigi,2 min przed czasem,Bukowińska 03,,2024-12-25 15:07:35.554737
Autobus,9804,3,167,Fort Radiowo,2 min przed czasem,Narwik 02,,2024-12-25 15:07:35.554737
Tramwaj,4219,1,11,Sielce,2 min przed czasem,Goworka 03,,2024-12-25 15:07:35.554737
Autobus,3447,63,735,Metro Marymont,2 min przed czasem,Nowiny 01,,2024-12-25 15:07:35.554737
Autobus,7863,9,148,Lotnisko Chopina,2 min przed czasem,Poleczki 04,,2024-12-25 15:07:35.554737
Autobus,5955,611,111,Gocław,2 min przed czasem,Afrykańska 01,,2024-12-25 15:07:35.554737
Autobus,5928,1,158,Witolin,2 min przed czasem,Śmigłowca 01,,2024-12-25 15:07:35.554737
Autobus,4428,1,736,Żerań FSO,3 min przed czasem,Żerań FSO 12,,2024-12-25 15:07:35.554737
Tramwaj,4007,3,15,Marymont-Potok,3 min przed czasem,Hoża 04,,2024-12-25 15:07:35.554737
Autobus,70001,1,L39,Piaseczno Szpital,3 min przed czasem,Piaseczno Jarząbka 01,,2024-12-25 15:07:35.554737
Autobus,6239,3,184,Szczęśliwice,3 min przed czasem,Szczęśliwicka 03,,2024-12-25 15:07:35.554737
Autobus,9353,3,135,PKP Olszynka Grochowska,3 min przed czasem,Poligonowa 03,,2024-12-25 15:07:35.554737
Autobus,7817,7,523,PKP Olszynka Grochowska,3 min przed czasem,Marszałkowska 01,,2024-12-25 15:07:35.554737
Autobus,1209,422,739,Piaseczno Julianowska-Cmentarz,3 min przed czasem,Julianów Srebrnych Świerków 01,,2024-12-25 15:07:35.554737
Autobus,776,1,150,Metro Młociny,3 min przed czasem,Dziekanów Leśny 01,,2024-12-25 15:07:35.554737
Autobus,9835,7,167,Siekierki-Sanktuarium,3 min przed czasem,Spacerowa 03,,2024-12-25 15:07:35.554737
Autobus,4415,2,122,Gwiaździsta,3 min przed czasem,Os. Górczewska 01,,2024-12-25 15:07:35.554737
Autobus,9503,5,103,Brylowska,3 min przed czasem,Metro Młociny 01,,2024-12-25 15:07:35.554737
Autobus,15090,2,L11,Nowy Dwór Mazowiecki Urząd Miasta,3 min przed czasem,Nowy Dwór Mazowiecki Urząd Miasta 01,,2024-12-25 15:07:35.554737
Autobus,1207,426,727,Władysławów,4 min przed czasem,Gołków Zielona 03,,2024-12-25 15:07:35.554737
Autobus,5204,5,136,Natolin Płn.,4 min przed czasem,Konstruktorska 01,,2024-12-25 15:07:35.554737
Autobus,9525,52,715,Ursynów Płn.,4 min przed czasem,Herbsta 03,,2024-12-25 15:07:35.554737
Autobus,9353,3,135,PKP Olszynka Grochowska,3 min przed czasem,Poligonowa 03,,2024-12-25 15:07:35.554737
Autobus,4415,2,122,Gwiaździsta,3 min przed czasem,Os. Górczewska 01,,2024-12-25 15:07:35.554737
Autobus,9503,5,103,Brylowska,3 min przed czasem,Metro Młociny 01,,2024-12-25 15:07:35.554737
Autobus,9835,7,167,Siekierki-Sanktuarium,3 min przed czasem,Spacerowa 03,,2024-12-25 15:07:35.554737
Autobus,15090,2,L11,Nowy Dwór Mazowiecki Urząd Miasta,4 min przed czasem,Nowy Dwór Mazowiecki Urząd Miasta 01,,2024-12-25 15:07:35.554737
Autobus,1207,426,727,Władysławów,4 min przed czasem,Gołków Zielona 03,,2024-12-25 15:07:35.554737
Tramwaj,4205,2,2,Winnica,4 min przed czasem,Metro Młociny 28,,2024-12-25 15:07:35.554737
Autobus,9525,52,715,Ursynów Płn.,4 min przed czasem,Herbsta 03,,2024-12-25 15:07:35.554737
Autobus,5204,5,136,Natolin Płn.,4 min przed czasem,Domaniewska 01,,2024-12-25 15:07:35.554737
Autobus,5889,2,127,Browarna,4 min przed czasem,Biblioteka Uniwersytecka 02,,2024-12-25 15:07:35.554737
Autobus,8308,4,136,Natolin Płn.,5 min przed czasem,Miklaszewskiego 03,,2024-12-25 15:07:35.554737
Tramwaj,3127,26,17,PKP Służewiec,6 min przed czasem,Metro Marymont 03,,2024-12-25 15:07:35.554737
Autobus,8359,7,189,Sadyba,6 min przed czasem,Os. Górczewska 01,,2024-12-25 15:07:35.554737
Autobus,7208,6,523,PKP Olszynka Grochowska,6 min przed czasem,Chłopickiego 02,,2024-12-25 15:07:35.554737
Autobus,1069,2,108,Łososiowa,7 min przed czasem,Pl. Trzech Krzyży 02,,2024-12-25 15:07:35.554737
Autobus,9930,8,190,Znana,9 min przed czasem,Kino Femina 02,Poza trasą,2024-12-25 15:07:35.554737
Autobus,4409,1,157,Szczęśliwice,9 min przed czasem,Gwiaździsta 04,,2024-12-25 15:07:35.554737
Tramwaj,3136,12,33,Metro Młociny,9 min przed czasem,Kielecka 02,,2024-12-25 15:07:35.554737
Autobus,5899,410,175,Pl. Piłsudskiego,11 min przed czasem,Lotnisko Chopina-Przyloty 02,,2024-12-25 15:07:35.554737
