Type,Vehicle No,Brigade,Route,Trip Headsign,Delay,Stop Name,Outside,Timestamp
Tramwaj,3260,7,17,PKP Służewiec,21 min,Rondo ONZ 03,,2024-12-25 08:07:37.551820
Tramwaj,4102,6,17,PKP Służewiec,20 min,Rondo Unii Europejskiej 04,,2024-12-25 08:07:37.551820
Autobus,5889,2,127,Browarna,18 min,Śmigłowca 01,,2024-12-25 08:07:37.551820
Autobus,7711,6,509,Winnica,18 min,Gocław 03,,2024-12-25 08:07:37.551820
Autobus,5934,602,507,Gocław,14 min,Bora-Komorowskiego 01,,2024-12-25 08:07:37.551820
Autobus,8367,6,709,Metro Wilanowska,13 min,Piaseczno Energetyczna 02,,2024-12-25 08:07:37.551820
Tramwaj,3223,3,7,Kawęczyńska-Bazylika,13 min,Och-Teatr 03,Poza trasą,2024-12-25 08:07:37.551820
Autobus,5973,4,116,Wilanów,11 min,Królowej Marysieńki 01,,2024-12-25 08:07:37.551820
Autobus,8521,1,709,Metro Wilanowska,7 min,Piaseczno Dworcowa 01,,2024-12-25 08:07:37.551820
Pociąg,2006,,WKD,Komorów,6 min,Milanówek Grudów,,2024-12-25 08:07:37.551820
Autobus,9328,3,142,Wiatraczna,6 min,Wiatraczna 23,,2024-12-25 08:07:37.551820
Autobus,2021,4,709,Piaseczno Szkolna,5 min,Metro Wilanowska 18,,2024-12-25 08:07:37.551820
Autobus,5258,4,517,Ursus-Niedźwiadek,4 min,Ursus-Niedźwiadek 02,,2024-12-25 08:07:37.551820
Autobus,7816,7,520,Dw. Centralny,4 min,Marysin 03,,2024-12-25 08:07:37.551820
Autobus,1906,4,106,Mariensztat,4 min,Al. Jana Pawła II 01,,2024-12-25 08:07:37.551820
Tramwaj,3232,2,24,Nowe Bemowo,4 min,Park Skaryszewski 03,,2024-12-25 08:07:37.551820
Autobus,1803,1,212,Pl. Hallera,4 min,Myszkowska 01,,2024-12-25 08:07:37.551820
Tramwaj,3156,1,6,Gocławek,4 min,Gen. Zajączka 03,,2024-12-25 08:07:37.551820
Tramwaj,3249,5,9,P+R Al. Krakowska,4 min,Dw. Centralny 08,,2024-12-25 08:07:37.551820
Autobus,2021,4,709,Piaseczno Szkolna,5 min,Metro Wilanowska 18,,2024-12-25 08:07:37.551820
Autobus,2021,4,709,Piaseczno Szkolna,5 min,Metro Wilanowska 18,,2024-12-25 08:07:37.551820
Autobus,5258,4,517,Ursus-Niedźwiadek,4 min,Ursus-Niedźwiadek 02,,2024-12-25 08:07:37.551820
Autobus,7816,7,520,Dw. Centralny,4 min,Marysin 03,,2024-12-25 08:07:37.551820
Autobus,1803,1,212,Pl. Hallera,4 min,Metro Targówek Mieszkaniowy 01,,2024-12-25 08:07:37.551820
Tramwaj,3232,2,24,Nowe Bemowo,4 min,Berezyńska 01,,2024-12-25 08:07:37.551820
Autobus,1906,4,106,Mariensztat,4 min,Al. Jana Pawła II 01,,2024-12-25 08:07:37.551820
Tramwaj,3156,1,6,Gocławek,4 min,Gen. Zajączka 03,,2024-12-25 08:07:37.551820
Tramwaj,3249,5,9,P+R Al. Krakowska,4 min,Dw. Centralny 08,,2024-12-25 08:07:37.551820
Autobus,70046,1,L-1,PKP Piaseczno,3 min,Lesznowola 02,,2024-12-25 08:07:37.551820
Autobus,5954,7,503,Konwiktorska,3 min,Krucza 02,,2024-12-25 08:07:37.551820
Autobus,1520,435,146,Falenica,3 min,Pl. Przymierza 01,,2024-12-25 08:07:37.551820
Autobus,772,4,750,Metro Młociny,3 min,Kiełpin 01,,2024-12-25 08:07:37.551820
Autobus,4513,1,733,P+R Al. Krakowska,3 min,Stara Wieś 01,,2024-12-25 08:07:37.551820
Autobus,8843,4,504,Os. Kabaty,3 min,Małej Łąki 04,,2024-12-25 08:07:37.551820
Autobus,9522,53,715,Ursynów Płn.,2 min,Karczunkowska 02,,2024-12-25 08:07:37.551820
Tramwaj,4109,548,4,Żerań Wschodni,2 min,Królikarnia 04,,2024-12-25 08:07:37.551820
Autobus,1520,435,146,Falenica,3 min,Pl. Przymierza 01,,2024-12-25 08:07:37.551820
Autobus,772,4,750,Metro Młociny,3 min,Kiełpin 01,,2024-12-25 08:07:37.551820
Autobus,4513,1,733,P+R Al. Krakowska,3 min,Stara Wieś 01,,2024-12-25 08:07:37.551820
Autobus,8843,4,504,Os. Kabaty,3 min,Małej Łąki 04,,2024-12-25 08:07:37.551820
Autobus,9522,53,715,Ursynów Płn.,2 min,Karczunkowska 02,,2024-12-25 08:07:37.551820
Tramwaj,4109,548,4,Żerań Wschodni,2 min,Królikarnia 04,,2024-12-25 08:07:37.551820
Autobus,4223,3,154,P+R Al. Krakowska,2 min,Drzewieckiego 02,,2024-12-25 08:07:37.551820
Autobus,9918,498,186,Nowodwory,2 min,Rondo Zesłańców Syberyjskich 04,,2024-12-25 08:07:37.551820
Autobus,4403,3,157,Szczęśliwice,2 min,Sobocka 01,,2024-12-25 08:07:37.551820
Autobus,3449,3,162,EC Siekierki,2 min,Os. Panieńska 01,,2024-12-25 08:07:37.551820
Autobus,25188,1,L20,Rzakta,2 min,PKP Śródborów 01,,2024-12-25 08:07:37.551820
Autobus,5899,410,175,Pl. Piłsudskiego,2 min,Lotnisko Chopina-Przyloty 02,,2024-12-25 08:07:37.551820
Autobus,1204,632,218,Metro Wilanowska,2 min,Królikarnia 08,,2024-12-25 08:07:37.551820
Autobus,1219,633,218,Metro Wierzbno,2 min,Maklakiewicza 01,,2024-12-25 08:07:37.551820
Autobus,6217,5,517,Ursus-Niedźwiadek,2 min,Szancera 02,,2024-12-25 08:07:37.551820
Autobus,8346,4,131,Sadyba,2 min,Śniegockiej 01,,2024-12-25 08:07:37.551820
Autobus,1527,3,173,Stara Miłosna (Graniczna),2 min,Wiosenna 02,,2024-12-25 08:07:37.551820
Autobus,8454,4,738,P+R Radzymin,2 min,Krynoliny 02,,2024-12-25 08:07:37.551820
Autobus,2040,3,709,PKP Piaseczno,2 min,Sójki 01,,2024-12-25 08:07:37.551820
Autobus,5923,7,116,Wilanów,2 min,Teatr Komedia 01,,2024-12-25 08:07:37.551820
Autobus,1424,450,146,Dw. Wschodni (Lubelska),2 min,Rondo Waszyngtona 01,,2024-12-25 08:07:37.551820
Autobus,25188,1,L20,Rzakta,2 min,Otwock Kubusia Puchatka 01,,2024-12-25 08:07:37.551820
Autobus,1527,3,173,Stara Miłosna (Graniczna),2 min,Wola Grzybowska 02,,2024-12-25 08:07:37.551820
Autobus,4510,2,197,Cm. Wolski,2 min,Kochanowskiego 01,,2024-12-25 08:07:37.551820
Autobus,9522,53,715,Ursynów Płn.,2 min,Jagielska 02,,2024-12-25 08:07:37.551820
Autobus,6217,5,517,Ursus-Niedźwiadek,2 min,Adamieckiego 02,,2024-12-25 08:07:37.551820
Autobus,8454,4,738,P+R Radzymin,2 min,Bystra 02,,2024-12-25 08:07:37.551820
Autobus,5434,1,723,Żerań FSO,2 min,Aluzyjna 01,,2024-12-25 08:07:37.551820
Autobus,3455,64,735,Metro Marymont,2 min,Stanisławów Pierwszy Przyleśna 01,,2024-12-25 08:07:37.551820
Tramwaj,3292,6,24,Gocławek,2 min,Koło 01,,2024-12-25 08:07:37.551820
Tramwaj,3644,5,11,Sielce,2 min,Nowowiejska 03,,2024-12-25 08:07:37.551820
Autobus,8809,4,138,Utrata,2 min,Księcia Ziemowita 02,,2024-12-25 08:07:37.551820
Autobus,9089,71,204,Metro Bródno,2 min,KS Polonez 03,,2024-12-25 08:07:37.551820
Autobus,777,3,150,Dziekanów Leśny,2 min,Muzealna 02,,2024-12-25 08:07:37.551820
Autobus,3412,2,738,Metro Trocka,2 min,Cegielnia Wawrzyna 01,,2024-12-25 08:07:37.551820
Autobus,9808,3,185,CH Ursynów,2 min,Centrum Olimpijskie 01,,2024-12-25 08:07:37.551820
Autobus,5882,409,175,Pl. Piłsudskiego,2 min,Pl. Starynkiewicza 01,,2024-12-25 08:07:37.551820
Autobus,5977,4,503,Natolin Płn.,2 min,Muranowska 05,,2024-12-25 08:07:37.551820
Tramwaj,3292,6,24,Gocławek,2 min,Koło 01,,2024-12-25 08:07:37.551820
Autobus,3455,64,735,Metro Marymont,2 min,Stanisławów Pierwszy Przyleśna 01,,2024-12-25 08:07:37.551820
Autobus,8809,4,138,Utrata,2 min,Księcia Ziemowita 02,,2024-12-25 08:07:37.551820
Tramwaj,3292,6,24,Gocławek,2 min,Koło 01,,2024-12-25 08:07:37.551820
Autobus,9089,71,204,Metro Bródno,2 min,KS Polonez 03,,2024-12-25 08:07:37.551820
Autobus,777,3,150,Dziekanów Leśny,2 min,Muzealna 02,,2024-12-25 08:07:37.551820
Tramwaj,3644,5,11,Sielce,2 min,Nowowiejska 03,,2024-12-25 08:07:37.551820
Autobus,3412,2,738,Metro Trocka,2 min,Cegielnia Wawrzyna 01,,2024-12-25 08:07:37.551820
Autobus,9808,3,185,CH Ursynów,2 min,Centrum Olimpijskie 01,,2024-12-25 08:07:37.551820
Autobus,1068,3,130,Metro Wilanowska,2 min,Gołkowska 02,,2024-12-25 08:07:37.551820
Autobus,5882,409,175,Pl. Piłsudskiego,2 min,Pl. Starynkiewicza 01,,2024-12-25 08:07:37.551820
Autobus,5977,4,503,Natolin Płn.,2 min,Muranowska 05,,2024-12-25 08:07:37.551820
Autobus,1536,5,119,Rakowiecka-Sanktuarium,2 min,Bobrowiecka 02,,2024-12-25 08:07:37.551820
Autobus,4305,4,134,Olesin,2 min,Głębocka 02,,2024-12-25 08:07:37.551820
Autobus,5234,5,191,Regulska,2 min,Bitwy Warszawskiej 1920 r. 06,,2024-12-25 08:07:37.551820
Autobus,70006,693,L23,Konstancin-Jeziorna Jasna,2 min,PKP Piaseczno 02,,2024-12-25 08:07:37.551820
Autobus,7806,2,148,Wiatraczna,2 min,Szpital Południowy 03,,2024-12-25 08:07:37.551820
Autobus,8516,3,174,Bokserska,2 min,Nowowiejska 01,,2024-12-25 08:07:37.551820
Tramwaj,3824,5,23,Nowe Bemowo,1 min,Marynin 02,,2024-12-25 08:07:37.551820
Autobus,1536,5,119,Rakowiecka-Sanktuarium,2 min,Bobrowiecka 02,,2024-12-25 08:07:37.551820
Autobus,4305,4,134,Olesin,2 min,Głębocka 02,,2024-12-25 08:07:37.551820
Autobus,5234,5,191,Regulska,2 min,Bitwy Warszawskiej 1920 r. 06,,2024-12-25 08:07:37.551820
Autobus,70006,693,L23,Konstancin-Jeziorna Jasna,2 min,PKP Piaseczno 02,,2024-12-25 08:07:37.551820
Autobus,7806,2,148,Wiatraczna,2 min,Szpital Południowy 03,,2024-12-25 08:07:37.551820
Autobus,8516,3,174,Bokserska,2 min,Nowowiejska 01,,2024-12-25 08:07:37.551820
Tramwaj,3824,5,23,Nowe Bemowo,1 min,Marynin 02,,2024-12-25 08:07:37.551820
Autobus,1209,422,739,Metro Wilanowska,1 min,Mysiadło Dąbrówka 02,,2024-12-25 08:07:37.551820
Autobus,1216,657,166,Os. Kabaty,1 min,Tor Stegny 53,,2024-12-25 08:07:37.551820
Autobus,9503,5,103,Metro Młociny,1 min,Karolkowa 52,,2024-12-25 08:07:37.551820
Autobus,4202,3,177,Ursus-Niedźwiadek,1 min,Posag 7 Panien 03,,2024-12-25 08:07:37.551820
Tramwaj,4010,5,22,Piaski,1 min,Krucza 06,,2024-12-25 08:07:37.551820
Autobus,9085,1,161,Olecka,1 min,Zbójna Góra 01,,2024-12-25 08:07:37.551820
Autobus,4215,4,154,P+R Al. Krakowska,1 min,Dickensa 02,,2024-12-25 08:07:37.551820
Autobus,70001,1,L39,Mysiadło Dąbrówka,1 min,Piaseczno Wojska Polskiego 02,,2024-12-25 08:07:37.551820
Autobus,9501,654,714,Metro Bemowo,1 min,Hubala-Dobrzańskiego 01,,2024-12-25 08:07:37.551820
Autobus,5256,1,191,Pl. Narutowicza,1 min,Ryżowa 02,,2024-12-25 08:07:37.551820
Autobus,8312,3,136,Ostroroga,1 min,Szczęśliwicka 52,,2024-12-25 08:07:37.551820
Autobus,9320,3,179,Os. Kabaty,1 min,Zaolziańska 01,,2024-12-25 08:07:37.551820
Autobus,9535,4,103,Metro Młociny,1 min,Kochanowskiego 02,,2024-12-25 08:07:37.551820
Autobus,2013,1,189,Os. Górczewska,1 min,Bełdan 02,,2024-12-25 08:07:37.551820
Autobus,4526,5,220,Nowe Bemowo,1 min,Hassa 01,,2024-12-25 08:07:37.551820
Autobus,9073,458,211,Żerań FSO,1 min,Nowodwory 04,,2024-12-25 08:07:37.551820
Autobus,9252,472,203,Fort Wawrzyszew,1 min,Bogusławskiego 05,,2024-12-25 08:07:37.551820
Autobus,9824,1,719,Metro Bemowo,1 min,Zaborów Wiosenna 02,,2024-12-25 08:07:37.551820
Autobus,15082,1,L34,PKP Legionowo,1 min,Olszewnica Stara Polna 01,,2024-12-25 08:07:37.551820
Autobus,4229,4,177,Ursus-Niedźwiadek,1 min,Klemensiewicza 01,,2024-12-25 08:07:37.551820
Autobus,9355,4,142,Wiatraczna,1 min,Zerzeń 02,,2024-12-25 08:07:37.551820
Tramwaj,3205,2,22,Wiatraczna,1 min,Park Olszyna 03,,2024-12-25 08:07:37.551820
Tramwaj,4281,9,33,Kielecka,1 min,Bogusławskiego 03,,2024-12-25 08:07:37.551820
Autobus,4413,1,197,Cm. Wolski,1 min,Fort Wola 06,,2024-12-25 08:07:37.551820
Tramwaj,3134,1,10,Wyścigi,1 min,Klemensiewicza 03,,2024-12-25 08:07:37.551820
Tramwaj,3158,2,3,Annopol,1 min,Inżynierska 04,,2024-12-25 08:07:37.551820
Tramwaj,3290,4,26,Metro Młociny,1 min,Wola-Ratusz 04,,2024-12-25 08:07:37.551820
Autobus,8505,445,409,Cm. Północny-Brama Zach.,1 min,Rondo Starzyńskiego 01,,2024-12-25 08:07:37.551820
Tramwaj,3157,8,9,Gocławek,1 min,Rondo Waszyngtona 06,,2024-12-25 08:07:37.551820
Autobus,1422,3,115,Aleksandrów,1 min,Rembertów-Akademia 01,,2024-12-25 08:07:37.551820
Autobus,5974,438,180,Wilanów,1 min,Gen. Maczka 01,,2024-12-25 08:07:37.551820
Autobus,15082,1,L34,PKP Legionowo,1 min,Olszewnica Stara Polna 01,,2024-12-25 08:07:37.551820
Autobus,4229,4,177,Ursus-Niedźwiadek,1 min,Klemensiewicza 01,,2024-12-25 08:07:37.551820
Autobus,9355,4,142,Wiatraczna,1 min,Zerzeń 02,,2024-12-25 08:07:37.551820
Autobus,4413,1,197,Cm. Wolski,1 min,Fort Wola 06,,2024-12-25 08:07:37.551820
Autobus,8505,445,409,Cm. Północny-Brama Zach.,1 min,Rondo Starzyńskiego 01,,2024-12-25 08:07:37.551820
Tramwaj,3822,1,23,Nowe Bemowo,1 min,Metro Ratusz Arsenał 10,,2024-12-25 08:07:37.551820
Autobus,1422,3,115,Aleksandrów,1 min,Rembertów-Akademia 01,,2024-12-25 08:07:37.551820
Autobus,5974,438,180,Wilanów,1 min,Gen. Maczka 01,,2024-12-25 08:07:37.551820
Autobus,1416,1,173,Dw. Wschodni (Lubelska),1 min,Spółdzielnia Noma 01,,2024-12-25 08:07:37.551820
Autobus,8527,2,174,Bokserska,1 min,Jadźwingów 01,,2024-12-25 08:07:37.551820
Tramwaj,3284,3,3,Annopol,1 min,Pl. Szembeka 03,,2024-12-25 08:07:37.551820
Autobus,8556,7,143,Dw. Zachodni,1 min,Saska 01,,2024-12-25 08:07:37.551820
Autobus,6219,3,122,Gwiaździsta,1 min,Ogrody Działkowe Bemowo 01,,2024-12-25 08:07:37.551820
Autobus,9341,2,198,Stara Miłosna (Ułańska),1 min,Wesoła-Ratusz 03,,2024-12-25 08:07:37.551820
Autobus,9949,4,190,Znana,1 min,Jórskiego 01,,2024-12-25 08:07:37.551820
Autobus,4429,8,122,Os. Górczewska,1 min,Ks. Popiełuszki 06,,2024-12-25 08:07:37.551820
Autobus,7256,6,184,Szczęśliwice,1 min,Ordona-WSA 01,,2024-12-25 08:07:37.551820
Tramwaj,3134,1,10,Wyścigi,1 min,Metro Bemowo 07,,2024-12-25 08:07:37.551820
Autobus,9835,7,167,Stare Bemowo,1 min,Pl. Unii Lubelskiej 55,,2024-12-25 08:07:37.551820
Tramwaj,3284,3,3,Annopol,1 min,Pl. Szembeka 03,,2024-12-25 08:07:37.551820
Autobus,8556,7,143,Dw. Zachodni,1 min,Saska 01,,2024-12-25 08:07:37.551820
Autobus,6219,3,122,Gwiaździsta,1 min,Ogrody Działkowe Bemowo 01,,2024-12-25 08:07:37.551820
Autobus,9341,2,198,Stara Miłosna (Ułańska),1 min,Wesoła-Ratusz 03,,2024-12-25 08:07:37.551820
Autobus,9949,4,190,Znana,1 min,Jórskiego 01,,2024-12-25 08:07:37.551820
Autobus,4429,8,122,Os. Górczewska,1 min,Ks. Popiełuszki 06,,2024-12-25 08:07:37.551820
Autobus,7256,6,184,Szczęśliwice,1 min,Ordona-WSA 01,,2024-12-25 08:07:37.551820
Tramwaj,3134,1,10,Wyścigi,1 min,Metro Bemowo 07,,2024-12-25 08:07:37.551820
Autobus,9835,7,167,Stare Bemowo,1 min,Pl. Unii Lubelskiej 55,,2024-12-25 08:07:37.551820
Autobus,7863,9,148,Wiatraczna,1 min,Gdecka 02,,2024-12-25 08:07:37.551820
Autobus,9093,2,161,Zbójna Góra,1 min,Falenica 01,,2024-12-25 08:07:37.551820
Autobus,4408,4,197,Gwiaździsta,1 min,Os. Leśne 01,,2024-12-25 08:07:37.551820
Autobus,5976,601,111,Esperanto,1 min,Os. Wilga 02,,2024-12-25 08:07:37.551820
Autobus,6200,2,517,Pl. Trzech Krzyży,1 min,PKP WKD Al. Jerozolimskie 01,,2024-12-25 08:07:37.551820
Autobus,4415,2,122,Gwiaździsta,1 min,Bohomolca 02,,2024-12-25 08:07:37.551820
Tramwaj,3259,521,3,Gocławek,1 min,Ząbkowska 03,,2024-12-25 08:07:37.551820
Autobus,3450,1,140,Metro Trocka,1 min,Marki Słoneczna 01,,2024-12-25 08:07:37.551820
Autobus,9913,4,186,Nowodwory,1 min,Obrazkowa 02,,2024-12-25 08:07:37.551820
Autobus,4328,2,152,Tarchomin,1 min,Ostródzka-Szkoła 03,,2024-12-25 08:07:37.551820
Autobus,4212,2,717,Piastów Ogińskiego,0 min,Śmigłowca 02,,2024-12-25 08:07:37.551820
Autobus,7242,508,728,Złotokłos,0 min,Raszyn Szkolna 02,,2024-12-25 08:07:37.551820
Tramwaj,4219,1,11,Sielce,0 min,Sowińskiego 01,,2024-12-25 08:07:37.551820
Autobus,1058,591,208,Bitwy Warszawskiej 1920 r.,0 min,Dickensa 02,,2024-12-25 08:07:37.551820
Autobus,1071,4,163,Metro Wilanowska,0 min,Szolc-Rogozińskiego 01,,2024-12-25 08:07:37.551820
Autobus,3450,1,140,Metro Trocka,0 min,Marki-Ratusz 01,,2024-12-25 08:07:37.551820
Autobus,5914,4,158,CH Reduta,0 min,Berestecka 02,,2024-12-25 08:07:37.551820
Autobus,5960,5,518,Bielańska,0 min,Os. Potok 04,,2024-12-25 08:07:37.551820
Autobus,6219,3,122,Gwiaździsta,0 min,Conrada 03,,2024-12-25 08:07:37.551820
Autobus,7246,1,703,P+R Al. Krakowska,0 min,Falenty Puchały 01,,2024-12-25 08:07:37.551820
Autobus,7256,6,184,Szczęśliwice,0 min,Ordona-WSA 01,,2024-12-25 08:07:37.551820
Autobus,9912,496,186,Szczęśliwice,0 min,Stefanika 01,,2024-12-25 08:07:37.551820
Autobus,2007,1,131,Dw. Centralny,0 min,Pl. Bernardyński 02,,2024-12-25 08:07:37.551820
Autobus,4419,2,157,Szczęśliwice,0 min,Chłodna 01,,2024-12-25 08:07:37.551820
Autobus,5978,2,518,Nowodwory,0 min,Białołęka-Ratusz 03,,2024-12-25 08:07:37.551820
Autobus,9330,2,153,Rembertów-Kolonia,0 min,PKP Rembertów 08,,2024-12-25 08:07:37.551820
Autobus,9501,654,714,Metro Bemowo,0 min,Zagłoby 01,,2024-12-25 08:07:37.551820
Autobus,4503,2,220,Opacz-Kolonia Rebusowa,0 min,Nowe Bemowo 12,,2024-12-25 08:07:37.551820
Autobus,8359,7,189,Sadyba,0 min,Człuchowska 03,,2024-12-25 08:07:37.551820
Autobus,7256,6,184,Szczęśliwice,0 min,Ordona-WSA 01,,2024-12-25 08:07:37.551820
Autobus,2007,1,131,Dw. Centralny,0 min,Al. Witosa 02,,2024-12-25 08:07:37.551820
Autobus,7256,6,184,Szczęśliwice,0 min,Ordona-WSA 01,,2024-12-25 08:07:37.551820
Autobus,4309,1,110,Metro Marymont,0 min,Park Kaskada 01,,2024-12-25 08:07:37.551820
Autobus,9330,2,153,Rembertów-Kolonia,0 min,PKP Rembertów 08,,2024-12-25 08:07:37.551820
Autobus,5960,5,518,Bielańska,0 min,Os. Potok 04,,2024-12-25 08:07:37.551820
Autobus,9508,5,159,Małe Siekierki,0 min,Batalionu AK „Bałtyk” 01,,2024-12-25 08:07:37.551820
Autobus,8359,7,189,Sadyba,0 min,Człuchowska 03,,2024-12-25 08:07:37.551820
Autobus,3450,1,140,Metro Trocka,0 min,Marki Fabryczna 01,,2024-12-25 08:07:37.551820
Autobus,8556,7,143,Dw. Zachodni,0 min,Torwar 02,,2024-12-25 08:07:37.551820
Autobus,9515,1,103,Brylowska,0 min,Bielany-Ratusz 03,,2024-12-25 08:07:37.551820
Autobus,5980,3,518,Nowodwory,0 min,Pl. Wilsona 08,,2024-12-25 08:07:37.551820
Autobus,6219,3,122,Gwiaździsta,0 min,Galla Anonima 01,,2024-12-25 08:07:37.551820
Autobus,8897,1,174,Rondo ONZ,0 min,Bokserska 05,,2024-12-25 08:07:37.551820
Autobus,9810,6,185,Gwiaździsta,0 min,Sielce 02,,2024-12-25 08:07:37.551820
Tramwaj,3259,521,3,Gocławek,0 min,Kijowska 03,,2024-12-25 08:07:37.551820
Autobus,70047,2,L33,PKP Jeziorki,0 min,Józefosław Dzikiej Róży 02,,2024-12-25 08:07:37.551820
Autobus,9343,642,199,Bródno-Podgrodzie,0 min,Zawodowa 02,,2024-12-25 08:07:37.551820
Autobus,1546,449,147,Stara Miłosna (Ułańska),0 min,Al. Zieleniecka 09,,2024-12-25 08:07:37.551820
Autobus,9355,4,142,Wiatraczna,0 min,Lebiodowa 02,,2024-12-25 08:07:37.551820
Autobus,9549,1,743,Os. Górczewska,0 min,Pogroszew-Kolonia Pogroszew Kolonia 01,,2024-12-25 08:07:37.551820
Autobus,2006,3,217,Metro Wilanowska,0 min,Os. Arbuzowa 02,,2024-12-25 08:07:37.551820
Autobus,5979,6,518,Bielańska,0 min,Nowodwory 03,,2024-12-25 08:07:37.551820
Autobus,5459,2,140,Marki Czarna Struga,0 min,Marki Graniczna 02,,2024-12-25 08:07:37.551820
Autobus,8369,2,217,Natolin Płn.,0 min,Patkowskiego 01,,2024-12-25 08:07:37.551820
Autobus,8530,8,166,Os. Kabaty,0 min,Solec 02,,2024-12-25 08:07:37.551820
Tramwaj,3120,7,9,P+R Al. Krakowska,0 min,Gocławek 05,,2024-12-25 08:07:37.551820
Tramwaj,3140,6,6,Metro Młociny,0 min,Gocławek 04,,2024-12-25 08:07:37.551820
Tramwaj,3146,545,1,Banacha,0 min,Annopol 03,,2024-12-25 08:07:37.551820
Tramwaj,3148,6,10,Os. Górczewska,0 min,Wyścigi 07,,2024-12-25 08:07:37.551820
Tramwaj,3149,542,1,Annopol,0 min,Banacha 04,,2024-12-25 08:07:37.551820
Tramwaj,3155,3,24,Nowe Bemowo,0 min,Gocławek 03,,2024-12-25 08:07:37.551820
Tramwaj,3166,521,3,Annopol,0 min,Gocławek 04,,2024-12-25 08:07:37.551820
Tramwaj,3176,1,3,Gocławek,0 min,Annopol 02,,2024-12-25 08:07:37.551820
Tramwaj,3180,2,7,P+R Al. Krakowska,0 min,Kawęczyńska-Bazylika 02,,2024-12-25 08:07:37.551820
Tramwaj,3806,4,23,Czynszowa,0 min,Nowe Bemowo 08,,2024-12-25 08:07:37.551820
Tramwaj,3810,3,20,Boernerowo,0 min,Żerań FSO 05,,2024-12-25 08:07:37.551820
Tramwaj,3239,6,26,Metro Młociny,0 min,Wiatraczna 13,,2024-12-25 08:07:37.551820
Tramwaj,3242,5,15,Marymont-Potok,0 min,P+R Al. Krakowska 02,,2024-12-25 08:07:37.551820
Tramwaj,3248,5,7,Kawęczyńska-Bazylika,0 min,P+R Al. Krakowska 03,,2024-12-25 08:07:37.551820
Tramwaj,3252,3,9,Gocławek,0 min,P+R Al. Krakowska 01,,2024-12-25 08:07:37.551820
Tramwaj,3267,6,4,Wyścigi,0 min,Żerań Wschodni 01,,2024-12-25 08:07:37.551820
Tramwaj,3293,6,22,Piaski,0 min,Wiatraczna 12,,2024-12-25 08:07:37.551820
Tramwaj,3806,4,23,Czynszowa,0 min,Nowe Bemowo 08,,2024-12-25 08:07:37.551820
Tramwaj,3810,3,20,Boernerowo,0 min,Żerań FSO 05,,2024-12-25 08:07:37.551820
Tramwaj,3811,7,20,Żerań FSO,0 min,Boernerowo 01,,2024-12-25 08:07:37.551820
Tramwaj,3820,6,28,Dw. Wschodni (Kijowska),0 min,Os. Górczewska 13,,2024-12-25 08:07:37.551820
Tramwaj,3828,3,6,Gocławek,0 min,Metro Młociny 12,,2024-12-25 08:07:37.551820
Tramwaj,4013,3,28,Os. Górczewska,0 min,Dw. Wschodni (Kijowska) 15,,2024-12-25 08:07:37.551820
Tramwaj,4104,547,4,Żerań Wschodni,0 min,Wyścigi 06,,2024-12-25 08:07:37.551820
Tramwaj,4201,2,16,Piaski,0 min,Miasteczko Wilanów 05,,2024-12-25 08:07:37.551820
Tramwaj,4254,11,33,Kielecka,0 min,Metro Młociny 15,,2024-12-25 08:07:37.551820
Tramwaj,4265,12,16,Miasteczko Wilanów,0 min,Piaski 06,,2024-12-25 08:07:37.551820
Autobus,1013,3,213,Błota,0 min,Gocław 04,,2024-12-25 08:07:37.551820
Autobus,1052,2,208,Bitwy Warszawskiej 1920 r.,0 min,Bitwy Warszawskiej 1920 r. 10,,2024-12-25 08:07:37.551820
Autobus,1063,1,164,Metro Wilanowska,0 min,Kępa Zawadowska 02,,2024-12-25 08:07:37.551820
Tramwaj,4201,2,16,Piaski,0 min,Miasteczko Wilanów 05,,2024-12-25 08:07:37.551820
Tramwaj,4234,2,11,Sielce,0 min,Cm. Wolski 05,,2024-12-25 08:07:37.551820
Tramwaj,4254,11,33,Kielecka,0 min,Metro Młociny 15,,2024-12-25 08:07:37.551820
Tramwaj,4265,12,16,Miasteczko Wilanów,0 min,Piaski 06,,2024-12-25 08:07:37.551820
Autobus,1013,3,213,Błota,0 min,Gocław 04,,2024-12-25 08:07:37.551820
Autobus,1052,2,208,Bitwy Warszawskiej 1920 r.,0 min,Bitwy Warszawskiej 1920 r. 10,,2024-12-25 08:07:37.551820
Autobus,1063,1,164,Metro Wilanowska,0 min,Kępa Zawadowska 02,,2024-12-25 08:07:37.551820
Autobus,1074,M2,130,Ananasowa,0 min,Metro Wilanowska 17,,2024-12-25 08:07:37.551820
Autobus,1200,425,739,Metro Wilanowska,0 min,Piaseczno Julianowska-Cmentarz 01,,2024-12-25 08:07:37.551820
Autobus,1217,427,709,Metro Wilanowska,0 min,Piaseczno Szkolna 01,,2024-12-25 08:07:37.551820
Autobus,1218,631,218,Metro Wierzbno,0 min,Metro Wilanowska 16,,2024-12-25 08:07:37.551820
Autobus,1220,423,709,Metro Wilanowska,0 min,Metro Wilanowska 17,,2024-12-25 08:07:37.551820
Autobus,1222,4,251,Konstancin-Jeziorna CH Stara Papiernia,0 min,Metro Wilanowska 15,,2024-12-25 08:07:37.551820
Autobus,1415,434,146,Dw. Wschodni (Lubelska),0 min,Falenica 04,,2024-12-25 08:07:37.551820
Autobus,1425,5,173,Stara Miłosna (Graniczna),0 min,Dw. Wschodni (Lubelska) 06,,2024-12-25 08:07:37.551820
Autobus,1427,1,115,PKP Mokry Ług,0 min,Aleksandrów 01,,2024-12-25 08:07:37.551820
Autobus,1428,436,146,Falenica,0 min,Dw. Wschodni (Lubelska) 01,,2024-12-25 08:07:37.551820
Autobus,15086,3,L-9,PKP Legionowo,0 min,Wieliszew-Plaża 01,,2024-12-25 08:07:37.551820
Autobus,15087,1,L11,Nowy Dwór Mazowiecki Urząd Miasta,0 min,PKP Legionowo 01,,2024-12-25 08:07:37.551820
Autobus,1218,631,218,Metro Wierzbno,0 min,Metro Wilanowska 16,,2024-12-25 08:07:37.551820
Autobus,1220,423,709,Metro Wilanowska,0 min,Metro Wilanowska 17,,2024-12-25 08:07:37.551820
Autobus,1222,4,251,Konstancin-Jeziorna CH Stara Papiernia,0 min,Metro Wilanowska 15,,2024-12-25 08:07:37.551820
Autobus,1415,434,146,Dw. Wschodni (Lubelska),0 min,Falenica 04,,2024-12-25 08:07:37.551820
Autobus,1425,5,173,Stara Miłosna (Graniczna),0 min,Dw. Wschodni (Lubelska) 06,,2024-12-25 08:07:37.551820
Autobus,1427,1,115,PKP Mokry Ług,0 min,Aleksandrów 01,,2024-12-25 08:07:37.551820
Autobus,1428,436,146,Falenica,0 min,Dw. Wschodni (Lubelska) 01,,2024-12-25 08:07:37.551820
Autobus,15086,3,L-9,PKP Legionowo,0 min,Wieliszew-Plaża 01,,2024-12-25 08:07:37.551820
Autobus,15087,1,L11,Nowy Dwór Mazowiecki Urząd Miasta,0 min,PKP Legionowo 01,,2024-12-25 08:07:37.551820
Autobus,15092,1,L41,Nowy Dwór Mazowiecki Urząd Miasta,0 min,PKP Legionowo 01,,2024-12-25 08:07:37.551820
Autobus,1528,1,183,Zielona,0 min,Wiatraczna 15,,2024-12-25 08:07:37.551820
Autobus,1529,4,119,Wiśniowa Góra,0 min,Rakowiecka-Sanktuarium 06,,2024-12-25 08:07:37.551820
Autobus,1540,4,141,P+R Al. Krakowska,0 min,Witolin 01,,2024-12-25 08:07:37.551820
Autobus,1549,3,183,Zielona,0 min,Wiatraczna 15,,2024-12-25 08:07:37.551820
Autobus,1812,2,212,Pl. Hallera,0 min,CH Targówek 05,,2024-12-25 08:07:37.551820
Autobus,1843,61,730,Wiatraczna,0 min,Brzeziny 01,,2024-12-25 08:07:37.551820
Autobus,1903,5,106,Mariensztat,0 min,Ostroroga 05,,2024-12-25 08:07:37.551820
Autobus,1904,1,106,Mariensztat,0 min,Ostroroga 05,,2024-12-25 08:07:37.551820
Autobus,1905,3,106,Ostroroga,0 min,Mariensztat 01,,2024-12-25 08:07:37.551820
Autobus,1540,4,141,P+R Al. Krakowska,0 min,Witolin 01,,2024-12-25 08:07:37.551820
Autobus,1549,3,183,Zielona,0 min,Wiatraczna 15,,2024-12-25 08:07:37.551820
Autobus,1812,2,212,Pl. Hallera,0 min,CH Targówek 05,,2024-12-25 08:07:37.551820
Autobus,1843,61,730,Wiatraczna,0 min,Brzeziny 01,,2024-12-25 08:07:37.551820
Autobus,1904,1,106,Mariensztat,0 min,Ostroroga 05,,2024-12-25 08:07:37.551820
Autobus,1905,3,106,Ostroroga,0 min,Mariensztat 01,,2024-12-25 08:07:37.551820
Autobus,2002,4,162,EC Siekierki,0 min,Pl. Hallera 09,,2024-12-25 08:07:37.551820
Autobus,2041,3,519,Powsin-Park Kultury,0 min,Metro Wilanowska 15,,2024-12-25 08:07:37.551820
Autobus,2217,6,136,Ostroroga,0 min,Natolin Płn. 08,,2024-12-25 08:07:37.551820
Autobus,3403,2,120,Dw. Wschodni (Kijowska),0 min,Olesin 01,,2024-12-25 08:07:37.551820
Autobus,3434,2,731,Legionowo Os. Młodych,0 min,Żerań FSO 10,,2024-12-25 08:07:37.551820
Autobus,3442,3,509,Gocław,0 min,Winnica 06,,2024-12-25 08:07:37.551820
Autobus,3447,63,735,Zegrze Płd.,0 min,Metro Marymont 15,,2024-12-25 08:07:37.551820
Autobus,3456,1,132,Metro Marymont,0 min,Os. Derby 02,,2024-12-25 08:07:37.551820
Autobus,3469,3,520,Marysin,0 min,Dw. Centralny 27,,2024-12-25 08:07:37.551820
Autobus,35132,688,L-2,Złotokłos,0 min,Piaseczno Urząd Miasta 03,,2024-12-25 08:07:37.551820
Autobus,35134,687,L12,Piaseczno Zgoda,0 min,Złotokłos 02,,2024-12-25 08:07:37.551820
Autobus,35137,2,L49,Chotomów,0 min,Winnica 06,,2024-12-25 08:07:37.551820
Autobus,4203,536,194,PKP Gołąbki,0 min,Cm. Wolski 08,,2024-12-25 08:07:37.551820
Autobus,5442,65,705,Metro Marymont,0 min,Rynia 01,,2024-12-25 08:07:37.551820
Autobus,5444,447,500,Bródno-Podgrodzie,0 min,Rondo „Radosława” 04,,2024-12-25 08:07:37.551820
Autobus,5455,7,509,Winnica,0 min,Gocław 03,,2024-12-25 08:07:37.551820
Autobus,5873,404,128,Pl. Piłsudskiego,0 min,Szczęśliwice 05,,2024-12-25 08:07:37.551820
Autobus,5884,6,127,Nowe Włochy,0 min,Browarna 02,,2024-12-25 08:07:37.551820
Autobus,5892,5,503,Natolin Płn.,0 min,Konwiktorska 01,,2024-12-25 08:07:37.551820
Autobus,5912,408,128,Szczęśliwice,0 min,Pl. Piłsudskiego 04,,2024-12-25 08:07:37.551820
Autobus,5914,4,158,Witolin,0 min,CH Reduta 01,,2024-12-25 08:07:37.551820
Autobus,5925,6,158,CH Reduta,0 min,Witolin 02,,2024-12-25 08:07:37.551820
Autobus,5927,6,503,Natolin Płn.,0 min,Konwiktorska 01,,2024-12-25 08:07:37.551820
Autobus,5929,403,128,Pl. Piłsudskiego,0 min,Szczęśliwice 05,,2024-12-25 08:07:37.551820
Autobus,5937,1,503,Konwiktorska,0 min,Natolin Płn. 22,,2024-12-25 08:07:37.551820
Autobus,5938,9,116,Chomiczówka,0 min,Wilanów 07,,2024-12-25 08:07:37.551820
Autobus,5939,608,111,Esperanto,0 min,Gocław 01,,2024-12-25 08:07:37.551820
Autobus,5941,607,507,Dw. Centralny,0 min,Gocław 02,,2024-12-25 08:07:37.551820
Autobus,5951,612,111,Gocław,0 min,Esperanto 05,,2024-12-25 08:07:37.551820
Autobus,5955,611,111,Gocław,0 min,Esperanto 05,,2024-12-25 08:07:37.551820
Autobus,5956,3,180,Chomiczówka,0 min,Wilanów 04,,2024-12-25 08:07:37.551820
Autobus,5958,9,180,Wilanów,0 min,Chomiczówka 05,,2024-12-25 08:07:37.551820
Autobus,5937,1,503,Konwiktorska,0 min,Natolin Płn. 22,,2024-12-25 08:07:37.551820
Autobus,5938,9,116,Chomiczówka,0 min,Wilanów 07,,2024-12-25 08:07:37.551820
Autobus,5939,608,111,Esperanto,0 min,Gocław 01,,2024-12-25 08:07:37.551820
Autobus,5941,607,507,Dw. Centralny,0 min,Gocław 02,,2024-12-25 08:07:37.551820
Autobus,5951,612,111,Gocław,0 min,Esperanto 05,,2024-12-25 08:07:37.551820
Autobus,5955,611,111,Gocław,0 min,Esperanto 05,,2024-12-25 08:07:37.551820
Autobus,5956,3,180,Chomiczówka,0 min,Wilanów 04,,2024-12-25 08:07:37.551820
Autobus,5958,9,180,Wilanów,0 min,Chomiczówka 05,,2024-12-25 08:07:37.551820
Autobus,5961,1,518,Bielańska,0 min,Nowodwory 08,,2024-12-25 08:07:37.551820
Autobus,5966,3,127,Browarna,0 min,Nowe Włochy 01,,2024-12-25 08:07:37.551820
Autobus,7245,8,517,Ursus-Niedźwiadek,0 min,Pl. Trzech Krzyży 06,,2024-12-25 08:07:37.551820
Autobus,7259,5,184,Metro Młociny,0 min,Szczęśliwice 01,,2024-12-25 08:07:37.551820
Autobus,7732,1,151,Pl. Konstytucji,0 min,Rechniewskiego 02,,2024-12-25 08:07:37.551820
Autobus,7748,1,525,Dw. Centralny,0 min,Międzylesie 01,,2024-12-25 08:07:37.551820
Autobus,7759,2,143,Dw. Zachodni,0 min,Rembertów-Kolonia 01,,2024-12-25 08:07:37.551820
Autobus,7849,3,523,Stare Bemowo,0 min,PKP Olszynka Grochowska 01,,2024-12-25 08:07:37.551820
Autobus,7863,9,148,Lotnisko Chopina,0 min,Wiatraczna 17,,2024-12-25 08:07:37.551820
Autobus,7881,4,520,Marysin,0 min,Dw. Centralny 27,,2024-12-25 08:07:37.551820
Autobus,7245,8,517,Ursus-Niedźwiadek,0 min,Pl. Trzech Krzyży 06,,2024-12-25 08:07:37.551820
Autobus,7259,5,184,Metro Młociny,0 min,Szczęśliwice 01,,2024-12-25 08:07:37.551820
Autobus,7732,1,151,Pl. Konstytucji,0 min,Rechniewskiego 02,,2024-12-25 08:07:37.551820
Autobus,7748,1,525,Dw. Centralny,0 min,Międzylesie 01,,2024-12-25 08:07:37.551820
Autobus,7759,2,143,Dw. Zachodni,0 min,Rembertów-Kolonia 01,,2024-12-25 08:07:37.551820
Autobus,7849,3,523,Stare Bemowo,0 min,PKP Olszynka Grochowska 01,,2024-12-25 08:07:37.551820
Autobus,7863,9,148,Lotnisko Chopina,0 min,Wiatraczna 17,,2024-12-25 08:07:37.551820
Autobus,7881,4,520,Marysin,0 min,Dw. Centralny 27,,2024-12-25 08:07:37.551820
Autobus,80112,1,L33,Piaseczno Wilanowska,0 min,PKP Jeziorki 04,,2024-12-25 08:07:37.551820
Autobus,80115,1,L44,CH Marki,0 min,PKP Wołomin 01,,2024-12-25 08:07:37.551820
Autobus,80120,1,L37,Wołomin Szpital Powiatowy,0 min,Kobyłka Kościół 02,,2024-12-25 08:07:37.551820
Autobus,80122,1,L38,Leśniakowizna Majdan,0 min,Wołomin Szpital Powiatowy 02,,2024-12-25 08:07:37.551820
Autobus,8306,3,504,Dw. Centralny,0 min,Os. Kabaty 04,,2024-12-25 08:07:37.551820
Autobus,8328,8,148,Lotnisko Chopina,0 min,Wiatraczna 17,,2024-12-25 08:07:37.551820
Autobus,8353,1,217,Metro Wilanowska,0 min,Natolin Płn. 04,,2024-12-25 08:07:37.551820
Autobus,8365,4,525,Dw. Centralny,0 min,Międzylesie 01,,2024-12-25 08:07:37.551820
Autobus,8447,5,112,CH Marki,0 min,Nowe Bemowo 10,,2024-12-25 08:07:37.551820
Autobus,8452,7,145,Wiatraczna,0 min,Żerań FSO 11,,2024-12-25 08:07:37.551820
Autobus,7732,1,151,Pl. Konstytucji,0 min,Rechniewskiego 02,,2024-12-25 08:07:37.551820
Autobus,7748,1,525,Dw. Centralny,0 min,Międzylesie 01,,2024-12-25 08:07:37.551820
Autobus,775,2,250,Łomianki Dąbrowa Zachodnia,0 min,Metro Młociny 22,,2024-12-25 08:07:37.551820
Autobus,7759,2,143,Dw. Zachodni,0 min,Rembertów-Kolonia 01,,2024-12-25 08:07:37.551820
Autobus,7844,3,143,Dw. Zachodni,0 min,Rembertów-Kolonia 01,,2024-12-25 08:07:37.551820
Autobus,7849,3,523,Stare Bemowo,0 min,PKP Olszynka Grochowska 01,,2024-12-25 08:07:37.551820
Autobus,7863,9,148,Lotnisko Chopina,0 min,Wiatraczna 17,,2024-12-25 08:07:37.551820
Autobus,7881,4,520,Marysin,0 min,Dw. Centralny 27,,2024-12-25 08:07:37.551820
Autobus,80112,1,L33,Piaseczno Wilanowska,0 min,PKP Jeziorki 04,,2024-12-25 08:07:37.551820
Autobus,80115,1,L44,CH Marki,0 min,PKP Wołomin 01,,2024-12-25 08:07:37.551820
Autobus,80120,1,L37,Wołomin Szpital Powiatowy,0 min,Kobyłka Kościół 02,,2024-12-25 08:07:37.551820
Autobus,80122,1,L38,Leśniakowizna Majdan,0 min,Wołomin Szpital Powiatowy 02,,2024-12-25 08:07:37.551820
Autobus,8306,3,504,Dw. Centralny,0 min,Os. Kabaty 04,,2024-12-25 08:07:37.551820
Autobus,8324,2,131,Dw. Centralny,0 min,Sadyba 05,,2024-12-25 08:07:37.551820
Autobus,8328,8,148,Lotnisko Chopina,0 min,Wiatraczna 17,,2024-12-25 08:07:37.551820
Autobus,8345,2,709,Piaseczno Szkolna,0 min,Metro Wilanowska 18,,2024-12-25 08:07:37.551820
Autobus,8353,1,217,Metro Wilanowska,0 min,Natolin Płn. 04,,2024-12-25 08:07:37.551820
Autobus,8365,4,525,Dw. Centralny,0 min,Międzylesie 01,,2024-12-25 08:07:37.551820
Autobus,8447,5,112,CH Marki,0 min,Nowe Bemowo 10,,2024-12-25 08:07:37.551820
Autobus,80122,1,L38,Leśniakowizna Majdan,0 min,Wołomin Szpital Powiatowy 02,,2024-12-25 08:07:37.551820
Autobus,8306,3,504,Dw. Centralny,0 min,Os. Kabaty 04,,2024-12-25 08:07:37.551820
Autobus,8324,2,131,Dw. Centralny,0 min,Sadyba 05,,2024-12-25 08:07:37.551820
Autobus,8328,8,148,Lotnisko Chopina,0 min,Wiatraczna 17,,2024-12-25 08:07:37.551820
Autobus,8345,2,709,Piaseczno Szkolna,0 min,Metro Wilanowska 18,,2024-12-25 08:07:37.551820
Autobus,8353,1,217,Metro Wilanowska,0 min,Natolin Płn. 04,,2024-12-25 08:07:37.551820
Autobus,8365,4,525,Dw. Centralny,0 min,Międzylesie 01,,2024-12-25 08:07:37.551820
Autobus,8447,5,112,CH Marki,0 min,Nowe Bemowo 10,,2024-12-25 08:07:37.551820
Autobus,8452,7,145,Wiatraczna,0 min,Żerań FSO 11,,2024-12-25 08:07:37.551820
Autobus,8457,3,723,PKP Legionowo Przystanek,0 min,Żerań FSO 10,,2024-12-25 08:07:37.551820
Autobus,8459,1,210,Metro Młociny,0 min,Truskaw Skibińskiego 01,,2024-12-25 08:07:37.551820
Autobus,8515,5,131,Sadyba,0 min,Dw. Centralny 25,,2024-12-25 08:07:37.551820
Autobus,8529,1,166,Os. Kabaty,0 min,Pl. Hallera 18,,2024-12-25 08:07:37.551820
Autobus,8538,3,131,Dw. Centralny,0 min,Sadyba 05,,2024-12-25 08:07:37.551820
Autobus,8552,2,162,Pl. Hallera,0 min,EC Siekierki 03,,2024-12-25 08:07:37.551820
Autobus,8558,1,162,Pl. Hallera,0 min,EC Siekierki 03,,2024-12-25 08:07:37.551820
Autobus,8559,1,519,Metro Wilanowska,0 min,Powsin-Park Kultury 01,,2024-12-25 08:07:37.551820
Autobus,8581,2,527,Metro Kondratowicza,0 min,Grodzisk 06,,2024-12-25 08:07:37.551820
Autobus,8365,4,525,Dw. Centralny,0 min,Międzylesie 01,,2024-12-25 08:07:37.551820
Autobus,8447,5,112,CH Marki,0 min,Nowe Bemowo 10,,2024-12-25 08:07:37.551820
Autobus,8452,7,145,Wiatraczna,0 min,Żerań FSO 11,,2024-12-25 08:07:37.551820
Autobus,8457,3,723,PKP Legionowo Przystanek,0 min,Żerań FSO 10,,2024-12-25 08:07:37.551820
Autobus,8459,1,210,Metro Młociny,0 min,Truskaw Skibińskiego 01,,2024-12-25 08:07:37.551820
Autobus,8515,5,131,Sadyba,0 min,Dw. Centralny 25,,2024-12-25 08:07:37.551820
Autobus,8529,1,166,Os. Kabaty,0 min,Pl. Hallera 18,,2024-12-25 08:07:37.551820
Autobus,8538,3,131,Dw. Centralny,0 min,Sadyba 05,,2024-12-25 08:07:37.551820
Autobus,8552,2,162,Pl. Hallera,0 min,EC Siekierki 03,,2024-12-25 08:07:37.551820
Autobus,8558,1,162,Pl. Hallera,0 min,EC Siekierki 03,,2024-12-25 08:07:37.551820
Autobus,8559,1,519,Metro Wilanowska,0 min,Powsin-Park Kultury 01,,2024-12-25 08:07:37.551820
Autobus,8581,2,527,Metro Kondratowicza,0 min,Grodzisk 06,,2024-12-25 08:07:37.551820
Autobus,8860,3,511,Metro Młociny,0 min,Dąbrówka Wiślana 02,,2024-12-25 08:07:37.551820
Autobus,8889,2,136,Natolin Płn.,0 min,Ostroroga 03,,2024-12-25 08:07:37.551820
Autobus,8894,3,138,Bokserska,0 min,Utrata 01,,2024-12-25 08:07:37.551820
Autobus,9069,459,211,Żerań FSO,0 min,Dąbrówka Wiślana 02,,2024-12-25 08:07:37.551820
Autobus,9070,456,211,Żerań FSO,0 min,Kępa Tarchomińska 01,,2024-12-25 08:07:37.551820
Autobus,9079,M3,161,Olecka,0 min,Zbójna Góra 01,,2024-12-25 08:07:37.551820
Autobus,9087,72,204,Metro Bródno,0 min,Grodzisk 04,,2024-12-25 08:07:37.551820
Autobus,9946,3,186,Szczęśliwice,0 min,Nowodwory 09,,2024-12-25 08:07:37.551820
Autobus,9948,6,190,Znana,0 min,CH Marki 01,,2024-12-25 08:07:37.551820
Autobus,9953,2,210,Metro Młociny,0 min,Truskaw Skibińskiego 01,,2024-12-25 08:07:37.551820
Pociąg,1023,,WKD,Grodzisk Mazowiecki Radońska,0 min,Warszawa Zachodnia WKD,,2024-12-25 08:07:37.551820
Pociąg,1021,,WKD,Grodzisk Mazowiecki Radońska,0 min,Kazimierówka,,2024-12-25 08:07:37.551820
Pociąg,2008,,WKD,Komorów,0 min,Milanówek Grudów,,2024-12-25 08:07:37.551820
Pociąg,1018,,WKD,Warszawa Śródmieście WKD,0 min,Warszawa Aleje Jerozolimskie,,2024-12-25 08:07:37.551820
Pociąg,1020,,WKD,Warszawa Śródmieście WKD,0 min,Komorów,,2024-12-25 08:07:37.551820
Autobus,15092,1,L41,Nowy Dwór Mazowiecki Urząd Miasta,0 min,PKP Legionowo 01,,2024-12-25 08:07:37.551820
Tramwaj,3813,3,23,Czynszowa,0 min,Okopowa 03,,2024-12-25 08:07:37.551820
Autobus,4407,4,169,Bródno-Podgrodzie,0 min,Cm. Bródnowski 02,,2024-12-25 08:07:37.551820
Autobus,8895,2,138,Bokserska,0 min,Markowska 01,,2024-12-25 08:07:37.551820
Autobus,9535,4,103,Metro Młociny,0 min,Bielany-Ratusz 04,,2024-12-25 08:07:37.551820
Autobus,8807,1,504,Dw. Centralny,0 min,Pomnik Lotnika 02,,2024-12-25 08:07:37.551820
Autobus,8825,6,504,Os. Kabaty,0 min,Pl. Zawiszy 15,,2024-12-25 08:07:37.551820
Autobus,9355,4,142,Wiatraczna,0 min,Lucerny 02,,2024-12-25 08:07:37.551820
Autobus,9951,2,190,Znana,0 min,Znana 06,,2024-12-25 08:07:37.551820
Tramwaj,3150,9,26,Wiatraczna,0 min,Wrocławska 05,,2024-12-25 08:07:37.551820
Autobus,1538,5,115,PKP Mokry Ług,0 min,Radość-Wodociąg 02,,2024-12-25 08:07:37.551820
Autobus,8895,2,138,Bokserska,0 min,Markowska 01,,2024-12-25 08:07:37.551820
Autobus,9535,4,103,Metro Młociny,0 min,Bielany-Ratusz 04,,2024-12-25 08:07:37.551820
Autobus,8807,1,504,Dw. Centralny,0 min,Pomnik Lotnika 02,,2024-12-25 08:07:37.551820
Autobus,8825,6,504,Os. Kabaty,0 min,Pl. Zawiszy 15,,2024-12-25 08:07:37.551820
Autobus,9355,4,142,Wiatraczna,0 min,Lucerny 02,,2024-12-25 08:07:37.551820
Autobus,9951,2,190,Znana,0 min,Znana 06,,2024-12-25 08:07:37.551820
Tramwaj,3150,9,26,Wiatraczna,0 min,Wrocławska 05,,2024-12-25 08:07:37.551820
Autobus,1538,5,115,PKP Mokry Ług,0 min,Radość-Wodociąg 02,,2024-12-25 08:07:37.551820
Tramwaj,3269,2,9,Gocławek,0 min,Ochota-Ratusz 01,,2024-12-25 08:07:37.551820
Tramwaj,3276,1,15,P+R Al. Krakowska,0 min,Pl. Inwalidów 03,,2024-12-25 08:07:37.551820
Autobus,5976,601,111,Esperanto,0 min,Abrahama 02,,2024-12-25 08:07:37.551820
Autobus,80120,1,L37,Wołomin Szpital Powiatowy,0 min,Kobyłka Chopina 01,,2024-12-25 08:07:37.551820
Autobus,9501,654,714,Metro Bemowo,0 min,Blizne Łaszczyńskiego Niska 01,,2024-12-25 08:07:37.551820
Autobus,9503,5,103,Metro Młociny,0 min,Płocka-Szpital 04,,2024-12-25 08:07:37.551820
Tramwaj,3241,7,26,Wiatraczna,0 min,Dw. Wileński 07,,2024-12-25 08:07:37.551820
Tramwaj,3028,4,28,Dw. Wschodni (Kijowska),0 min,Baseny Inflancka 03,,2024-12-25 08:07:37.551820
Autobus,5437,6,145,Wiatraczna,0 min,Rembielińska 02,,2024-12-25 08:07:37.551820
Autobus,5894,400,175,Lotnisko Chopina,0 min,Pl. Teatralny 01,,2024-12-25 08:07:37.551820
Autobus,8369,2,217,Natolin Płn.,0 min,Sobieskiego 03,,2024-12-25 08:07:37.551820
Autobus,5943,448,116,Wilanów,0 min,Aspekt 01,,2024-12-25 08:07:37.551820
Autobus,7253,2,191,Pl. Narutowicza,0 min,Spisaka 01,,2024-12-25 08:07:37.551820
Autobus,9344,643,199,Rembertów-Strzelnica,0 min,Czwartaków 02,,2024-12-25 08:07:37.551820
Autobus,9560,3,178,Skorosze,0 min,Szpital Wolski 02,,2024-12-25 08:07:37.551820
Tramwaj,3150,9,26,Wiatraczna,0 min,Wrocławska 05,,2024-12-25 08:07:37.551820
Tramwaj,3283,5,26,Metro Młociny,0 min,Bliska 03,,2024-12-25 08:07:37.551820
Autobus,4420,3,123,Dw. Wschodni (Kijowska),0 min,Tor Kolarski 02,,2024-12-25 08:07:37.551820
Tramwaj,3119,8,4,Żerań Wschodni,0 min,Stare Miasto 01,,2024-12-25 08:07:37.551820
Autobus,2014,6,148,Lotnisko Chopina,0 min,Centrum Onkologii 04,,2024-12-25 08:07:37.551820
Autobus,4201,3,717,Dw. Zachodni,0 min,Rondo Zesłańców Syberyjskich 05,,2024-12-25 08:07:37.551820
Autobus,4212,2,717,Piastów Ogińskiego,0 min,Łopuszańska 02,,2024-12-25 08:07:37.551820
Autobus,4421,5,138,Utrata,0 min,Rondo Waszyngtona 04,,2024-12-25 08:07:37.551820
Autobus,9330,2,153,Rembertów-Kolonia,0 min,Rembertów-Kolonia 02,,2024-12-25 08:07:37.551820
Autobus,5971,2,116,Chomiczówka,0 min,Mangalia 02,,2024-12-25 08:07:37.551820
Autobus,9549,1,743,Os. Górczewska,0 min,Pogroszew 01,,2024-12-25 08:07:37.551820
Autobus,1002,5,213,Gocław,0 min,PKP Falenica 02,,2024-12-25 08:07:37.551820
Autobus,1208,635,165,Wyczółki,0 min,Obrzeżna 01,,2024-12-25 08:07:37.551820
Tramwaj,4257,9,17,PKP Służewiec,0 min,Tarchomin 05,,2024-12-25 08:07:37.551820
Autobus,4421,5,138,Utrata,0 min,Rondo Waszyngtona 04,,2024-12-25 08:07:37.551820
Autobus,9330,2,153,Rembertów-Kolonia,0 min,Rembertów-Kolonia 02,,2024-12-25 08:07:37.551820
Autobus,5971,2,116,Chomiczówka,0 min,Mangalia 02,,2024-12-25 08:07:37.551820
Autobus,9549,1,743,Os. Górczewska,0 min,Pogroszew 01,,2024-12-25 08:07:37.551820
Autobus,1002,5,213,Gocław,0 min,PKP Falenica 02,,2024-12-25 08:07:37.551820
Autobus,1208,635,165,Wyczółki,0 min,Obrzeżna 01,,2024-12-25 08:07:37.551820
Tramwaj,4257,9,17,PKP Służewiec,0 min,Tarchomin 05,,2024-12-25 08:07:37.551820
Autobus,4520,5,157,Gwiaździsta,0 min,Bohomolca 02,,2024-12-25 08:07:37.551820
Tramwaj,4219,1,11,Sielce,0 min,Ordona-WSA 03,,2024-12-25 08:07:37.551820
Autobus,5882,409,175,Pl. Piłsudskiego,0 min,Centrum 04,,2024-12-25 08:07:37.551820
Autobus,8312,3,136,Ostroroga,0 min,Parafialna 02,,2024-12-25 08:07:37.551820
Autobus,9331,1,179,Os. Kabaty,0 min,Mielczarskiego 02,,2024-12-25 08:07:37.551820
Tramwaj,3117,5,4,Wyścigi,0 min,Inżynierska 03,,2024-12-25 08:07:37.551820
Tramwaj,3244,6,7,P+R Al. Krakowska,0 min,Hale Banacha 02,,2024-12-25 08:07:37.551820
Tramwaj,4228,13,16,Piaski,0 min,Włościańska 04,,2024-12-25 08:07:37.551820
Tramwaj,4275,4,2,Metro Młociny,0 min,Zajezdnia Żoliborz 06,,2024-12-25 08:07:37.551820
Autobus,9205,1,239,Os. Kabaty,0 min,Os. Kabaty 01,,2024-12-25 08:07:37.551820
Tramwaj,3259,521,3,Gocławek,0 min,Al. Zieleniecka 06,,2024-12-25 08:07:37.551820
Tramwaj,4237,3,11,Cm. Wolski,0 min,Szpital Wolski 04,,2024-12-25 08:07:37.551820
Tramwaj,3117,5,4,Wyścigi,0 min,Inżynierska 03,,2024-12-25 08:07:37.551820
Tramwaj,3244,6,7,P+R Al. Krakowska,0 min,Hale Banacha 02,,2024-12-25 08:07:37.551820
Tramwaj,4228,13,16,Piaski,0 min,Włościańska 04,,2024-12-25 08:07:37.551820
Tramwaj,4275,4,2,Metro Młociny,0 min,Zajezdnia Żoliborz 06,,2024-12-25 08:07:37.551820
Autobus,9205,1,239,Os. Kabaty,0 min,Os. Kabaty 01,,2024-12-25 08:07:37.551820
Tramwaj,3259,521,3,Gocławek,0 min,Al. Zieleniecka 06,,2024-12-25 08:07:37.551820
Tramwaj,4237,3,11,Cm. Wolski,0 min,Szpital Wolski 04,,2024-12-25 08:07:37.551820
Autobus,2249,10,189,Os. Górczewska,0 min,Ryżowa 02,,2024-12-25 08:07:37.551820
Autobus,8454,4,738,P+R Radzymin,0 min,Marki Wiejska 02,,2024-12-25 08:07:37.551820
Autobus,9920,5,186,Nowodwory,0 min,Kanał Żerański 02,,2024-12-25 08:07:37.551820
Tramwaj,3219,541,1,Annopol,0 min,Okopowa 08,,2024-12-25 08:07:37.551820
Tramwaj,4007,3,15,Marymont-Potok,0 min,Metro Politechnika 03,,2024-12-25 08:07:37.551820
Autobus,4204,2,713,Koprki Agricoop,0 min,Mory Instytut Energetyki 02,,2024-12-25 08:07:37.551820
Autobus,721,2,750,Izabelin-Dziekanówek Dziekanówek,0 min,Kiełpin KMŁ 02,,2024-12-25 08:07:37.551820
Autobus,5978,2,518,Nowodwory,0 min,Porajów 04,,2024-12-25 08:07:37.551820
Autobus,80102,2,L45,PKP Dąbkowizna,0 min,Słupno Szkolna 02,,2024-12-25 08:07:37.551820
Autobus,9821,2,710,Piaseczno Targowisko,0 min,Konstancin-Jeziorna Mirków-Szkoła 01,,2024-12-25 08:07:37.551820
Autobus,1538,5,115,PKP Mokry Ług,0 min,Radość-Wodociąg 02,,2024-12-25 08:07:37.551820
Autobus,8369,2,217,Natolin Płn.,0 min,Sobieskiego 03,,2024-12-25 08:07:37.551820
Autobus,8516,3,174,Bokserska,0 min,Metro Pole Mokotowskie 01,,2024-12-25 08:07:37.551820
Autobus,4247,7,122,Os. Górczewska,0 min,Radiowa 01,,2024-12-25 08:07:37.551820
Tramwaj,3241,7,26,Wiatraczna,0 min,Ząbkowska 03,,2024-12-25 08:07:37.551820
Tramwaj,4231,5,16,Miasteczko Wilanów,0 min,Królewska 05,,2024-12-25 08:07:37.551820
Tramwaj,3648,4,11,Cm. Wolski,1 min przed czasem,Goworka 02,,2024-12-25 08:07:37.551820
Autobus,1555,3,240,Metro Kondratowicza,1 min przed czasem,Os. Lewandów II 01,,2024-12-25 08:07:37.551820
Autobus,8890,5,504,Os. Kabaty,1 min przed czasem,Poleczki 03,,2024-12-25 08:07:37.551820
Autobus,9804,3,167,Siekierki-Sanktuarium,1 min przed czasem,Elekcyjna 05,,2024-12-25 08:07:37.551820
Tramwaj,3190,8,26,Wiatraczna,1 min przed czasem,Sokołowska 03,,2024-12-25 08:07:37.551820
Autobus,1414,1,119,Rakowiecka-Sanktuarium,1 min przed czasem,Piechurów 04,,2024-12-25 08:07:37.551820
Autobus,1060,1,139,Ogród Botaniczny,1 min przed czasem,Konstancin-Jeziorna Warszawska 01,,2024-12-25 08:07:37.551820
Autobus,1208,635,165,Wyczółki,1 min przed czasem,Bokserska 01,,2024-12-25 08:07:37.551820
Autobus,9815,1,502,Metro Politechnika,1 min przed czasem,Marszałkowska 02,,2024-12-25 08:07:37.551820
Tramwaj,3226,544,1,Banacha,1 min przed czasem,Pożarowa 03,,2024-12-25 08:07:37.551820
Autobus,1071,4,163,Metro Wilanowska,1 min przed czasem,Św. U. Ledóchowskiej 01,,2024-12-25 08:07:37.551820
Autobus,2218,1,716,Piastów Ogińskiego,1 min przed czasem,Piastów Kino Baśń 02,,2024-12-25 08:07:37.551820
Autobus,80120,1,L37,Wołomin Szpital Powiatowy,1 min przed czasem,PKP Kobyłka Ossów 03,,2024-12-25 08:07:37.551820
Autobus,8810,1,138,Bokserska,1 min przed czasem,Pl. Unii Lubelskiej 01,,2024-12-25 08:07:37.551820
Tramwaj,3262,543,1,Banacha,1 min przed czasem,Okopowa 07,,2024-12-25 08:07:37.551820
Autobus,1208,635,165,Wyczółki,1 min przed czasem,Bokserska 01,,2024-12-25 08:07:37.551820
Autobus,9815,1,502,Metro Politechnika,1 min przed czasem,Marszałkowska 02,,2024-12-25 08:07:37.551820
Tramwaj,3226,544,1,Banacha,1 min przed czasem,Pożarowa 03,,2024-12-25 08:07:37.551820
Autobus,1071,4,163,Metro Wilanowska,1 min przed czasem,Św. U. Ledóchowskiej 01,,2024-12-25 08:07:37.551820
Autobus,2218,1,716,Piastów Ogińskiego,1 min przed czasem,Piastów Kino Baśń 02,,2024-12-25 08:07:37.551820
Autobus,2233,3,141,P+R Al. Krakowska,1 min przed czasem,Zaruskiego 01,,2024-12-25 08:07:37.551820
Autobus,8540,2,519,Powsin-Park Kultury,1 min przed czasem,Czekoladowa 01,,2024-12-25 08:07:37.551820
Autobus,9813,2,502,Metro Politechnika,1 min przed czasem,Trakt Lubelski 01,,2024-12-25 08:07:37.551820
Tramwaj,3224,2,17,Winnica,1 min przed czasem,Stare Świdry 04,,2024-12-25 08:07:37.551820
Autobus,4411,3,181,Cm. Północny-Brama Gł.,1 min przed czasem,Żubrowa-UKSW 02,,2024-12-25 08:07:37.551820
Autobus,4513,1,733,P+R Al. Krakowska,1 min przed czasem,Nadarzyn Urząd Gminy 02,,2024-12-25 08:07:37.551820
Autobus,9804,3,167,Siekierki-Sanktuarium,1 min przed czasem,Elekcyjna 05,,2024-12-25 08:07:37.551820
Autobus,9527,54,737,Ursynów Płn.,1 min przed czasem,Wilcza Góra 01,,2024-12-25 08:07:37.551820
Tramwaj,3823,1,20,Boernerowo,1 min przed czasem,Marynin 02,,2024-12-25 08:07:37.551820
Tramwaj,3502,1,24,Nowe Bemowo,1 min przed czasem,Pl. Pole Elekcyjne 04,,2024-12-25 08:07:37.551820
Autobus,1535,3,251,Konstancin-Jeziorna Pańska,1 min przed czasem,Konstancin-Jeziorna Klarysew 01,,2024-12-25 08:07:37.551820
Autobus,9813,2,502,Metro Politechnika,1 min przed czasem,Trakt Lubelski 01,,2024-12-25 08:07:37.551820
Tramwaj,3224,2,17,Winnica,1 min przed czasem,Stare Świdry 04,,2024-12-25 08:07:37.551820
Autobus,4411,3,181,Cm. Północny-Brama Gł.,1 min przed czasem,Żubrowa-UKSW 02,,2024-12-25 08:07:37.551820
Autobus,4513,1,733,P+R Al. Krakowska,1 min przed czasem,Nadarzyn Urząd Gminy 02,,2024-12-25 08:07:37.551820
Autobus,9804,3,167,Siekierki-Sanktuarium,1 min przed czasem,Elekcyjna 05,,2024-12-25 08:07:37.551820
Autobus,2014,6,148,Lotnisko Chopina,1 min przed czasem,Herbsta 02,,2024-12-25 08:07:37.551820
Autobus,9507,4,159,CH Blue City,1 min przed czasem,Rozbrat 06,,2024-12-25 08:07:37.551820
Autobus,3401,5,120,Dw. Wschodni (Kijowska),1 min przed czasem,Dw. Wschodni (Kijowska) 05,,2024-12-25 08:07:37.551820
Autobus,3467,2,132,Os. Derby,1 min przed czasem,Toruńska 06,,2024-12-25 08:07:37.551820
Autobus,5910,2,158,Witolin,1 min przed czasem,Zamieniecka 04,,2024-12-25 08:07:37.551820
Autobus,5890,2,503,Natolin Płn.,1 min przed czasem,Ursynów Płn. 01,,2024-12-25 08:07:37.551820
Autobus,5960,5,518,Bielańska,1 min przed czasem,Park Kaskada 06,,2024-12-25 08:07:37.551820
Autobus,9912,496,186,Szczęśliwice,1 min przed czasem,Myśliborska 01,,2024-12-25 08:07:37.551820
Autobus,9919,2,114,Młociny-UKSW,1 min przed czasem,Bogusławskiego 06,,2024-12-25 08:07:37.551820
Autobus,1414,1,119,Rakowiecka-Sanktuarium,1 min przed czasem,PKP Anin 03,,2024-12-25 08:07:37.551820
Autobus,5421,2,723,PKP Legionowo Przystanek,1 min przed czasem,Legionowo Parkowa 02,,2024-12-25 08:07:37.551820
Autobus,8810,1,138,Bokserska,1 min przed czasem,Pl. Unii Lubelskiej 01,,2024-12-25 08:07:37.551820
Tramwaj,3801,4,6,Metro Młociny,1 min przed czasem,AWF 04,,2024-12-25 08:07:37.551820
Autobus,5960,5,518,Bielańska,1 min przed czasem,Park Kaskada 06,,2024-12-25 08:07:37.551820
Autobus,9912,496,186,Szczęśliwice,1 min przed czasem,Myśliborska 01,,2024-12-25 08:07:37.551820
Autobus,9919,2,114,Młociny-UKSW,1 min przed czasem,Bogusławskiego 06,,2024-12-25 08:07:37.551820
Autobus,1414,1,119,Rakowiecka-Sanktuarium,1 min przed czasem,PKP Anin 03,,2024-12-25 08:07:37.551820
Autobus,5421,2,723,PKP Legionowo Przystanek,1 min przed czasem,Legionowo Parkowa 02,,2024-12-25 08:07:37.551820
Autobus,8810,1,138,Bokserska,1 min przed czasem,Pl. Unii Lubelskiej 01,,2024-12-25 08:07:37.551820
Tramwaj,3801,4,6,Metro Młociny,1 min przed czasem,AWF 04,,2024-12-25 08:07:37.551820
Tramwaj,3823,1,20,Boernerowo,1 min przed czasem,Marynin 02,,2024-12-25 08:07:37.551820
Autobus,8540,2,519,Powsin-Park Kultury,1 min przed czasem,Czekoladowa 01,,2024-12-25 08:07:37.551820
Autobus,4411,3,181,Cm. Północny-Brama Gł.,1 min przed czasem,Żubrowa-UKSW 02,,2024-12-25 08:07:37.551820
Autobus,9820,1,710,Piaseczno Targowisko,1 min przed czasem,Piaseczno Chyliczkowska-Technikum 01,,2024-12-25 08:07:37.551820
Tramwaj,3226,544,1,Banacha,1 min przed czasem,Pożarowa 03,,2024-12-25 08:07:37.551820
Autobus,1060,1,139,Ogród Botaniczny,1 min przed czasem,Konstancin-Jeziorna Os. Konstancja 01,,2024-12-25 08:07:37.551820
Autobus,1819,2,240,Marki Pustelnik,1 min przed czasem,Marki Kościuszki 02,,2024-12-25 08:07:37.551820
Autobus,5926,2,180,Chomiczówka,1 min przed czasem,Al. Witosa 02,,2024-12-25 08:07:37.551820
Tramwaj,4228,13,16,Piaski,1 min przed czasem,Park Olszyna 04,,2024-12-25 08:07:37.551820
Autobus,5894,400,175,Lotnisko Chopina,1 min przed czasem,Pl. Piłsudskiego 01,,2024-12-25 08:07:37.551820
Autobus,1011,4,213,Gocław,1 min przed czasem,Pielęgniarek 01,,2024-12-25 08:07:37.551820
Autobus,2218,1,716,Piastów Ogińskiego,1 min przed czasem,Piastów Kino Baśń 02,,2024-12-25 08:07:37.551820
Autobus,5926,2,180,Chomiczówka,1 min przed czasem,Al. Witosa 02,,2024-12-25 08:07:37.551820
Autobus,5985,7,180,Wilanów,1 min przed czasem,Pl. Teatralny 01,,2024-12-25 08:07:37.551820
Autobus,80120,1,L37,Wołomin Szpital Powiatowy,1 min przed czasem,PKP Kobyłka Ossów 03,,2024-12-25 08:07:37.551820
Autobus,9815,1,502,Metro Politechnika,1 min przed czasem,Marszałkowska 02,,2024-12-25 08:07:37.551820
Tramwaj,4228,13,16,Piaski,1 min przed czasem,Park Olszyna 04,,2024-12-25 08:07:37.551820
Autobus,5894,400,175,Lotnisko Chopina,1 min przed czasem,Pl. Piłsudskiego 01,,2024-12-25 08:07:37.551820
Autobus,1011,4,213,Gocław,1 min przed czasem,Pielęgniarek 01,,2024-12-25 08:07:37.551820
Autobus,2218,1,716,Piastów Ogińskiego,1 min przed czasem,Piastów Kino Baśń 02,,2024-12-25 08:07:37.551820
Tramwaj,3830,5,20,Żerań FSO,1 min przed czasem,Metro Ratusz Arsenał 09,,2024-12-25 08:07:37.551820
Tramwaj,4231,5,16,Miasteczko Wilanów,1 min przed czasem,Królewska 05,,2024-12-25 08:07:37.551820
Autobus,1071,4,163,Metro Wilanowska,1 min przed czasem,Św. U. Ledóchowskiej 01,,2024-12-25 08:07:37.551820
Autobus,1214,634,165,Metro Wilanowska,1 min przed czasem,Cybernetyki 02,,2024-12-25 08:07:37.551820
Autobus,5878,3,503,Natolin Płn.,1 min przed czasem,Spacerowa 51,,2024-12-25 08:07:37.551820
Autobus,9527,54,737,Ursynów Płn.,1 min przed czasem,Wilcza Góra 01,,2024-12-25 08:07:37.551820
Autobus,9950,9,186,Szczęśliwice,1 min przed czasem,PKP Wola (Kasprzaka) 05,,2024-12-25 08:07:37.551820
Tramwaj,3275,7,15,P+R Al. Krakowska,1 min przed czasem,Pl. Politechniki 02,,2024-12-25 08:07:37.551820
Tramwaj,3813,3,23,Czynszowa,1 min przed czasem,Okopowa 03,,2024-12-25 08:07:37.551820
Tramwaj,3224,2,17,Winnica,1 min przed czasem,Stare Świdry 04,,2024-12-25 08:07:37.551820
Tramwaj,4006,5,28,Dw. Wschodni (Kijowska),1 min przed czasem,Conrada 06,,2024-12-25 08:07:37.551820
Autobus,1214,634,165,Metro Wilanowska,1 min przed czasem,Cybernetyki 02,,2024-12-25 08:07:37.551820
Autobus,5878,3,503,Natolin Płn.,1 min przed czasem,Spacerowa 51,,2024-12-25 08:07:37.551820
Autobus,9527,54,737,Ursynów Płn.,1 min przed czasem,Wilcza Góra 01,,2024-12-25 08:07:37.551820
Autobus,9950,9,186,Szczęśliwice,1 min przed czasem,PKP Wola (Kasprzaka) 05,,2024-12-25 08:07:37.551820
Tramwaj,3275,7,15,P+R Al. Krakowska,1 min przed czasem,Pl. Politechniki 02,,2024-12-25 08:07:37.551820
Tramwaj,3813,3,23,Czynszowa,1 min przed czasem,Okopowa 03,,2024-12-25 08:07:37.551820
Tramwaj,3224,2,17,Winnica,1 min przed czasem,Stare Świdry 04,,2024-12-25 08:07:37.551820
Tramwaj,4006,5,28,Dw. Wschodni (Kijowska),1 min przed czasem,Conrada 06,,2024-12-25 08:07:37.551820
Autobus,4244,4,122,Gwiaździsta,1 min przed czasem,Dywizjonu 303 02,,2024-12-25 08:07:37.551820
Autobus,5917,603,507,Gocław,1 min przed czasem,Adampolska 01,,2024-12-25 08:07:37.551820
Autobus,7872,3,151,Pl. Konstytucji,1 min przed czasem,Pl. Konstytucji 09,,2024-12-25 08:07:37.551820
Autobus,9912,496,186,Szczęśliwice,1 min przed czasem,Myśliborska 01,,2024-12-25 08:07:37.551820
Tramwaj,4232,1,16,Piaski,1 min przed czasem,Dolna 02,,2024-12-25 08:07:37.551820
Autobus,2218,1,716,Piastów Ogińskiego,1 min przed czasem,Piastów Kino Baśń 02,,2024-12-25 08:07:37.551820
Autobus,5404,5,162,Pl. Hallera,1 min przed czasem,Topiel 01,,2024-12-25 08:07:37.551820
Autobus,9822,3,710,Os. Kabaty,1 min przed czasem,Metro Kabaty 02,,2024-12-25 08:07:37.551820
Autobus,9935,7,114,Bródno-Podgrodzie,1 min przed czasem,Metro Młociny 01,,2024-12-25 08:07:37.551820
Tramwaj,3269,2,9,Gocławek,1 min przed czasem,Pl. Zawiszy 05,,2024-12-25 08:07:37.551820
Autobus,5960,5,518,Bielańska,1 min przed czasem,Metro Marymont 01,,2024-12-25 08:07:37.551820
Autobus,9905,1,186,Szczęśliwice,1 min przed czasem,Park Kaskada 06,,2024-12-25 08:07:37.551820
Autobus,5894,400,175,Lotnisko Chopina,1 min przed czasem,Zachęta 02,,2024-12-25 08:07:37.551820
Autobus,9311,646,245,Ząbki Maczka,1 min przed czasem,Ząbki Warszawska 02,,2024-12-25 08:07:37.551820
Tramwaj,4228,13,16,Piaski,1 min przed czasem,Park Olszyna 04,,2024-12-25 08:07:37.551820
Autobus,1532,1,251,Metro Wilanowska,1 min przed czasem,Konstancin-Jeziorna Park Zdrojowy 02,,2024-12-25 08:07:37.551820
Autobus,5930,3,158,Witolin,1 min przed czasem,Centrum 15,,2024-12-25 08:07:37.551820
Autobus,1525,5,141,Witolin,1 min przed czasem,Wiatraczna 22,,2024-12-25 08:07:37.551820
Autobus,7830,2,520,Marysin,1 min przed czasem,Międzynarodowa 02,,2024-12-25 08:07:37.551820
Autobus,80120,1,L37,Wołomin Szpital Powiatowy,1 min przed czasem,PKP Kobyłka Ossów 03,,2024-12-25 08:07:37.551820
Autobus,5917,603,507,Gocław,1 min przed czasem,Adampolska 01,,2024-12-25 08:07:37.551820
Tramwaj,3275,7,15,P+R Al. Krakowska,1 min przed czasem,Nowowiejska 06,,2024-12-25 08:07:37.551820
Tramwaj,3801,4,6,Metro Młociny,1 min przed czasem,Szpital Bielański 04,,2024-12-25 08:07:37.551820
Autobus,7730,319,525,Dw. Centralny,1 min przed czasem,Przyczółek Grochowski 03,,2024-12-25 08:07:37.551820
Autobus,1862,1,720,Rzakta,1 min przed czasem,Majdan 02,,2024-12-25 08:07:37.551820
Autobus,5949,5,116,Wilanów,1 min przed czasem,Tor Stegny 51,,2024-12-25 08:07:37.551820
Autobus,9229,574,209,Dawidy,1 min przed czasem,Sarabandy 02,,2024-12-25 08:07:37.551820
Autobus,3414,444,409,Cm. Północny-Brama Zach.,1 min przed czasem,Cm. Północny-Brama Gł. 02,,2024-12-25 08:07:37.551820
Autobus,80120,1,L37,Wołomin Szpital Powiatowy,1 min przed czasem,PKP Kobyłka Ossów 03,,2024-12-25 08:07:37.551820
Autobus,5917,603,507,Gocław,1 min przed czasem,Adampolska 01,,2024-12-25 08:07:37.551820
Tramwaj,3275,7,15,P+R Al. Krakowska,1 min przed czasem,Nowowiejska 06,,2024-12-25 08:07:37.551820
Tramwaj,3801,4,6,Metro Młociny,1 min przed czasem,Szpital Bielański 04,,2024-12-25 08:07:37.551820
Autobus,7730,319,525,Dw. Centralny,1 min przed czasem,Przyczółek Grochowski 03,,2024-12-25 08:07:37.551820
Autobus,1862,1,720,Rzakta,1 min przed czasem,Majdan 02,,2024-12-25 08:07:37.551820
Autobus,5949,5,116,Wilanów,1 min przed czasem,Tor Stegny 51,,2024-12-25 08:07:37.551820
Autobus,9229,574,209,Dawidy,1 min przed czasem,Sarabandy 02,,2024-12-25 08:07:37.551820
Autobus,3414,444,409,Cm. Północny-Brama Zach.,1 min przed czasem,Cm. Północny-Brama Gł. 02,,2024-12-25 08:07:37.551820
Autobus,9311,646,245,Ząbki Maczka,1 min przed czasem,Ząbki Warszawska 02,,2024-12-25 08:07:37.551820
Autobus,5960,5,518,Bielańska,1 min przed czasem,Metro Marymont 01,,2024-12-25 08:07:37.551820
Autobus,7872,3,151,Pl. Konstytucji,1 min przed czasem,Pl. Konstytucji 09,,2024-12-25 08:07:37.551820
Autobus,5947,10,116,Chomiczówka,1 min przed czasem,Przybyszewskiego 02,,2024-12-25 08:07:37.551820
Autobus,1552,6,157,Gwiaździsta,1 min przed czasem,Norblin 06,,2024-12-25 08:07:37.551820
Autobus,5930,3,158,Witolin,1 min przed czasem,Centrum 15,,2024-12-25 08:07:37.551820
Autobus,9817,3,502,Metro Politechnika,1 min przed czasem,Stara Miłosna (Graniczna) 02,,2024-12-25 08:07:37.551820
Autobus,1525,5,141,Witolin,1 min przed czasem,Wiatraczna 22,,2024-12-25 08:07:37.551820
Autobus,5415,1,527,Grodzisk,1 min przed czasem,Grodzisk 06,,2024-12-25 08:07:37.551820
Autobus,7204,6,189,Sadyba,1 min przed czasem,Orzechowa 01,,2024-12-25 08:07:37.551820
Autobus,7872,3,151,Pl. Konstytucji,1 min przed czasem,Pl. Konstytucji 09,,2024-12-25 08:07:37.551820
Autobus,5917,603,507,Gocław,1 min przed czasem,Adampolska 01,,2024-12-25 08:07:37.551820
Autobus,9822,3,710,Os. Kabaty,1 min przed czasem,Metro Kabaty 02,,2024-12-25 08:07:37.551820
Tramwaj,3121,3,4,Wyścigi,2 min przed czasem,Wyścigi 06,,2024-12-25 08:07:37.551820
Autobus,5932,6,116,Wilanów,2 min przed czasem,Centrum 15,,2024-12-25 08:07:37.551820
Tramwaj,3644,5,11,Sielce,2 min przed czasem,Goworka 03,,2024-12-25 08:07:37.551820
Autobus,9068,457,211,Kępa Tarchomińska,2 min przed czasem,Porajów 02,,2024-12-25 08:07:37.551820
Tramwaj,4228,13,16,Piaski,2 min przed czasem,Romaszewskiego 04,,2024-12-25 08:07:37.551820
Autobus,5906,600,111,Esperanto,2 min przed czasem,Metro Świętokrzyska 02,,2024-12-25 08:07:37.551820
Autobus,1538,5,115,PKP Mokry Ług,2 min przed czasem,Wawer-Ratusz 02,,2024-12-25 08:07:37.551820
Autobus,7233,1,184,Szczęśliwice,2 min przed czasem,Orlich Gniazd 03,,2024-12-25 08:07:37.551820
Autobus,7872,3,151,Pl. Konstytucji,2 min przed czasem,Pl. Konstytucji 09,,2024-12-25 08:07:37.551820
Autobus,4434,2,181,Pl. Wilsona,2 min przed czasem,Podleśna-IMGW 06,,2024-12-25 08:07:37.551820
Autobus,5930,3,158,Witolin,2 min przed czasem,Krucza 01,,2024-12-25 08:07:37.551820
Tramwaj,3827,7,6,Gocławek,2 min przed czasem,Pl. Szembeka 04,,2024-12-25 08:07:37.551820
Autobus,6239,3,184,Metro Młociny,2 min przed czasem,Metro Wawrzyszew 02,,2024-12-25 08:07:37.551820
Tramwaj,3174,7,10,Wyścigi,2 min przed czasem,Bukowińska 03,,2024-12-25 08:07:37.551820
Autobus,1532,1,251,Metro Wilanowska,2 min przed czasem,Konstancin-Jeziorna Park Zdrojowy 02,,2024-12-25 08:07:37.551820
Autobus,7872,3,151,Pl. Konstytucji,2 min przed czasem,Pl. Konstytucji 09,,2024-12-25 08:07:37.551820
Autobus,4434,2,181,Pl. Wilsona,2 min przed czasem,Podleśna-IMGW 06,,2024-12-25 08:07:37.551820
Autobus,5930,3,158,Witolin,2 min przed czasem,Krucza 01,,2024-12-25 08:07:37.551820
Tramwaj,3827,7,6,Gocławek,2 min przed czasem,Pl. Szembeka 04,,2024-12-25 08:07:37.551820
Autobus,6239,3,184,Metro Młociny,2 min przed czasem,Metro Wawrzyszew 02,,2024-12-25 08:07:37.551820
Tramwaj,3174,7,10,Wyścigi,2 min przed czasem,Bukowińska 03,,2024-12-25 08:07:37.551820
Autobus,1532,1,251,Metro Wilanowska,2 min przed czasem,Konstancin-Jeziorna Park Zdrojowy 02,,2024-12-25 08:07:37.551820
Autobus,4434,2,181,Pl. Wilsona,2 min przed czasem,Podleśna-IMGW 06,,2024-12-25 08:07:37.551820
Autobus,5917,603,507,Gocław,2 min przed czasem,Adampolska 01,,2024-12-25 08:07:37.551820
Tramwaj,3174,7,10,Wyścigi,2 min przed czasem,Bukowińska 03,,2024-12-25 08:07:37.551820
Tramwaj,3121,3,4,Wyścigi,2 min przed czasem,Wyścigi 06,,2024-12-25 08:07:37.551820
Autobus,7240,4,172,Sadyba,2 min przed czasem,Goraszewska 01,,2024-12-25 08:07:37.551820
Tramwaj,3827,7,6,Gocławek,2 min przed czasem,Pl. Szembeka 04,,2024-12-25 08:07:37.551820
Autobus,1211,3,166,Pl. Hallera,2 min przed czasem,Pl. Na Rozdrożu 02,,2024-12-25 08:07:37.551820
Autobus,1532,1,251,Metro Wilanowska,2 min przed czasem,Konstancin-Jeziorna Park Zdrojowy 02,,2024-12-25 08:07:37.551820
Autobus,3445,1,731,Legionowo Os. Młodych,2 min przed czasem,Dębowa 02,,2024-12-25 08:07:37.551820
Autobus,9813,2,502,Metro Politechnika,2 min przed czasem,Płowiecka 03,,2024-12-25 08:07:37.551820
Autobus,9822,3,710,Os. Kabaty,2 min przed czasem,Metro Kabaty 02,,2024-12-25 08:07:37.551820
Autobus,7240,4,172,Sadyba,2 min przed czasem,Goraszewska 01,,2024-12-25 08:07:37.551820
Tramwaj,3827,7,6,Gocławek,2 min przed czasem,Pl. Szembeka 04,,2024-12-25 08:07:37.551820
Autobus,1211,3,166,Pl. Hallera,2 min przed czasem,Pl. Na Rozdrożu 02,,2024-12-25 08:07:37.551820
Autobus,1532,1,251,Metro Wilanowska,2 min przed czasem,Konstancin-Jeziorna Park Zdrojowy 02,,2024-12-25 08:07:37.551820
Autobus,3445,1,731,Legionowo Os. Młodych,2 min przed czasem,Dębowa 02,,2024-12-25 08:07:37.551820
Autobus,9813,2,502,Metro Politechnika,2 min przed czasem,Płowiecka 03,,2024-12-25 08:07:37.551820
Autobus,9822,3,710,Os. Kabaty,2 min przed czasem,Metro Kabaty 02,,2024-12-25 08:07:37.551820
Autobus,70002,2,L39,Piaseczno Szpital,2 min przed czasem,Piaseczno Jarząbka 01,,2024-12-25 08:07:37.551820
Autobus,8522,4,143,Rembertów-Kolonia,2 min przed czasem,Wspólna Droga 02,,2024-12-25 08:07:37.551820
Autobus,9560,3,178,Skorosze,2 min przed czasem,PKP Wola (Kasprzaka) 05,,2024-12-25 08:07:37.551820
Autobus,1548,437,146,Dw. Wschodni (Lubelska),2 min przed czasem,Skalnicowa 02,,2024-12-25 08:07:37.551820
Autobus,3414,444,409,Cm. Północny-Brama Zach.,2 min przed czasem,Cm. Północny-Brama Gł. 06,,2024-12-25 08:07:37.551820
Autobus,5963,609,111,Gocław,2 min przed czasem,Saska 03,,2024-12-25 08:07:37.551820
Autobus,6226,5,105,Os. Górczewska,2 min przed czasem,Batalionów Chłopskich 02,,2024-12-25 08:07:37.551820
Autobus,8592,1,509,Gocław,2 min przed czasem,Kijowska 01,,2024-12-25 08:07:37.551820
Autobus,7869,1,520,Marysin,2 min przed czasem,Płowiecka 04,,2024-12-25 08:07:37.551820
Autobus,9206,572,192,Krasnowola,2 min przed czasem,Metro Stokłosy 02,,2024-12-25 08:07:37.551820
Autobus,3468,1,112,Nowe Bemowo,2 min przed czasem,Suwalska 01,,2024-12-25 08:07:37.551820
Autobus,9252,472,203,Metro Młociny,2 min przed czasem,Fort Wawrzyszew 02,,2024-12-25 08:07:37.551820
Autobus,8898,8,189,Sadyba,7 min przed czasem,Os. Górczewska 01,,2024-12-25 08:07:37.551820
Autobus,4238,1,154,P+R Al. Krakowska,8 min przed czasem,Dw. Zachodni 01,,2024-12-25 08:07:37.551820
Autobus,1069,2,108,Łososiowa,8 min przed czasem,Pl. Trzech Krzyży 02,,2024-12-25 08:07:37.551820
Autobus,8818,7,136,Natolin Płn.,9 min przed czasem,Szolc-Rogozińskiego 01,,2024-12-25 08:07:37.551820
Autobus,6225,4,157,Szczęśliwice,10 min przed czasem,Gwiaździsta 04,,2024-12-25 08:07:37.551820
Autobus,5871,406,175,Pl. Piłsudskiego,11 min przed czasem,Lotnisko Chopina-Przyloty 02,,2024-12-25 08:07:37.551820
Autobus,7258,4,105,Rondo Daszyńskiego,13 min przed czasem,Os. Górczewska 01,,2024-12-25 08:07:37.551820
Autobus,1073,1,130,Metro Wilanowska,13 min przed czasem,Ananasowa 51,,2024-12-25 08:07:37.551820
Autobus,8527,2,174,Rondo ONZ,15 min przed czasem,Bokserska 05,,2024-12-25 08:07:37.551820
Autobus,8534,4,148,Wiatraczna,16 min przed czasem,Lotnisko Chopina-Przyloty 02,,2024-12-25 08:07:37.551820
Autobus,4426,8,138,Utrata,22 min przed czasem,Bokserska 05,,2024-12-25 08:07:37.551820
Autobus,4415,2,122,Os. Górczewska,23 min przed czasem,Gwiaździsta 01,,2024-12-25 08:07:37.551820
Autobus,7249,6,122,Gwiaździsta,24 min przed czasem,Os. Górczewska 01,,2024-12-25 08:07:37.551820
Autobus,9519,3,103,Brylowska,24 min przed czasem,Metro Młociny 01,,2024-12-25 08:07:37.551820
Autobus,1533,2,251,Metro Wilanowska,34 min przed czasem,Konstancin-Jeziorna CH Stara Papiernia 02,,2024-12-25 08:07:37.551820
Autobus,8898,8,189,Sadyba,7 min przed czasem,Os. Górczewska 01,,2024-12-25 08:07:37.551820
Autobus,4238,1,154,P+R Al. Krakowska,8 min przed czasem,Dw. Zachodni 01,,2024-12-25 08:07:37.551820
Autobus,1069,2,108,Łososiowa,8 min przed czasem,Pl. Trzech Krzyży 02,,2024-12-25 08:07:37.551820
Autobus,8818,7,136,Natolin Płn.,9 min przed czasem,Szolc-Rogozińskiego 01,,2024-12-25 08:07:37.551820
Autobus,6225,4,157,Szczęśliwice,10 min przed czasem,Gwiaździsta 04,,2024-12-25 08:07:37.551820
Autobus,5871,406,175,Pl. Piłsudskiego,11 min przed czasem,Lotnisko Chopina-Przyloty 02,,2024-12-25 08:07:37.551820
Autobus,9837,2,167,Siekierki-Sanktuarium,3 min przed czasem,Spacerowa 03,,2024-12-25 08:07:37.551820
Autobus,9850,6,167,Fort Radiowo,3 min przed czasem,Fort Blizne 02,,2024-12-25 08:07:37.551820
Autobus,4424,2,166,Pl. Hallera,3 min przed czasem,Pl. Hallera 07,,2024-12-25 08:07:37.551820
Autobus,7248,1,177,Os. Górczewska,3 min przed czasem,Czumy 02,,2024-12-25 08:07:37.551820
Autobus,758,2,150,Metro Młociny,3 min przed czasem,Dziekanów Leśny 01,,2024-12-25 08:07:37.551820
Autobus,8307,2,504,Dw. Centralny,3 min przed czasem,Rondo Unii Europejskiej 02,,2024-12-25 08:07:37.551820
Autobus,9524,2,103,Brylowska,3 min przed czasem,Metro Młociny 01,,2024-12-25 08:07:37.551820
Autobus,5425,3,112,CH Marki,3 min przed czasem,CH Marki 04,Poza trasą,2024-12-25 08:07:37.551820
Autobus,7248,1,177,Os. Górczewska,3 min przed czasem,Czumy 02,,2024-12-25 08:07:37.551820
Autobus,758,2,150,Metro Młociny,3 min przed czasem,Dziekanów Leśny 01,,2024-12-25 08:07:37.551820
Autobus,8307,2,504,Dw. Centralny,3 min przed czasem,Rondo Unii Europejskiej 02,,2024-12-25 08:07:37.551820
Autobus,9524,2,103,Brylowska,3 min przed czasem,Metro Młociny 01,,2024-12-25 08:07:37.551820
Autobus,5425,3,112,CH Marki,3 min przed czasem,CH Marki 04,Poza trasą,2024-12-25 08:07:37.551820
Autobus,5236,5,122,Gwiaździsta,3 min przed czasem,Os. Górczewska 01,,2024-12-25 08:07:37.551820
Autobus,1203,424,739,Piaseczno Julianowska-Cmentarz,4 min przed czasem,Julianów Wenus 01,,2024-12-25 08:07:37.551820
Autobus,1206,428,727,Antoninów Cm. Południowy-Brama Płd.,4 min przed czasem,Gołków Zielona 03,,2024-12-25 08:07:37.551820
Autobus,9351,1,135,PKP Olszynka Grochowska,4 min przed czasem,Kompasowa 01,,2024-12-25 08:07:37.551820
Autobus,1070,2,163,Centrum Onkologii,4 min przed czasem,Glebowa 02,,2024-12-25 08:07:37.551820
Autobus,6222,8,136,Natolin Płn.,5 min przed czasem,Domaniewska 01,,2024-12-25 08:07:37.551820
Tramwaj,4278,6,33,Metro Młociny,5 min przed czasem,Kielecka 02,,2024-12-25 08:07:37.551820
Autobus,7208,6,523,PKP Olszynka Grochowska,6 min przed czasem,Saska 02,,2024-12-25 08:07:37.551820
Autobus,8898,8,189,Sadyba,7 min przed czasem,Os. Górczewska 01,,2024-12-25 08:07:37.551820
Autobus,4238,1,154,P+R Al. Krakowska,7 min przed czasem,Dw. Zachodni 01,,2024-12-25 08:07:37.551820
Autobus,1069,2,108,Łososiowa,7 min przed czasem,Pl. Trzech Krzyży 02,,2024-12-25 08:07:37.551820
Autobus,8818,7,136,Natolin Płn.,9 min przed czasem,Szolc-Rogozińskiego 01,,2024-12-25 08:07:37.551820
Autobus,6225,4,157,Szczęśliwice,9 min przed czasem,Gwiaździsta 04,,2024-12-25 08:07:37.551820
Autobus,5871,406,175,Pl. Piłsudskiego,11 min przed czasem,Lotnisko Chopina-Przyloty 02,,2024-12-25 08:07:37.551820
Tramwaj,4278,6,33,Metro Młociny,5 min przed czasem,Kielecka 02,,2024-12-25 08:07:37.551820
Autobus,7208,6,523,PKP Olszynka Grochowska,6 min przed czasem,Saska 02,,2024-12-25 08:07:37.551820
Autobus,8898,8,189,Sadyba,7 min przed czasem,Os. Górczewska 01,,2024-12-25 08:07:37.551820
Autobus,8898,8,189,Sadyba,7 min przed czasem,Os. Górczewska 01,,2024-12-25 08:07:37.551820
Autobus,4238,1,154,P+R Al. Krakowska,7 min przed czasem,Dw. Zachodni 01,,2024-12-25 08:07:37.551820
Autobus,1069,2,108,Łososiowa,7 min przed czasem,Pl. Trzech Krzyży 02,,2024-12-25 08:07:37.551820
Autobus,8818,7,136,Natolin Płn.,9 min przed czasem,Szolc-Rogozińskiego 01,,2024-12-25 08:07:37.551820
Autobus,6225,4,157,Szczęśliwice,9 min przed czasem,Gwiaździsta 04,,2024-12-25 08:07:37.551820
Autobus,5871,406,175,Pl. Piłsudskiego,11 min przed czasem,Lotnisko Chopina-Przyloty 02,,2024-12-25 08:07:37.551820
Autobus,7258,4,105,Rondo Daszyńskiego,12 min przed czasem,Os. Górczewska 01,,2024-12-25 08:07:37.551820
Autobus,1073,1,130,Metro Wilanowska,12 min przed czasem,Ananasowa 51,,2024-12-25 08:07:37.551820
Autobus,8527,2,174,Rondo ONZ,15 min przed czasem,Bokserska 05,,2024-12-25 08:07:37.551820
Autobus,8534,4,148,Wiatraczna,15 min przed czasem,Lotnisko Chopina-Przyloty 02,,2024-12-25 08:07:37.551820
Autobus,4426,8,138,Utrata,21 min przed czasem,Bokserska 05,,2024-12-25 08:07:37.551820
Autobus,4415,2,122,Os. Górczewska,22 min przed czasem,Gwiaździsta 01,,2024-12-25 08:07:37.551820
Autobus,7249,6,122,Gwiaździsta,23 min przed czasem,Os. Górczewska 01,,2024-12-25 08:07:37.551820
Autobus,9519,3,103,Brylowska,23 min przed czasem,Metro Młociny 01,,2024-12-25 08:07:37.551820
Tramwaj,4278,6,33,Metro Młociny,5 min przed czasem,Kielecka 02,,2024-12-25 08:07:37.551820
Autobus,7208,6,523,PKP Olszynka Grochowska,6 min przed czasem,Saska 02,,2024-12-25 08:07:37.551820
Autobus,8898,8,189,Sadyba,7 min przed czasem,Os. Górczewska 01,,2024-12-25 08:07:37.551820
Autobus,4238,1,154,P+R Al. Krakowska,7 min przed czasem,Dw. Zachodni 01,,2024-12-25 08:07:37.551820
Autobus,1069,2,108,Łososiowa,7 min przed czasem,Pl. Trzech Krzyży 02,,2024-12-25 08:07:37.551820
Autobus,8818,7,136,Natolin Płn.,9 min przed czasem,Szolc-Rogozińskiego 01,,2024-12-25 08:07:37.551820
Autobus,6225,4,157,Szczęśliwice,9 min przed czasem,Gwiaździsta 04,,2024-12-25 08:07:37.551820
Autobus,5871,406,175,Pl. Piłsudskiego,11 min przed czasem,Lotnisko Chopina-Przyloty 02,,2024-12-25 08:07:37.551820
Autobus,7258,4,105,Rondo Daszyńskiego,12 min przed czasem,Os. Górczewska 01,,2024-12-25 08:07:37.551820
Autobus,1073,1,130,Metro Wilanowska,12 min przed czasem,Ananasowa 51,,2024-12-25 08:07:37.551820
Autobus,8527,2,174,Rondo ONZ,15 min przed czasem,Bokserska 05,,2024-12-25 08:07:37.551820
Autobus,8534,4,148,Wiatraczna,15 min przed czasem,Lotnisko Chopina-Przyloty 02,,2024-12-25 08:07:37.551820
Autobus,4426,8,138,Utrata,21 min przed czasem,Bokserska 05,,2024-12-25 08:07:37.551820
Autobus,4415,2,122,Os. Górczewska,22 min przed czasem,Gwiaździsta 01,,2024-12-25 08:07:37.551820
Autobus,7249,6,122,Gwiaździsta,23 min przed czasem,Os. Górczewska 01,,2024-12-25 08:07:37.551820
Autobus,9519,3,103,Brylowska,23 min przed czasem,Metro Młociny 01,,2024-12-25 08:07:37.551820
Autobus,1533,2,251,Metro Wilanowska,33 min przed czasem,Konstancin-Jeziorna CH Stara Papiernia 02,,2024-12-25 08:07:37.551820
Autobus,7208,6,523,PKP Olszynka Grochowska,6 min przed czasem,Saska 02,,2024-12-25 08:07:37.551820
Autobus,8898,8,189,Sadyba,6 min przed czasem,Os. Górczewska 01,,2024-12-25 08:07:37.551820
Autobus,4238,1,154,P+R Al. Krakowska,7 min przed czasem,Dw. Zachodni 01,,2024-12-25 08:07:37.551820
Autobus,1069,2,108,Łososiowa,7 min przed czasem,Pl. Trzech Krzyży 02,,2024-12-25 08:07:37.551820
Autobus,6225,4,157,Szczęśliwice,9 min przed czasem,Gwiaździsta 04,,2024-12-25 08:07:37.551820
Autobus,8818,7,136,Natolin Płn.,9 min przed czasem,Cynamonowa 02,,2024-12-25 08:07:37.551820
Autobus,5871,406,175,Pl. Piłsudskiego,11 min przed czasem,Lotnisko Chopina-Przyloty 02,,2024-12-25 08:07:37.551820
Autobus,7258,4,105,Rondo Daszyńskiego,12 min przed czasem,Os. Górczewska 01,,2024-12-25 08:07:37.551820
Autobus,1073,1,130,Metro Wilanowska,12 min przed czasem,Ananasowa 51,,2024-12-25 08:07:37.551820
Autobus,8527,2,174,Rondo ONZ,14 min przed czasem,Bokserska 05,,2024-12-25 08:07:37.551820
Autobus,8534,4,148,Wiatraczna,15 min przed czasem,Lotnisko Chopina-Przyloty 02,,2024-12-25 08:07:37.551820
Autobus,4415,2,122,Os. Górczewska,22 min przed czasem,Gwiaździsta 01,,2024-12-25 08:07:37.551820
Autobus,9519,3,103,Brylowska,23 min przed czasem,Metro Młociny 01,,2024-12-25 08:07:37.551820
Autobus,7249,6,122,Gwiaździsta,23 min przed czasem,Os. Górczewska 01,,2024-12-25 08:07:37.551820
Autobus,1533,2,251,Metro Wilanowska,33 min przed czasem,Konstancin-Jeziorna CH Stara Papiernia 02,,2024-12-25 08:07:37.551820
