Type,Vehicle No,Brigade,Route,Trip Headsign,Delay,Stop Name,Outside,Timestamp
Autobus,5961,1,518,Nowodwory,46 min,Kapitulna 02,,2024-12-25 16:02:48.125451
Autobus,5923,7,116,Chomiczówka,44 min,Kapitulna 02,,2024-12-25 16:02:48.125451
Autobus,5892,5,503,Natolin Płn.,40 min,Spacerowa 51,,2024-12-25 16:02:48.125451
Autobus,5901,4,180,Chomiczówka,35 min,Powązki-Cm. Wojskowy 02,,2024-12-25 16:02:48.125451
Autobus,5952,5,180,Chomiczówka,33 min,Anielewicza 04,,2024-12-25 16:02:48.125451
Autobus,5971,2,116,Wilanów,31 min,Łazienki Królewskie 01,,2024-12-25 16:02:48.125451
Autobus,9953,2,210,Metro Młociny,31 min,Laski Sokołowskiego 01,,2024-12-25 16:02:48.125451
Autobus,5927,6,503,Natolin Płn.,30 min,Centrum 15,,2024-12-25 16:02:48.125451
Autobus,5943,448,116,Chomiczówka,29 min,Pl. Teatralny 04,,2024-12-25 16:02:48.125451
Autobus,5964,1,116,Wilanów,27 min,Królowej Marysieńki 01,,2024-12-25 16:02:48.125451
Autobus,5978,2,518,Nowodwory,27 min,Kapitulna 02,,2024-12-25 16:02:48.125451
Autobus,5940,6,180,Chomiczówka,26 min,Pl. Teatralny 04,,2024-12-25 16:02:48.125451
Autobus,9560,3,178,Skorosze,26 min,Szpital Wolski 02,,2024-12-25 16:02:48.125451
Autobus,5986,11,180,Wilanów,25 min,Limanowskiego 01,,2024-12-25 16:02:48.125451
Autobus,5979,6,518,Nowodwory,24 min,Nowodwory 08,,2024-12-25 16:02:48.125451
Tramwaj,3190,8,26,Metro Młociny,24 min,Conrada 06,,2024-12-25 16:02:48.125451
Autobus,9514,5,178,Konwiktorska,24 min,Pl. Teatralny 04,,2024-12-25 16:02:48.125451
Autobus,5936,442,180,Wilanów,24 min,Pl. Na Rozdrożu 01,,2024-12-25 16:02:48.125451
Autobus,7209,5,172,CH Blue City,23 min,Czarnomorska 02,,2024-12-25 16:02:48.125451
Autobus,5940,6,180,Chomiczówka,26 min,Pl. Teatralny 04,,2024-12-25 16:02:48.125451
Autobus,9560,3,178,Skorosze,25 min,Szpital Wolski 02,,2024-12-25 16:02:48.125451
Tramwaj,3190,8,26,Metro Młociny,24 min,Conrada 06,,2024-12-25 16:02:48.125451
Autobus,5986,11,180,Wilanów,24 min,Limanowskiego 01,,2024-12-25 16:02:48.125451
Autobus,5979,6,518,Nowodwory,24 min,Nowodwory 08,,2024-12-25 16:02:48.125451
Autobus,5936,442,180,Wilanów,24 min,Pl. Na Rozdrożu 01,,2024-12-25 16:02:48.125451
Autobus,7209,5,172,CH Blue City,23 min,Czarnomorska 02,,2024-12-25 16:02:48.125451
Autobus,5917,603,111,Esperanto,22 min,Esperanto 02,,2024-12-25 16:02:48.125451
Autobus,5954,7,503,Natolin Płn.,22 min,Metro Świętokrzyska 01,,2024-12-25 16:02:48.125451
Autobus,5937,1,503,Konwiktorska,22 min,Pl. Teatralny 04,,2024-12-25 16:02:48.125451
Autobus,9818,4,502,Stara Miłosna (Graniczna),21 min,Metro Politechnika 12,,2024-12-25 16:02:48.125451
Tramwaj,3143,2,26,Metro Młociny,21 min,Wiatraczna 05,,2024-12-25 16:02:48.125451
Tramwaj,4102,6,17,PKP Służewiec,21 min,Grzymalitów 05,,2024-12-25 16:02:48.125451
Tramwaj,3828,3,6,Gocławek,21 min,Praga-Płd.-Ratusz 04,,2024-12-25 16:02:48.125451
Autobus,5446,11,116,Chomiczówka,20 min,Wilanów 02,,2024-12-25 16:02:48.125451
Tramwaj,3150,9,26,Metro Młociny,20 min,Hala Wola 06,,2024-12-25 16:02:48.125451
Tramwaj,3826,5,6,Gocławek,20 min,Cm. Włoski 03,,2024-12-25 16:02:48.125451
Autobus,5960,5,518,Bielańska,20 min,Nowodwory 08,,2024-12-25 16:02:48.125451
Tramwaj,3143,2,26,Metro Młociny,21 min,Wiatraczna 05,,2024-12-25 16:02:48.125451
Tramwaj,4102,6,17,PKP Służewiec,21 min,Grzymalitów 05,,2024-12-25 16:02:48.125451
Tramwaj,3828,3,6,Gocławek,21 min,Praga-Płd.-Ratusz 04,,2024-12-25 16:02:48.125451
Autobus,5446,11,116,Chomiczówka,20 min,Wilanów 02,,2024-12-25 16:02:48.125451
Tramwaj,3150,9,26,Metro Młociny,20 min,Hala Wola 06,,2024-12-25 16:02:48.125451
Tramwaj,3826,5,6,Gocławek,20 min,Cm. Włoski 03,,2024-12-25 16:02:48.125451
Autobus,5960,5,518,Bielańska,20 min,Nowodwory 08,,2024-12-25 16:02:48.125451
Autobus,4202,3,177,Ursus-Niedźwiadek,20 min,Metro Bemowo 03,,2024-12-25 16:02:48.125451
Autobus,5973,4,116,Wilanów,20 min,Kapitulna 01,,2024-12-25 16:02:48.125451
Autobus,4227,1,220,Opacz-Kolonia Rebusowa,19 min,Szobera 01,,2024-12-25 16:02:48.125451
Tramwaj,4117,3,17,PKP Służewiec,19 min,Postępu 04,,2024-12-25 16:02:48.125451
Autobus,4503,2,220,Opacz-Kolonia Rebusowa,19 min,Nowe Bemowo 12,,2024-12-25 16:02:48.125451
Autobus,5980,3,518,Bielańska,19 min,Pl. Teatralny 02,,2024-12-25 16:02:48.125451
Autobus,8895,2,138,Bokserska,18 min,Śnieżna 01,,2024-12-25 16:02:48.125451
Autobus,7240,4,172,CH Blue City,18 min,Wiślicka 01,,2024-12-25 16:02:48.125451
Autobus,5915,5,116,Wilanów,18 min,Teatr Komedia 01,,2024-12-25 16:02:48.125451
Autobus,5919,610,507,Gocław,17 min,Centrum 15,,2024-12-25 16:02:48.125451
Autobus,5977,4,503,Konwiktorska,17 min,Stryjeńskich 02,,2024-12-25 16:02:48.125451
Autobus,5972,3,116,Wilanów,17 min,Łazienki Królewskie 01,,2024-12-25 16:02:48.125451
Autobus,5980,3,518,Bielańska,19 min,Pl. Teatralny 02,,2024-12-25 16:02:48.125451
Autobus,8895,2,138,Bokserska,18 min,Śnieżna 01,,2024-12-25 16:02:48.125451
Autobus,5915,5,116,Wilanów,18 min,Teatr Komedia 01,,2024-12-25 16:02:48.125451
Autobus,7240,4,172,CH Blue City,18 min,Wiślicka 01,,2024-12-25 16:02:48.125451
Autobus,5919,610,507,Gocław,17 min,Centrum 15,,2024-12-25 16:02:48.125451
Autobus,5968,605,111,Esperanto,17 min,Pl. Teatralny 02,,2024-12-25 16:02:48.125451
Autobus,5972,3,116,Wilanów,17 min,Łazienki Królewskie 01,,2024-12-25 16:02:48.125451
Autobus,5977,4,503,Konwiktorska,17 min,Stryjeńskich 02,,2024-12-25 16:02:48.125451
Autobus,5956,3,180,Wilanów,16 min,Gen. Maczka 01,,2024-12-25 16:02:48.125451
Autobus,5912,408,128,Szczęśliwice,16 min,Dw. Centralny 02,,2024-12-25 16:02:48.125451
Autobus,5926,2,180,Wilanów,16 min,Muranów 03,,2024-12-25 16:02:48.125451
Autobus,5896,8,503,Natolin Płn.,15 min,Pl. Krasińskich 01,,2024-12-25 16:02:48.125451
Autobus,5938,9,116,Chomiczówka,15 min,Pl. Teatralny 04,,2024-12-25 16:02:48.125451
Autobus,9912,496,186,Nowodwory,15 min,Rondo Zesłańców Syberyjskich 06,,2024-12-25 16:02:48.125451
Autobus,8345,2,709,Metro Wilanowska,15 min,Piaseczno Lamina 04,,2024-12-25 16:02:48.125451
Autobus,5950,1,180,Wilanów,14 min,Centrum 15,,2024-12-25 16:02:48.125451
Autobus,5414,801,500,Rondo „Radosława”,14 min,Rondo „Radosława” 01,,2024-12-25 16:02:48.125451
Tramwaj,3223,3,7,Kawęczyńska-Bazylika,13 min,Och-Teatr 03,Poza trasą,2024-12-25 16:02:48.125451
Autobus,5933,613,111,Gocław,13 min,Gocław 02,,2024-12-25 16:02:48.125451
Autobus,5926,2,180,Wilanów,16 min,Muranów 03,,2024-12-25 16:02:48.125451
Autobus,5896,8,503,Natolin Płn.,15 min,Pl. Krasińskich 01,,2024-12-25 16:02:48.125451
Autobus,5938,9,116,Chomiczówka,15 min,Pl. Teatralny 04,,2024-12-25 16:02:48.125451
Autobus,9912,496,186,Nowodwory,15 min,Rondo Zesłańców Syberyjskich 06,,2024-12-25 16:02:48.125451
Autobus,8345,2,709,Metro Wilanowska,15 min,Piaseczno Lamina 04,,2024-12-25 16:02:48.125451
Autobus,5950,1,180,Wilanów,14 min,Centrum 15,,2024-12-25 16:02:48.125451
Autobus,5414,801,500,Rondo „Radosława”,14 min,Rondo „Radosława” 01,,2024-12-25 16:02:48.125451
Tramwaj,3223,3,7,Kawęczyńska-Bazylika,14 min,Och-Teatr 03,Poza trasą,2024-12-25 16:02:48.125451
Autobus,5933,613,111,Gocław,13 min,Gocław 02,,2024-12-25 16:02:48.125451
Autobus,5985,7,180,Chomiczówka,13 min,Pl. Piłsudskiego 02,,2024-12-25 16:02:48.125451
Autobus,5981,4,518,Bielańska,13 min,Metro Marymont 01,,2024-12-25 16:02:48.125451
Autobus,5899,410,175,Pl. Piłsudskiego,12 min,Królewska 03,,2024-12-25 16:02:48.125451
Autobus,5976,601,111,Gocław,11 min,Metro Świętokrzyska 01,,2024-12-25 16:02:48.125451
Autobus,8894,3,138,Bokserska,11 min,Utrata 01,,2024-12-25 16:02:48.125451
Autobus,5887,401,175,Lotnisko Chopina,11 min,Centrum 06,,2024-12-25 16:02:48.125451
Autobus,7225,M6,172,CH Blue City,10 min,Sadyba 02,,2024-12-25 16:02:48.125451
Autobus,3467,2,132,Os. Derby,10 min,Os. Derby III 01,,2024-12-25 16:02:48.125451
Autobus,1905,3,106,Mariensztat,10 min,Rogalińska 01,Poza trasą,2024-12-25 16:02:48.125451
Autobus,9946,3,186,Nowodwory,10 min,Szczęśliwice 04,,2024-12-25 16:02:48.125451
Autobus,5981,4,518,Bielańska,13 min,Metro Marymont 01,,2024-12-25 16:02:48.125451
Autobus,5899,410,175,Pl. Piłsudskiego,12 min,Królewska 03,,2024-12-25 16:02:48.125451
Autobus,5976,601,111,Gocław,11 min,Metro Świętokrzyska 01,,2024-12-25 16:02:48.125451
Autobus,8894,3,138,Bokserska,11 min,Utrata 01,,2024-12-25 16:02:48.125451
Autobus,5887,401,175,Lotnisko Chopina,11 min,Centrum 06,,2024-12-25 16:02:48.125451
Autobus,7225,M6,172,CH Blue City,10 min,Sadyba 02,,2024-12-25 16:02:48.125451
Autobus,3467,2,132,Os. Derby,10 min,Os. Derby III 01,,2024-12-25 16:02:48.125451
Autobus,1905,3,106,Mariensztat,10 min,Rogalińska 01,Poza trasą,2024-12-25 16:02:48.125451
Autobus,9946,3,186,Nowodwory,10 min,Szczęśliwice 04,,2024-12-25 16:02:48.125451
Autobus,5894,400,175,Lotnisko Chopina,9 min,Sasanki 01,,2024-12-25 16:02:48.125451
Autobus,7830,2,520,Dw. Centralny,9 min,Metro Politechnika 08,,2024-12-25 16:02:48.125451
Autobus,9514,5,178,Skorosze,9 min,Pl. Teatralny 01,Poza trasą,2024-12-25 16:02:48.125451
Autobus,5890,2,503,Konwiktorska,8 min,Pl. Teatralny 04,,2024-12-25 16:02:48.125451
Autobus,5882,409,128,Szczęśliwice,8 min,Pl. Piłsudskiego 04,,2024-12-25 16:02:48.125451
Autobus,5934,602,111,Gocław,7 min,Muranów 03,,2024-12-25 16:02:48.125451
Autobus,5942,606,111,Esperanto,7 min,Królewska 03,,2024-12-25 16:02:48.125451
Tramwaj,4275,4,2,Metro Młociny,6 min,Grzymalitów 05,,2024-12-25 16:02:48.125451
Autobus,9948,6,190,CH Marki,6 min,Bieżuńska 02,,2024-12-25 16:02:48.125451
Autobus,9085,1,161,Olecka,5 min,Jachowicza 01,Poza trasą,2024-12-25 16:02:48.125451
Autobus,9821,2,710,Piaseczno Targowisko,3 min,Konstancin-Jeziorna Tabita 01,,2024-12-25 16:02:48.125451
Autobus,5425,3,112,CH Marki,3 min,Szpital Bródnowski 02,,2024-12-25 16:02:48.125451
Autobus,5947,10,116,Chomiczówka,3 min,Zachęta 01,,2024-12-25 16:02:48.125451
Autobus,1904,1,106,Ostroroga,3 min,Nowy Świat 04,,2024-12-25 16:02:48.125451
Autobus,2249,10,189,Sadyba,3 min,Os. Górczewska 01,,2024-12-25 16:02:48.125451
Autobus,5951,612,507,Dw. Centralny,3 min,Saska 04,,2024-12-25 16:02:48.125451
Autobus,6230,1,141,Witolin,3 min,Wał Miedzeszyński 02,,2024-12-25 16:02:48.125451
Tramwaj,3140,6,6,Gocławek,3 min,Metro Młociny 12,,2024-12-25 16:02:48.125451
Autobus,4510,2,197,Gwiaździsta,3 min,Gwiaździsta 02,,2024-12-25 16:02:48.125451
Autobus,8558,1,162,EC Siekierki,3 min,Al. Witosa 01,,2024-12-25 16:02:48.125451
Tramwaj,3130,5,24,Nowe Bemowo,3 min,Berezyńska 01,,2024-12-25 16:02:48.125451
Autobus,70001,1,L39,Mysiadło Dąbrówka,3 min,Piaseczno Kusocińskiego 01,,2024-12-25 16:02:48.125451
Autobus,8328,8,148,Wiatraczna,3 min,Beethovena 02,,2024-12-25 16:02:48.125451
Tramwaj,3221,3,33,Metro Młociny,3 min,Hala Mirowska 04,,2024-12-25 16:02:48.125451
Autobus,5931,407,175,Pl. Piłsudskiego,3 min,Lotnisko Chopina-Przyloty 02,,2024-12-25 16:02:48.125451
Autobus,7759,2,143,Rembertów-Kolonia,3 min,Żołnierska 02,,2024-12-25 16:02:48.125451
Autobus,8562,3,521,Falenica,3 min,Wielowiejska 01,,2024-12-25 16:02:48.125451
Autobus,1548,437,146,Falenica,3 min,Wersalska 01,,2024-12-25 16:02:48.125451
Tramwaj,4211,3,2,Metro Młociny,3 min,Zajezdnia Żoliborz 06,,2024-12-25 16:02:48.125451
Tramwaj,3140,6,6,Gocławek,3 min,Metro Młociny 12,,2024-12-25 16:02:48.125451
Autobus,8328,8,148,Wiatraczna,3 min,Beethovena 02,,2024-12-25 16:02:48.125451
Autobus,8308,4,136,Ostroroga,3 min,Rondo Unii Europejskiej 06,,2024-12-25 16:02:48.125451
Autobus,9808,3,185,CH Ursynów,3 min,Centrum Olimpijskie 01,,2024-12-25 16:02:48.125451
Tramwaj,3809,7,28,Dw. Wschodni (Kijowska),3 min,Pl. Grunwaldzki 07,,2024-12-25 16:02:48.125451
Autobus,8558,1,162,EC Siekierki,3 min,Al. Witosa 01,,2024-12-25 16:02:48.125451
Autobus,70001,1,L39,Mysiadło Dąbrówka,3 min,Piaseczno Kusocińskiego 01,,2024-12-25 16:02:48.125451
Autobus,8562,3,521,Falenica,3 min,Szachowa 01,,2024-12-25 16:02:48.125451
Autobus,9821,2,710,Piaseczno Targowisko,3 min,Konstancin-Jeziorna Chopina 01,,2024-12-25 16:02:48.125451
Tramwaj,3221,3,33,Metro Młociny,3 min,Hala Mirowska 04,,2024-12-25 16:02:48.125451
Tramwaj,4211,3,2,Metro Młociny,3 min,Zajezdnia Żoliborz 06,,2024-12-25 16:02:48.125451
Tramwaj,3822,1,23,Czynszowa,3 min,Dw. Wileński 08,,2024-12-25 16:02:48.125451
Autobus,1208,635,218,Metro Wilanowska,3 min,Wielicka 01,,2024-12-25 16:02:48.125451
Autobus,7759,2,143,Rembertów-Kolonia,3 min,Żołnierska 02,,2024-12-25 16:02:48.125451
Autobus,15092,1,L41,PKP Legionowo,3 min,Legionowo Siwińskiego 04,,2024-12-25 16:02:48.125451
Autobus,5434,1,723,Żerań FSO,3 min,Aluzyjna 01,,2024-12-25 16:02:48.125451
Autobus,7737,8,509,Winnica,3 min,Stefanika 02,,2024-12-25 16:02:48.125451
Autobus,1548,437,146,Falenica,3 min,Rzymska 01,,2024-12-25 16:02:48.125451
Autobus,5941,607,111,Esperanto,3 min,Rondo Waszyngtona 01,,2024-12-25 16:02:48.125451
Tramwaj,3822,1,23,Czynszowa,3 min,Dw. Wileński 08,,2024-12-25 16:02:48.125451
Autobus,1208,635,218,Metro Wilanowska,3 min,Wielicka 01,,2024-12-25 16:02:48.125451
Autobus,7759,2,143,Rembertów-Kolonia,3 min,Żołnierska 02,,2024-12-25 16:02:48.125451
Autobus,15092,1,L41,PKP Legionowo,3 min,Legionowo Siwińskiego 04,,2024-12-25 16:02:48.125451
Autobus,5434,1,723,Żerań FSO,3 min,Aluzyjna 01,,2024-12-25 16:02:48.125451
Autobus,7737,8,509,Winnica,3 min,Stefanika 02,,2024-12-25 16:02:48.125451
Autobus,1548,437,146,Falenica,3 min,Rzymska 01,,2024-12-25 16:02:48.125451
Autobus,5941,607,111,Esperanto,3 min,Rondo Waszyngtona 01,,2024-12-25 16:02:48.125451
Autobus,9520,51,715,P+R Al. Krakowska,2 min,Szyszkowa 01,,2024-12-25 16:02:48.125451
Autobus,5871,406,175,Pl. Piłsudskiego,2 min,Pl. Starynkiewicza 01,,2024-12-25 16:02:48.125451
Autobus,4413,1,197,Cm. Wolski,2 min,Kochanowskiego 01,,2024-12-25 16:02:48.125451
Autobus,8519,3,148,Lotnisko Chopina,2 min,Nugat 01,,2024-12-25 16:02:48.125451
Autobus,6237,3,189,Os. Górczewska,2 min,WKD Raków 02,,2024-12-25 16:02:48.125451
Autobus,4239,4,220,Nowe Bemowo,2 min,Szobera 02,,2024-12-25 16:02:48.125451
Tramwaj,3271,2,15,P+R Al. Krakowska,2 min,Dickensa 04,,2024-12-25 16:02:48.125451
Autobus,9812,5,185,Gwiaździsta,2 min,Czarnieckiego 02,,2024-12-25 16:02:48.125451
Autobus,4215,4,154,P+R Al. Krakowska,2 min,Bitwy Warszawskiej 1920 r. 02,,2024-12-25 16:02:48.125451
Autobus,4413,1,197,Cm. Wolski,2 min,Kochanowskiego 01,,2024-12-25 16:02:48.125451
Autobus,8519,3,148,Lotnisko Chopina,2 min,Nugat 01,,2024-12-25 16:02:48.125451
Tramwaj,3809,7,28,Dw. Wschodni (Kijowska),2 min,Pl. Grunwaldzki 07,,2024-12-25 16:02:48.125451
Autobus,6237,3,189,Os. Górczewska,2 min,WKD Raków 02,,2024-12-25 16:02:48.125451
Autobus,4239,4,220,Nowe Bemowo,2 min,Szobera 02,,2024-12-25 16:02:48.125451
Tramwaj,3271,2,15,P+R Al. Krakowska,2 min,Dickensa 04,,2024-12-25 16:02:48.125451
Autobus,9812,5,185,Gwiaździsta,2 min,Czarnieckiego 02,,2024-12-25 16:02:48.125451
Autobus,4215,4,154,P+R Al. Krakowska,2 min,Bitwy Warszawskiej 1920 r. 02,,2024-12-25 16:02:48.125451
Autobus,5921,10,180,Chomiczówka,2 min,Wiertnicza 02,,2024-12-25 16:02:48.125451
Autobus,8809,4,138,Utrata,2 min,Księcia Ziemowita 02,,2024-12-25 16:02:48.125451
Tramwaj,3806,4,23,Nowe Bemowo,2 min,Marynin 02,,2024-12-25 16:02:48.125451
Tramwaj,3823,1,20,Żerań FSO,2 min,Okopowa 03,,2024-12-25 16:02:48.125451
Autobus,4233,2,194,Cm. Wolski,2 min,Henryka Brodatego 02,,2024-12-25 16:02:48.125451
Autobus,5910,2,158,Witolin,2 min,Walewska 02,,2024-12-25 16:02:48.125451
Autobus,9810,6,185,Gwiaździsta,2 min,Chełmska 02,,2024-12-25 16:02:48.125451
Autobus,1209,422,739,Metro Wilanowska,2 min,Mysiadło Dąbrówka 02,,2024-12-25 16:02:48.125451
Autobus,8526,371,174,Rondo ONZ,2 min,Madalińskiego 02,,2024-12-25 16:02:48.125451
Autobus,9827,7,185,Gwiaździsta,2 min,Strzeleckiego 02,,2024-12-25 16:02:48.125451
Autobus,9316,3,202,PKP Gocławek,2 min,Hetmańska 02,,2024-12-25 16:02:48.125451
Autobus,9907,1,114,Bródno-Podgrodzie,2 min,Rembielińska 02,,2024-12-25 16:02:48.125451
Autobus,4239,4,220,Nowe Bemowo,2 min,Szobera 02,,2024-12-25 16:02:48.125451
Autobus,9817,3,502,Stara Miłosna (Graniczna),2 min,Torfowa 03,,2024-12-25 16:02:48.125451
Autobus,9824,1,719,Metro Bemowo,2 min,Zaborów Wiosenna 02,,2024-12-25 16:02:48.125451
Autobus,15092,1,L41,PKP Legionowo,2 min,Legionowo Urząd Miasta 02,,2024-12-25 16:02:48.125451
Autobus,2234,4,191,Pl. Narutowicza,2 min,PKP Włochy 02,,2024-12-25 16:02:48.125451
Autobus,1208,635,218,Metro Wilanowska,2 min,Metro Wierzbno 06,,2024-12-25 16:02:48.125451
Autobus,2248,3,105,Rondo Daszyńskiego,2 min,Rondo Daszyńskiego 09,,2024-12-25 16:02:48.125451
Autobus,7249,6,122,Os. Górczewska,2 min,Batalionów Chłopskich 02,,2024-12-25 16:02:48.125451
Autobus,80102,2,L45,PKP Dąbkowizna,2 min,Słupno Bieszczadzka 01,,2024-12-25 16:02:48.125451
Autobus,2019,7,148,Wiatraczna,2 min,Gdecka 02,,2024-12-25 16:02:48.125451
Autobus,9806,2,185,CH Ursynów,2 min,Al. Witosa 01,,2024-12-25 16:02:48.125451
Autobus,4233,2,194,Cm. Wolski,2 min,Ursus-Sanktuarium 01,,2024-12-25 16:02:48.125451
Tramwaj,4282,1,17,Winnica,2 min,Rakowiecka-Sanktuarium 04,,2024-12-25 16:02:48.125451
Tramwaj,3204,523,1,Annopol,2 min,Okopowa 08,,2024-12-25 16:02:48.125451
Autobus,9511,2,178,Konwiktorska,2 min,Dzieci Warszawy 01,,2024-12-25 16:02:48.125451
Autobus,5873,404,128,Pl. Piłsudskiego,2 min,Rakowiec 02,,2024-12-25 16:02:48.125451
Autobus,5979,6,518,Bielańska,2 min,Nowodwory 08,,2024-12-25 16:02:48.125451
Autobus,9316,3,202,PKP Gocławek,2 min,Podolska 02,,2024-12-25 16:02:48.125451
Autobus,5939,608,111,Esperanto,1 min,Umińskiego 04,,2024-12-25 16:02:48.125451
Tramwaj,3827,7,6,Metro Młociny,1 min,Metro Marymont 04,,2024-12-25 16:02:48.125451
Tramwaj,4231,5,16,Miasteczko Wilanów,1 min,Pl. Zbawiciela 03,,2024-12-25 16:02:48.125451
Tramwaj,4240,6,16,Miasteczko Wilanów,1 min,Dzika 03,,2024-12-25 16:02:48.125451
Autobus,8885,M9,189,Sadyba,1 min,Dojazdowa 01,,2024-12-25 16:02:48.125451
Tramwaj,3158,2,3,Annopol,1 min,Pl. Szembeka 03,,2024-12-25 16:02:48.125451
Autobus,1060,1,139,Ogród Botaniczny,1 min,Rosochata 01,,2024-12-25 16:02:48.125451
Autobus,4415,2,122,Gwiaździsta,1 min,Drohicka 02,,2024-12-25 16:02:48.125451
Autobus,7256,6,184,Szczęśliwice,1 min,Ordona-WSA 01,,2024-12-25 16:02:48.125451
Autobus,8501,1,738,Metro Trocka,1 min,Kościeliska 01,,2024-12-25 16:02:48.125451
Autobus,9501,654,149,Groty,1 min,Kocjana 04,,2024-12-25 16:02:48.125451
Autobus,1005,1,213,Gocław,1 min,Bysławska 04,,2024-12-25 16:02:48.125451
Autobus,9532,55,737,Ursynów Płn.,1 min,Władysławów 01,,2024-12-25 16:02:48.125451
Tramwaj,3176,1,3,Annopol,1 min,Inżynierska 04,,2024-12-25 16:02:48.125451
Autobus,5884,6,127,Browarna,1 min,Śmigłowca 01,,2024-12-25 16:02:48.125451
Autobus,5403,3,140,Marki Czarna Struga,1 min,Marki Hallera 02,,2024-12-25 16:02:48.125451
Autobus,1527,3,173,Dw. Wschodni (Lubelska),1 min,Marmurowa 02,,2024-12-25 16:02:48.125451
Autobus,3442,3,509,Winnica,1 min,Umińskiego 01,,2024-12-25 16:02:48.125451
Autobus,4322,3,152,Tarchomin,1 min,Ogrody Przyjaciół 01,,2024-12-25 16:02:48.125451
Autobus,9501,654,149,Groty,1 min,Kartezjusza 02,,2024-12-25 16:02:48.125451
Tramwaj,3156,1,6,Metro Młociny,1 min,Ząbkowska 04,,2024-12-25 16:02:48.125451
Autobus,4211,1,713,Cm. Wolski,1 min,Lazurowa 01,,2024-12-25 16:02:48.125451
Tramwaj,4231,5,16,Miasteczko Wilanów,1 min,Pl. Zbawiciela 03,,2024-12-25 16:02:48.125451
Autobus,1058,591,208,Bitwy Warszawskiej 1920 r.,1 min,Dickensa 02,,2024-12-25 16:02:48.125451
Autobus,4426,8,138,Bokserska,1 min,Domaniewska 01,,2024-12-25 16:02:48.125451
Tramwaj,3270,10,33,Kielecka,1 min,Metro Młociny 08,,2024-12-25 16:02:48.125451
Tramwaj,4206,1,2,Winnica,1 min,Metro Młociny 28,,2024-12-25 16:02:48.125451
Autobus,7844,3,143,Rembertów-Kolonia,1 min,Wspólna Droga 02,,2024-12-25 16:02:48.125451
Autobus,9532,55,737,Ursynów Płn.,1 min,Władysławów 01,,2024-12-25 16:02:48.125451
Tramwaj,3158,2,3,Annopol,1 min,Pl. Szembeka 03,,2024-12-25 16:02:48.125451
Autobus,4513,1,733,P+R Al. Krakowska,1 min,Parole 01,Poza trasą,2024-12-25 16:02:48.125451
Autobus,7810,1,521,Wiatraczna,1 min,Wiatraczna 22,,2024-12-25 16:02:48.125451
Tramwaj,3176,1,3,Annopol,1 min,Inżynierska 04,,2024-12-25 16:02:48.125451
Tramwaj,3275,7,15,Marymont-Potok,1 min,P+R Al. Krakowska 02,,2024-12-25 16:02:48.125451
Autobus,1430,2,183,Wiatraczna,1 min,Zielona 01,,2024-12-25 16:02:48.125451
Autobus,1538,5,115,PKP Mokry Ług,1 min,PKP Rembertów 06,,2024-12-25 16:02:48.125451
Autobus,8501,1,738,Metro Trocka,1 min,Kościeliska 01,,2024-12-25 16:02:48.125451
Autobus,9919,2,114,Bródno-Podgrodzie,1 min,Włościańska 01,,2024-12-25 16:02:48.125451
Autobus,4426,8,138,Bokserska,1 min,Domaniewska 01,,2024-12-25 16:02:48.125451
Tramwaj,3270,10,33,Kielecka,1 min,Metro Młociny 08,,2024-12-25 16:02:48.125451
Tramwaj,4206,1,2,Winnica,1 min,Metro Młociny 28,,2024-12-25 16:02:48.125451
Autobus,7844,3,143,Rembertów-Kolonia,1 min,Wspólna Droga 02,,2024-12-25 16:02:48.125451
Autobus,9532,55,737,Ursynów Płn.,1 min,Władysławów 01,,2024-12-25 16:02:48.125451
Tramwaj,3158,2,3,Annopol,1 min,Pl. Szembeka 03,,2024-12-25 16:02:48.125451
Autobus,4513,1,733,P+R Al. Krakowska,1 min,Parole 01,Poza trasą,2024-12-25 16:02:48.125451
Autobus,7810,1,521,Wiatraczna,1 min,Wiatraczna 22,,2024-12-25 16:02:48.125451
Tramwaj,3176,1,3,Annopol,1 min,Inżynierska 04,,2024-12-25 16:02:48.125451
Tramwaj,3275,7,15,Marymont-Potok,1 min,P+R Al. Krakowska 02,,2024-12-25 16:02:48.125451
Autobus,1430,2,183,Wiatraczna,1 min,Zielona 01,,2024-12-25 16:02:48.125451
Autobus,1538,5,115,PKP Mokry Ług,1 min,PKP Rembertów 06,,2024-12-25 16:02:48.125451
Autobus,8501,1,738,Metro Trocka,1 min,Kościeliska 01,,2024-12-25 16:02:48.125451
Autobus,9919,2,114,Bródno-Podgrodzie,1 min,Włościańska 01,,2024-12-25 16:02:48.125451
Tramwaj,3502,1,24,Gocławek,1 min,Dw. Centralny 07,,2024-12-25 16:02:48.125451
Autobus,70042,1,L-3,Jastrzębiec,1 min,Marysin 02,,2024-12-25 16:02:48.125451
Autobus,7215,8,523,Stare Bemowo,1 min,Wiatraczna 09,,2024-12-25 16:02:48.125451
Autobus,8897,1,174,Rondo ONZ,1 min,Bokserska 05,,2024-12-25 16:02:48.125451
Autobus,1052,2,208,Bitwy Warszawskiej 1920 r.,1 min,Bitwy Warszawskiej 1920 r. 10,,2024-12-25 16:02:48.125451
Autobus,1538,5,115,PKP Mokry Ług,1 min,PKP Rembertów 06,,2024-12-25 16:02:48.125451
Autobus,8501,1,738,Metro Trocka,1 min,Kościeliska 01,,2024-12-25 16:02:48.125451
Autobus,9919,2,114,Bródno-Podgrodzie,1 min,Włościańska 01,,2024-12-25 16:02:48.125451
Tramwaj,3502,1,24,Gocławek,1 min,Dw. Centralny 07,,2024-12-25 16:02:48.125451
Autobus,70042,1,L-3,Jastrzębiec,1 min,Marysin 02,,2024-12-25 16:02:48.125451
Autobus,7215,8,523,Stare Bemowo,1 min,Wiatraczna 09,,2024-12-25 16:02:48.125451
Autobus,8897,1,174,Rondo ONZ,1 min,Bokserska 05,,2024-12-25 16:02:48.125451
Autobus,1052,2,208,Bitwy Warszawskiej 1920 r.,1 min,Bitwy Warszawskiej 1920 r. 10,,2024-12-25 16:02:48.125451
Autobus,9349,845,199,Bródno-Podgrodzie,1 min,Łojewska 02,,2024-12-25 16:02:48.125451
Autobus,1002,5,213,Gocław,1 min,Piechurów 04,,2024-12-25 16:02:48.125451
Autobus,7744,1,704,PKP Halinów,1 min,Pl. Szembeka 02,,2024-12-25 16:02:48.125451
Tramwaj,4240,6,16,Miasteczko Wilanów,1 min,Dzika 03,,2024-12-25 16:02:48.125451
Autobus,3412,2,738,Metro Trocka,1 min,Nowe Słupno 01,,2024-12-25 16:02:48.125451
Autobus,9311,646,199,Bródno-Podgrodzie,1 min,Zawodowa 02,,2024-12-25 16:02:48.125451
Autobus,4308,550,110,Metro Marymont,1 min,Park Kaskada 01,,2024-12-25 16:02:48.125451
Tramwaj,3286,4,33,Metro Młociny,1 min,Nowowiejska 04,,2024-12-25 16:02:48.125451
Tramwaj,3820,6,28,Dw. Wschodni (Kijowska),1 min,Dw. Wschodni (Kijowska) 02,,2024-12-25 16:02:48.125451
Autobus,9518,671,712,Klaudyn,1 min,Groty 02,,2024-12-25 16:02:48.125451
Tramwaj,4283,4,16,Miasteczko Wilanów,1 min,Nałęczowska 05,,2024-12-25 16:02:48.125451
Tramwaj,4240,6,16,Miasteczko Wilanów,1 min,Dzika 03,,2024-12-25 16:02:48.125451
Autobus,1430,2,183,Wiatraczna,1 min,Urocza 02,,2024-12-25 16:02:48.125451
Autobus,8520,1,172,Sadyba,1 min,Pruszkowska 01,,2024-12-25 16:02:48.125451
Autobus,4316,1,134,Metro Marymont,1 min,Metro Marymont 17,,2024-12-25 16:02:48.125451
Autobus,7800,2,145,Wiatraczna,1 min,Bartnicza 04,,2024-12-25 16:02:48.125451
Tramwaj,4208,5,10,Os. Górczewska,1 min,Al. Lotników 08,,2024-12-25 16:02:48.125451
Autobus,1052,2,208,Bitwy Warszawskiej 1920 r.,1 min,Bitwy Warszawskiej 1920 r. 10,,2024-12-25 16:02:48.125451
Autobus,2233,3,141,Witolin,1 min,Instytut Lotnictwa 01,,2024-12-25 16:02:48.125451
Tramwaj,4274,1,33,Metro Młociny,1 min,Al. Reymonta 04,,2024-12-25 16:02:48.125451
Autobus,9311,646,199,Bródno-Podgrodzie,1 min,Szafarzy 02,,2024-12-25 16:02:48.125451
Autobus,9901,473,114,Bródno-Podgrodzie,1 min,Prozy 04,,2024-12-25 16:02:48.125451
Autobus,4414,5,169,Dw. Wschodni (Kijowska),1 min,Kijowska 08,,2024-12-25 16:02:48.125451
Autobus,4420,3,123,Dw. Wschodni (Kijowska),1 min,Żupnicza 02,,2024-12-25 16:02:48.125451
Autobus,721,2,750,Izabelin-Dziekanówek Dziekanówek,1 min,Kiełpin-Cmentarz 02,,2024-12-25 16:02:48.125451
Autobus,8505,445,500,Rondo „Radosława”,1 min,Rondo Starzyńskiego 01,,2024-12-25 16:02:48.125451
Autobus,5904,403,128,Pl. Piłsudskiego,0 min,Zachęta 01,,2024-12-25 16:02:48.125451
Autobus,7744,1,704,PKP Halinów,0 min,Pl. Szembeka 02,,2024-12-25 16:02:48.125451
Autobus,1211,3,166,Pl. Hallera,0 min,Dolna 56,,2024-12-25 16:02:48.125451
Autobus,4520,5,157,Gwiaździsta,0 min,Pl. Inwalidów 02,,2024-12-25 16:02:48.125451
