Type,Vehicle No,Brigade,Route,Trip Headsign,Delay,Stop Name,Outside,Timestamp
Autobus,5942,606,507,Dw. Centralny,51 min,Wał Gocławski 02,,2024-12-25 12:07:46.960899
Autobus,70006,693,L24,Piaseczno Zgoda,25 min,Konstancin-Jeziorna Długa 01,,2024-12-25 12:07:46.960899
Autobus,4227,1,220,Opacz-Kolonia Rebusowa,23 min,Narwik 01,,2024-12-25 12:07:46.960899
Autobus,4246,6,220,Opacz-Kolonia Rebusowa,22 min,Hassa 02,,2024-12-25 12:07:46.960899
Tramwaj,4257,9,17,PKP Służewiec,22 min,Domaniewska 03,,2024-12-25 12:07:46.960899
Tramwaj,3239,6,26,Metro Młociny,21 min,Synów Pułku 04,,2024-12-25 12:07:46.960899
Tramwaj,3826,5,6,Gocławek,21 min,Gocławska 04,,2024-12-25 12:07:46.960899
Autobus,7331,2,525,Międzylesie,21 min,Czatów 01,,2024-12-25 12:07:46.960899
Autobus,4421,5,138,Bokserska,21 min,Rozbrat 02,,2024-12-25 12:07:46.960899
Autobus,7743,3,525,Międzylesie,20 min,Saska 02,,2024-12-25 12:07:46.960899
Autobus,4202,3,177,Os. Górczewska,20 min,Lazurowa 04,,2024-12-25 12:07:46.960899
Tramwaj,3827,7,6,Gocławek,20 min,Zajezdnia Żoliborz 05,,2024-12-25 12:07:46.960899
Autobus,6208,7,172,CH Blue City,20 min,Kostrzewskiego 52,,2024-12-25 12:07:46.960899
Autobus,5207,5,177,Ursus-Niedźwiadek,19 min,Czerwona Droga 01,,2024-12-25 12:07:46.960899
Autobus,4503,2,220,Opacz-Kolonia Rebusowa,19 min,Nowe Bemowo 12,,2024-12-25 12:07:46.960899
Autobus,9913,4,186,Nowodwory,17 min,Szczęśliwicka 52,,2024-12-25 12:07:46.960899
Autobus,7844,3,143,Rembertów-Kolonia,16 min,Os. Majdańska 02,,2024-12-25 12:07:46.960899
Autobus,9511,2,178,Skorosze,15 min,Konwiktorska 03,,2024-12-25 12:07:46.960899
Autobus,5941,607,507,Gocław,15 min,Centrum 15,,2024-12-25 12:07:46.960899
Autobus,4202,3,177,Os. Górczewska,20 min,Lazurowa 04,,2024-12-25 12:07:46.960899
Autobus,6208,7,172,CH Blue City,20 min,Kostrzewskiego 52,,2024-12-25 12:07:46.960899
Autobus,5207,5,177,Ursus-Niedźwiadek,19 min,Czerwona Droga 01,,2024-12-25 12:07:46.960899
Autobus,4503,2,220,Opacz-Kolonia Rebusowa,19 min,Nowe Bemowo 12,,2024-12-25 12:07:46.960899
Autobus,9913,4,186,Nowodwory,17 min,Szczęśliwicka 52,,2024-12-25 12:07:46.960899
Autobus,7844,3,143,Rembertów-Kolonia,16 min,Wiatraczna 10,,2024-12-25 12:07:46.960899
Autobus,5941,607,507,Gocław,15 min,Centrum 15,,2024-12-25 12:07:46.960899
Autobus,9511,2,178,Skorosze,15 min,Konwiktorska 03,,2024-12-25 12:07:46.960899
Autobus,4229,4,177,Os. Górczewska,14 min,Ursus-Niedźwiadek 01,,2024-12-25 12:07:46.960899
Autobus,8365,4,525,Międzylesie,14 min,Dw. Centralny 21,,2024-12-25 12:07:46.960899
Autobus,9805,2,719,Leszno,10 min,Stare Babice Rynek 02,,2024-12-25 12:07:46.960899
Autobus,8364,1,172,CH Blue City,10 min,Sadyba 06,,2024-12-25 12:07:46.960899
Autobus,7816,7,520,Dw. Centralny,9 min,Marszałkowska 02,,2024-12-25 12:07:46.960899
Autobus,9920,5,186,Nowodwory,9 min,Szczęśliwice 04,,2024-12-25 12:07:46.960899
Autobus,9560,3,178,Konwiktorska,7 min,Rondo Daszyńskiego 01,,2024-12-25 12:07:46.960899
Autobus,5899,410,175,Pl. Piłsudskiego,6 min,Pomnik Lotnika 02,,2024-12-25 12:07:46.960899
Autobus,9910,6,114,Młociny-UKSW,6 min,Muzealna 02,,2024-12-25 12:07:46.960899
Autobus,9522,53,715,P+R Al. Krakowska,6 min,Raszyn Młyn 01,,2024-12-25 12:07:46.960899
Autobus,5980,3,518,Nowodwory,6 min,Kapitulna 02,,2024-12-25 12:07:46.960899
Autobus,9805,2,719,Leszno,10 min,Stare Babice Rynek 02,,2024-12-25 12:07:46.960899
Autobus,8364,1,172,CH Blue City,10 min,Sadyba 06,,2024-12-25 12:07:46.960899
Autobus,7816,7,520,Dw. Centralny,9 min,Marszałkowska 02,,2024-12-25 12:07:46.960899
Autobus,9920,5,186,Nowodwory,9 min,Szczęśliwice 04,,2024-12-25 12:07:46.960899
Autobus,9560,3,178,Konwiktorska,7 min,Rondo Daszyńskiego 01,,2024-12-25 12:07:46.960899
Autobus,5899,410,175,Pl. Piłsudskiego,6 min,Pomnik Lotnika 02,,2024-12-25 12:07:46.960899
Autobus,9910,6,114,Młociny-UKSW,6 min,Muzealna 02,,2024-12-25 12:07:46.960899
Autobus,9522,53,715,P+R Al. Krakowska,6 min,Raszyn Młyn 01,,2024-12-25 12:07:46.960899
Autobus,5980,3,518,Nowodwory,6 min,Kapitulna 02,,2024-12-25 12:07:46.960899
Autobus,5977,4,503,Konwiktorska,5 min,Pl. Krasińskich 02,,2024-12-25 12:07:46.960899
Autobus,9812,5,185,CH Ursynów,5 min,Ursynów Płn. 01,,2024-12-25 12:07:46.960899
Autobus,5939,608,507,Gocław,5 min,Dw. Centralny 16,,2024-12-25 12:07:46.960899
Pociąg,2014,,WKD,Komorów,5 min,Milanówek Grudów,,2024-12-25 12:07:46.960899
Autobus,5961,1,518,Nowodwory,5 min,Nowodwory 02,,2024-12-25 12:07:46.960899
Autobus,4218,5,197,Gwiaździsta,5 min,Lektykarska 03,,2024-12-25 12:07:46.960899
Autobus,1200,425,709,Piaseczno Szkolna,5 min,Al. Lotników 01,,2024-12-25 12:07:46.960899
Autobus,4429,8,122,Gwiaździsta,5 min,Raginisa 01,,2024-12-25 12:07:46.960899
Autobus,4223,3,154,P+R Al. Krakowska,4 min,Sasanki 01,,2024-12-25 12:07:46.960899
Autobus,5896,8,503,Natolin Płn.,4 min,Metro Imielin 02,,2024-12-25 12:07:46.960899
Autobus,5961,1,518,Nowodwory,5 min,Nowodwory 02,,2024-12-25 12:07:46.960899
Autobus,4218,5,197,Gwiaździsta,5 min,Lektykarska 03,,2024-12-25 12:07:46.960899
Autobus,1200,425,709,Piaseczno Szkolna,5 min,Al. Lotników 01,,2024-12-25 12:07:46.960899
Autobus,4429,8,122,Gwiaździsta,5 min,Raginisa 01,,2024-12-25 12:07:46.960899
Autobus,4223,3,154,P+R Al. Krakowska,4 min,Sasanki 01,,2024-12-25 12:07:46.960899
Autobus,5896,8,503,Natolin Płn.,4 min,Metro Imielin 02,,2024-12-25 12:07:46.960899
Autobus,5917,603,111,Esperanto,4 min,Walecznych 02,,2024-12-25 12:07:46.960899
Autobus,5973,4,116,Chomiczówka,4 min,Pl. Wilsona 02,,2024-12-25 12:07:46.960899
Autobus,70032,1,L-4,Antoninów Cm. Południowy-Brama Płd.,3 min,Stefanowo Sosnowa 02,,2024-12-25 12:07:46.960899
Autobus,3414,444,409,Cm. Północny-Brama Zach.,3 min,Metro Młociny 03,,2024-12-25 12:07:46.960899
Autobus,4239,4,220,Nowe Bemowo,3 min,Człuchowska 02,,2024-12-25 12:07:46.960899
Autobus,5437,6,145,Żerań FSO,3 min,Szpital Bródnowski 03,,2024-12-25 12:07:46.960899
Autobus,8558,1,162,Pl. Hallera,4 min,Dw. Wileński 02,,2024-12-25 12:07:46.960899
Autobus,6203,511,721,Kosów,3 min,Wólka Kosowska Wygoda 03,,2024-12-25 12:07:46.960899
Autobus,1529,4,119,Rakowiecka-Sanktuarium,3 min,Centrum Zdrowia Dziecka 01,,2024-12-25 12:07:46.960899
Autobus,9335,6,179,Ursynów Płn.,3 min,Miklaszewskiego 04,,2024-12-25 12:07:46.960899
Tramwaj,4103,4,17,PKP Służewiec,3 min,Winnica 05,,2024-12-25 12:07:46.960899
Tramwaj,3128,4,7,Kawęczyńska-Bazylika,3 min,Krakowiaków 03,,2024-12-25 12:07:46.960899
Tramwaj,3215,3,7,Kawęczyńska-Bazylika,3 min,Dw. Centralny 07,,2024-12-25 12:07:46.960899
Autobus,3414,444,409,Cm. Północny-Brama Zach.,3 min,Metro Młociny 03,,2024-12-25 12:07:46.960899
Autobus,772,4,750,Metro Młociny,3 min,Kiełpin 01,,2024-12-25 12:07:46.960899
Autobus,35134,687,L13,Piaseczno Zgoda,3 min,Piaseczno Zgoda 01,Poza trasą,2024-12-25 12:07:46.960899
Autobus,4239,4,220,Nowe Bemowo,3 min,Batalionów Chłopskich 02,,2024-12-25 12:07:46.960899
Autobus,9353,3,135,Pl. Hallera,3 min,Okrzei 02,,2024-12-25 12:07:46.960899
Autobus,1862,1,720,Wiatraczna,3 min,Wiązowna Pęclińska 01,,2024-12-25 12:07:46.960899
Autobus,9847,4,710,Piaseczno Targowisko,3 min,Konstancin-Jeziorna Tabita 01,,2024-12-25 12:07:46.960899
Tramwaj,4279,21,17,PKP Służewiec,3 min,Kielecka 01,,2024-12-25 12:07:46.960899
Autobus,5415,1,527,Grodzisk,3 min,CH Targówek 02,,2024-12-25 12:07:46.960899
Autobus,1428,436,147,Dw. Wschodni (Lubelska),3 min,Bronowska 02,,2024-12-25 12:07:46.960899
Autobus,9344,643,199,Bródno-Podgrodzie,3 min,Metro Kondratowicza 01,,2024-12-25 12:07:46.960899
Autobus,5871,406,175,Pl. Piłsudskiego,3 min,Lotnisko Chopina-Przyloty 02,,2024-12-25 12:07:46.960899
Autobus,5972,3,116,Chomiczówka,3 min,Kwitnąca 01,,2024-12-25 12:07:46.960899
Autobus,5446,11,116,Wilanów,3 min,Pl. Teatralny 01,,2024-12-25 12:07:46.960899
Autobus,9535,4,103,Metro Młociny,3 min,Obrońców Tobruku 03,,2024-12-25 12:07:46.960899
Autobus,3408,62,735,Metro Marymont,3 min,Stanisławów 01,,2024-12-25 12:07:46.960899
Autobus,5994,9,503,Natolin Płn.,3 min,Warneńska 01,,2024-12-25 12:07:46.960899
Autobus,7217,6,105,Rondo Daszyńskiego,3 min,Tkaczy 01,,2024-12-25 12:07:46.960899
Autobus,1428,436,147,Dw. Wschodni (Lubelska),3 min,Bronowska 02,,2024-12-25 12:07:46.960899
Autobus,9344,643,199,Bródno-Podgrodzie,3 min,Metro Kondratowicza 01,,2024-12-25 12:07:46.960899
Autobus,5871,406,175,Pl. Piłsudskiego,3 min,Lotnisko Chopina-Przyloty 02,,2024-12-25 12:07:46.960899
Autobus,5972,3,116,Chomiczówka,3 min,Kwitnąca 01,,2024-12-25 12:07:46.960899
Autobus,5446,11,116,Wilanów,3 min,Pl. Teatralny 01,,2024-12-25 12:07:46.960899
Autobus,9535,4,103,Metro Młociny,3 min,Obrońców Tobruku 03,,2024-12-25 12:07:46.960899
Autobus,3408,62,735,Metro Marymont,3 min,Stanisławów 01,,2024-12-25 12:07:46.960899
Autobus,5994,9,503,Natolin Płn.,3 min,Warneńska 01,,2024-12-25 12:07:46.960899
Autobus,7217,6,105,Rondo Daszyńskiego,3 min,Tkaczy 01,,2024-12-25 12:07:46.960899
Tramwaj,3237,4,9,P+R Al. Krakowska,3 min,Och-Teatr 04,,2024-12-25 12:07:46.960899
Tramwaj,3247,10,9,P+R Al. Krakowska,3 min,Dw. Centralny 08,,2024-12-25 12:07:46.960899
Tramwaj,3150,9,26,Metro Młociny,3 min,Wiatraczna 13,,2024-12-25 12:07:46.960899
Autobus,6239,3,184,Metro Młociny,3 min,Piastów Śląskich 01,,2024-12-25 12:07:46.960899
Autobus,1210,836,218,Metro Wierzbno,2 min,Instytut Reumatologii 02,,2024-12-25 12:07:46.960899
Autobus,8898,8,189,Os. Górczewska,2 min,Al. Lotników 06,,2024-12-25 12:07:46.960899
Autobus,1543,440,147,Stara Miłosna (Ułańska),2 min,Bronowska 04,,2024-12-25 12:07:46.960899
Autobus,4403,3,157,Szczęśliwice,2 min,Rudzka 03,,2024-12-25 12:07:46.960899
Autobus,7742,M5,148,Wiatraczna,2 min,Beethovena 02,,2024-12-25 12:07:46.960899
Autobus,9818,4,502,Stara Miłosna (Graniczna),2 min,CH Promenada 02,,2024-12-25 12:07:46.960899
Autobus,8890,5,504,Os. Kabaty,2 min,Postępu 01,,2024-12-25 12:07:46.960899
Autobus,9808,3,185,Gwiaździsta,2 min,Strzeleckiego 02,,2024-12-25 12:07:46.960899
Autobus,9907,1,114,Młociny-UKSW,2 min,Żerań FSO 03,,2024-12-25 12:07:46.960899
Autobus,5404,5,162,EC Siekierki,2 min,Most Świętokrzyski 03,,2024-12-25 12:07:46.960899
Autobus,4215,4,154,P+R Al. Krakowska,2 min,Dickensa 02,,2024-12-25 12:07:46.960899
Autobus,9087,72,176,Metro Bródno,2 min,Insurekcji 01,,2024-12-25 12:07:46.960899
Tramwaj,3260,7,17,Winnica,2 min,Kulskiego 04,,2024-12-25 12:07:46.960899
Autobus,1422,3,115,PKP Mokry Ług,2 min,Tomaszowska 02,,2024-12-25 12:07:46.960899
Autobus,5204,5,136,Natolin Płn.,2 min,Grenady 01,,2024-12-25 12:07:46.960899
Autobus,70001,1,L39,Mysiadło Dąbrówka,2 min,Piaseczno Wojska Polskiego 02,,2024-12-25 12:07:46.960899
Autobus,8556,7,143,Dw. Zachodni,2 min,Międzynarodowa 01,,2024-12-25 12:07:46.960899
Autobus,9516,1,707,P+R Al. Krakowska,2 min,Raszyn Sportowa 01,,2024-12-25 12:07:46.960899
Autobus,8534,4,148,Wiatraczna,2 min,Gdecka 02,,2024-12-25 12:07:46.960899
Autobus,1219,633,165,Wyczółki,2 min,Instytut Fizyki 02,,2024-12-25 12:07:46.960899
Autobus,5434,1,723,Żerań FSO,2 min,Dąbrówka Szlachecka 01,,2024-12-25 12:07:46.960899
Autobus,6202,2,177,Ursus-Niedźwiadek,2 min,Os. Górczewska 53,,2024-12-25 12:07:46.960899
Autobus,9917,8,186,Szczęśliwice,2 min,Konwaliowa 01,,2024-12-25 12:07:46.960899
Autobus,9079,M3,161,Olecka,2 min,Cygańska 01,,2024-12-25 12:07:46.960899
Autobus,9817,3,502,Stara Miłosna (Graniczna),2 min,Torfowa 03,,2024-12-25 12:07:46.960899
Autobus,9808,3,185,Gwiaździsta,2 min,Ursynów Płn. 02,,2024-12-25 12:07:46.960899
Autobus,70001,1,L39,Mysiadło Dąbrówka,2 min,Piaseczno Wojska Polskiego 02,,2024-12-25 12:07:46.960899
Autobus,9817,3,502,Stara Miłosna (Graniczna),2 min,Torfowa 03,,2024-12-25 12:07:46.960899
Autobus,8534,4,148,Wiatraczna,2 min,Gdecka 02,,2024-12-25 12:07:46.960899
Autobus,9087,72,176,Metro Bródno,2 min,Ołówkowa 01,,2024-12-25 12:07:46.960899
Tramwaj,3260,7,17,Winnica,2 min,Rakowiecka-Sanktuarium 04,,2024-12-25 12:07:46.960899
Tramwaj,4234,2,11,Sielce,2 min,Pl. Politechniki 01,,2024-12-25 12:07:46.960899
Autobus,8505,445,409,Cm. Północny-Brama Zach.,2 min,Rondo Starzyńskiego 01,,2024-12-25 12:07:46.960899
Tramwaj,3155,3,24,Gocławek,2 min,Dw. Centralny 07,,2024-12-25 12:07:46.960899
Autobus,4408,4,197,Cm. Wolski,2 min,Ogrody Działkowe Piaski 02,,2024-12-25 12:07:46.960899
Autobus,9515,1,103,Brylowska,2 min,Metro Stare Bielany 03,,2024-12-25 12:07:46.960899
Autobus,9917,8,186,Szczęśliwice,2 min,Konwaliowa 01,,2024-12-25 12:07:46.960899
Tramwaj,3206,4,24,Gocławek,2 min,Dalibora 05,,2024-12-25 12:07:46.960899
Tramwaj,3149,542,1,Banacha,1 min,Banacha 04,,2024-12-25 12:07:46.960899
Autobus,6212,497,184,Metro Młociny,1 min,PKP Wola (Kasprzaka) 02,,2024-12-25 12:07:46.960899
Autobus,8890,5,504,Os. Kabaty,1 min,Rondo Unii Europejskiej 05,,2024-12-25 12:07:46.960899
Autobus,5890,2,503,Natolin Płn.,1 min,Pl. Krasińskich 01,,2024-12-25 12:07:46.960899
Autobus,9824,1,719,Metro Bemowo,1 min,Zaborów Wiosenna 02,,2024-12-25 12:07:46.960899
Autobus,7711,6,509,Gocław,1 min,Adampolska 01,,2024-12-25 12:07:46.960899
Autobus,9917,8,186,Szczęśliwice,2 min,Konwaliowa 01,,2024-12-25 12:07:46.960899
Tramwaj,3206,4,24,Gocławek,2 min,Dalibora 05,,2024-12-25 12:07:46.960899
Tramwaj,3149,542,1,Banacha,1 min,Banacha 04,,2024-12-25 12:07:46.960899
Autobus,6212,497,184,Metro Młociny,1 min,PKP Wola (Kasprzaka) 02,,2024-12-25 12:07:46.960899
Autobus,8890,5,504,Os. Kabaty,1 min,Rondo Unii Europejskiej 05,,2024-12-25 12:07:46.960899
Autobus,5890,2,503,Natolin Płn.,1 min,Pl. Krasińskich 01,,2024-12-25 12:07:46.960899
Autobus,9824,1,719,Metro Bemowo,1 min,Zaborów Wiosenna 02,,2024-12-25 12:07:46.960899
Autobus,7711,6,509,Gocław,1 min,Adampolska 01,,2024-12-25 12:07:46.960899
Autobus,9549,1,743,Wolica k. Płochocina,1 min,Człuchowska 01,,2024-12-25 12:07:46.960899
Autobus,5892,5,503,Konwiktorska,1 min,Krucza 02,,2024-12-25 12:07:46.960899
Autobus,1807,3,197,Cm. Wolski,1 min,Fort Wola 06,,2024-12-25 12:07:46.960899
Autobus,3408,62,735,Metro Marymont,1 min,Rembelszczyzna 01,,2024-12-25 12:07:46.960899
Autobus,2014,6,148,Wiatraczna,1 min,Miklaszewskiego 03,,2024-12-25 12:07:46.960899
Autobus,4428,1,736,Legionowo Mickiewicza,1 min,Legionowo Słoneczna 02,,2024-12-25 12:07:46.960899
Tramwaj,4266,8,33,Kielecka,1 min,Pl. Grunwaldzki 07,,2024-12-25 12:07:46.960899
Autobus,9330,2,153,Rembertów-Kolonia,1 min,Rembertów-Ratusz 01,,2024-12-25 12:07:46.960899
Autobus,4420,3,123,Dw. Wschodni (Kijowska),1 min,Dw. Wschodni (Lubelska) 14,,2024-12-25 12:07:46.960899
Tramwaj,3813,3,23,Nowe Bemowo,1 min,Metro Ratusz Arsenał 10,,2024-12-25 12:07:46.960899
Autobus,9332,M5,142,Wiatraczna,1 min,Zerzeń 02,,2024-12-25 12:07:46.960899
Tramwaj,4237,3,11,Sielce,1 min,Cm. Wolski 05,,2024-12-25 12:07:46.960899
Autobus,1219,633,165,Wyczółki,1 min,Instytut Fizyki 02,,2024-12-25 12:07:46.960899
Autobus,8346,4,131,Dw. Centralny,1 min,Książęca 04,,2024-12-25 12:07:46.960899
Autobus,9330,2,153,Rembertów-Kolonia,1 min,Rembertów-Ratusz 01,,2024-12-25 12:07:46.960899
Autobus,4420,3,123,Dw. Wschodni (Kijowska),1 min,Dw. Wschodni (Lubelska) 14,,2024-12-25 12:07:46.960899
Tramwaj,3813,3,23,Nowe Bemowo,1 min,Metro Ratusz Arsenał 10,,2024-12-25 12:07:46.960899
Autobus,9332,M5,142,Wiatraczna,1 min,Zerzeń 02,,2024-12-25 12:07:46.960899
Autobus,5892,5,503,Konwiktorska,1 min,Krucza 02,,2024-12-25 12:07:46.960899
Autobus,5936,442,180,Wilanów,1 min,Powązki-Cm. Wojskowy 01,,2024-12-25 12:07:46.960899
Autobus,8590,3,738,P+R Radzymin,1 min,Radzymin Hallera 02,,2024-12-25 12:07:46.960899
Autobus,4418,3,212,Pl. Hallera,1 min,Rogowska 01,,2024-12-25 12:07:46.960899
Autobus,5404,5,162,EC Siekierki,1 min,Metro Centrum Nauki Kopernik 04,,2024-12-25 12:07:46.960899
Autobus,4244,4,122,Os. Górczewska,1 min,Sady Żoliborskie 06,,2024-12-25 12:07:46.960899
Tramwaj,4010,5,22,Wiatraczna,1 min,Lubelska 04,,2024-12-25 12:07:46.960899
Tramwaj,3149,542,1,Banacha,1 min,Banacha 04,,2024-12-25 12:07:46.960899
Autobus,4413,1,197,Gwiaździsta,1 min,Hala Sportowa Bemowo 03,,2024-12-25 12:07:46.960899
Autobus,9093,2,161,Zbójna Góra,1 min,Mera-Pnefal 01,,2024-12-25 12:07:46.960899
Autobus,9320,3,179,Os. Kabaty,1 min,Pięciolinii 01,,2024-12-25 12:07:46.960899
Autobus,5894,400,175,Lotnisko Chopina,1 min,Banacha-Szpital 01,,2024-12-25 12:07:46.960899
Autobus,9320,3,179,Os. Kabaty,1 min,Pięciolinii 01,,2024-12-25 12:07:46.960899
Autobus,1219,633,165,Wyczółki,1 min,Instytut Fizyki 02,,2024-12-25 12:07:46.960899
Autobus,4413,1,197,Gwiaździsta,1 min,Hala Sportowa Bemowo 03,,2024-12-25 12:07:46.960899
Autobus,5936,442,180,Wilanów,1 min,Powązki-Cm. Wojskowy 01,,2024-12-25 12:07:46.960899
Autobus,7711,6,509,Gocław,1 min,Adampolska 01,,2024-12-25 12:07:46.960899
Autobus,1812,2,212,CH Targówek,1 min,Jórskiego 04,,2024-12-25 12:07:46.960899
Autobus,4418,3,212,Pl. Hallera,1 min,Rogowska 01,,2024-12-25 12:07:46.960899
Autobus,70007,694,L52,Grochowa,1 min,Piaseczno Kolejka Piaseczyńska 55,,2024-12-25 12:07:46.960899
Tramwaj,4010,5,22,Wiatraczna,1 min,Lubelska 04,,2024-12-25 12:07:46.960899
Autobus,5404,5,162,EC Siekierki,1 min,Metro Centrum Nauki Kopernik 04,,2024-12-25 12:07:46.960899
Autobus,7863,9,148,Lotnisko Chopina,1 min,Polinezyjska 04,,2024-12-25 12:07:46.960899
Autobus,1058,591,208,Bitwy Warszawskiej 1920 r.,1 min,Dickensa 02,,2024-12-25 12:07:46.960899
Autobus,6240,9,523,Stare Bemowo,1 min,Pomnik Lotnika 04,,2024-12-25 12:07:46.960899
Autobus,9827,7,185,CH Ursynów,1 min,Most Gdański 01,,2024-12-25 12:07:46.960899
Autobus,4428,1,736,Legionowo Mickiewicza,1 min,Legionowo Polna 02,,2024-12-25 12:07:46.960899
Autobus,9079,M3,161,Olecka,1 min,Izbicka-Cmentarz 03,,2024-12-25 12:07:46.960899
Autobus,9525,52,737,Ursynów Płn.,1 min,Władysławów 01,,2024-12-25 12:07:46.960899
Tramwaj,3179,4,10,Wyścigi,1 min,Karolkowa 03,,2024-12-25 12:07:46.960899
Autobus,1071,4,163,Metro Wilanowska,1 min,Szolc-Rogozińskiego 01,,2024-12-25 12:07:46.960899
Autobus,1208,635,218,Metro Wilanowska,1 min,Telewizja Polska 02,,2024-12-25 12:07:46.960899
Autobus,4322,3,152,Os. Derby,1 min,Tarchomin 01,,2024-12-25 12:07:46.960899
Autobus,9804,3,167,Stare Bemowo,1 min,Bitwy Warszawskiej 1920 r. 06,,2024-12-25 12:07:46.960899
Tramwaj,3819,1,28,Dw. Wschodni (Kijowska),1 min,Kijowska 06,,2024-12-25 12:07:46.960899
Autobus,5232,1,136,Ostroroga,1 min,Miklaszewskiego 02,,2024-12-25 12:07:46.960899
Autobus,9501,654,149,Groty,1 min,Kartezjusza 02,,2024-12-25 12:07:46.960899
Tramwaj,3120,7,9,Wiatraczna,1 min,Pl. Starynkiewicza 03,,2024-12-25 12:07:46.960899
Tramwaj,3158,2,3,Gocławek,1 min,Ząbkowska 03,,2024-12-25 12:07:46.960899
Tramwaj,3271,2,15,Marymont-Potok,1 min,P+R Al. Krakowska 02,,2024-12-25 12:07:46.960899
Tramwaj,4282,1,17,PKP Służewiec,1 min,Dw. Centralny 09,,2024-12-25 12:07:46.960899
Tramwaj,4206,1,2,Winnica,1 min,Metro Młociny 28,,2024-12-25 12:07:46.960899
Autobus,1546,449,146,Dw. Wschodni (Lubelska),1 min,Metro Stadion Narodowy 02,,2024-12-25 12:07:46.960899
Autobus,4434,2,181,Cm. Północny-Brama Gł.,1 min,Prozy 02,,2024-12-25 12:07:46.960899
Autobus,4434,2,181,Cm. Północny-Brama Gł.,1 min,Prozy 02,,2024-12-25 12:07:46.960899
Tramwaj,3191,3,22,Piaski,1 min,Dw. Centralny 08,,2024-12-25 12:07:46.960899
Autobus,2013,1,189,Sadyba,1 min,Warneńska 54,,2024-12-25 12:07:46.960899
Autobus,8353,1,217,Natolin Płn.,1 min,Karczocha 01,,2024-12-25 12:07:46.960899
Autobus,8526,371,174,Rondo ONZ,1 min,Metro Pole Mokotowskie 02,,2024-12-25 12:07:46.960899
Autobus,9527,54,737,Antoninów Cm. Południowy-Brama Płd.,1 min,Nowa Wola 01,,2024-12-25 12:07:46.960899
Autobus,1546,449,146,Dw. Wschodni (Lubelska),1 min,Metro Stadion Narodowy 02,,2024-12-25 12:07:46.960899
Autobus,4434,2,181,Cm. Północny-Brama Gł.,1 min,Prozy 02,,2024-12-25 12:07:46.960899
Tramwaj,3191,3,22,Piaski,1 min,Dw. Centralny 08,,2024-12-25 12:07:46.960899
Autobus,2013,1,189,Sadyba,1 min,Warneńska 54,,2024-12-25 12:07:46.960899
Autobus,8353,1,217,Natolin Płn.,1 min,Karczocha 01,,2024-12-25 12:07:46.960899
Autobus,8526,371,174,Rondo ONZ,1 min,Metro Pole Mokotowskie 02,,2024-12-25 12:07:46.960899
Autobus,9527,54,737,Antoninów Cm. Południowy-Brama Płd.,1 min,Nowa Wola 01,,2024-12-25 12:07:46.960899
Autobus,3418,3,145,Wiatraczna,1 min,Ząbki Warszawska 02,,2024-12-25 12:07:46.960899
Autobus,4416,6,123,Dw. Wschodni (Lubelska),1 min,Dw. Wschodni (Kijowska) 11,,2024-12-25 12:07:46.960899
Autobus,7737,8,509,Gocław,1 min,Myśliborska 01,,2024-12-25 12:07:46.960899
Tramwaj,4232,1,16,Miasteczko Wilanów,1 min,Spacerowa 01,,2024-12-25 12:07:46.960899
Tramwaj,3141,11,9,P+R Al. Krakowska,0 min,Wiatraczna 07,,2024-12-25 12:07:46.960899
Autobus,5449,446,409,Bródno-Podgrodzie,0 min,Niwa 02,,2024-12-25 12:07:46.960899
Autobus,5964,1,116,Wilanów,0 min,Pl. Inwalidów 01,,2024-12-25 12:07:46.960899
Autobus,6230,1,141,P+R Al. Krakowska,0 min,Wał Miedzeszyński 01,,2024-12-25 12:07:46.960899
Autobus,9949,4,190,Znana,0 min,Bieżuńska 01,,2024-12-25 12:07:46.960899
Autobus,1843,61,730,Brzeziny,0 min,Wspólna Droga 02,,2024-12-25 12:07:46.960899
Autobus,1216,657,166,Pl. Hallera,0 min,Dolna 56,,2024-12-25 12:07:46.960899
Autobus,7730,319,525,Dw. Centralny,0 min,CH Promenada 01,,2024-12-25 12:07:46.960899
Tramwaj,3141,11,9,P+R Al. Krakowska,0 min,Wiatraczna 07,,2024-12-25 12:07:46.960899
Tramwaj,3188,7,24,Nowe Bemowo,0 min,Most Poniatowskiego 04,,2024-12-25 12:07:46.960899
Autobus,5449,446,409,Bródno-Podgrodzie,0 min,Niwa 02,,2024-12-25 12:07:46.960899
Autobus,5964,1,116,Wilanów,0 min,Pl. Inwalidów 01,,2024-12-25 12:07:46.960899
Autobus,6230,1,141,P+R Al. Krakowska,0 min,Wał Miedzeszyński 01,,2024-12-25 12:07:46.960899
Autobus,9949,4,190,Znana,0 min,Bieżuńska 01,,2024-12-25 12:07:46.960899
Tramwaj,4274,1,33,Metro Młociny,0 min,Al. Reymonta 04,,2024-12-25 12:07:46.960899
Autobus,1843,61,730,Brzeziny,0 min,Wspólna Droga 02,,2024-12-25 12:07:46.960899
Tramwaj,4275,4,2,Metro Młociny,0 min,Myśliborska 05,,2024-12-25 12:07:46.960899
Autobus,1216,657,166,Pl. Hallera,0 min,Dolna 56,,2024-12-25 12:07:46.960899
Autobus,7730,319,525,Dw. Centralny,0 min,CH Promenada 01,,2024-12-25 12:07:46.960899
Tramwaj,4266,8,33,Kielecka,0 min,Rondo „Radosława” 09,,2024-12-25 12:07:46.960899
Autobus,2216,1,517,Pl. Trzech Krzyży,0 min,Adamieckiego 01,,2024-12-25 12:07:46.960899
Autobus,3403,2,120,Olesin,0 min,Dw. Wschodni (Kijowska) 11,,2024-12-25 12:07:46.960899
Autobus,3412,2,738,Metro Trocka,0 min,Nowe Słupno 01,,2024-12-25 12:07:46.960899
Autobus,6219,3,122,Os. Górczewska,0 min,Widawska 02,,2024-12-25 12:07:46.960899
Autobus,8890,5,504,Os. Kabaty,0 min,Gotarda 01,,2024-12-25 12:07:46.960899
Autobus,6207,2,189,Sadyba,0 min,Rondo Unii Europejskiej 01,,2024-12-25 12:07:46.960899
Autobus,758,2,150,Dziekanów Leśny,0 min,Park Młociński 02,,2024-12-25 12:07:46.960899
Tramwaj,4266,8,33,Kielecka,0 min,Rondo „Radosława” 09,,2024-12-25 12:07:46.960899
Autobus,2216,1,517,Pl. Trzech Krzyży,0 min,Adamieckiego 01,,2024-12-25 12:07:46.960899
Autobus,3403,2,120,Olesin,0 min,Dw. Wschodni (Kijowska) 11,,2024-12-25 12:07:46.960899
Autobus,3412,2,738,Metro Trocka,0 min,Nowe Słupno 01,,2024-12-25 12:07:46.960899
Autobus,6219,3,122,Os. Górczewska,0 min,Widawska 02,,2024-12-25 12:07:46.960899
Autobus,8890,5,504,Os. Kabaty,0 min,Gotarda 01,,2024-12-25 12:07:46.960899
Autobus,6207,2,189,Sadyba,0 min,Rondo Unii Europejskiej 01,,2024-12-25 12:07:46.960899
Autobus,758,2,150,Dziekanów Leśny,0 min,Park Młociński 02,,2024-12-25 12:07:46.960899
Autobus,9553,6,103,Brylowska,0 min,Metro Płocka 05,,2024-12-25 12:07:46.960899
Tramwaj,3143,2,26,Wiatraczna,0 min,Reduta Wolska 03,,2024-12-25 12:07:46.960899
Autobus,4419,2,157,Szczęśliwice,0 min,Mennica 03,,2024-12-25 12:07:46.960899
Autobus,70047,2,L33,PKP Jeziorki,0 min,Józefosław Dzikiej Róży 02,,2024-12-25 12:07:46.960899
Autobus,8559,1,519,Powsin-Park Kultury,0 min,Vogla 01,,2024-12-25 12:07:46.960899
Tramwaj,3117,5,4,Żerań Wschodni,0 min,Morskie Oko 04,,2024-12-25 12:07:46.960899
Tramwaj,3824,5,23,Czynszowa,0 min,Zajezdnia Wola 03,,2024-12-25 12:07:46.960899
Autobus,80102,2,L45,PKP Dąbkowizna,0 min,Słupno 03,,2024-12-25 12:07:46.960899
Autobus,9550,4,178,Konwiktorska,0 min,Zapustna 01,,2024-12-25 12:07:46.960899
Autobus,9912,496,186,Nowodwory,0 min,Białołęka-Ratusz 03,,2024-12-25 12:07:46.960899
Autobus,4510,2,197,Gwiaździsta,0 min,Cm. Wolski 08,,2024-12-25 12:07:46.960899
Autobus,5933,613,111,Gocław,0 min,Zachęta 02,,2024-12-25 12:07:46.960899
Autobus,8346,4,131,Dw. Centralny,0 min,Pl. Trzech Krzyży 04,,2024-12-25 12:07:46.960899
Autobus,9252,472,203,Fort Wawrzyszew,0 min,Głowackiego 01,,2024-12-25 12:07:46.960899
Autobus,1539,441,147,Stara Miłosna (Ułańska),0 min,Al. Zieleniecka 09,,2024-12-25 12:07:46.960899
Autobus,5405,9,509,Winnica,0 min,Bora-Komorowskiego 02,,2024-12-25 12:07:46.960899
Autobus,9550,4,178,Konwiktorska,0 min,Zapustna 01,,2024-12-25 12:07:46.960899
Autobus,9912,496,186,Nowodwory,0 min,Białołęka-Ratusz 03,,2024-12-25 12:07:46.960899
Autobus,9930,8,190,CH Marki,0 min,Metro Młynów 05,,2024-12-25 12:07:46.960899
Tramwaj,3191,3,22,Piaski,0 min,Dw. Centralny 08,,2024-12-25 12:07:46.960899
Autobus,1542,4,173,Dw. Wschodni (Lubelska),0 min,Potockich 01,,2024-12-25 12:07:46.960899
Autobus,5414,801,500,Bródno-Podgrodzie,0 min,Rondo „Radosława” 04,,2024-12-25 12:07:46.960899
Autobus,7742,M5,148,Wiatraczna,0 min,Ogrody Działkowe Czerniaków 02,,2024-12-25 12:07:46.960899
Autobus,80111,1,L46,Zielonka 11 Listopada,0 min,Zielonka Sowińskiego 02,,2024-12-25 12:07:46.960899
Tramwaj,3225,1,9,Gocławek,0 min,Berezyńska 02,,2024-12-25 12:07:46.960899
Tramwaj,4278,6,33,Kielecka,0 min,Metro Pole Mokotowskie 03,,2024-12-25 12:07:46.960899
Autobus,5258,4,517,Ursus-Niedźwiadek,0 min,Spisaka 04,,2024-12-25 12:07:46.960899
Autobus,70033,1,L25,Góra Kalwaria Rynek,0 min,Piaseczno Szkolna 01,,2024-12-25 12:07:46.960899
Tramwaj,3231,6,15,P+R Al. Krakowska,0 min,Pl. Wilsona 13,,2024-12-25 12:07:46.960899
Autobus,9323,469,142,Aleksandrów,0 min,Pl. Szembeka 02,,2024-12-25 12:07:46.960899
Autobus,9532,55,715,P+R Al. Krakowska,0 min,Metro Ursynów 01,,2024-12-25 12:07:46.960899
Tramwaj,3293,6,22,Wiatraczna,0 min,Pl. Zawiszy 05,,2024-12-25 12:07:46.960899
Autobus,1550,439,147,Dw. Wschodni (Lubelska),0 min,Rumiankowa 01,,2024-12-25 12:07:46.960899
Autobus,4204,2,713,Cm. Wolski,0 min,Tkaczy 01,,2024-12-25 12:07:46.960899
Autobus,6240,9,523,Stare Bemowo,0 min,Pomnik Lotnika 04,,2024-12-25 12:07:46.960899
Tramwaj,3028,4,28,Dw. Wschodni (Kijowska),0 min,Os. Górczewska 13,,2024-12-25 12:07:46.960899
Tramwaj,3127,26,17,Metro Marymont,0 min,PKP Służewiec 12,,2024-12-25 12:07:46.960899
Tramwaj,3129,21,1,Pl. Narutowicza,0 min,Annopol 04,,2024-12-25 12:07:46.960899
Tramwaj,3130,5,24,Gocławek,0 min,Nowe Bemowo 07,,2024-12-25 12:07:46.960899
Tramwaj,3131,1,22,Wiatraczna,0 min,Piaski 05,,2024-12-25 12:07:46.960899
Tramwaj,3136,12,33,Kielecka,0 min,Metro Młociny 15,,2024-12-25 12:07:46.960899
Tramwaj,3137,3,26,Metro Młociny,0 min,Wiatraczna 13,,2024-12-25 12:07:46.960899
Tramwaj,3146,545,1,Banacha,0 min,Annopol 03,,2024-12-25 12:07:46.960899
Tramwaj,3148,6,10,Wyścigi,0 min,Os. Górczewska 12,,2024-12-25 12:07:46.960899
Tramwaj,3149,542,1,Annopol,0 min,Banacha 04,,2024-12-25 12:07:46.960899
Tramwaj,3156,1,6,Gocławek,0 min,Metro Młociny 12,,2024-12-25 12:07:46.960899
Tramwaj,3166,6,9,P+R Al. Krakowska,0 min,Wiatraczna 11,,2024-12-25 12:07:46.960899
Tramwaj,3176,1,3,Annopol,0 min,Gocławek 04,,2024-12-25 12:07:46.960899
Tramwaj,3130,5,24,Gocławek,0 min,Nowe Bemowo 07,,2024-12-25 12:07:46.960899
Tramwaj,3131,1,22,Wiatraczna,0 min,Piaski 05,,2024-12-25 12:07:46.960899
Tramwaj,3136,12,33,Kielecka,0 min,Metro Młociny 15,,2024-12-25 12:07:46.960899
Tramwaj,3137,3,26,Metro Młociny,0 min,Wiatraczna 13,,2024-12-25 12:07:46.960899
Tramwaj,3146,545,1,Banacha,0 min,Annopol 03,,2024-12-25 12:07:46.960899
Tramwaj,3148,6,10,Wyścigi,0 min,Os. Górczewska 12,,2024-12-25 12:07:46.960899
Tramwaj,3149,542,1,Annopol,0 min,Banacha 04,,2024-12-25 12:07:46.960899
Tramwaj,3156,1,6,Gocławek,0 min,Metro Młociny 12,,2024-12-25 12:07:46.960899
Tramwaj,3648,4,11,Sielce,0 min,Cm. Wolski 05,,2024-12-25 12:07:46.960899
Tramwaj,3801,4,6,Metro Młociny,0 min,Gocławek 04,,2024-12-25 12:07:46.960899
Tramwaj,3822,1,23,Czynszowa,0 min,Nowe Bemowo 08,,2024-12-25 12:07:46.960899
Tramwaj,3823,1,20,Boernerowo,0 min,Żerań FSO 05,,2024-12-25 12:07:46.960899
Tramwaj,3830,5,20,Żerań FSO,0 min,Boernerowo 01,,2024-12-25 12:07:46.960899
Tramwaj,4007,3,15,Marymont-Potok,0 min,P+R Al. Krakowska 02,,2024-12-25 12:07:46.960899
Tramwaj,4101,8,17,Winnica,0 min,PKP Służewiec 13,,2024-12-25 12:07:46.960899
Tramwaj,4104,547,4,Wyścigi,0 min,Żerań Wschodni 01,,2024-12-25 12:07:46.960899
Tramwaj,4221,14,16,Piaski,0 min,Miasteczko Wilanów 05,,2024-12-25 12:07:46.960899
Tramwaj,4225,9,16,Miasteczko Wilanów,0 min,Piaski 06,,2024-12-25 12:07:46.960899
Tramwaj,3822,1,23,Czynszowa,0 min,Nowe Bemowo 08,,2024-12-25 12:07:46.960899
Tramwaj,3823,1,20,Boernerowo,0 min,Żerań FSO 05,,2024-12-25 12:07:46.960899
Tramwaj,3830,5,20,Żerań FSO,0 min,Boernerowo 01,,2024-12-25 12:07:46.960899
Tramwaj,4007,3,15,Marymont-Potok,0 min,P+R Al. Krakowska 02,,2024-12-25 12:07:46.960899
Tramwaj,4101,8,17,Winnica,0 min,PKP Służewiec 13,,2024-12-25 12:07:46.960899
Tramwaj,4104,547,4,Wyścigi,0 min,Żerań Wschodni 01,,2024-12-25 12:07:46.960899
Tramwaj,4221,14,16,Piaski,0 min,Miasteczko Wilanów 05,,2024-12-25 12:07:46.960899
Tramwaj,4225,9,16,Miasteczko Wilanów,0 min,Piaski 06,,2024-12-25 12:07:46.960899
Tramwaj,4231,5,16,Muranowska,0 min,Miasteczko Wilanów 05,,2024-12-25 12:07:46.960899
Tramwaj,4234,2,11,Sielce,0 min,Trasa Łazienkowska 01,,2024-12-25 12:07:46.960899
Tramwaj,4254,11,33,Kielecka,0 min,Metro Młociny 15,,2024-12-25 12:07:46.960899
Tramwaj,4285,10,16,Miasteczko Wilanów,0 min,Piaski 06,,2024-12-25 12:07:46.960899
Autobus,1005,1,213,Błota,0 min,Gocław 04,,2024-12-25 12:07:46.960899
Autobus,1052,2,208,Bitwy Warszawskiej 1920 r.,0 min,Bitwy Warszawskiej 1920 r. 10,,2024-12-25 12:07:46.960899
Autobus,1073,1,130,Ananasowa,0 min,Metro Wilanowska 17,,2024-12-25 12:07:46.960899
Tramwaj,3248,5,7,Kawęczyńska-Bazylika,0 min,P+R Al. Krakowska 03,,2024-12-25 12:07:46.960899
Tramwaj,3252,3,9,Gocławek,0 min,P+R Al. Krakowska 01,,2024-12-25 12:07:46.960899
Tramwaj,3267,6,4,Żerań Wschodni,0 min,Wyścigi 06,,2024-12-25 12:07:46.960899
Tramwaj,3228,9,9,Wiatraczna,0 min,P+R Al. Krakowska 01,,2024-12-25 12:07:46.960899
Tramwaj,3243,12,9,P+R Al. Krakowska,0 min,Gocławek 05,,2024-12-25 12:07:46.960899
Tramwaj,3245,5,9,Gocławek,0 min,P+R Al. Krakowska 01,,2024-12-25 12:07:46.960899
Tramwaj,3248,5,7,Kawęczyńska-Bazylika,0 min,P+R Al. Krakowska 03,,2024-12-25 12:07:46.960899
Tramwaj,3252,3,9,Gocławek,0 min,P+R Al. Krakowska 01,,2024-12-25 12:07:46.960899
Tramwaj,3267,6,4,Żerań Wschodni,0 min,Wyścigi 06,,2024-12-25 12:07:46.960899
Tramwaj,3290,4,26,Wiatraczna,0 min,Metro Młociny 14,,2024-12-25 12:07:46.960899
Tramwaj,3502,1,24,Nowe Bemowo,0 min,Gocławek 03,,2024-12-25 12:07:46.960899
Tramwaj,3648,4,11,Sielce,0 min,Cm. Wolski 05,,2024-12-25 12:07:46.960899
Tramwaj,3806,4,23,Nowe Bemowo,0 min,Czynszowa 01,,2024-12-25 12:07:46.960899
Tramwaj,3822,1,23,Czynszowa,0 min,Nowe Bemowo 08,,2024-12-25 12:07:46.960899
Tramwaj,3823,1,20,Boernerowo,0 min,Żerań FSO 05,,2024-12-25 12:07:46.960899
Tramwaj,3830,5,20,Żerań FSO,0 min,Boernerowo 01,,2024-12-25 12:07:46.960899
Tramwaj,4007,3,15,Marymont-Potok,0 min,P+R Al. Krakowska 02,,2024-12-25 12:07:46.960899
Tramwaj,4101,8,17,Winnica,0 min,PKP Służewiec 13,,2024-12-25 12:07:46.960899
Tramwaj,4104,547,4,Wyścigi,0 min,Żerań Wschodni 01,,2024-12-25 12:07:46.960899
Tramwaj,4221,14,16,Piaski,0 min,Miasteczko Wilanów 05,,2024-12-25 12:07:46.960899
Tramwaj,4225,9,16,Miasteczko Wilanów,0 min,Piaski 06,,2024-12-25 12:07:46.960899
Tramwaj,4231,5,16,Muranowska,0 min,Miasteczko Wilanów 05,,2024-12-25 12:07:46.960899
Tramwaj,3822,1,23,Czynszowa,0 min,Nowe Bemowo 08,,2024-12-25 12:07:46.960899
Tramwaj,3823,1,20,Boernerowo,0 min,Żerań FSO 05,,2024-12-25 12:07:46.960899
Tramwaj,3830,5,20,Żerań FSO,0 min,Boernerowo 01,,2024-12-25 12:07:46.960899
Tramwaj,4007,3,15,Marymont-Potok,0 min,P+R Al. Krakowska 02,,2024-12-25 12:07:46.960899
Tramwaj,4101,8,17,Winnica,0 min,PKP Służewiec 13,,2024-12-25 12:07:46.960899
Tramwaj,4104,547,4,Wyścigi,0 min,Żerań Wschodni 01,,2024-12-25 12:07:46.960899
Tramwaj,4221,14,16,Piaski,0 min,Miasteczko Wilanów 05,,2024-12-25 12:07:46.960899
Tramwaj,4225,9,16,Miasteczko Wilanów,0 min,Piaski 06,,2024-12-25 12:07:46.960899
Tramwaj,4231,5,16,Muranowska,0 min,Miasteczko Wilanów 05,,2024-12-25 12:07:46.960899
Tramwaj,4254,11,33,Kielecka,0 min,Metro Młociny 15,,2024-12-25 12:07:46.960899
Tramwaj,4285,10,16,Miasteczko Wilanów,0 min,Piaski 06,,2024-12-25 12:07:46.960899
Autobus,1005,1,213,Błota,0 min,Gocław 04,,2024-12-25 12:07:46.960899
Autobus,1052,2,208,Bitwy Warszawskiej 1920 r.,0 min,Bitwy Warszawskiej 1920 r. 10,,2024-12-25 12:07:46.960899
Autobus,1413,6,141,Witolin,0 min,P+R Al. Krakowska 07,,2024-12-25 12:07:46.960899
Autobus,1429,4,115,PKP Mokry Ług,0 min,Aleksandrów 01,,2024-12-25 12:07:46.960899
Autobus,1430,2,183,Zielona,0 min,Wiatraczna 15,,2024-12-25 12:07:46.960899
Autobus,15086,3,L-9,PKP Legionowo,0 min,Wieliszew-Plaża 01,,2024-12-25 12:07:46.960899
Autobus,15087,1,L11,Nowy Dwór Mazowiecki Urząd Miasta,0 min,PKP Legionowo 01,,2024-12-25 12:07:46.960899
Autobus,15092,1,L41,Nowy Dwór Mazowiecki Urząd Miasta,0 min,PKP Legionowo 01,,2024-12-25 12:07:46.960899
Autobus,1413,6,141,Witolin,0 min,P+R Al. Krakowska 07,,2024-12-25 12:07:46.960899
Autobus,1429,4,115,PKP Mokry Ług,0 min,Aleksandrów 01,,2024-12-25 12:07:46.960899
Autobus,1430,2,183,Zielona,0 min,Wiatraczna 15,,2024-12-25 12:07:46.960899
Autobus,15086,3,L-9,PKP Legionowo,0 min,Wieliszew-Plaża 01,,2024-12-25 12:07:46.960899
Autobus,15087,1,L11,Nowy Dwór Mazowiecki Urząd Miasta,0 min,PKP Legionowo 01,,2024-12-25 12:07:46.960899
Autobus,15092,1,L41,Nowy Dwór Mazowiecki Urząd Miasta,0 min,PKP Legionowo 01,,2024-12-25 12:07:46.960899
Autobus,1520,435,146,Falenica,0 min,Dw. Wschodni (Lubelska) 01,,2024-12-25 12:07:46.960899
Autobus,1523,1,702,Otwock Orla,0 min,Wiatraczna 14,,2024-12-25 12:07:46.960899
Autobus,1527,3,173,Stara Miłosna (Graniczna),0 min,Dw. Wschodni (Lubelska) 06,,2024-12-25 12:07:46.960899
Autobus,1533,2,251,Konstancin-Jeziorna CH Stara Papiernia,0 min,Metro Wilanowska 15,,2024-12-25 12:07:46.960899
Autobus,1536,5,119,Rakowiecka-Sanktuarium,0 min,Wiśniowa Góra 03,,2024-12-25 12:07:46.960899
Autobus,1548,437,146,Dw. Wschodni (Lubelska),0 min,Falenica 04,,2024-12-25 12:07:46.960899
Autobus,1549,3,183,Zielona,0 min,Wiatraczna 15,,2024-12-25 12:07:46.960899
Autobus,1553,2,169,Bródno-Podgrodzie,0 min,Dw. Wschodni (Kijowska) 07,,2024-12-25 12:07:46.960899
Autobus,1555,3,240,Metro Kondratowicza,0 min,Marki Pustelnik 03,,2024-12-25 12:07:46.960899
Autobus,1803,1,212,Pl. Hallera,0 min,CH Targówek 05,,2024-12-25 12:07:46.960899
Autobus,1807,3,197,Gwiaździsta,0 min,Cm. Wolski 08,,2024-12-25 12:07:46.960899
Autobus,4316,1,134,Olesin,0 min,Metro Marymont 17,,2024-12-25 12:07:46.960899
Autobus,4328,2,152,Tarchomin,0 min,Os. Derby 02,,2024-12-25 12:07:46.960899
Autobus,4402,2,170,Rondo Starzyńskiego,0 min,PKP Zacisze-Wilno 02,,2024-12-25 12:07:46.960899
Autobus,4404,1,170,PKP Zacisze-Wilno,0 min,Rondo Starzyńskiego 09,,2024-12-25 12:07:46.960899
Autobus,4409,1,157,Gwiaździsta,0 min,Szczęśliwice 02,,2024-12-25 12:07:46.960899
Autobus,4411,3,181,Cm. Północny-Brama Gł.,0 min,Pl. Wilsona 18,,2024-12-25 12:07:46.960899
Autobus,4414,5,169,Dw. Wschodni (Kijowska),0 min,Bródno-Podgrodzie 06,,2024-12-25 12:07:46.960899
Autobus,5207,5,177,Os. Górczewska,0 min,Ursus-Niedźwiadek 01,,2024-12-25 12:07:46.960899
Autobus,5220,2,141,P+R Al. Krakowska,0 min,Witolin 01,,2024-12-25 12:07:46.960899
Autobus,5402,443,409,Bródno-Podgrodzie,0 min,Cm. Północny-Brama Zach. 03,,2024-12-25 12:07:46.960899
Autobus,5420,803,409,Cm. Północny-Brama Zach.,0 min,Bródno-Podgrodzie 04,,2024-12-25 12:07:46.960899
Autobus,5422,2,112,Nowe Bemowo,0 min,CH Marki 04,,2024-12-25 12:07:46.960899
Autobus,5435,61,735,Zegrze Płd.,0 min,Metro Marymont 15,,2024-12-25 12:07:46.960899
Autobus,5459,2,140,Marki Czarna Struga,0 min,Metro Trocka 09,,2024-12-25 12:07:46.960899
Autobus,5873,404,128,Pl. Piłsudskiego,0 min,Szczęśliwice 05,,2024-12-25 12:07:46.960899
Autobus,5878,3,503,Natolin Płn.,0 min,Konwiktorska 01,,2024-12-25 12:07:46.960899
Autobus,5882,409,128,Szczęśliwice,0 min,Pl. Piłsudskiego 04,,2024-12-25 12:07:46.960899
Autobus,5884,6,127,Nowe Włochy,0 min,Browarna 02,,2024-12-25 12:07:46.960899
Autobus,5889,2,127,Browarna,0 min,Nowe Włochy 01,,2024-12-25 12:07:46.960899
Autobus,5884,6,127,Nowe Włochy,0 min,Browarna 02,,2024-12-25 12:07:46.960899
Autobus,5889,2,127,Browarna,0 min,Nowe Włochy 01,,2024-12-25 12:07:46.960899
Autobus,5909,405,128,Pl. Piłsudskiego,0 min,Szczęśliwice 05,,2024-12-25 12:07:46.960899
Autobus,5914,4,158,Witolin,0 min,CH Reduta 01,,2024-12-25 12:07:46.960899
Autobus,5919,610,507,Dw. Centralny,0 min,Gocław 02,,2024-12-25 12:07:46.960899
Autobus,5925,6,158,CH Reduta,0 min,Witolin 02,,2024-12-25 12:07:46.960899
Autobus,5926,2,180,Wilanów,0 min,Chomiczówka 05,,2024-12-25 12:07:46.960899
Autobus,5938,9,116,Chomiczówka,0 min,Wilanów 07,,2024-12-25 12:07:46.960899
Autobus,5942,606,507,Dw. Centralny,0 min,Gocław 02,,2024-12-25 12:07:46.960899
Autobus,5943,448,116,Chomiczówka,0 min,Wilanów 07,,2024-12-25 12:07:46.960899
Autobus,5950,1,180,Wilanów,0 min,Chomiczówka 05,,2024-12-25 12:07:46.960899
Autobus,5955,611,507,Dw. Centralny,0 min,Gocław 02,,2024-12-25 12:07:46.960899
Autobus,5959,5,127,Nowe Włochy,0 min,Browarna 02,,2024-12-25 12:07:46.960899
Autobus,5961,1,518,Bielańska,0 min,Nowodwory 08,,2024-12-25 12:07:46.960899
Autobus,5972,3,116,Wilanów,0 min,Chomiczówka 03,,2024-12-25 12:07:46.960899
Autobus,5926,2,180,Wilanów,0 min,Chomiczówka 05,,2024-12-25 12:07:46.960899
Autobus,5938,9,116,Chomiczówka,0 min,Wilanów 07,,2024-12-25 12:07:46.960899
Autobus,5942,606,507,Dw. Centralny,0 min,Gocław 02,,2024-12-25 12:07:46.960899
Autobus,5943,448,116,Chomiczówka,0 min,Wilanów 07,,2024-12-25 12:07:46.960899
Autobus,5950,1,180,Wilanów,0 min,Chomiczówka 05,,2024-12-25 12:07:46.960899
Autobus,5955,611,507,Dw. Centralny,0 min,Gocław 02,,2024-12-25 12:07:46.960899
Autobus,5959,5,127,Nowe Włochy,0 min,Browarna 02,,2024-12-25 12:07:46.960899
Autobus,5961,1,518,Bielańska,0 min,Nowodwory 08,,2024-12-25 12:07:46.960899
Autobus,5972,3,116,Wilanów,0 min,Chomiczówka 03,,2024-12-25 12:07:46.960899
Autobus,5882,409,128,Szczęśliwice,0 min,Pl. Piłsudskiego 04,,2024-12-25 12:07:46.960899
Autobus,5884,6,127,Nowe Włochy,0 min,Browarna 02,,2024-12-25 12:07:46.960899
Autobus,5889,2,127,Browarna,0 min,Nowe Włochy 01,,2024-12-25 12:07:46.960899
Autobus,5909,405,128,Pl. Piłsudskiego,0 min,Szczęśliwice 05,,2024-12-25 12:07:46.960899
Autobus,5914,4,158,Witolin,0 min,CH Reduta 01,,2024-12-25 12:07:46.960899
Autobus,5925,6,158,CH Reduta,0 min,Witolin 02,,2024-12-25 12:07:46.960899
Autobus,5926,2,180,Wilanów,0 min,Chomiczówka 05,,2024-12-25 12:07:46.960899
Autobus,5938,9,116,Chomiczówka,0 min,Wilanów 07,,2024-12-25 12:07:46.960899
Autobus,5942,606,507,Dw. Centralny,0 min,Gocław 02,,2024-12-25 12:07:46.960899
Autobus,5889,2,127,Browarna,0 min,Nowe Włochy 01,,2024-12-25 12:07:46.960899
Autobus,5909,405,128,Pl. Piłsudskiego,0 min,Szczęśliwice 05,,2024-12-25 12:07:46.960899
Autobus,5914,4,158,Witolin,0 min,CH Reduta 01,,2024-12-25 12:07:46.960899
Autobus,5925,6,158,CH Reduta,0 min,Witolin 02,,2024-12-25 12:07:46.960899
Autobus,5926,2,180,Wilanów,0 min,Chomiczówka 05,,2024-12-25 12:07:46.960899
Autobus,5938,9,116,Chomiczówka,0 min,Wilanów 07,,2024-12-25 12:07:46.960899
Autobus,5942,606,507,Dw. Centralny,0 min,Gocław 02,,2024-12-25 12:07:46.960899
Autobus,5943,448,116,Chomiczówka,0 min,Wilanów 07,,2024-12-25 12:07:46.960899
Autobus,5950,1,180,Wilanów,0 min,Chomiczówka 05,,2024-12-25 12:07:46.960899
Autobus,5955,611,507,Dw. Centralny,0 min,Gocław 02,,2024-12-25 12:07:46.960899
Autobus,5959,5,127,Nowe Włochy,0 min,Browarna 02,,2024-12-25 12:07:46.960899
Autobus,5961,1,518,Bielańska,0 min,Nowodwory 08,,2024-12-25 12:07:46.960899
Autobus,5972,3,116,Wilanów,0 min,Chomiczówka 03,,2024-12-25 12:07:46.960899
Autobus,5974,438,180,Chomiczówka,0 min,Wilanów 04,,2024-12-25 12:07:46.960899
Autobus,5976,601,111,Gocław,0 min,Esperanto 05,,2024-12-25 12:07:46.960899
Autobus,5981,4,518,Bielańska,0 min,Pl. Bankowy 02,Poza trasą,2024-12-25 12:07:46.960899
Autobus,5985,7,180,Chomiczówka,0 min,Wilanów 04,,2024-12-25 12:07:46.960899
Autobus,6200,2,517,Pl. Trzech Krzyży,0 min,Ursus-Niedźwiadek 03,,2024-12-25 12:07:46.960899
Autobus,6210,506,706,Janki Pl. Szwedzki,0 min,P+R Al. Krakowska 16,,2024-12-25 12:07:46.960899
Autobus,5961,1,518,Bielańska,0 min,Nowodwory 08,,2024-12-25 12:07:46.960899
Autobus,5972,3,116,Wilanów,0 min,Chomiczówka 03,,2024-12-25 12:07:46.960899
Autobus,5974,438,180,Chomiczówka,0 min,Wilanów 04,,2024-12-25 12:07:46.960899
Autobus,6216,2,523,Stare Bemowo,0 min,PKP Olszynka Grochowska 01,,2024-12-25 12:07:46.960899
Autobus,6226,5,105,Os. Górczewska,0 min,Rondo Daszyńskiego 02,,2024-12-25 12:07:46.960899
Autobus,6227,2,184,Szczęśliwice,0 min,Metro Młociny 24,,2024-12-25 12:07:46.960899
Autobus,6231,507,124,Paluch,0 min,P+R Al. Krakowska 12,,2024-12-25 12:07:46.960899
Autobus,6243,512,124,P+R Al. Krakowska,0 min,Paluch 01,,2024-12-25 12:07:46.960899
Autobus,6244,509,728,P+R Al. Krakowska,0 min,Marysin 01,,2024-12-25 12:07:46.960899
Autobus,70032,1,L-4,Piaseczno Mysiadło,0 min,Antoninów Cm. Południowy-Brama Płd. 01,,2024-12-25 12:07:46.960899
Autobus,7208,6,523,PKP Olszynka Grochowska,0 min,Stare Bemowo 07,,2024-12-25 12:07:46.960899
Autobus,7209,5,172,Sadyba,0 min,CH Blue City 02,,2024-12-25 12:07:46.960899
Autobus,7251,7,517,Ursus-Niedźwiadek,0 min,Pl. Trzech Krzyży 06,,2024-12-25 12:07:46.960899
Autobus,7253,2,191,Pl. Narutowicza,0 min,Regulska 01,,2024-12-25 12:07:46.960899
Autobus,7259,5,184,Metro Młociny,0 min,Szczęśliwice 01,,2024-12-25 12:07:46.960899
Autobus,7714,5,520,Marysin,0 min,Dw. Centralny 27,,2024-12-25 12:07:46.960899
Autobus,7716,5,509,Winnica,0 min,Gocław 03,,2024-12-25 12:07:46.960899
Autobus,7732,1,151,Pl. Konstytucji,0 min,Rechniewskiego 02,,2024-12-25 12:07:46.960899
Autobus,9327,2,142,Aleksandrów,0 min,Wiatraczna 14,,2024-12-25 12:07:46.960899
Autobus,9333,4,179,Os. Kabaty,0 min,Ursynów Płn. 05,,2024-12-25 12:07:46.960899
Autobus,9322,1,153,Rembertów-Kolonia,0 min,Pastuszków 01,,2024-12-25 12:07:46.960899
Autobus,9327,2,142,Aleksandrów,0 min,Wiatraczna 14,,2024-12-25 12:07:46.960899
Autobus,9333,4,179,Os. Kabaty,0 min,Ursynów Płn. 05,,2024-12-25 12:07:46.960899
Autobus,9340,1,198,PKP Wesoła,0 min,Stara Miłosna (Ułańska) 04,,2024-12-25 12:07:46.960899
Autobus,9348,8,179,Ursynów Płn.,0 min,Os. Kabaty 02,,2024-12-25 12:07:46.960899
Autobus,9352,2,135,PKP Olszynka Grochowska,0 min,Pl. Hallera 11,,2024-12-25 12:07:46.960899
Autobus,9506,2,159,CH Blue City,0 min,Małe Siekierki 03,,2024-12-25 12:07:46.960899
Autobus,9507,4,159,Małe Siekierki,0 min,CH Blue City 01,,2024-12-25 12:07:46.960899
Autobus,9514,5,178,Konwiktorska,0 min,Skorosze 04,,2024-12-25 12:07:46.960899
Autobus,9522,53,715,Ursynów Płn.,0 min,P+R Al. Krakowska 13,,2024-12-25 12:07:46.960899
Autobus,9801,1,167,Siekierki-Sanktuarium,0 min,Stare Bemowo 05,,2024-12-25 12:07:46.960899
Autobus,9807,M8,167,Siekierki-Sanktuarium,0 min,Stare Bemowo 05,,2024-12-25 12:07:46.960899
Autobus,9817,3,502,Metro Politechnika,0 min,Stara Miłosna (Graniczna) 05,,2024-12-25 12:07:46.960899
Autobus,9829,6,502,Stara Miłosna (Graniczna),0 min,Metro Politechnika 12,,2024-12-25 12:07:46.960899
Autobus,9846,1,742,Góra Kalwaria Rynek,0 min,Os. Kabaty 06,,2024-12-25 12:07:46.960899
Autobus,9852,4,185,Gwiaździsta,0 min,CH Ursynów 04,,2024-12-25 12:07:46.960899
Autobus,9853,5,167,Fort Radiowo,0 min,Siekierki-Sanktuarium 03,,2024-12-25 12:07:46.960899
Autobus,9801,1,167,Siekierki-Sanktuarium,0 min,Stare Bemowo 05,,2024-12-25 12:07:46.960899
Autobus,9807,M8,167,Siekierki-Sanktuarium,0 min,Stare Bemowo 05,,2024-12-25 12:07:46.960899
Autobus,9817,3,502,Metro Politechnika,0 min,Stara Miłosna (Graniczna) 05,,2024-12-25 12:07:46.960899
Autobus,9829,6,502,Stara Miłosna (Graniczna),0 min,Metro Politechnika 12,,2024-12-25 12:07:46.960899
Autobus,9846,1,742,Góra Kalwaria Rynek,0 min,Os. Kabaty 06,,2024-12-25 12:07:46.960899
Autobus,9852,4,185,Gwiaździsta,0 min,CH Ursynów 04,,2024-12-25 12:07:46.960899
Autobus,9853,5,167,Fort Radiowo,0 min,Siekierki-Sanktuarium 03,,2024-12-25 12:07:46.960899
Autobus,9904,1,190,CH Marki,0 min,Znana 06,,2024-12-25 12:07:46.960899
Autobus,9918,498,186,Nowodwory,0 min,Szczęśliwice 04,,2024-12-25 12:07:46.960899
Autobus,9919,2,114,Młociny-UKSW,0 min,Bródno-Podgrodzie 05,,2024-12-25 12:07:46.960899
Autobus,9924,5,190,Znana,0 min,CH Marki 01,,2024-12-25 12:07:46.960899
Autobus,9953,2,210,Metro Młociny,0 min,Truskaw Skibińskiego 01,,2024-12-25 12:07:46.960899
Pociąg,1037,,WKD,Grodzisk Mazowiecki Radońska,0 min,Kazimierówka,,2024-12-25 12:07:46.960899
Pociąg,1039,,WKD,Grodzisk Mazowiecki Radońska,0 min,Warszawa Reduta Ordona,,2024-12-25 12:07:46.960899
Pociąg,1036,,WKD,Warszawa Śródmieście WKD,0 min,Komorów,,2024-12-25 12:07:46.960899
Pociąg,2016,,WKD,Komorów,0 min,Milanówek Grudów,,2024-12-25 12:07:46.960899
Pociąg,1034,,WKD,Warszawa Śródmieście WKD,0 min,Warszawa Aleje Jerozolimskie,,2024-12-25 12:07:46.960899
Tramwaj,3269,2,9,Gocławek,0 min,Ochota-Ratusz 01,,2024-12-25 12:07:46.960899
Autobus,8346,4,131,Dw. Centralny,0 min,Krucza 02,,2024-12-25 12:07:46.960899
Autobus,6219,3,122,Os. Górczewska,0 min,Radiowa 01,,2024-12-25 12:07:46.960899
Autobus,6239,3,184,Metro Młociny,0 min,Andersena 04,,2024-12-25 12:07:46.960899
Autobus,9341,2,198,Stara Miłosna (Ułańska),0 min,Sagalli 02,,2024-12-25 12:07:46.960899
Autobus,5934,602,111,Esperanto,0 min,Nalewki-Muzeum 02,,2024-12-25 12:07:46.960899
Tramwaj,3221,3,33,Metro Młociny,0 min,Stawki 06,,2024-12-25 12:07:46.960899
Tramwaj,3286,4,33,Metro Młociny,0 min,Dw. Centralny 10,,2024-12-25 12:07:46.960899
Autobus,1524,3,119,Rakowiecka-Sanktuarium,0 min,Morskie Oko 02,,2024-12-25 12:07:46.960899
Autobus,5446,11,116,Wilanów,0 min,Centrum 15,,2024-12-25 12:07:46.960899
Tramwaj,3143,2,26,Wiatraczna,0 min,PKP Wola (Wolska) 03,,2024-12-25 12:07:46.960899
Tramwaj,4234,2,11,Sielce,0 min,Pl. Unii Lubelskiej 05,,2024-12-25 12:07:46.960899
Autobus,5205,3,716,Piastów Ogińskiego,0 min,Piastów Lelewela 02,,2024-12-25 12:07:46.960899
Autobus,70042,1,L-3,Jastrzębiec,0 min,Mroków 02,,2024-12-25 12:07:46.960899
Autobus,5405,9,509,Winnica,0 min,Wał Gocławski 02,,2024-12-25 12:07:46.960899
Autobus,5911,5,158,CH Reduta,0 min,Muzeum Narodowe 02,,2024-12-25 12:07:46.960899
Autobus,5940,6,180,Chomiczówka,0 min,Pl. Bernardyński 02,,2024-12-25 12:07:46.960899
Autobus,7869,1,520,Dw. Centralny,0 min,Płowiecka 03,,2024-12-25 12:07:46.960899
Autobus,8562,3,521,Wiatraczna,0 min,Prasowa 02,,2024-12-25 12:07:46.960899
Autobus,9205,1,239,Os. Kabaty,0 min,Os. Kabaty 01,,2024-12-25 12:07:46.960899
Autobus,4327,1,152,Tarchomin,0 min,Białołęka Dworska 01,,2024-12-25 12:07:46.960899
Autobus,70042,1,L-3,Jastrzębiec,0 min,Mroków 02,,2024-12-25 12:07:46.960899
Autobus,758,2,150,Dziekanów Leśny,0 min,Łomianki POLMO 02,,2024-12-25 12:07:46.960899
Autobus,4422,1,240,Marki Pustelnik,0 min,Marki Kościuszki 02,,2024-12-25 12:07:46.960899
Autobus,70042,1,L-3,Jastrzębiec,0 min,Mroków 02,,2024-12-25 12:07:46.960899
Autobus,7226,M9,517,Pl. Trzech Krzyży,0 min,Hala Kopińska 01,,2024-12-25 12:07:46.960899
Autobus,9341,2,198,Stara Miłosna (Ułańska),0 min,Torfowa 02,,2024-12-25 12:07:46.960899
Autobus,1072,1,108,Pl. Trzech Krzyży,0 min,Bartycka 02,,2024-12-25 12:07:46.960899
Autobus,9813,2,502,Metro Politechnika,0 min,Trakt Lubelski 01,,2024-12-25 12:07:46.960899
Tramwaj,3141,11,9,P+R Al. Krakowska,0 min,Park Skaryszewski 03,,2024-12-25 12:07:46.960899
Autobus,9091,2,104,Metro Bródno,0 min,Białołęka-Kanał 01,,2024-12-25 12:07:46.960899
Tramwaj,3222,7,4,Wyścigi,0 min,Niedźwiedzia 03,,2024-12-25 12:07:46.960899
Tramwaj,3802,2,23,Nowe Bemowo,0 min,Nowe Bemowo 03,,2024-12-25 12:07:46.960899
Autobus,11202,1,L45,CH Marki,0 min,Marki Parkowa 01,,2024-12-25 12:07:46.960899
Autobus,5446,11,116,Wilanów,0 min,Centrum 15,,2024-12-25 12:07:46.960899
Autobus,7802,4,145,Wiatraczna,0 min,Chodecka 02,,2024-12-25 12:07:46.960899
Autobus,3412,2,738,Metro Trocka,0 min,Marki Struga 01,,2024-12-25 12:07:46.960899
Autobus,8515,5,131,Dw. Centralny,0 min,Bartycka 02,,2024-12-25 12:07:46.960899
Tramwaj,3802,2,23,Nowe Bemowo,0 min,Nowe Bemowo 03,,2024-12-25 12:07:46.960899
Autobus,11202,1,L45,CH Marki,0 min,Marki Parkowa 01,,2024-12-25 12:07:46.960899
Autobus,5446,11,116,Wilanów,0 min,Centrum 15,,2024-12-25 12:07:46.960899
Autobus,7802,4,145,Wiatraczna,0 min,Chodecka 02,,2024-12-25 12:07:46.960899
Autobus,3412,2,738,Metro Trocka,0 min,Marki Struga 01,,2024-12-25 12:07:46.960899
Autobus,8515,5,131,Dw. Centralny,0 min,Bartycka 02,,2024-12-25 12:07:46.960899
Autobus,9073,458,211,Kępa Tarchomińska,0 min,Stare Świdry 02,,2024-12-25 12:07:46.960899
Autobus,9311,646,199,Rembertów-Strzelnica,0 min,Łojewska 01,,2024-12-25 12:07:46.960899
Tramwaj,3241,7,26,Metro Młociny,0 min,Metro Płocka 04,,2024-12-25 12:07:46.960899
Tramwaj,3242,5,15,P+R Al. Krakowska,0 min,Pl. Politechniki 02,,2024-12-25 12:07:46.960899
Autobus,3469,3,520,Marysin,0 min,Płowiecka 04,,2024-12-25 12:07:46.960899
Autobus,4428,1,736,Legionowo Mickiewicza,0 min,Legionowo Sielankowa 04,,2024-12-25 12:07:46.960899
Autobus,5934,602,111,Esperanto,0 min,Anielewicza 04,,2024-12-25 12:07:46.960899
Autobus,8346,4,131,Dw. Centralny,0 min,Centrum 06,,2024-12-25 12:07:46.960899
Autobus,6240,9,523,Stare Bemowo,0 min,Hala Kopińska 02,,2024-12-25 12:07:46.960899
Tramwaj,3198,546,1,Annopol,0 min,Rondo Starzyńskiego 04,,2024-12-25 12:07:46.960899
Autobus,4413,1,197,Gwiaździsta,0 min,Kochanowskiego 04,,2024-12-25 12:07:46.960899
Autobus,5872,401,175,Lotnisko Chopina,0 min,Zachęta 02,,2024-12-25 12:07:46.960899
Autobus,5906,600,111,Gocław,0 min,Anielewicza 03,,2024-12-25 12:07:46.960899
Tramwaj,4240,6,16,Miasteczko Wilanów,0 min,Oś Królewska 05,,2024-12-25 12:07:46.960899
Autobus,7226,M9,517,Pl. Trzech Krzyży,0 min,Hala Kopińska 01,,2024-12-25 12:07:46.960899
Autobus,8369,2,217,Metro Wilanowska,0 min,Dolina Służewiecka 04,,2024-12-25 12:07:46.960899
Tramwaj,3198,546,1,Annopol,0 min,Rondo Starzyńskiego 04,,2024-12-25 12:07:46.960899
Autobus,1540,4,141,Witolin,0 min,Konduktorska 01,,2024-12-25 12:07:46.960899
Autobus,3412,2,738,Metro Trocka,0 min,Marki Struga 01,,2024-12-25 12:07:46.960899
Autobus,6217,5,517,Ursus-Niedźwiadek,0 min,Łopuszańska 04,,2024-12-25 12:07:46.960899
Tramwaj,3251,5,17,Winnica,0 min,Śreniawitów 02,,2024-12-25 12:07:46.960899
Autobus,6222,8,136,Ostroroga,0 min,Maklakiewicza 02,,2024-12-25 12:07:46.960899
Autobus,1011,4,213,Błota,0 min,Czekanowska 01,,2024-12-25 12:07:46.960899
Autobus,1812,2,212,CH Targówek,0 min,Rolanda 02,,2024-12-25 12:07:46.960899
Autobus,4513,1,733,P+R Al. Krakowska,0 min,P+R Nadarzyn 04,,2024-12-25 12:07:46.960899
Autobus,5910,2,158,Witolin,0 min,Zamieniecka 04,,2024-12-25 12:07:46.960899
Tramwaj,3242,5,15,P+R Al. Krakowska,0 min,Pl. Politechniki 02,,2024-12-25 12:07:46.960899
Autobus,3467,2,132,Metro Marymont,0 min,Żerań FSO 03,,2024-12-25 12:07:46.960899
Autobus,8818,7,136,Ostroroga,0 min,PKP Wola (Kasprzaka) 06,,2024-12-25 12:07:46.960899
Autobus,9346,644,199,Bródno-Podgrodzie,0 min,Ząbki Pułaskiego 01,,2024-12-25 12:07:46.960899
Tramwaj,3262,543,1,Banacha,0 min,Okopowa 07,,2024-12-25 12:07:46.960899
Autobus,5932,6,116,Chomiczówka,0 min,Krucza 02,,2024-12-25 12:07:46.960899
Autobus,9503,5,103,Metro Młociny,1 min przed czasem,Grenady 02,,2024-12-25 12:07:46.960899
Tramwaj,3174,7,10,Os. Górczewska,1 min przed czasem,Ciepłownia Wola 08,,2024-12-25 12:07:46.960899
Tramwaj,3262,543,1,Banacha,1 min przed czasem,Okopowa 07,,2024-12-25 12:07:46.960899
Tramwaj,3278,7,33,Kielecka,1 min przed czasem,Dw. Centralny 09,,2024-12-25 12:07:46.960899
Tramwaj,3269,2,9,Gocławek,1 min przed czasem,Ochota-Ratusz 01,,2024-12-25 12:07:46.960899
Tramwaj,4019,4,15,P+R Al. Krakowska,1 min przed czasem,Krakowiaków 04,,2024-12-25 12:07:46.960899
Autobus,3468,1,112,Nowe Bemowo,1 min przed czasem,Szpital Bródnowski 04,,2024-12-25 12:07:46.960899
Tramwaj,3197,5,33,Metro Młociny,1 min przed czasem,Kielecka 02,,2024-12-25 12:07:46.960899
Tramwaj,3291,3,26,Wiatraczna,1 min przed czasem,Radiowa 05,,2024-12-25 12:07:46.960899
Autobus,2234,4,191,Regulska,1 min przed czasem,PKP WKD Al. Jerozolimskie 02,,2024-12-25 12:07:46.960899
Autobus,7811,5,143,Rembertów-Kolonia,1 min przed czasem,Grzymały-Sokołowskiego 03,,2024-12-25 12:07:46.960899
Autobus,8813,1,511,Dąbrówka Wiślana,1 min przed czasem,Obrazkowa 02,,2024-12-25 12:07:46.960899
Tramwaj,3205,2,22,Piaski,1 min przed czasem,Pl. Grunwaldzki 08,,2024-12-25 12:07:46.960899
Autobus,3403,2,120,Olesin,1 min przed czasem,Dw. Wileński 04,,2024-12-25 12:07:46.960899
Autobus,4423,1,169,Bródno-Podgrodzie,1 min przed czasem,Żuromińska 02,,2024-12-25 12:07:46.960899
Autobus,9505,1,159,CH Blue City,1 min przed czasem,Wiejska 02,,2024-12-25 12:07:46.960899
Autobus,1204,632,165,Metro Wilanowska,1 min przed czasem,Cybernetyki 02,,2024-12-25 12:07:46.960899
Autobus,1530,2,115,PKP Mokry Ług,1 min przed czasem,Jerzego 02,,2024-12-25 12:07:46.960899
Autobus,5910,2,158,Witolin,1 min przed czasem,Zamieniecka 04,,2024-12-25 12:07:46.960899
Autobus,8813,1,511,Dąbrówka Wiślana,1 min przed czasem,Obrazkowa 02,,2024-12-25 12:07:46.960899
Tramwaj,3205,2,22,Piaski,1 min przed czasem,Pl. Grunwaldzki 08,,2024-12-25 12:07:46.960899
Autobus,3403,2,120,Olesin,1 min przed czasem,Dw. Wileński 04,,2024-12-25 12:07:46.960899
Autobus,4423,1,169,Bródno-Podgrodzie,1 min przed czasem,Żuromińska 02,,2024-12-25 12:07:46.960899
Autobus,9505,1,159,CH Blue City,1 min przed czasem,Wiejska 02,,2024-12-25 12:07:46.960899
Autobus,1204,632,165,Metro Wilanowska,1 min przed czasem,Cybernetyki 02,,2024-12-25 12:07:46.960899
Autobus,1530,2,115,PKP Mokry Ług,1 min przed czasem,Jerzego 02,,2024-12-25 12:07:46.960899
Autobus,5910,2,158,Witolin,1 min przed czasem,Zamieniecka 04,,2024-12-25 12:07:46.960899
Autobus,1416,1,173,Stara Miłosna (Graniczna),1 min przed czasem,Mazowiecka 02,,2024-12-25 12:07:46.960899
Autobus,2021,4,709,Metro Wilanowska,1 min przed czasem,Mysiadło Dąbrówka 02,,2024-12-25 12:07:46.960899
Autobus,6212,497,184,Metro Młociny,1 min przed czasem,Brożka 02,,2024-12-25 12:07:46.960899
Tramwaj,3810,3,20,Żerań FSO,1 min przed czasem,Stare Miasto 01,,2024-12-25 12:07:46.960899
Autobus,9315,2,202,Metro Stadion Narodowy,1 min przed czasem,Dw. Wschodni (Lubelska) 07,,2024-12-25 12:07:46.960899
Autobus,5454,4,120,Dw. Wschodni (Kijowska),1 min przed czasem,Metro Kondratowicza 02,,2024-12-25 12:07:46.960899
Autobus,5951,612,111,Gocław,1 min przed czasem,Brazylijska 01,,2024-12-25 12:07:46.960899
Autobus,8454,4,738,P+R Radzymin,1 min przed czasem,Marki Szkolna 02,,2024-12-25 12:07:46.960899
Autobus,8516,3,174,Bokserska,1 min przed czasem,Madalińskiego 01,,2024-12-25 12:07:46.960899
Tramwaj,4208,5,10,Wyścigi,1 min przed czasem,Synów Pułku 03,,2024-12-25 12:07:46.960899
Autobus,9803,1,185,Gwiaździsta,1 min przed czasem,Sobocka 02,,2024-12-25 12:07:46.960899
Autobus,4513,1,733,P+R Al. Krakowska,1 min przed czasem,Nadarzyn Urząd Gminy 02,,2024-12-25 12:07:46.960899
Autobus,8359,7,189,Os. Górczewska,1 min przed czasem,Wałowicka 02,,2024-12-25 12:07:46.960899
Autobus,5958,9,180,Wilanów,1 min przed czasem,Goraszewska 01,,2024-12-25 12:07:46.960899
Autobus,5978,2,518,Nowodwory,1 min przed czasem,Tarchomin 08,,2024-12-25 12:07:46.960899
Autobus,7233,1,184,Szczęśliwice,1 min przed czasem,Orlich Gniazd 03,,2024-12-25 12:07:46.960899
Autobus,9821,2,710,Os. Kabaty,1 min przed czasem,Bielawa Mirkowska 04,,2024-12-25 12:07:46.960899
Autobus,9803,1,185,Gwiaździsta,1 min przed czasem,Sobocka 02,,2024-12-25 12:07:46.960899
Autobus,1538,5,115,Aleksandrów,1 min przed czasem,Lawinowa 01,,2024-12-25 12:07:46.960899
Autobus,1812,2,212,CH Targówek,1 min przed czasem,Rolanda 02,,2024-12-25 12:07:46.960899
Autobus,3403,2,120,Olesin,1 min przed czasem,Dw. Wileński 04,,2024-12-25 12:07:46.960899
Autobus,8307,2,504,Dw. Centralny,1 min przed czasem,Gotarda 02,,2024-12-25 12:07:46.960899
Autobus,9505,1,159,CH Blue City,1 min przed czasem,Wiejska 02,,2024-12-25 12:07:46.960899
Tramwaj,4283,4,16,Muranowska,1 min przed czasem,Spacerowa 06,,2024-12-25 12:07:46.960899
Autobus,5455,7,509,Gocław,1 min przed czasem,Dw. Wileński 01,,2024-12-25 12:07:46.960899
Autobus,8562,3,521,Wiatraczna,1 min przed czasem,PKP Miedzeszyn 02,,2024-12-25 12:07:46.960899
Tramwaj,3250,25,17,Metro Marymont,1 min przed czasem,Wołoska 04,,2024-12-25 12:07:46.960899
Autobus,8454,4,738,P+R Radzymin,1 min przed czasem,Marki Szkolna 02,,2024-12-25 12:07:46.960899
Tramwaj,3253,8,10,Os. Górczewska,1 min przed czasem,Dw. Centralny 10,,2024-12-25 12:07:46.960899
Tramwaj,3225,1,9,Gocławek,1 min przed czasem,Grenadierów 04,,2024-12-25 12:07:46.960899
Autobus,9311,646,199,Rembertów-Strzelnica,1 min przed czasem,Szpital Bródnowski 02,,2024-12-25 12:07:46.960899
Autobus,9803,1,185,Gwiaździsta,1 min przed czasem,Sobocka 02,,2024-12-25 12:07:46.960899
Tramwaj,3226,544,1,Banacha,1 min przed czasem,Namysłowska 03,,2024-12-25 12:07:46.960899
Tramwaj,4208,5,10,Wyścigi,1 min przed czasem,Synów Pułku 03,,2024-12-25 12:07:46.960899
Autobus,4423,1,169,Bródno-Podgrodzie,1 min przed czasem,Żuromińska 02,,2024-12-25 12:07:46.960899
Autobus,5958,9,180,Wilanów,1 min przed czasem,Goraszewska 01,,2024-12-25 12:07:46.960899
Autobus,8307,2,504,Dw. Centralny,1 min przed czasem,Gotarda 02,,2024-12-25 12:07:46.960899
Autobus,6237,3,189,Sadyba,1 min przed czasem,Orzechowa 01,,2024-12-25 12:07:46.960899
Autobus,8359,7,189,Os. Górczewska,1 min przed czasem,Wałowicka 02,,2024-12-25 12:07:46.960899
Tramwaj,3279,22,1,Annopol,1 min przed czasem,Poborzańska 02,,2024-12-25 12:07:46.960899
Autobus,6230,1,141,P+R Al. Krakowska,1 min przed czasem,Szwoleżerów 01,,2024-12-25 12:07:46.960899
Autobus,9354,4,135,Pl. Hallera,1 min przed czasem,Zamieniecka 05,,2024-12-25 12:07:46.960899
Autobus,9811,8,185,CH Ursynów,1 min przed czasem,Gwiaździsta 04,,2024-12-25 12:07:46.960899
Tramwaj,3241,7,26,Metro Młociny,1 min przed czasem,Metro Płocka 04,,2024-12-25 12:07:46.960899
Autobus,1416,1,173,Stara Miłosna (Graniczna),1 min przed czasem,Mazowiecka 02,,2024-12-25 12:07:46.960899
Autobus,2234,4,191,Regulska,1 min przed czasem,PKP WKD Al. Jerozolimskie 02,,2024-12-25 12:07:46.960899
Autobus,5455,7,509,Gocław,1 min przed czasem,Dw. Wileński 01,,2024-12-25 12:07:46.960899
Autobus,9229,574,209,Dawidy,1 min przed czasem,Sarabandy 02,,2024-12-25 12:07:46.960899
Autobus,9821,2,710,Os. Kabaty,1 min przed czasem,Bielawa Mirkowska 04,,2024-12-25 12:07:46.960899
Autobus,9354,4,135,Pl. Hallera,1 min przed czasem,Zamieniecka 05,,2024-12-25 12:07:46.960899
Autobus,9811,8,185,CH Ursynów,1 min przed czasem,Gwiaździsta 04,,2024-12-25 12:07:46.960899
Tramwaj,3241,7,26,Metro Młociny,1 min przed czasem,Metro Płocka 04,,2024-12-25 12:07:46.960899
Autobus,1416,1,173,Stara Miłosna (Graniczna),1 min przed czasem,Mazowiecka 02,,2024-12-25 12:07:46.960899
Autobus,2234,4,191,Regulska,1 min przed czasem,PKP WKD Al. Jerozolimskie 02,,2024-12-25 12:07:46.960899
Autobus,5455,7,509,Gocław,1 min przed czasem,Dw. Wileński 01,,2024-12-25 12:07:46.960899
Autobus,9229,574,209,Dawidy,1 min przed czasem,Sarabandy 02,,2024-12-25 12:07:46.960899
Autobus,9821,2,710,Os. Kabaty,1 min przed czasem,Bielawa Mirkowska 04,,2024-12-25 12:07:46.960899
Tramwaj,3250,25,17,Metro Marymont,1 min przed czasem,Wołoska 04,,2024-12-25 12:07:46.960899
Autobus,4322,3,152,Os. Derby,1 min przed czasem,Białołęka-Ratusz 02,,2024-12-25 12:07:46.960899
Autobus,5891,4,127,Nowe Włochy,1 min przed czasem,Białobrzeska 02,,2024-12-25 12:07:46.960899
Autobus,5910,2,158,Witolin,1 min przed czasem,Zamieniecka 04,,2024-12-25 12:07:46.960899
Autobus,1060,1,139,Ogród Botaniczny,1 min przed czasem,Konstancin-Jeziorna Borowa 01,,2024-12-25 12:07:46.960899
Autobus,1538,5,115,Aleksandrów,1 min przed czasem,Lawinowa 01,,2024-12-25 12:07:46.960899
Autobus,3403,2,120,Olesin,1 min przed czasem,Dw. Wileński 04,,2024-12-25 12:07:46.960899
Autobus,8528,8,143,Dw. Zachodni,1 min przed czasem,Wspólna Droga 01,,2024-12-25 12:07:46.960899
Autobus,1211,3,166,Os. Kabaty,2 min przed czasem,SGGW-Klinika 01,,2024-12-25 12:07:46.960899
Autobus,1535,3,251,Metro Wilanowska,2 min przed czasem,Sobieskiego 52,,2024-12-25 12:07:46.960899
Autobus,5442,65,705,Nowe Załubice Opolska,2 min przed czasem,Rembelszczyzna Gazownia 02,,2024-12-25 12:07:46.960899
Autobus,5883,1,127,Browarna,2 min przed czasem,Grzymały-Sokołowskiego 01,,2024-12-25 12:07:46.960899
Autobus,9942,3,190,Znana,2 min przed czasem,Młynarska 02,,2024-12-25 12:07:46.960899
Autobus,9252,472,203,Metro Młociny,2 min przed czasem,Fort Wawrzyszew 02,,2024-12-25 12:07:46.960899
Autobus,8586,1,120,Olesin,2 min przed czasem,Sieczna 02,,2024-12-25 12:07:46.960899
Autobus,9813,2,502,Metro Politechnika,2 min przed czasem,Płowiecka 03,,2024-12-25 12:07:46.960899
Tramwaj,4217,8,16,Miasteczko Wilanów,2 min przed czasem,Metro Ratusz Arsenał 03,,2024-12-25 12:07:46.960899
Autobus,1904,1,106,Mariensztat,2 min przed czasem,Topiel 01,,2024-12-25 12:07:46.960899
Autobus,4205,1,717,Piastów Ogińskiego,2 min przed czasem,Salomea 02,,2024-12-25 12:07:46.960899
Autobus,1070,2,163,Centrum Onkologii,2 min przed czasem,Spiralna 02,,2024-12-25 12:07:46.960899
Autobus,8463,6,112,Nowe Bemowo,2 min przed czasem,Conrada 01,,2024-12-25 12:07:46.960899
Autobus,5978,2,518,Nowodwory,2 min przed czasem,Pancera 02,,2024-12-25 12:07:46.960899
Autobus,8355,2,172,Sadyba,2 min przed czasem,Sadyba 06,,2024-12-25 12:07:46.960899
Autobus,5424,447,409,Bródno-Podgrodzie,2 min przed czasem,Gen. Maczka 01,,2024-12-25 12:07:46.960899
Autobus,70002,2,L39,Piaseczno Szpital,2 min przed czasem,PKP Piaseczno 03,,2024-12-25 12:07:46.960899
Autobus,9340,1,198,PKP Wesoła,2 min przed czasem,Stara Miłosna (Ułańska) 01,,2024-12-25 12:07:46.960899
Autobus,9942,3,190,Znana,2 min przed czasem,Płocka-Szpital 02,,2024-12-25 12:07:46.960899
Autobus,5978,2,518,Nowodwory,2 min przed czasem,Pancera 02,,2024-12-25 12:07:46.960899
Autobus,9340,1,198,PKP Wesoła,2 min przed czasem,Stara Miłosna (Ułańska) 01,,2024-12-25 12:07:46.960899
Autobus,5963,609,507,Dw. Centralny,2 min przed czasem,Centrum 06,,2024-12-25 12:07:46.960899
Autobus,8355,2,172,Sadyba,2 min przed czasem,Sadyba 06,,2024-12-25 12:07:46.960899
Autobus,4205,1,717,Piastów Ogińskiego,2 min przed czasem,Salomea 02,,2024-12-25 12:07:46.960899
Autobus,70002,2,L39,Piaseczno Szpital,2 min przed czasem,PKP Piaseczno 03,,2024-12-25 12:07:46.960899
Autobus,7750,5,523,PKP Olszynka Grochowska,2 min przed czasem,PKP Wola (Wolska) 05,,2024-12-25 12:07:46.960899
Autobus,7701,2,151,Rechniewskiego,2 min przed czasem,Nowaka-Jeziorańskiego 02,,2024-12-25 12:07:46.960899
Autobus,5937,1,503,Natolin Płn.,2 min przed czasem,Dolna 51,,2024-12-25 12:07:46.960899
Autobus,8559,1,519,Powsin-Park Kultury,2 min przed czasem,Rosochata 01,,2024-12-25 12:07:46.960899
Autobus,9355,4,142,Aleksandrów,2 min przed czasem,Podkowy 02,,2024-12-25 12:07:46.960899
Tramwaj,3193,3,10,Wyścigi,2 min przed czasem,Bukowińska 03,,2024-12-25 12:07:46.960899
Tramwaj,4109,548,4,Wyścigi,2 min przed czasem,Dw. Wileński 03,,2024-12-25 12:07:46.960899
Autobus,5424,447,409,Bródno-Podgrodzie,2 min przed czasem,Gen. Maczka 01,,2024-12-25 12:07:46.960899
Autobus,8463,6,112,Nowe Bemowo,2 min przed czasem,Conrada 01,,2024-12-25 12:07:46.960899
Tramwaj,3820,6,28,Os. Górczewska,2 min przed czasem,Ogrody Działkowe Bemowo 06,,2024-12-25 12:07:46.960899
Autobus,5960,5,518,Bielańska,2 min przed czasem,Metro Marymont 01,,2024-12-25 12:07:46.960899
Autobus,1070,2,163,Centrum Onkologii,2 min przed czasem,Spiralna 02,,2024-12-25 12:07:46.960899
Autobus,8559,1,519,Powsin-Park Kultury,2 min przed czasem,Rosochata 01,,2024-12-25 12:07:46.960899
Autobus,9355,4,142,Aleksandrów,2 min przed czasem,Podkowy 02,,2024-12-25 12:07:46.960899
Tramwaj,3193,3,10,Wyścigi,2 min przed czasem,Bukowińska 03,,2024-12-25 12:07:46.960899
Tramwaj,4109,548,4,Wyścigi,2 min przed czasem,Dw. Wileński 03,,2024-12-25 12:07:46.960899
Autobus,5424,447,409,Bródno-Podgrodzie,2 min przed czasem,Gen. Maczka 01,,2024-12-25 12:07:46.960899
Autobus,8463,6,112,Nowe Bemowo,2 min przed czasem,Conrada 01,,2024-12-25 12:07:46.960899
Tramwaj,3820,6,28,Os. Górczewska,2 min przed czasem,Ogrody Działkowe Bemowo 06,,2024-12-25 12:07:46.960899
Autobus,5960,5,518,Bielańska,2 min przed czasem,Metro Marymont 01,,2024-12-25 12:07:46.960899
Autobus,1070,2,163,Centrum Onkologii,2 min przed czasem,Spiralna 02,,2024-12-25 12:07:46.960899
Autobus,80120,1,L37,Wołomin Szpital Powiatowy,2 min przed czasem,Kobyłka Rozwadowskiego 01,,2024-12-25 12:07:46.960899
Autobus,7241,4,523,PKP Olszynka Grochowska,2 min przed czasem,Metro Politechnika 01,,2024-12-25 12:07:46.960899
Autobus,5933,613,111,Gocław,2 min przed czasem,Centrum 15,,2024-12-25 12:07:46.960899
Autobus,1203,424,739,Piaseczno Julianowska-Cmentarz,2 min przed czasem,Józefosław Julianów 01,,2024-12-25 12:07:46.960899
Autobus,1537,7,141,P+R Al. Krakowska,2 min przed czasem,Baleya 01,,2024-12-25 12:07:46.960899
Autobus,5912,408,128,Szczęśliwice,2 min przed czasem,Pl. Zawiszy 15,,2024-12-25 12:07:46.960899
Autobus,9504,862,714,Koczargi Stare,2 min przed czasem,Metro Bemowo 02,,2024-12-25 12:07:46.960899
Autobus,5912,408,128,Szczęśliwice,2 min przed czasem,Pl. Zawiszy 15,,2024-12-25 12:07:46.960899
Autobus,5236,5,122,Os. Górczewska,2 min przed czasem,Gwiaździsta 01,,2024-12-25 12:07:46.960899
Autobus,7246,1,703,P+R Al. Krakowska,2 min przed czasem,Szyszkowa 01,,2024-12-25 12:07:46.960899
Autobus,80120,1,L37,Wołomin Szpital Powiatowy,2 min przed czasem,Kobyłka Rozwadowskiego 01,,2024-12-25 12:07:46.960899
Autobus,1070,2,163,Centrum Onkologii,2 min przed czasem,Spiralna 02,,2024-12-25 12:07:46.960899
Autobus,1203,424,739,Piaseczno Julianowska-Cmentarz,2 min przed czasem,Józefosław Julianów 01,,2024-12-25 12:07:46.960899
Autobus,9504,862,714,Koczargi Stare,2 min przed czasem,Metro Bemowo 02,,2024-12-25 12:07:46.960899
Autobus,5912,408,128,Szczęśliwice,2 min przed czasem,Pl. Zawiszy 15,,2024-12-25 12:07:46.960899
Autobus,5236,5,122,Os. Górczewska,2 min przed czasem,Gwiaździsta 01,,2024-12-25 12:07:46.960899
Autobus,7246,1,703,P+R Al. Krakowska,2 min przed czasem,Szyszkowa 01,,2024-12-25 12:07:46.960899
Autobus,8312,3,136,Natolin Płn.,2 min przed czasem,Centrum Onkologii 01,,2024-12-25 12:07:46.960899
Autobus,8463,6,112,Nowe Bemowo,2 min przed czasem,Conrada 01,,2024-12-25 12:07:46.960899
Tramwaj,3275,7,15,Marymont-Potok,2 min przed czasem,Pl. Wilsona 14,,2024-12-25 12:07:46.960899
Autobus,8502,3,731,Legionowo Os. Młodych,2 min przed czasem,Jabłonna Os. Bukowy Dworek 02,,2024-12-25 12:07:46.960899
Autobus,5914,4,158,Witolin,3 min przed czasem,Śmigłowca 01,,2024-12-25 12:07:46.960899
Autobus,1904,1,106,Mariensztat,3 min przed czasem,Zajęcza 02,,2024-12-25 12:07:46.960899
Autobus,5425,3,112,CH Marki,3 min przed czasem,CH Marki 04,Poza trasą,2024-12-25 12:07:46.960899
Autobus,1419,5,123,Dw. Wschodni (Lubelska),3 min przed czasem,Zamieniecka 04,,2024-12-25 12:07:46.960899
Autobus,7256,6,184,Szczęśliwice,3 min przed czasem,Szczęśliwicka 03,,2024-12-25 12:07:46.960899
Tramwaj,3276,1,15,Marymont-Potok,3 min przed czasem,Hoża 04,,2024-12-25 12:07:46.960899
Autobus,1056,3,194,PKP Gołąbki,3 min przed czasem,Władysława Hermana 01,,2024-12-25 12:07:46.960899
Autobus,776,1,150,Metro Młociny,3 min przed czasem,Dziekanów Leśny 01,,2024-12-25 12:07:46.960899
Autobus,1904,1,106,Mariensztat,2 min przed czasem,Zajęcza 02,,2024-12-25 12:07:46.960899
Autobus,8463,6,112,Nowe Bemowo,2 min przed czasem,Conrada 01,,2024-12-25 12:07:46.960899
Tramwaj,3276,1,15,Marymont-Potok,3 min przed czasem,Hoża 04,,2024-12-25 12:07:46.960899
Autobus,7256,6,184,Szczęśliwice,3 min przed czasem,Szczęśliwicka 03,,2024-12-25 12:07:46.960899
Autobus,1419,5,123,Dw. Wschodni (Lubelska),3 min przed czasem,Zamieniecka 04,,2024-12-25 12:07:46.960899
Autobus,776,1,150,Metro Młociny,3 min przed czasem,Dziekanów Leśny 01,,2024-12-25 12:07:46.960899
Autobus,9524,2,103,Brylowska,3 min przed czasem,Metro Młociny 01,,2024-12-25 12:07:46.960899
Autobus,1554,1,122,Gwiaździsta,3 min przed czasem,Os. Górczewska 01,,2024-12-25 12:07:46.960899
Autobus,1056,3,194,PKP Gołąbki,3 min przed czasem,Władysława Hermana 01,,2024-12-25 12:07:46.960899
Autobus,7881,4,520,Marysin,3 min przed czasem,Poligonowa 02,,2024-12-25 12:07:46.960899
Autobus,9850,6,167,Siekierki-Sanktuarium,3 min przed czasem,Spacerowa 03,,2024-12-25 12:07:46.960899
Autobus,1206,428,727,Antoninów Cm. Południowy-Brama Płd.,4 min przed czasem,Gołków Zielona 03,,2024-12-25 12:07:46.960899
Autobus,5990,M7,127,Browarna,4 min przed czasem,Biblioteka Uniwersytecka 02,,2024-12-25 12:07:46.960899
Autobus,7849,3,523,PKP Olszynka Grochowska,4 min przed czasem,Szaserów-Szpital 02,,2024-12-25 12:07:46.960899
Autobus,8308,4,136,Natolin Płn.,4 min przed czasem,Konstruktorska 01,,2024-12-25 12:07:46.960899
Tramwaj,4205,2,2,Winnica,4 min przed czasem,Metro Młociny 28,,2024-12-25 12:07:46.960899
Autobus,5952,5,180,Chomiczówka,4 min przed czasem,Centrum 04,,2024-12-25 12:07:46.960899
Autobus,9520,51,715,Ursynów Płn.,6 min przed czasem,Dunikowskiego 01,,2024-12-25 12:07:46.960899
Autobus,6232,M5,189,Sadyba,6 min przed czasem,Os. Górczewska 01,,2024-12-25 12:07:46.960899
Autobus,5990,M7,127,Browarna,4 min przed czasem,Biblioteka Uniwersytecka 02,,2024-12-25 12:07:46.960899
Autobus,7849,3,523,PKP Olszynka Grochowska,4 min przed czasem,Szaserów-Szpital 02,,2024-12-25 12:07:46.960899
Autobus,8308,4,136,Natolin Płn.,4 min przed czasem,Konstruktorska 01,,2024-12-25 12:07:46.960899
Tramwaj,4205,2,2,Winnica,4 min przed czasem,Metro Młociny 28,,2024-12-25 12:07:46.960899
Autobus,5952,5,180,Chomiczówka,4 min przed czasem,Centrum 04,,2024-12-25 12:07:46.960899
Autobus,9520,51,715,Ursynów Płn.,6 min przed czasem,Dunikowskiego 01,,2024-12-25 12:07:46.960899
Autobus,6232,M5,189,Sadyba,6 min przed czasem,Os. Górczewska 01,,2024-12-25 12:07:46.960899
Tramwaj,4272,23,17,PKP Służewiec,6 min przed czasem,Metro Marymont 03,,2024-12-25 12:07:46.960899
Autobus,4238,1,154,P+R Al. Krakowska,7 min przed czasem,Dw. Zachodni 01,,2024-12-25 12:07:46.960899
Autobus,1069,2,108,Łososiowa,7 min przed czasem,Pl. Trzech Krzyży 02,,2024-12-25 12:07:46.960899
Autobus,4246,6,220,Nowe Bemowo,8 min przed czasem,Opacz-Kolonia Rebusowa 02,,2024-12-25 12:07:46.960899
Autobus,6225,4,157,Szczęśliwice,9 min przed czasem,Gwiaździsta 04,,2024-12-25 12:07:46.960899
Tramwaj,4278,6,33,Metro Młociny,9 min przed czasem,Kielecka 02,,2024-12-25 12:07:46.960899
Autobus,5931,407,175,Pl. Piłsudskiego,11 min przed czasem,Lotnisko Chopina-Przyloty 02,,2024-12-25 12:07:46.960899
Autobus,9822,3,710,Os. Kabaty,12 min przed czasem,Piaseczno Targowisko 02,,2024-12-25 12:07:46.960899
