Type,Vehicle No,Brigade,Route,Trip Headsign,Delay,Stop Name,Outside,Timestamp
Autobus,4420,128,N62,PKP Wołomin,135 min,Dw. Centralny 21,,2024-12-25 04:05:46.000399
Autobus,7841,174,N83,PKP Piaseczno,135 min,Dw. Centralny 11,,2024-12-25 04:05:46.000399
Autobus,8578,184,N71,Wola Grzybowska,135 min,Dw. Centralny 25,,2024-12-25 04:05:46.000399
Autobus,4407,111,N11,Os. Derby,45 min,Dw. Centralny 21,,2024-12-25 04:05:46.000399
Autobus,1553,188,N41,Metro Młociny,45 min,Dw. Centralny 23,,2024-12-25 04:05:46.000399
Tramwaj,3228,7,15,P+R Al. Krakowska,34 min,Woronicza 07,,2024-12-25 04:05:46.000399
Tramwaj,4102,6,17,Winnica,25 min,Winnica 04,,2024-12-25 04:05:46.000399
Autobus,35134,687,L-2,Piaseczno Zgoda,24 min,Piaseczno Zgoda 01,,2024-12-25 04:05:46.000399
Autobus,4246,193,N45,Lazurowa,15 min,Dw. Centralny 29,,2024-12-25 04:05:46.000399
Autobus,8349,257,N86,Osmańska-DHL,15 min,Dw. Centralny 27,,2024-12-25 04:05:46.000399
Autobus,8548,168,N31,Wilanów,15 min,Dw. Centralny 11,,2024-12-25 04:05:46.000399
Autobus,5421,2,723,PKP Legionowo Przystanek,14 min,Jabłonna Buchnik 02,,2024-12-25 04:05:46.000399
Autobus,8502,3,731,Legionowo Os. Młodych,13 min,Kanał Żerański 02,,2024-12-25 04:05:46.000399
Autobus,7249,6,122,Os. Górczewska,13 min,Wrocławska 04,,2024-12-25 04:05:46.000399
Autobus,1520,435,146,Falenica,13 min,Sitowie 01,,2024-12-25 04:05:46.000399
Autobus,4215,4,154,P+R Al. Krakowska,11 min,Rakowska 01,,2024-12-25 04:05:46.000399
Autobus,1816,7,138,Utrata,11 min,Al. Zieleniecka 02,,2024-12-25 04:05:46.000399
Autobus,7808,1,143,Dw. Zachodni,10 min,Pl. Szembeka 01,,2024-12-25 04:05:46.000399
Autobus,1427,1,115,PKP Mokry Ług,9 min,Jagiellońska 02,,2024-12-25 04:05:46.000399
Autobus,8502,3,731,Legionowo Os. Młodych,13 min,Kanał Żerański 02,,2024-12-25 04:05:46.000399
Autobus,7249,6,122,Os. Górczewska,13 min,Wrocławska 04,,2024-12-25 04:05:46.000399
Autobus,3414,444,500,Bródno-Podgrodzie,12 min,Metro Kondratowicza 01,,2024-12-25 04:05:46.000399
Autobus,4215,4,154,P+R Al. Krakowska,11 min,Instalatorów-KAM 01,,2024-12-25 04:05:46.000399
Autobus,1816,7,138,Utrata,11 min,Al. Zieleniecka 02,,2024-12-25 04:05:46.000399
Autobus,7808,1,143,Dw. Zachodni,10 min,Pl. Szembeka 01,,2024-12-25 04:05:46.000399
Autobus,1427,1,115,PKP Mokry Ług,10 min,Jagiellońska 02,,2024-12-25 04:05:46.000399
Autobus,1429,4,115,Aleksandrów,9 min,Alpejska-Instytut 01,,2024-12-25 04:05:46.000399
Autobus,7240,4,172,Sadyba,9 min,Mołdawska 02,,2024-12-25 04:05:46.000399
Autobus,8454,4,738,P+R Radzymin,6 min,Jórskiego 02,,2024-12-25 04:05:46.000399
Autobus,1546,449,147,Stara Miłosna (Ułańska),6 min,Kadetów 01,,2024-12-25 04:05:46.000399
Autobus,5403,3,140,Marki Czarna Struga,6 min,Marki Słoneczna 02,,2024-12-25 04:05:46.000399
Autobus,3401,5,120,Olesin,5 min,Żuromińska 02,,2024-12-25 04:05:46.000399
Autobus,5930,3,158,CH Reduta,5 min,Dw. Centralny 02,,2024-12-25 04:05:46.000399
Autobus,6219,3,122,Gwiaździsta,5 min,Piastów Śląskich 01,,2024-12-25 04:05:46.000399
Autobus,5238,2,716,Piastów Ogińskiego,5 min,Lalki 02,,2024-12-25 04:05:46.000399
Autobus,1904,1,106,Mariensztat,4 min,Zajęcza 02,,2024-12-25 04:05:46.000399
Tramwaj,3821,5,20,Żerań FSO,4 min,Rondo Starzyńskiego 06,Poza trasą,2024-12-25 04:05:46.000399
Autobus,5942,606,507,Dw. Centralny,3 min,Saska 04,,2024-12-25 04:05:46.000399
Autobus,5403,3,140,Marki Czarna Struga,6 min,Marki Słoneczna 02,,2024-12-25 04:05:46.000399
Autobus,3401,5,120,Olesin,5 min,Żuromińska 02,,2024-12-25 04:05:46.000399
Autobus,5930,3,158,CH Reduta,5 min,Dw. Centralny 02,,2024-12-25 04:05:46.000399
Autobus,6219,3,122,Gwiaździsta,5 min,Piastów Śląskich 01,,2024-12-25 04:05:46.000399
Autobus,5238,2,716,Piastów Ogińskiego,5 min,Lalki 02,,2024-12-25 04:05:46.000399
Autobus,1904,1,106,Mariensztat,4 min,Zajęcza 02,,2024-12-25 04:05:46.000399
Tramwaj,3821,5,20,Żerań FSO,4 min,Rondo Starzyńskiego 06,Poza trasą,2024-12-25 04:05:46.000399
Autobus,5942,606,507,Dw. Centralny,3 min,Saska 04,,2024-12-25 04:05:46.000399
Tramwaj,3237,4,9,Gocławek,3 min,Hale Banacha 01,,2024-12-25 04:05:46.000399
Autobus,8523,5,709,PKP Piaseczno,3 min,Al. Lotników 01,,2024-12-25 04:05:46.000399
Autobus,8590,3,738,P+R Radzymin,3 min,Radzymin Cmentarz 1920 r. 02,,2024-12-25 04:05:46.000399
Autobus,5871,406,175,Lotnisko Chopina,3 min,Rakowiec 01,,2024-12-25 04:05:46.000399
Autobus,1425,5,173,Stara Miłosna (Graniczna),3 min,Grzybowa 02,,2024-12-25 04:05:46.000399
Autobus,1428,436,146,Falenica,3 min,Pl. Przymierza 01,,2024-12-25 04:05:46.000399
Tramwaj,3260,7,17,PKP Służewiec,3 min,Winnica 05,,2024-12-25 04:05:46.000399
Autobus,9805,2,719,Leszno,3 min,Koczargi Nowe 01,,2024-12-25 04:05:46.000399
Autobus,1208,635,165,Metro Wilanowska,3 min,Cybernetyki 02,,2024-12-25 04:05:46.000399
Autobus,4227,1,220,Opacz-Kolonia Rebusowa,2 min,Człuchowska 01,,2024-12-25 04:05:46.000399
Autobus,1209,422,727,Metro Wilanowska,2 min,Piaseczno Kusocińskiego 02,,2024-12-25 04:05:46.000399
Autobus,8590,3,738,P+R Radzymin,3 min,Radzymin Cmentarz 1920 r. 02,,2024-12-25 04:05:46.000399
Autobus,5871,406,175,Lotnisko Chopina,3 min,Rakowiec 01,,2024-12-25 04:05:46.000399
Autobus,1425,5,173,Stara Miłosna (Graniczna),3 min,Grzybowa 02,,2024-12-25 04:05:46.000399
Autobus,1428,436,146,Falenica,3 min,Pl. Przymierza 01,,2024-12-25 04:05:46.000399
Tramwaj,3260,7,17,PKP Służewiec,3 min,Winnica 05,,2024-12-25 04:05:46.000399
Autobus,9805,2,719,Leszno,3 min,Koczargi Nowe 01,,2024-12-25 04:05:46.000399
Autobus,1208,635,165,Metro Wilanowska,3 min,Cybernetyki 02,,2024-12-25 04:05:46.000399
Autobus,4227,1,220,Opacz-Kolonia Rebusowa,3 min,Człuchowska 01,,2024-12-25 04:05:46.000399
Autobus,9805,2,719,Leszno,2 min,Koczargi Nowe 01,,2024-12-25 04:05:46.000399
Autobus,4526,5,220,Nowe Bemowo,2 min,Starodęby 04,,2024-12-25 04:05:46.000399
Tramwaj,3188,7,24,Gocławek,2 min,Pl. Zawiszy 05,,2024-12-25 04:05:46.000399
Tramwaj,3205,2,22,Wiatraczna,2 min,Kijowska 03,,2024-12-25 04:05:46.000399
Tramwaj,3122,1,7,P+R Al. Krakowska,2 min,Al. Zieleniecka 07,,2024-12-25 04:05:46.000399
Autobus,70046,1,L-1,PKP Piaseczno,2 min,Lesznowola-Pole 01,,2024-12-25 04:05:46.000399
Autobus,9522,53,737,Antoninów Cm. Południowy-Brama Płd.,2 min,Nowa Wola 01,,2024-12-25 04:05:46.000399
Autobus,9508,5,159,Małe Siekierki,2 min,Noakowskiego 01,,2024-12-25 04:05:46.000399
Autobus,6213,6,517,Ursus-Niedźwiadek,2 min,Pl. Zawiszy 04,,2024-12-25 04:05:46.000399
Tramwaj,3222,7,4,Wyścigi,2 min,Metro Wierzbno 03,,2024-12-25 04:05:46.000399
Autobus,1209,422,727,Metro Wilanowska,2 min,Piaseczno Lamina 04,,2024-12-25 04:05:46.000399
Autobus,9805,2,719,Leszno,2 min,Wojcieszyn 01,,2024-12-25 04:05:46.000399
Autobus,70046,1,L-1,PKP Piaseczno,2 min,Lesznowola-Pole 01,,2024-12-25 04:05:46.000399
Tramwaj,3188,7,24,Gocławek,2 min,Pl. Starynkiewicza 03,,2024-12-25 04:05:46.000399
Tramwaj,3222,7,4,Wyścigi,2 min,Metro Wierzbno 03,,2024-12-25 04:05:46.000399
Autobus,1209,422,727,Metro Wilanowska,2 min,Piaseczno Lamina 04,,2024-12-25 04:05:46.000399
Tramwaj,3122,1,7,P+R Al. Krakowska,2 min,Al. Zieleniecka 07,,2024-12-25 04:05:46.000399
Autobus,7860,215,702,Wiatraczna,2 min,Cylichowska 02,,2024-12-25 04:05:46.000399
Autobus,8897,1,174,Rondo ONZ,2 min,Modzelewskiego 02,,2024-12-25 04:05:46.000399
Autobus,8592,1,509,Gocław,2 min,Kijowska 01,,2024-12-25 04:05:46.000399
Tramwaj,3205,2,22,Wiatraczna,2 min,Al. Zieleniecka 06,,2024-12-25 04:05:46.000399
Autobus,6213,6,517,Ursus-Niedźwiadek,2 min,Pl. Zawiszy 04,,2024-12-25 04:05:46.000399
Tramwaj,3161,6,9,P+R Al. Krakowska,2 min,Pl. Starynkiewicza 04,,2024-12-25 04:05:46.000399
Autobus,9810,6,185,CH Ursynów,2 min,Ursynów Płn. 01,,2024-12-25 04:05:46.000399
Tramwaj,3805,2,6,Gocławek,2 min,Gocławska 04,,2024-12-25 04:05:46.000399
Autobus,1814,1,123,Dw. Wschodni (Lubelska),2 min,Rondo Waszyngtona 03,,2024-12-25 04:05:46.000399
Tramwaj,4234,2,11,Sielce,2 min,Królikarnia 05,,2024-12-25 04:05:46.000399
Autobus,1056,3,194,PKP Gołąbki,2 min,Wałowicka 01,,2024-12-25 04:05:46.000399
Autobus,1416,1,173,Stara Miłosna (Graniczna),2 min,Podskarbińska 04,,2024-12-25 04:05:46.000399
Autobus,1208,635,165,Metro Wilanowska,2 min,Rondo Unii Europejskiej 01,,2024-12-25 04:05:46.000399
Autobus,6213,6,517,Ursus-Niedźwiadek,2 min,Pl. Zawiszy 04,,2024-12-25 04:05:46.000399
Tramwaj,3161,6,9,P+R Al. Krakowska,2 min,Pl. Starynkiewicza 04,,2024-12-25 04:05:46.000399
Autobus,9810,6,185,CH Ursynów,2 min,Ursynów Płn. 01,,2024-12-25 04:05:46.000399
Tramwaj,3805,2,6,Gocławek,2 min,Gocławska 04,,2024-12-25 04:05:46.000399
Autobus,1814,1,123,Dw. Wschodni (Lubelska),2 min,Rondo Waszyngtona 03,,2024-12-25 04:05:46.000399
Tramwaj,4234,2,11,Sielce,2 min,Królikarnia 05,,2024-12-25 04:05:46.000399
Autobus,1056,3,194,PKP Gołąbki,2 min,Wałowicka 01,,2024-12-25 04:05:46.000399
Autobus,1416,1,173,Stara Miłosna (Graniczna),2 min,Podskarbińska 04,,2024-12-25 04:05:46.000399
Autobus,1208,635,165,Metro Wilanowska,2 min,Rondo Unii Europejskiej 01,,2024-12-25 04:05:46.000399
Autobus,3460,4,112,CH Marki,2 min,Metro Słodowiec 03,,2024-12-25 04:05:46.000399
Autobus,7881,4,520,Dw. Centralny,2 min,Potockich 01,,2024-12-25 04:05:46.000399
Autobus,4203,536,713,Koprki Agricoop,2 min,Drzeworytników 02,,2024-12-25 04:05:46.000399
Autobus,1219,633,218,Metro Wilanowska,2 min,Królikarnia 08,,2024-12-25 04:05:46.000399
Autobus,6207,2,189,Os. Górczewska,2 min,Sadyba 03,,2024-12-25 04:05:46.000399
Autobus,1538,5,115,Aleksandrów,2 min,Jerzego 01,,2024-12-25 04:05:46.000399
Tramwaj,3157,8,9,P+R Al. Krakowska,2 min,Wspólna Droga 03,,2024-12-25 04:05:46.000399
Tramwaj,4109,548,4,Wyścigi,2 min,Budowlana 03,,2024-12-25 04:05:46.000399
Autobus,5256,1,191,Pl. Narutowicza,2 min,Berestecka 01,,2024-12-25 04:05:46.000399
Autobus,1545,62,722,Os. Radiówek,1 min,Bronisława Czecha-Las 02,,2024-12-25 04:05:46.000399
Autobus,8312,3,136,Natolin Płn.,1 min,Centrum Onkologii 01,,2024-12-25 04:05:46.000399
Autobus,9085,1,161,Olecka,1 min,Izbicka-Cmentarz 03,,2024-12-25 04:05:46.000399
Autobus,9344,643,199,Bródno-Podgrodzie,1 min,Eskulapów 01,,2024-12-25 04:05:46.000399
Autobus,5402,443,500,Bródno-Podgrodzie,1 min,Rondo „Radosława” 04,,2024-12-25 04:05:46.000399
Autobus,35132,688,L-5,Piaseczno Zgoda,1 min,Bobrowiec 01,,2024-12-25 04:05:46.000399
Autobus,8810,1,138,Utrata,1 min,Madalińskiego-Szpital 01,,2024-12-25 04:05:46.000399
Tramwaj,3232,2,24,Gocławek,1 min,Cm. Wawrzyszewski 03,,2024-12-25 04:05:46.000399
Autobus,1543,440,147,Dw. Wschodni (Lubelska),1 min,Wojsławicka 02,,2024-12-25 04:05:46.000399
Autobus,1207,426,739,Metro Wilanowska,1 min,Kapeli 02,,2024-12-25 04:05:46.000399
Tramwaj,3176,1,3,Annopol,1 min,Żółkiewskiego 03,,2024-12-25 04:05:46.000399
Autobus,5415,1,527,Grodzisk,1 min,Os. Derby 04,,2024-12-25 04:05:46.000399
Autobus,9910,6,114,Młociny-UKSW,1 min,Wyszogrodzka 01,,2024-12-25 04:05:46.000399
Tramwaj,3267,6,4,Wyścigi,1 min,Niedźwiedzia 03,,2024-12-25 04:05:46.000399
Tramwaj,3820,6,28,Dw. Wschodni (Kijowska),1 min,Powązkowska 03,,2024-12-25 04:05:46.000399
Autobus,7246,1,703,P+R Al. Krakowska,1 min,Janki Małe 01,,2024-12-25 04:05:46.000399
Autobus,9341,2,198,Stara Miłosna (Ułańska),1 min,Słowackiego 02,,2024-12-25 04:05:46.000399
Tramwaj,4210,6,2,Winnica,1 min,Nowodwory 06,,2024-12-25 04:05:46.000399
Tramwaj,4103,4,17,PKP Służewiec,1 min,Park Kaskada 03,,2024-12-25 04:05:46.000399
Tramwaj,4208,5,10,Wyścigi,1 min,Metro Bemowo 07,,2024-12-25 04:05:46.000399
Tramwaj,3825,4,20,Boernerowo,1 min,Ząbkowska 04,,2024-12-25 04:05:46.000399
Autobus,9516,1,707,P+R Al. Krakowska,1 min,Raszyn Młyn 01,,2024-12-25 04:05:46.000399
Autobus,2218,1,716,Cm. Wolski,1 min,Ursus-Sanktuarium 01,,2024-12-25 04:05:46.000399
Autobus,25188,1,L20,Otwock Orla,1 min,Otwock Świerk 02,,2024-12-25 04:05:46.000399
Autobus,9341,2,198,Stara Miłosna (Ułańska),1 min,Słowackiego 02,,2024-12-25 04:05:46.000399
Autobus,1807,3,197,Cm. Wolski,1 min,Fort Wola 06,,2024-12-25 04:05:46.000399
Tramwaj,4103,4,17,PKP Służewiec,1 min,Park Kaskada 03,,2024-12-25 04:05:46.000399
Autobus,9808,3,185,Gwiaździsta,1 min,Ursynów Płn. 02,,2024-12-25 04:05:46.000399
Tramwaj,3206,4,24,Nowe Bemowo,1 min,Most Poniatowskiego 04,,2024-12-25 04:05:46.000399
Tramwaj,4208,5,10,Wyścigi,1 min,Metro Bemowo 07,,2024-12-25 04:05:46.000399
Tramwaj,4210,6,2,Winnica,1 min,Nowodwory 06,,2024-12-25 04:05:46.000399
Autobus,35141,689,L-5,Antoninów Cm. Południowy-Brama Płd.,1 min,Kamionka Zaleśna 01,,2024-12-25 04:05:46.000399
Autobus,7239,1,105,Rondo Daszyńskiego,1 min,Rondo Daszyńskiego 02,,2024-12-25 04:05:46.000399
Autobus,8516,3,174,Bokserska,1 min,Rondo ONZ 01,,2024-12-25 04:05:46.000399
Tramwaj,3818,2,28,Os. Górczewska,1 min,Magistracka 02,,2024-12-25 04:05:46.000399
Tramwaj,3232,2,24,Gocławek,1 min,Aspekt 03,,2024-12-25 04:05:46.000399
Tramwaj,3028,4,28,Os. Górczewska,1 min,Rondo Starzyńskiego 06,,2024-12-25 04:05:46.000399
Tramwaj,3252,3,9,Gocławek,1 min,Berezyńska 02,,2024-12-25 04:05:46.000399
Tramwaj,3244,6,7,P+R Al. Krakowska,1 min,Wawelska 04,,2024-12-25 04:05:46.000399
Autobus,35141,689,L-5,Antoninów Cm. Południowy-Brama Płd.,1 min,Kamionka Zaleśna 01,,2024-12-25 04:05:46.000399
Autobus,7239,1,105,Rondo Daszyńskiego,1 min,Rondo Daszyńskiego 02,,2024-12-25 04:05:46.000399
Autobus,8516,3,174,Bokserska,1 min,Rondo ONZ 01,,2024-12-25 04:05:46.000399
Tramwaj,3818,2,28,Os. Górczewska,1 min,Magistracka 02,,2024-12-25 04:05:46.000399
Tramwaj,3232,2,24,Gocławek,1 min,Aspekt 03,,2024-12-25 04:05:46.000399
Tramwaj,3028,4,28,Os. Górczewska,1 min,Rondo Starzyńskiego 06,,2024-12-25 04:05:46.000399
Tramwaj,3252,3,9,Gocławek,1 min,Berezyńska 02,,2024-12-25 04:05:46.000399
Tramwaj,3244,6,7,P+R Al. Krakowska,1 min,Wawelska 04,,2024-12-25 04:05:46.000399
Autobus,70001,1,L39,Mysiadło Dąbrówka,1 min,Piaseczno Chyliczkowska-Technikum 02,,2024-12-25 04:05:46.000399
Autobus,3400,3,120,Dw. Wschodni (Kijowska),1 min,CH Targówek 01,,2024-12-25 04:05:46.000399
Autobus,5404,5,162,EC Siekierki,1 min,Bartycka 01,,2024-12-25 04:05:46.000399
Tramwaj,3830,5,20,Żerań FSO,1 min,Batalionu Platerówek 02,,2024-12-25 04:05:46.000399
Autobus,3412,2,738,Metro Trocka,1 min,Słupno 01,,2024-12-25 04:05:46.000399
Autobus,7887,213,173,Dw. Wschodni (Lubelska),1 min,Rezedowa 01,,2024-12-25 04:05:46.000399
Autobus,7810,1,521,Falenica,0 min,Gocławek 02,,2024-12-25 04:05:46.000399
Autobus,1415,434,146,Dw. Wschodni (Lubelska),0 min,Podbiałowa 02,,2024-12-25 04:05:46.000399
Tramwaj,3239,6,26,Wiatraczna,0 min,Nowe Bemowo 06,,2024-12-25 04:05:46.000399
Tramwaj,3806,4,23,Nowe Bemowo,0 min,Metro Ratusz Arsenał 10,,2024-12-25 04:05:46.000399
Autobus,3400,3,120,Dw. Wschodni (Kijowska),1 min,CH Targówek 01,,2024-12-25 04:05:46.000399
Autobus,35141,689,L-5,Antoninów Cm. Południowy-Brama Płd.,1 min,Kamionka Zaleśna 01,,2024-12-25 04:05:46.000399
Tramwaj,4210,6,2,Winnica,1 min,Nowodwory 06,,2024-12-25 04:05:46.000399
Tramwaj,3028,4,28,Os. Górczewska,1 min,Rondo Starzyńskiego 06,,2024-12-25 04:05:46.000399
Tramwaj,3244,6,7,P+R Al. Krakowska,1 min,Wawelska 04,,2024-12-25 04:05:46.000399
Autobus,7887,213,173,Dw. Wschodni (Lubelska),0 min,Rezedowa 01,,2024-12-25 04:05:46.000399
Autobus,9949,4,190,Znana,0 min,Kościeliska 01,,2024-12-25 04:05:46.000399
Autobus,4403,3,157,Szczęśliwice,0 min,Gwiaździsta 04,,2024-12-25 04:05:46.000399
Autobus,5459,2,140,Metro Trocka,0 min,Marki-Ratusz 01,,2024-12-25 04:05:46.000399
Autobus,9322,1,153,Pastuszków,0 min,Listonoszy 02,,2024-12-25 04:05:46.000399
Autobus,9806,2,185,Gwiaździsta,0 min,Most Gdański 02,,2024-12-25 04:05:46.000399
Tramwaj,3830,5,20,Żerań FSO,0 min,Batalionu Platerówek 02,,2024-12-25 04:05:46.000399
Autobus,5923,7,116,Chomiczówka,0 min,Łazienki Królewskie 02,,2024-12-25 04:05:46.000399
Autobus,8558,1,162,Pl. Hallera,0 min,Sierakowskiego 02,,2024-12-25 04:05:46.000399
Autobus,9323,469,142,Wiatraczna,0 min,Aleksandrów 01,,2024-12-25 04:05:46.000399
Tramwaj,3823,1,20,Żerań FSO,0 min,Os. Zielony Staw 01,,2024-12-25 04:05:46.000399
Autobus,5950,1,180,Wilanów,0 min,Nalewki-Muzeum 01,,2024-12-25 04:05:46.000399
Autobus,8828,203,521,Wiatraczna,0 min,PKP Międzylesie 02,,2024-12-25 04:05:46.000399
Tramwaj,3271,2,15,P+R Al. Krakowska,0 min,Królikarnia 05,,2024-12-25 04:05:46.000399
Autobus,9806,2,185,Gwiaździsta,0 min,Cytadela 02,,2024-12-25 04:05:46.000399
Autobus,5961,1,518,Bielańska,0 min,Milenijna 01,,2024-12-25 04:05:46.000399
Autobus,7246,1,703,P+R Al. Krakowska,0 min,Janki Małe 01,,2024-12-25 04:05:46.000399
Tramwaj,3117,5,4,Żerań Wschodni,0 min,Park Dreszera 06,,2024-12-25 04:05:46.000399
Tramwaj,3134,1,10,Os. Górczewska,0 min,Al. Lotników 08,,2024-12-25 04:05:46.000399
Tramwaj,3271,2,15,P+R Al. Krakowska,0 min,Królikarnia 05,,2024-12-25 04:05:46.000399
Autobus,9331,1,179,Ursynów Płn.,0 min,Koński Jar 02,,2024-12-25 04:05:46.000399
Autobus,9330,2,153,Rembertów-Kolonia,0 min,PKP Rembertów 08,,2024-12-25 04:05:46.000399
Autobus,35141,689,L-5,Antoninów Cm. Południowy-Brama Płd.,0 min,Kamionka Bobrowiecka 01,,2024-12-25 04:05:46.000399
Tramwaj,3830,5,20,Żerań FSO,0 min,Śliwice 04,,2024-12-25 04:05:46.000399
Autobus,5923,7,116,Chomiczówka,0 min,Pl. Na Rozdrożu 02,,2024-12-25 04:05:46.000399
Autobus,5943,448,180,Chomiczówka,0 min,Wiertnicza 02,,2024-12-25 04:05:46.000399
Autobus,9949,4,190,Znana,0 min,Jórskiego 01,,2024-12-25 04:05:46.000399
Autobus,2040,3,709,Metro Wilanowska,0 min,Piaseczno Dworcowa 01,,2024-12-25 04:05:46.000399
Autobus,5404,5,162,EC Siekierki,0 min,Sielce 01,,2024-12-25 04:05:46.000399
Tramwaj,3262,543,1,Banacha,0 min,Niska 03,,2024-12-25 04:05:46.000399
Tramwaj,3823,1,20,Żerań FSO,0 min,Dywizjonu 303 05,,2024-12-25 04:05:46.000399
Autobus,4423,1,169,Bródno-Podgrodzie,0 min,Metro Kondratowicza 01,,2024-12-25 04:05:46.000399
Autobus,9322,1,153,Pastuszków,0 min,PKP Mokry Ług 01,,2024-12-25 04:05:46.000399
Autobus,1542,4,173,Dw. Wschodni (Lubelska),0 min,Stara Miłosna (Ułańska) 02,,2024-12-25 04:05:46.000399
Autobus,1803,1,212,CH Targówek,0 min,Jórskiego 04,,2024-12-25 04:05:46.000399
Autobus,4216,2,154,Dw. Zachodni,0 min,Novotel 04,,2024-12-25 04:05:46.000399
Tramwaj,3130,5,24,Nowe Bemowo,0 min,Gocławek 03,,2024-12-25 04:05:46.000399
Tramwaj,3131,1,22,Piaski,0 min,Wiatraczna 12,,2024-12-25 04:05:46.000399
Tramwaj,3149,542,1,Annopol,0 min,Banacha 04,,2024-12-25 04:05:46.000399
Tramwaj,3155,5,10,Os. Górczewska,0 min,Wyścigi 07,,2024-12-25 04:05:46.000399
Tramwaj,3156,1,6,Metro Młociny,0 min,Gocławek 04,,2024-12-25 04:05:46.000399
Tramwaj,3158,2,3,Annopol,0 min,Gocławek 04,,2024-12-25 04:05:46.000399
Tramwaj,3174,4,24,Gocławek,0 min,Nowe Bemowo 07,,2024-12-25 04:05:46.000399
Tramwaj,3180,2,7,P+R Al. Krakowska,0 min,Kawęczyńska-Bazylika 02,,2024-12-25 04:05:46.000399
Tramwaj,3248,5,7,Kawęczyńska-Bazylika,0 min,P+R Al. Krakowska 03,,2024-12-25 04:05:46.000399
Tramwaj,3269,2,9,P+R Al. Krakowska,0 min,Gocławek 05,,2024-12-25 04:05:46.000399
Tramwaj,3802,2,23,Czynszowa,0 min,Nowe Bemowo 08,,2024-12-25 04:05:46.000399
Tramwaj,3817,2,20,Żerań FSO,0 min,Boernerowo 01,,2024-12-25 04:05:46.000399
Tramwaj,3826,5,6,Gocławek,0 min,Metro Młociny 12,,2024-12-25 04:05:46.000399
Tramwaj,4104,547,4,Wyścigi,0 min,Żerań Wschodni 01,,2024-12-25 04:05:46.000399
Autobus,1007,2,213,Gocław,0 min,Błota 03,,2024-12-25 04:05:46.000399
Autobus,1058,591,208,Bitwy Warszawskiej 1920 r.,0 min,Bitwy Warszawskiej 1920 r. 10,,2024-12-25 04:05:46.000399
Tramwaj,3284,7,24,Nowe Bemowo,0 min,Gocławek 03,,2024-12-25 04:05:46.000399
Tramwaj,3291,3,26,Metro Młociny,0 min,Wiatraczna 13,,2024-12-25 04:05:46.000399
Tramwaj,3802,2,23,Czynszowa,0 min,Nowe Bemowo 08,,2024-12-25 04:05:46.000399
Tramwaj,3817,2,20,Żerań FSO,0 min,Boernerowo 01,,2024-12-25 04:05:46.000399
Tramwaj,3826,5,6,Gocławek,0 min,Metro Młociny 12,,2024-12-25 04:05:46.000399
Tramwaj,4104,547,4,Wyścigi,0 min,Żerań Wschodni 01,,2024-12-25 04:05:46.000399
Autobus,1007,2,213,Gocław,0 min,Błota 03,,2024-12-25 04:05:46.000399
Autobus,1058,591,208,Bitwy Warszawskiej 1920 r.,0 min,Bitwy Warszawskiej 1920 r. 10,,2024-12-25 04:05:46.000399
Autobus,1064,2,164,Metro Wilanowska,0 min,Kępa Zawadowska 02,,2024-12-25 04:05:46.000399
Autobus,1069,2,108,Łososiowa,0 min,Pl. Trzech Krzyży 02,,2024-12-25 04:05:46.000399
Autobus,1072,1,108,Pl. Trzech Krzyży,0 min,Łososiowa 53,,2024-12-25 04:05:46.000399
Autobus,1073,1,130,Ananasowa,0 min,Metro Wilanowska 17,,2024-12-25 04:05:46.000399
Autobus,1118,5,166,Os. Kabaty,0 min,Pl. Hallera 18,,2024-12-25 04:05:46.000399
Autobus,1119,187,N46,Dw. Centralny,0 min,Metro Młociny 23,,2024-12-25 04:05:46.000399
Autobus,1200,425,739,Piaseczno Julianowska-Cmentarz,0 min,Metro Wilanowska 17,,2024-12-25 04:05:46.000399
Autobus,1216,657,742,Góra Kalwaria Rynek,0 min,Os. Kabaty 06,,2024-12-25 04:05:46.000399
Autobus,1218,631,218,Metro Wierzbno,0 min,Metro Wilanowska 16,,2024-12-25 04:05:46.000399
Autobus,1220,423,739,Metro Wilanowska,0 min,Piaseczno Julianowska-Cmentarz 01,,2024-12-25 04:05:46.000399
Autobus,1222,4,251,Konstancin-Jeziorna CH Stara Papiernia,0 min,Metro Wilanowska 15,,2024-12-25 04:05:46.000399
Autobus,1413,6,141,P+R Al. Krakowska,0 min,Witolin 01,,2024-12-25 04:05:46.000399
Autobus,1414,1,119,Wiśniowa Góra,0 min,Rakowiecka-Sanktuarium 06,,2024-12-25 04:05:46.000399
Autobus,1417,207,N44,Zajezdnia Żoliborz,0 min,Dw. Centralny 23,,2024-12-25 04:05:46.000399
Autobus,1421,2,173,Stara Miłosna (Graniczna),0 min,Dw. Wschodni (Lubelska) 06,,2024-12-25 04:05:46.000399
Autobus,1422,3,115,PKP Mokry Ług,0 min,Aleksandrów 01,,2024-12-25 04:05:46.000399
Autobus,15086,3,L-9,PKP Legionowo,0 min,Wieliszew-Plaża 01,,2024-12-25 04:05:46.000399
Autobus,15087,1,L11,Nowy Dwór Mazowiecki Urząd Miasta,0 min,PKP Legionowo 01,,2024-12-25 04:05:46.000399
Autobus,1520,435,146,Dw. Wschodni (Lubelska),0 min,Falenica 04,,2024-12-25 04:05:46.000399
Autobus,1550,439,146,Falenica,0 min,Dw. Wschodni (Lubelska) 01,,2024-12-25 04:05:46.000399
Autobus,1552,132,N64,Choszczówka,0 min,Dw. Centralny 21,,2024-12-25 04:05:46.000399
Autobus,1810,343,166,Os. Kabaty,0 min,Pl. Hallera 18,,2024-12-25 04:05:46.000399
Autobus,1812,2,212,CH Targówek,0 min,Pl. Hallera 11,,2024-12-25 04:05:46.000399
Autobus,1819,2,240,Metro Kondratowicza,0 min,Marki Pustelnik 03,,2024-12-25 04:05:46.000399
Autobus,1835,2,702,Otwock Orla,0 min,Wiatraczna 14,,2024-12-25 04:05:46.000399
Autobus,1903,5,106,Mariensztat,0 min,Ostroroga 05,,2024-12-25 04:05:46.000399
Autobus,2002,4,162,Pl. Hallera,0 min,EC Siekierki 03,,2024-12-25 04:05:46.000399
Autobus,2014,6,148,Lotnisko Chopina,0 min,Wiatraczna 17,,2024-12-25 04:05:46.000399
Autobus,2234,4,191,Pl. Narutowicza,0 min,Regulska 01,,2024-12-25 04:05:46.000399
Autobus,2248,3,105,Rondo Daszyńskiego,0 min,Os. Górczewska 01,,2024-12-25 04:05:46.000399
Autobus,1819,2,240,Metro Kondratowicza,0 min,Marki Pustelnik 03,,2024-12-25 04:05:46.000399
Autobus,1835,2,702,Otwock Orla,0 min,Wiatraczna 14,,2024-12-25 04:05:46.000399
Autobus,1903,5,106,Mariensztat,0 min,Ostroroga 05,,2024-12-25 04:05:46.000399
Autobus,2002,4,162,Pl. Hallera,0 min,EC Siekierki 03,,2024-12-25 04:05:46.000399
Autobus,2014,6,148,Lotnisko Chopina,0 min,Wiatraczna 17,,2024-12-25 04:05:46.000399
Autobus,2234,4,191,Pl. Narutowicza,0 min,Regulska 01,,2024-12-25 04:05:46.000399
Autobus,2248,3,105,Rondo Daszyńskiego,0 min,Os. Górczewska 01,,2024-12-25 04:05:46.000399
Autobus,2249,10,189,Sadyba,0 min,Os. Górczewska 01,,2024-12-25 04:05:46.000399
Autobus,3432,5,112,CH Marki,0 min,Nowe Bemowo 10,,2024-12-25 04:05:46.000399
Autobus,3433,4,509,Gocław,0 min,Winnica 06,,2024-12-25 04:05:46.000399
Autobus,3434,2,731,Żerań FSO,0 min,Legionowo Os. Młodych 01,,2024-12-25 04:05:46.000399
Autobus,3447,63,705,Metro Marymont,0 min,Białobrzegi 01,,2024-12-25 04:05:46.000399
Autobus,3450,1,140,Marki Czarna Struga,0 min,Metro Trocka 09,,2024-12-25 04:05:46.000399
Autobus,3467,2,132,Metro Marymont,0 min,Os. Derby 02,,2024-12-25 04:05:46.000399
Autobus,3469,3,520,Marysin,0 min,Dw. Centralny 27,,2024-12-25 04:05:46.000399
Autobus,3447,63,705,Metro Marymont,0 min,Białobrzegi 01,,2024-12-25 04:05:46.000399
Autobus,3450,1,140,Marki Czarna Struga,0 min,Metro Trocka 09,,2024-12-25 04:05:46.000399
Autobus,3467,2,132,Metro Marymont,0 min,Os. Derby 02,,2024-12-25 04:05:46.000399
Autobus,3447,63,705,Metro Marymont,0 min,Białobrzegi 01,,2024-12-25 04:05:46.000399
Autobus,3450,1,140,Marki Czarna Struga,0 min,Metro Trocka 09,,2024-12-25 04:05:46.000399
Autobus,3467,2,132,Metro Marymont,0 min,Os. Derby 02,,2024-12-25 04:05:46.000399
Autobus,3469,3,520,Marysin,0 min,Dw. Centralny 27,,2024-12-25 04:05:46.000399
Autobus,35137,2,L49,Chotomów,0 min,Winnica 06,,2024-12-25 04:05:46.000399
Autobus,35138,2,L49,Chotomów,0 min,Winnica 06,,2024-12-25 04:05:46.000399
Autobus,4204,2,713,Cm. Wolski,0 min,Koprki Agricoop 01,,2024-12-25 04:05:46.000399
Autobus,4207,1,N44,Dw. Centralny,0 min,Zajezdnia Żoliborz 02,,2024-12-25 04:05:46.000399
Autobus,4212,2,717,Dw. Zachodni,0 min,Piastów Ogińskiego 02,,2024-12-25 04:05:46.000399
Autobus,4229,4,177,Os. Górczewska,0 min,Ursus-Niedźwiadek 01,,2024-12-25 04:05:46.000399
Autobus,4231,1,N45,Lazurowa,0 min,Dw. Centralny 29,,2024-12-25 04:05:46.000399
Autobus,4232,672,729,Metro Bemowo,0 min,Mariew 01,,2024-12-25 04:05:46.000399
Autobus,4244,4,N01,Ursynów Płn.,0 min,Łopuszańska 01,,2024-12-25 04:05:46.000399
Autobus,4301,549,110,Cm. Północny-Brama Zach.,0 min,Metro Marymont 12,,2024-12-25 04:05:46.000399
Autobus,4316,1,134,Olesin,0 min,Metro Marymont 17,,2024-12-25 04:05:46.000399
Autobus,4322,3,152,Tarchomin,0 min,Białołęka Dworska 01,,2024-12-25 04:05:46.000399
Autobus,4332,5,N01,Ursynów Płn.,0 min,Prozy 04,,2024-12-25 04:05:46.000399
Autobus,4333,6,N01,Ursynów Płn.,0 min,Prozy 04,,2024-12-25 04:05:46.000399
Autobus,4336,135,N64,Dw. Centralny,0 min,Choszczówka 01,,2024-12-25 04:05:46.000399
Autobus,5409,2,511,Dąbrówka Wiślana,0 min,Metro Młociny 18,,2024-12-25 04:05:46.000399
Autobus,5419,3,N43,Dw. Centralny,0 min,Chomiczówka 05,,2024-12-25 04:05:46.000399
Autobus,5420,2,N13,Dw. Centralny,0 min,Tarchomin 07,,2024-12-25 04:05:46.000399
Autobus,5422,2,112,Nowe Bemowo,0 min,CH Marki 04,,2024-12-25 04:05:46.000399
Autobus,5454,4,120,Dw. Wschodni (Kijowska),0 min,Olesin 01,,2024-12-25 04:05:46.000399
Autobus,5870,402,128,Pl. Piłsudskiego,0 min,Szczęśliwice 05,,2024-12-25 04:05:46.000399
Autobus,5890,2,503,Konwiktorska,0 min,Natolin Płn. 22,,2024-12-25 04:05:46.000399
Autobus,5891,4,127,Browarna,0 min,Nowe Włochy 01,,2024-12-25 04:05:46.000399
Autobus,5898,220,N43,Chomiczówka,0 min,Dw. Centralny 29,,2024-12-25 04:05:46.000399
Autobus,5914,4,158,CH Reduta,0 min,Witolin 02,,2024-12-25 04:05:46.000399
Autobus,5917,603,507,Dw. Centralny,0 min,Gocław 02,,2024-12-25 04:05:46.000399
Autobus,5921,10,180,Chomiczówka,0 min,Wilanów 04,,2024-12-25 04:05:46.000399
Autobus,5927,6,503,Natolin Płn.,0 min,Konwiktorska 01,,2024-12-25 04:05:46.000399
Autobus,5938,9,116,Chomiczówka,0 min,Wilanów 07,,2024-12-25 04:05:46.000399
Autobus,5952,5,180,Wilanów,0 min,Chomiczówka 05,,2024-12-25 04:05:46.000399
Autobus,5968,4,N43,Dw. Centralny,0 min,Chomiczówka 05,,2024-12-25 04:05:46.000399
Autobus,5971,2,116,Wilanów,0 min,Chomiczówka 03,,2024-12-25 04:05:46.000399
Autobus,5972,3,116,Wilanów,0 min,Chomiczówka 03,,2024-12-25 04:05:46.000399
Autobus,5976,601,111,Gocław,0 min,Esperanto 05,,2024-12-25 04:05:46.000399
Autobus,5921,10,180,Chomiczówka,0 min,Wilanów 04,,2024-12-25 04:05:46.000399
Autobus,5927,6,503,Natolin Płn.,0 min,Konwiktorska 01,,2024-12-25 04:05:46.000399
Autobus,5938,9,116,Chomiczówka,0 min,Wilanów 07,,2024-12-25 04:05:46.000399
Autobus,5952,5,180,Wilanów,0 min,Chomiczówka 05,,2024-12-25 04:05:46.000399
Autobus,5968,4,N43,Dw. Centralny,0 min,Chomiczówka 05,,2024-12-25 04:05:46.000399
Autobus,5971,2,116,Wilanów,0 min,Chomiczówka 03,,2024-12-25 04:05:46.000399
Autobus,5972,3,116,Wilanów,0 min,Chomiczówka 03,,2024-12-25 04:05:46.000399
Autobus,5976,601,111,Gocław,0 min,Esperanto 05,,2024-12-25 04:05:46.000399
Autobus,5978,2,518,Bielańska,0 min,Nowodwory 08,,2024-12-25 04:05:46.000399
Autobus,6203,511,706,Janki Pl. Szwedzki,0 min,P+R Al. Krakowska 16,,2024-12-25 04:05:46.000399
Autobus,6231,507,124,P+R Al. Krakowska,0 min,Paluch 01,,2024-12-25 04:05:46.000399
Autobus,6240,9,523,PKP Olszynka Grochowska,0 min,Stare Bemowo 07,,2024-12-25 04:05:46.000399
Autobus,70033,1,L25,Piaseczno Zgoda,0 min,Góra Kalwaria Rynek 02,,2024-12-25 04:05:46.000399
Autobus,7225,3,N43,Dw. Centralny,0 min,Chomiczówka 05,,2024-12-25 04:05:46.000399
Autobus,7248,1,177,Ursus-Niedźwiadek,0 min,Os. Górczewska 53,,2024-12-25 04:05:46.000399
Autobus,758,2,150,Dziekanów Leśny,0 min,Metro Młociny 21,,2024-12-25 04:05:46.000399
Autobus,7702,1,145,Wiatraczna,0 min,Żerań FSO 11,,2024-12-25 04:05:46.000399
Autobus,7737,8,509,Winnica,0 min,Gocław 03,,2024-12-25 04:05:46.000399
Autobus,779,3,250,Łomianki Dąbrowa Zachodnia,0 min,Metro Młociny 22,,2024-12-25 04:05:46.000399
Autobus,7225,3,N43,Dw. Centralny,0 min,Chomiczówka 05,,2024-12-25 04:05:46.000399
Autobus,7248,1,177,Ursus-Niedźwiadek,0 min,Os. Górczewska 53,,2024-12-25 04:05:46.000399
Autobus,758,2,150,Dziekanów Leśny,0 min,Metro Młociny 21,,2024-12-25 04:05:46.000399
Autobus,7702,1,145,Wiatraczna,0 min,Żerań FSO 11,,2024-12-25 04:05:46.000399
Autobus,7737,8,509,Winnica,0 min,Gocław 03,,2024-12-25 04:05:46.000399
Autobus,779,3,250,Łomianki Dąbrowa Zachodnia,0 min,Metro Młociny 22,,2024-12-25 04:05:46.000399
Autobus,7879,189,N72,Karczew Stare Miasto,0 min,Dw. Centralny 25,,2024-12-25 04:05:46.000399
Autobus,80122,1,L37,Kobyłka Kościół,0 min,Wołomin Szpital Powiatowy 02,,2024-12-25 04:05:46.000399
Autobus,8346,4,131,Dw. Centralny,0 min,Sadyba 05,,2024-12-25 04:05:46.000399
Autobus,8351,169,N37,Os. Kabaty,0 min,Dw. Centralny 27,,2024-12-25 04:05:46.000399
Autobus,8356,262,N34,Dw. Centralny,0 min,Os. Kabaty 03,,2024-12-25 04:05:46.000399
Autobus,8365,4,525,Międzylesie,0 min,Dw. Centralny 21,,2024-12-25 04:05:46.000399
Autobus,8369,2,217,Metro Wilanowska,0 min,Natolin Płn. 04,,2024-12-25 04:05:46.000399
Autobus,8398,3,N24,Dw. Centralny,0 min,PKP Mokry Ług 02,,2024-12-25 04:05:46.000399
Autobus,8457,3,723,PKP Legionowo Przystanek,0 min,Żerań FSO 10,,2024-12-25 04:05:46.000399
Autobus,8459,1,210,Metro Młociny,0 min,Truskaw Skibińskiego 01,,2024-12-25 04:05:46.000399
Autobus,8501,1,738,P+R Radzymin,0 min,Metro Trocka 08,,2024-12-25 04:05:46.000399
Autobus,8521,1,709,PKP Piaseczno,0 min,Metro Wilanowska 18,,2024-12-25 04:05:46.000399
Autobus,8529,1,166,Pl. Hallera,0 min,Os. Kabaty 03,,2024-12-25 04:05:46.000399
Autobus,8369,2,217,Metro Wilanowska,0 min,Natolin Płn. 04,,2024-12-25 04:05:46.000399
Autobus,8398,3,N24,Dw. Centralny,0 min,PKP Mokry Ług 02,,2024-12-25 04:05:46.000399
Autobus,8457,3,723,PKP Legionowo Przystanek,0 min,Żerań FSO 10,,2024-12-25 04:05:46.000399
Autobus,8459,1,210,Metro Młociny,0 min,Truskaw Skibińskiego 01,,2024-12-25 04:05:46.000399
Autobus,8501,1,738,P+R Radzymin,0 min,Metro Trocka 08,,2024-12-25 04:05:46.000399
Autobus,8521,1,709,PKP Piaseczno,0 min,Metro Wilanowska 18,,2024-12-25 04:05:46.000399
Autobus,8529,1,166,Pl. Hallera,0 min,Os. Kabaty 03,,2024-12-25 04:05:46.000399
Autobus,8538,156,N34,Os. Kabaty,0 min,Dw. Centralny 27,,2024-12-25 04:05:46.000399
Autobus,8540,2,519,Metro Wilanowska,0 min,Powsin-Park Kultury 01,,2024-12-25 04:05:46.000399
Autobus,8543,3,N01,Nowodwory,0 min,Ursynów Płn. 06,,2024-12-25 04:05:46.000399
Autobus,8556,7,143,Rembertów-Kolonia,0 min,Dw. Zachodni 03,,2024-12-25 04:05:46.000399
Autobus,8559,1,519,Powsin-Park Kultury,0 min,Metro Wilanowska 15,,2024-12-25 04:05:46.000399
Autobus,8563,214,521,Wiatraczna,0 min,Falenica 03,,2024-12-25 04:05:46.000399
Autobus,8574,4,N24,PKP Mokry Ług,0 min,Dw. Centralny 25,,2024-12-25 04:05:46.000399
Autobus,8843,4,504,Dw. Centralny,0 min,Os. Kabaty 04,,2024-12-25 04:05:46.000399
Autobus,8860,3,511,Metro Młociny,0 min,Dąbrówka Wiślana 02,,2024-12-25 04:05:46.000399
Autobus,8894,3,138,Utrata,0 min,Bokserska 05,,2024-12-25 04:05:46.000399
Autobus,9069,459,211,Dąbrówka Wiślana,0 min,Żerań FSO 14,,2024-12-25 04:05:46.000399
Autobus,8556,7,143,Rembertów-Kolonia,0 min,Dw. Zachodni 03,,2024-12-25 04:05:46.000399
Autobus,8559,1,519,Powsin-Park Kultury,0 min,Metro Wilanowska 15,,2024-12-25 04:05:46.000399
Autobus,8563,214,521,Wiatraczna,0 min,Falenica 03,,2024-12-25 04:05:46.000399
Autobus,8574,4,N24,PKP Mokry Ług,0 min,Dw. Centralny 25,,2024-12-25 04:05:46.000399
Autobus,8843,4,504,Dw. Centralny,0 min,Os. Kabaty 04,,2024-12-25 04:05:46.000399
Autobus,8860,3,511,Metro Młociny,0 min,Dąbrówka Wiślana 02,,2024-12-25 04:05:46.000399
Autobus,9507,4,159,CH Blue City,0 min,Małe Siekierki 04,,2024-12-25 04:05:46.000399
Autobus,9510,2,N03,Winnica,0 min,Wiatraczna 01,,2024-12-25 04:05:46.000399
Autobus,9520,51,737,Ursynów Płn.,0 min,Władysławów 01,,2024-12-25 04:05:46.000399
Autobus,9521,3,N02,Marysin,0 min,Metro Młociny 23,,2024-12-25 04:05:46.000399
Autobus,9525,52,715,Ursynów Płn.,0 min,P+R Al. Krakowska 13,,2024-12-25 04:05:46.000399
Autobus,9530,651,149,Metro Bemowo,0 min,Groty 01,,2024-12-25 04:05:46.000399
Autobus,9803,1,185,CH Ursynów,0 min,Gwiaździsta 04,,2024-12-25 04:05:46.000399
Autobus,9812,5,185,Gwiaździsta,0 min,CH Ursynów 04,,2024-12-25 04:05:46.000399
Autobus,9817,3,502,Metro Politechnika,0 min,Stara Miłosna (Graniczna) 05,,2024-12-25 04:05:46.000399
Autobus,9820,1,710,Os. Kabaty,0 min,Piaseczno Targowisko 02,,2024-12-25 04:05:46.000399
Autobus,9822,3,710,Piaseczno Targowisko,0 min,Os. Kabaty 05,,2024-12-25 04:05:46.000399
Autobus,9822,3,710,Piaseczno Targowisko,0 min,Os. Kabaty 05,,2024-12-25 04:05:46.000399
Autobus,9521,3,N02,Marysin,0 min,Metro Młociny 23,,2024-12-25 04:05:46.000399
Autobus,9525,52,715,Ursynów Płn.,0 min,P+R Al. Krakowska 13,,2024-12-25 04:05:46.000399
Autobus,9530,651,149,Metro Bemowo,0 min,Groty 01,,2024-12-25 04:05:46.000399
Autobus,9803,1,185,CH Ursynów,0 min,Gwiaździsta 04,,2024-12-25 04:05:46.000399
Autobus,9812,5,185,Gwiaździsta,0 min,CH Ursynów 04,,2024-12-25 04:05:46.000399
Autobus,9817,3,502,Metro Politechnika,0 min,Stara Miłosna (Graniczna) 05,,2024-12-25 04:05:46.000399
Autobus,9820,1,710,Os. Kabaty,0 min,Piaseczno Targowisko 02,,2024-12-25 04:05:46.000399
Autobus,9822,3,710,Piaseczno Targowisko,0 min,Os. Kabaty 05,,2024-12-25 04:05:46.000399
Autobus,9835,7,167,Siekierki-Sanktuarium,0 min,Wiśniowa 51,,2024-12-25 04:05:46.000399
Autobus,9843,2,N42,Os. Górczewska,0 min,Dw. Centralny 29,,2024-12-25 04:05:46.000399
Autobus,9849,6,167,Fort Radiowo,0 min,Siekierki-Sanktuarium 03,,2024-12-25 04:05:46.000399
Autobus,9901,473,114,Bródno-Podgrodzie,0 min,Młociny-UKSW 01,,2024-12-25 04:05:46.000399
Autobus,9904,1,190,CH Marki,0 min,Znana 06,,2024-12-25 04:05:46.000399
Autobus,9913,4,186,Szczęśliwice,0 min,Nowodwory 09,,2024-12-25 04:05:46.000399
Autobus,9914,218,N42,Dw. Centralny,0 min,Os. Górczewska 53,,2024-12-25 04:05:46.000399
Autobus,9918,498,184,Szczęśliwice,0 min,Metro Młociny 24,,2024-12-25 04:05:46.000399
Autobus,9928,216,N42,Dw. Centralny,0 min,Os. Górczewska 53,,2024-12-25 04:05:46.000399
Autobus,9935,7,114,Młociny-UKSW,0 min,Bródno-Podgrodzie 05,,2024-12-25 04:05:46.000399
Autobus,9945,7,190,Znana,0 min,CH Marki 01,,2024-12-25 04:05:46.000399
Tramwaj,4268,3,16,Miasteczko Wilanów,0 min,Włościańska 03,,2024-12-25 04:05:46.000399
Autobus,1013,3,213,Błota,0 min,Meissnera 01,,2024-12-25 04:05:46.000399
Autobus,2006,3,217,Natolin Płn.,0 min,Os. Arbuzowa 01,,2024-12-25 04:05:46.000399
Autobus,9339,592,138,Gotarda,0 min,Woronicza 01,,2024-12-25 04:05:46.000399
Autobus,7844,3,143,Dw. Zachodni,0 min,Rembertów-Akademia 01,,2024-12-25 04:05:46.000399
Autobus,9501,654,714,Metro Bemowo,0 min,Os. Górczewska 03,,2024-12-25 04:05:46.000399
Tramwaj,3809,7,28,Dw. Wschodni (Kijowska),0 min,Ogrody Działkowe Bemowo 05,,2024-12-25 04:05:46.000399
Autobus,4201,3,717,Piastów Ogińskiego,0 min,Łopuszańska 02,,2024-12-25 04:05:46.000399
Autobus,4417,3,169,Dw. Wschodni (Kijowska),0 min,Dw. Wileński 01,,2024-12-25 04:05:46.000399
Autobus,3456,1,132,Metro Marymont,0 min,Toruńska 05,,2024-12-25 04:05:46.000399
Tramwaj,3272,4,4,Żerań Wschodni,0 min,Stare Miasto 01,,2024-12-25 04:05:46.000399
Autobus,1023,3,163,Metro Wilanowska,0 min,Stegny 02,,2024-12-25 04:05:46.000399
Autobus,1072,1,108,Pl. Trzech Krzyży,0 min,Ku Wiśle 02,,2024-12-25 04:05:46.000399
Autobus,4419,2,157,Szczęśliwice,0 min,Wawelska 06,,2024-12-25 04:05:46.000399
Autobus,4401,1,181,Cm. Północny-Brama Gł.,0 min,Żubrowa-UKSW 02,,2024-12-25 04:05:46.000399
Autobus,4422,1,240,Metro Kondratowicza,0 min,Grodzisk-Kościół 01,,2024-12-25 04:05:46.000399
Autobus,9933,5,114,Młociny-UKSW,0 min,Bogusławskiego 06,,2024-12-25 04:05:46.000399
Autobus,1071,4,163,Metro Wilanowska,0 min,Św. U. Ledóchowskiej 01,,2024-12-25 04:05:46.000399
Autobus,9818,4,502,Stara Miłosna (Graniczna),0 min,1. Praskiego Pułku 02,,2024-12-25 04:05:46.000399
Autobus,1023,3,163,Metro Wilanowska,0 min,Stegny 02,,2024-12-25 04:05:46.000399
Autobus,1072,1,108,Pl. Trzech Krzyży,0 min,Ku Wiśle 02,,2024-12-25 04:05:46.000399
Autobus,4419,2,157,Szczęśliwice,0 min,Wawelska 06,,2024-12-25 04:05:46.000399
Autobus,4401,1,181,Cm. Północny-Brama Gł.,0 min,Żubrowa-UKSW 02,,2024-12-25 04:05:46.000399
Autobus,4422,1,240,Metro Kondratowicza,0 min,Grodzisk-Kościół 01,,2024-12-25 04:05:46.000399
Autobus,9933,5,114,Młociny-UKSW,0 min,Bogusławskiego 06,,2024-12-25 04:05:46.000399
Autobus,1071,4,163,Metro Wilanowska,0 min,Św. U. Ledóchowskiej 01,,2024-12-25 04:05:46.000399
Autobus,9818,4,502,Stara Miłosna (Graniczna),0 min,1. Praskiego Pułku 02,,2024-12-25 04:05:46.000399
Autobus,7259,5,184,Metro Młociny,0 min,Parafialna 02,,2024-12-25 04:05:46.000399
Autobus,5950,1,180,Wilanów,0 min,Pl. Krasińskich 01,,2024-12-25 04:05:46.000399
Autobus,5959,5,127,Nowe Włochy,0 min,Solec 02,,2024-12-25 04:05:46.000399
Autobus,7806,2,148,Lotnisko Chopina,0 min,Siekierki-Sanktuarium 01,,2024-12-25 04:05:46.000399
Autobus,9346,644,199,Rembertów-Strzelnica,0 min,Czwartaków 02,,2024-12-25 04:05:46.000399
Autobus,1525,5,141,P+R Al. Krakowska,0 min,Krasickiego 02,,2024-12-25 04:05:46.000399
Autobus,2007,1,131,Sadyba,0 min,Centrum 15,,2024-12-25 04:05:46.000399
Autobus,5943,448,180,Chomiczówka,0 min,Sadyba 02,,2024-12-25 04:05:46.000399
Autobus,7701,2,151,Rechniewskiego,0 min,Międzynarodowa 02,,2024-12-25 04:05:46.000399
Autobus,9354,4,135,Pl. Hallera,0 min,Pl. Szembeka 05,,2024-12-25 04:05:46.000399
Autobus,4201,3,717,Piastów Ogińskiego,0 min,Łopuszańska 02,,2024-12-25 04:05:46.000399
Tramwaj,4275,4,2,Metro Młociny,0 min,Zajezdnia Żoliborz 06,,2024-12-25 04:05:46.000399
Autobus,1525,5,141,P+R Al. Krakowska,0 min,Odyńca 04,,2024-12-25 04:05:46.000399
Autobus,9933,5,114,Młociny-UKSW,0 min,Bogusławskiego 08,,2024-12-25 04:05:46.000399
Autobus,1023,3,163,Metro Wilanowska,0 min,Dolina Służewiecka 04,,2024-12-25 04:05:46.000399
Autobus,1523,1,702,Otwock Orla,0 min,Ośrodek Szkoleniowy 01,,2024-12-25 04:05:46.000399
Autobus,8364,1,172,CH Blue City,1 min przed czasem,Bitwy Warszawskiej 1920 r. 06,,2024-12-25 04:05:46.000399
Autobus,9815,1,502,Metro Politechnika,1 min przed czasem,Przyczółek Grochowski 03,,2024-12-25 04:05:46.000399
Tramwaj,4007,3,15,P+R Al. Krakowska,1 min przed czasem,Gen. Zajączka 03,,2024-12-25 04:05:46.000399
Autobus,2007,1,131,Sadyba,1 min przed czasem,Centrum 15,,2024-12-25 04:05:46.000399
Autobus,4428,1,736,Legionowo Mickiewicza,1 min przed czasem,Legionowo Sielankowa 04,,2024-12-25 04:05:46.000399
Autobus,9516,1,707,P+R Al. Krakowska,1 min przed czasem,Szyszkowa 01,,2024-12-25 04:05:46.000399
Autobus,9343,642,199,Rembertów-Strzelnica,1 min przed czasem,Bródno-Podgrodzie 01,,2024-12-25 04:05:46.000399
Autobus,15082,1,L34,PKP Legionowo,1 min przed czasem,PKP Legionowo Przystanek 01,,2024-12-25 04:05:46.000399
Autobus,7806,2,148,Lotnisko Chopina,0 min,Siekierki-Sanktuarium 01,,2024-12-25 04:05:46.000399
Autobus,7259,5,184,Metro Młociny,0 min,PKP Wola (Kasprzaka) 02,,2024-12-25 04:05:46.000399
Tramwaj,3292,6,24,Gocławek,0 min,Kwatery Głównej 04,,2024-12-25 04:05:46.000399
Autobus,35141,689,L-5,Antoninów Cm. Południowy-Brama Płd.,1 min przed czasem,Bobrowiec Żwirowa 02,,2024-12-25 04:05:46.000399
Autobus,2041,3,519,Powsin-Park Kultury,0 min,Vogla 01,,2024-12-25 04:05:46.000399
Autobus,7887,213,173,Dw. Wschodni (Lubelska),0 min,Płowiecka 01,,2024-12-25 04:05:46.000399
Autobus,9346,644,199,Rembertów-Strzelnica,0 min,Paderewskiego 01,,2024-12-25 04:05:46.000399
Autobus,7806,2,148,Lotnisko Chopina,0 min,Siekierki-Sanktuarium 01,,2024-12-25 04:05:46.000399
Autobus,7259,5,184,Metro Młociny,0 min,PKP Wola (Kasprzaka) 02,,2024-12-25 04:05:46.000399
Tramwaj,3292,6,24,Gocławek,0 min,Kwatery Głównej 04,,2024-12-25 04:05:46.000399
Autobus,35141,689,L-5,Antoninów Cm. Południowy-Brama Płd.,1 min przed czasem,Bobrowiec Żwirowa 02,,2024-12-25 04:05:46.000399
Autobus,9815,1,502,Metro Politechnika,1 min przed czasem,Przyczółek Grochowski 03,,2024-12-25 04:05:46.000399
Autobus,9516,1,707,P+R Al. Krakowska,1 min przed czasem,Szyszkowa 01,,2024-12-25 04:05:46.000399
Autobus,6226,5,105,Os. Górczewska,1 min przed czasem,Reduta Wolska 02,,2024-12-25 04:05:46.000399
Autobus,9343,642,199,Rembertów-Strzelnica,1 min przed czasem,Bródno-Podgrodzie 01,,2024-12-25 04:05:46.000399
Autobus,15082,1,L34,PKP Legionowo,1 min przed czasem,PKP Legionowo Przystanek 01,,2024-12-25 04:05:46.000399
Autobus,2013,1,189,Os. Górczewska,1 min przed czasem,Ryżowa 02,,2024-12-25 04:05:46.000399
Autobus,4428,1,736,Legionowo Mickiewicza,1 min przed czasem,Legionowo Sielankowa 04,,2024-12-25 04:05:46.000399
Autobus,9821,2,710,Piaseczno Targowisko,1 min przed czasem,Konstancin-Jeziorna Tabita 01,,2024-12-25 04:05:46.000399
Tramwaj,3813,3,23,Nowe Bemowo,1 min przed czasem,Wrocławska 06,,2024-12-25 04:05:46.000399
Autobus,1071,4,163,Metro Wilanowska,1 min przed czasem,Św. U. Ledóchowskiej 01,,2024-12-25 04:05:46.000399
Autobus,2019,7,148,Wiatraczna,1 min przed czasem,Ciszewskiego 04,,2024-12-25 04:05:46.000399
Autobus,9354,4,135,Pl. Hallera,1 min przed czasem,Gdecka 01,,2024-12-25 04:05:46.000399
Autobus,15082,1,L34,PKP Legionowo,1 min przed czasem,PKP Legionowo Przystanek 01,,2024-12-25 04:05:46.000399
Autobus,2013,1,189,Os. Górczewska,1 min przed czasem,Ryżowa 02,,2024-12-25 04:05:46.000399
Autobus,4428,1,736,Legionowo Mickiewicza,1 min przed czasem,Legionowo Sielankowa 04,,2024-12-25 04:05:46.000399
Autobus,9821,2,710,Piaseczno Targowisko,1 min przed czasem,Konstancin-Jeziorna Tabita 01,,2024-12-25 04:05:46.000399
Tramwaj,3813,3,23,Nowe Bemowo,1 min przed czasem,Wrocławska 06,,2024-12-25 04:05:46.000399
Autobus,1071,4,163,Metro Wilanowska,1 min przed czasem,Św. U. Ledóchowskiej 01,,2024-12-25 04:05:46.000399
Autobus,2019,7,148,Wiatraczna,1 min przed czasem,Ciszewskiego 04,,2024-12-25 04:05:46.000399
Autobus,9354,4,135,Pl. Hallera,1 min przed czasem,Gdecka 01,,2024-12-25 04:05:46.000399
Autobus,4205,1,717,Dw. Zachodni,1 min przed czasem,Dw. Zachodni 06,,2024-12-25 04:05:46.000399
Autobus,9354,4,135,Pl. Hallera,1 min przed czasem,Gdecka 01,,2024-12-25 04:05:46.000399
Autobus,4205,1,717,Dw. Zachodni,1 min przed czasem,Dw. Zachodni 06,,2024-12-25 04:05:46.000399
Autobus,4216,2,154,Dw. Zachodni,1 min przed czasem,1 Sierpnia 01,,2024-12-25 04:05:46.000399
Autobus,80112,1,L33,Piaseczno Wilanowska,1 min przed czasem,Zamienie 01,Poza trasą,2024-12-25 04:05:46.000399
Autobus,1023,3,163,Metro Wilanowska,1 min przed czasem,Dolina Służewiecka 04,,2024-12-25 04:05:46.000399
Tramwaj,3193,3,10,Wyścigi,1 min przed czasem,Rondo ONZ 03,,2024-12-25 04:05:46.000399
Autobus,1809,4,166,Os. Kabaty,1 min przed czasem,Warneńska 01,,2024-12-25 04:05:46.000399
Autobus,5929,403,128,Szczęśliwice,1 min przed czasem,Pl. Piłsudskiego 01,,2024-12-25 04:05:46.000399
Autobus,9905,1,186,Szczęśliwice,1 min przed czasem,Lasek na Kole 01,,2024-12-25 04:05:46.000399
Autobus,5434,1,723,Żerań FSO,1 min przed czasem,Drogowa 01,,2024-12-25 04:05:46.000399
Autobus,4510,2,197,Gwiaździsta,1 min przed czasem,Metro Stare Bielany 04,,2024-12-25 04:05:46.000399
Tramwaj,4221,14,16,Miasteczko Wilanów,1 min przed czasem,Dolna 01,,2024-12-25 04:05:46.000399
Autobus,1430,2,183,Wiatraczna,1 min przed czasem,Marsa-Las 01,,2024-12-25 04:05:46.000399
Tramwaj,3228,2,10,Wyścigi,1 min przed czasem,Królikarnia 05,,2024-12-25 04:05:46.000399
Autobus,6230,1,141,Witolin,1 min przed czasem,Międzynarodowa 02,,2024-12-25 04:05:46.000399
Autobus,1532,1,251,Metro Wilanowska,1 min przed czasem,Wilanów 02,,2024-12-25 04:05:46.000399
Tramwaj,4231,5,16,Piaski,1 min przed czasem,Królewska 06,,2024-12-25 04:05:46.000399
Autobus,1530,2,115,PKP Mokry Ług,1 min przed czasem,Kolarska 02,,2024-12-25 04:05:46.000399
Tramwaj,3121,3,4,Żerań Wschodni,2 min przed czasem,Odlewnicza 04,,2024-12-25 04:05:46.000399
Tramwaj,3249,5,9,Gocławek,2 min przed czasem,P+R Al. Krakowska 04,,2024-12-25 04:05:46.000399
Tramwaj,4015,4,22,Wiatraczna,2 min przed czasem,Rondo „Radosława” 09,,2024-12-25 04:05:46.000399
Autobus,5931,407,175,Lotnisko Chopina,2 min przed czasem,Pomnik Lotnika 01,,2024-12-25 04:05:46.000399
Autobus,1206,428,739,Piaseczno Julianowska-Cmentarz,2 min przed czasem,Józefosław Julianów 01,,2024-12-25 04:05:46.000399
Autobus,3455,64,705,Nowe Załubice Opolska,2 min przed czasem,Rembelszczyzna Gazownia 02,,2024-12-25 04:05:46.000399
Autobus,4510,2,197,Gwiaździsta,2 min przed czasem,Metro Stare Bielany 04,,2024-12-25 04:05:46.000399
Autobus,9351,1,135,PKP Olszynka Grochowska,2 min przed czasem,Poligonowa 03,,2024-12-25 04:05:46.000399
Autobus,1203,424,727,Władysławów,2 min przed czasem,Wola Gołkowska Robercin 01,,2024-12-25 04:05:46.000399
Tramwaj,4015,4,22,Wiatraczna,2 min przed czasem,Rondo „Radosława” 09,,2024-12-25 04:05:46.000399
Autobus,5931,407,175,Lotnisko Chopina,2 min przed czasem,Pomnik Lotnika 01,,2024-12-25 04:05:46.000399
Autobus,1206,428,739,Piaseczno Julianowska-Cmentarz,2 min przed czasem,Józefosław Julianów 01,,2024-12-25 04:05:46.000399
Autobus,3455,64,705,Nowe Załubice Opolska,2 min przed czasem,Rembelszczyzna Gazownia 02,,2024-12-25 04:05:46.000399
Autobus,4510,2,197,Gwiaździsta,2 min przed czasem,Metro Stare Bielany 04,,2024-12-25 04:05:46.000399
Autobus,9351,1,135,PKP Olszynka Grochowska,2 min przed czasem,Poligonowa 03,,2024-12-25 04:05:46.000399
Autobus,1203,424,727,Władysławów,2 min przed czasem,Wola Gołkowska Robercin 01,,2024-12-25 04:05:46.000399
Autobus,9515,1,103,Brylowska,2 min przed czasem,Metro Młociny 01,,2024-12-25 04:05:46.000399
Autobus,9804,3,167,Fort Radiowo,3 min przed czasem,Bitwy Warszawskiej 1920 r. 06,,2024-12-25 04:05:46.000399
Autobus,6237,3,189,Sadyba,3 min przed czasem,Sadyba 03,,2024-12-25 04:05:46.000399
Tramwaj,3242,5,15,Marymont-Potok,3 min przed czasem,Pl. Konstytucji 06,,2024-12-25 04:05:46.000399
Autobus,9532,55,715,Ursynów Płn.,4 min przed czasem,Herbsta 03,,2024-12-25 04:05:46.000399
Autobus,9512,653,714,Koczargi Stare,4 min przed czasem,Metro Bemowo 02,,2024-12-25 04:05:46.000399
Autobus,6208,7,172,Sadyba,5 min przed czasem,Berestecka 01,,2024-12-25 04:05:46.000399
Tramwaj,4210,6,2,Metro Młociny,5 min przed czasem,Winnica 03,,2024-12-25 04:05:46.000399
Autobus,7208,6,523,PKP Olszynka Grochowska,5 min przed czasem,Pl. Na Rozdrożu 05,,2024-12-25 04:05:46.000399
Autobus,4415,2,122,Os. Górczewska,6 min przed czasem,Gwiaździsta 01,,2024-12-25 04:05:46.000399
Autobus,8328,8,148,Wiatraczna,6 min przed czasem,Lotnisko Chopina-Przyloty 02,,2024-12-25 04:05:46.000399
Tramwaj,4278,6,33,Metro Młociny,8 min przed czasem,Kielecka 02,,2024-12-25 04:05:46.000399
Autobus,5951,612,111,Gocław,2 min przed czasem,Brazylijska 01,,2024-12-25 04:05:46.000399
Autobus,8818,7,136,Ostroroga,2 min przed czasem,Grenady 02,,2024-12-25 04:05:46.000399
Autobus,5931,407,175,Lotnisko Chopina,2 min przed czasem,Pomnik Lotnika 01,,2024-12-25 04:05:46.000399
Autobus,1206,428,739,Piaseczno Julianowska-Cmentarz,2 min przed czasem,Józefosław Julianów 01,,2024-12-25 04:05:46.000399
Autobus,3455,64,705,Nowe Załubice Opolska,2 min przed czasem,Rembelszczyzna Gazownia 02,,2024-12-25 04:05:46.000399
Autobus,4510,2,197,Gwiaździsta,2 min przed czasem,Metro Stare Bielany 04,,2024-12-25 04:05:46.000399
Autobus,9351,1,135,PKP Olszynka Grochowska,2 min przed czasem,Poligonowa 03,,2024-12-25 04:05:46.000399
Autobus,1203,424,727,Władysławów,2 min przed czasem,Wola Gołkowska Robercin 01,,2024-12-25 04:05:46.000399
Autobus,9515,1,103,Brylowska,2 min przed czasem,Metro Młociny 01,,2024-12-25 04:05:46.000399
Autobus,9804,3,167,Fort Radiowo,3 min przed czasem,Bitwy Warszawskiej 1920 r. 06,,2024-12-25 04:05:46.000399
Autobus,6237,3,189,Sadyba,3 min przed czasem,Sadyba 03,,2024-12-25 04:05:46.000399
Tramwaj,3242,5,15,Marymont-Potok,3 min przed czasem,Pl. Konstytucji 06,,2024-12-25 04:05:46.000399
Tramwaj,4210,6,2,Metro Młociny,4 min przed czasem,Winnica 03,,2024-12-25 04:05:46.000399
Autobus,9532,55,715,Ursynów Płn.,4 min przed czasem,Herbsta 03,,2024-12-25 04:05:46.000399
Autobus,9512,653,714,Koczargi Stare,4 min przed czasem,Metro Bemowo 02,,2024-12-25 04:05:46.000399
Autobus,6208,7,172,Sadyba,5 min przed czasem,Berestecka 01,,2024-12-25 04:05:46.000399
Autobus,7208,6,523,PKP Olszynka Grochowska,5 min przed czasem,Pl. Na Rozdrożu 05,,2024-12-25 04:05:46.000399
Autobus,4415,2,122,Os. Górczewska,6 min przed czasem,Gwiaździsta 01,,2024-12-25 04:05:46.000399
Autobus,8328,8,148,Wiatraczna,6 min przed czasem,Lotnisko Chopina-Przyloty 02,,2024-12-25 04:05:46.000399
Autobus,9804,3,167,Fort Radiowo,3 min przed czasem,Bitwy Warszawskiej 1920 r. 06,,2024-12-25 04:05:46.000399
Autobus,6237,3,189,Sadyba,3 min przed czasem,Sadyba 03,,2024-12-25 04:05:46.000399
Tramwaj,3242,5,15,Marymont-Potok,3 min przed czasem,Pl. Konstytucji 06,,2024-12-25 04:05:46.000399
Tramwaj,4210,6,2,Metro Młociny,4 min przed czasem,Winnica 03,,2024-12-25 04:05:46.000399
Autobus,9532,55,715,Ursynów Płn.,4 min przed czasem,Herbsta 03,,2024-12-25 04:05:46.000399
Autobus,9512,653,714,Koczargi Stare,4 min przed czasem,Metro Bemowo 02,,2024-12-25 04:05:46.000399
Autobus,6208,7,172,Sadyba,5 min przed czasem,Berestecka 01,,2024-12-25 04:05:46.000399
Autobus,7208,6,523,PKP Olszynka Grochowska,5 min przed czasem,Pl. Na Rozdrożu 05,,2024-12-25 04:05:46.000399
Tramwaj,3242,5,15,Marymont-Potok,3 min przed czasem,Pl. Konstytucji 06,,2024-12-25 04:05:46.000399
Autobus,6208,7,172,Sadyba,4 min przed czasem,Berestecka 01,,2024-12-25 04:05:46.000399
Autobus,9512,653,714,Koczargi Stare,4 min przed czasem,Metro Bemowo 02,,2024-12-25 04:05:46.000399
Tramwaj,4210,6,2,Metro Młociny,4 min przed czasem,Winnica 03,,2024-12-25 04:05:46.000399
Autobus,4415,2,122,Os. Górczewska,4 min przed czasem,Gwiaździsta 01,,2024-12-25 04:05:46.000399
Autobus,9532,55,715,Ursynów Płn.,4 min przed czasem,Dunikowskiego 01,,2024-12-25 04:05:46.000399
Autobus,7208,6,523,PKP Olszynka Grochowska,6 min przed czasem,Rozbrat 01,,2024-12-25 04:05:46.000399
Autobus,8328,8,148,Wiatraczna,6 min przed czasem,Lotnisko Chopina-Przyloty 02,,2024-12-25 04:05:46.000399
Autobus,4503,2,220,Opacz-Kolonia Rebusowa,7 min przed czasem,Wrocławska 04,Poza trasą,2024-12-25 04:05:46.000399
Autobus,1533,2,251,Metro Wilanowska,7 min przed czasem,Konstancin-Jeziorna CH Stara Papiernia 02,,2024-12-25 04:05:46.000399
Tramwaj,4278,6,33,Metro Młociny,7 min przed czasem,Kielecka 02,,2024-12-25 04:05:46.000399
Autobus,9803,1,185,CH Ursynów,12 min przed czasem,Gwiaździsta 04,,2024-12-25 04:05:46.000399
Autobus,9820,1,710,Os. Kabaty,17 min przed czasem,Piaseczno Targowisko 02,,2024-12-25 04:05:46.000399
Autobus,2015,2,N01,Nowodwory,1105 min przed czasem,Woronicza 02,,2024-12-25 04:05:46.000399
Autobus,4223,186,N41,Dw. Centralny,1117 min przed czasem,Al. Reymonta 01,,2024-12-25 04:05:46.000399
Tramwaj,3242,5,15,Marymont-Potok,3 min przed czasem,Pl. Konstytucji 06,,2024-12-25 04:05:46.000399
Autobus,6208,7,172,Sadyba,4 min przed czasem,Berestecka 01,,2024-12-25 04:05:46.000399
Autobus,9512,653,714,Koczargi Stare,4 min przed czasem,Metro Bemowo 02,,2024-12-25 04:05:46.000399
Tramwaj,4210,6,2,Metro Młociny,4 min przed czasem,Winnica 03,,2024-12-25 04:05:46.000399
Autobus,4415,2,122,Os. Górczewska,4 min przed czasem,Gwiaździsta 01,,2024-12-25 04:05:46.000399
Autobus,9532,55,715,Ursynów Płn.,4 min przed czasem,Dunikowskiego 01,,2024-12-25 04:05:46.000399
Autobus,7208,6,523,PKP Olszynka Grochowska,6 min przed czasem,Rozbrat 01,,2024-12-25 04:05:46.000399
Autobus,8328,8,148,Wiatraczna,6 min przed czasem,Lotnisko Chopina-Przyloty 02,,2024-12-25 04:05:46.000399
Autobus,4503,2,220,Opacz-Kolonia Rebusowa,7 min przed czasem,Wrocławska 04,Poza trasą,2024-12-25 04:05:46.000399
Autobus,1533,2,251,Metro Wilanowska,7 min przed czasem,Konstancin-Jeziorna CH Stara Papiernia 02,,2024-12-25 04:05:46.000399
Tramwaj,4278,6,33,Metro Młociny,7 min przed czasem,Kielecka 02,,2024-12-25 04:05:46.000399
Autobus,9803,1,185,CH Ursynów,12 min przed czasem,Gwiaździsta 04,,2024-12-25 04:05:46.000399
Autobus,9820,1,710,Os. Kabaty,17 min przed czasem,Piaseczno Targowisko 02,,2024-12-25 04:05:46.000399
Autobus,2015,2,N01,Nowodwory,1105 min przed czasem,Woronicza 02,,2024-12-25 04:05:46.000399
Autobus,4223,186,N41,Dw. Centralny,1117 min przed czasem,Al. Reymonta 01,,2024-12-25 04:05:46.000399
